slide_id,low_count,high_count,low_with_child_count,low_with_child_ratio,low_no_child_count,low_child_count_mean,low_child_count_median,low_child_count_min,low_child_count_max,low_16_child_count,low_16_child_ratio,high_with_parent_count,high_with_parent_ratio,high_no_parent_count,high_multi_parent_count,high_parent_count_max,high_center_inside_total,high_fully_inside_total,high_overlap_total,low_w,low_h,high_w,high_h,fov_ratio_x,fov_ratio_y
2460239-B2,187,2592,187,1.0,0,24.572192513368982,23.0,4,36,7,0.0374331550802139,2412,0.9305555555555556,180,1440,4,2219,2194,4595,4096.190577475274,4096.513213049025,1024.0204184723366,1024.0349886104784,4.000106349037542,4.000364497904137
2460242-B2,426,6128,426,1.0,0,30.335680751173708,35.0,5,36,7,0.01643192488262911,6069,0.9903720626631853,59,4246,4,5923,5896,12923,4096.336901210739,4096.513213049025,1024.0168439521876,1024.0349886104784,4.00026320407089,4.000364497904137
2460399-B2,285,4103,285,1.0,0,30.84561403508772,35.0,8,36,4,0.014035087719298246,4084,0.9953692420180356,19,2909,4,4002,4002,8791,4096.286001564071,4096.513213049025,1024.0142992794504,1024.0349886104784,4.00022343872193,4.000364497904137
2460404-B3,308,4243,308,1.0,0,18.198051948051948,20.0,3,24,12,0.03896103896103896,3988,0.9399010134338911,255,1615,3,3834,3825,5605,4096.0,4096.513213049025,1024.0,1024.0349886104784,4.0,4.000364497904137
2460405-B2,128,1742,128,1.0,0,21.21875,22.5,3,30,6,0.046875,1614,0.9265212399540758,128,832,4,1529,1523,2716,4096.392165444797,4096.3949093713845,1024.01400475943,1024.0,4.000328263486158,4.000385653682993
2460591-B2,253,3248,253,1.0,0,22.960474308300395,23.0,6,36,8,0.03162055335968379,3054,0.9402709359605911,194,1830,5,2833,2791,5809,4096.066281177182,4096.513213049025,1024.0165702942954,1024.0349886104784,4.0,4.000364497904137
2460602-B,252,3707,252,1.0,0,30.42063492063492,35.0,7,36,4,0.015873015873015872,3634,0.9803075263015916,73,2515,4,3480,3480,7666,4096.23804111995,4096.711817279047,1024.0066119117723,1024.025418259445,4.0002066329166235,4.000595829195631
2460628-B2,190,2668,190,1.0,0,23.352631578947367,25.0,7,30,3,0.015789473684210527,2590,0.9707646176911544,78,1373,4,2482,2475,4437,4096.109483588153,4096.528161749536,1024.0,1024.0264053635894,4.000106917566556,4.000412626366825
2460641-B2,242,3511,242,1.0,0,29.706611570247933,33.0,6,36,4,0.01652892561983471,3446,0.9814867559099971,65,2363,4,3320,3307,7189,4096.359706009512,4096.513213049025,1024.0069168625544,1024.0349886104784,4.000324254215305,4.000364497904137
2460643-B,182,2656,182,1.0,0,29.71978021978022,34.0,7,36,3,0.016483516483516484,2602,0.9796686746987951,54,1766,4,2493,2491,5409,4096.099301784329,4096.711817279047,1024.0248254460823,1024.025418259445,4.0,4.000595829195631
2460753-B2,201,2859,201,1.0,0,18.935323383084576,21.0,4,24,8,0.03980099502487562,2698,0.94368660370759,161,1108,2,2580,2580,3806,4096.456545000595,4096.0,1024.0228252147294,1024.0,4.000356675781714,4.0
2460770-B2,181,2521,181,1.0,0,26.11049723756906,28.0,5,36,6,0.03314917127071823,2392,0.9488298294327647,129,1493,5,2239,2218,4726,4096.27081349836,4096.513213049025,1024.0135399587455,1024.0349886104784,4.000211573045594,4.000364497904137
2460949-B3,200,2813,200,1.0,0,28.52,31.0,6,36,2,0.01,2765,0.9829363668681124,48,1852,4,2658,2649,5704,4096.307101727447,4096.513213049025,1024.0153541654172,1024.0349886104784,4.000239923224568,4.000364497904137
2460960-B,343,4901,343,1.0,0,24.28862973760933,27.0,5,30,8,0.023323615160349854,4776,0.9744950010201999,125,2618,4,4602,4584,8331,4096.332935948846,4096.513213049025,1024.0,1024.0349886104784,4.000325132762545,4.000364497904137
2460974-B2,234,3353,234,1.0,0,20.17094017094017,22.0,5,24,10,0.042735042735042736,3281,0.9785266925141665,72,1439,2,3201,3200,4720,4096.0,4096.711817279047,1024.0,1024.025418259445,4.0,4.000595829195631
2461002-B2,135,1733,135,1.0,0,25.081481481481482,27.0,6,36,5,0.037037037037037035,1671,0.9642238892094633,62,1098,5,1613,1587,3386,4096.099301784329,4096.48695652174,1024.0248254460823,1024.0521703688607,4.0,4.000271739130436
2461487-B2,232,3195,232,1.0,0,16.551724137931036,19.0,1,20,10,0.04310344827586207,3128,0.9790297339593115,67,712,2,3092,3092,3840,4096.0942996592685,4096.0,1024.0,1024.0,4.000092089511004,4.0
2461671-B2,328,4887,328,1.0,0,31.222560975609756,36.0,8,36,4,0.012195121951219513,4822,0.9866994065889093,65,3364,4,4651,4651,10241,4096.201325693743,4096.442141623489,1024.021570004213,1024.0122805334356,4.000112346927311,4.000383803492612
2461672-B2,212,2880,212,1.0,0,22.632075471698112,25.0,6,30,2,0.009433962264150943,2792,0.9694444444444444,88,1478,4,2671,2661,4798,4096.29307384087,4096.337879454465,1024.0,1024.0281550728623,4.000286204922725,4.000219973603167
2461677-B2,60,812,60,1.0,0,17.783333333333335,19.0,3,25,1,0.016666666666666666,754,0.9285714285714286,58,255,4,714,714,1067,4096.2231666121825,4096.766849725412,1024.0,1024.0,4.000217936144709,4.000748876684972
2461698-B,239,3447,239,1.0,0,28.230125523012553,32.0,3,36,5,0.02092050209205021,3307,0.9593849724398027,140,2177,4,3143,3132,6747,4096.2346949169805,4096.098009188361,1024.0065189712248,1024.0245022970903,4.000203728226546,4.0
2461700-B2,74,996,74,1.0,0,26.175675675675677,27.5,10,36,2,0.02702702702702703,949,0.9528112449799196,47,634,4,908,908,1937,4096.410795040117,4096.943043355058,1024.0280067099409,1024.018131595722,4.0002917578409924,4.000850099178238
2461703-B3,253,3694,253,1.0,0,28.90118577075099,34.0,7,36,5,0.019762845849802372,3575,0.9677855982674608,119,2374,4,3387,3362,7312,4096.240853021117,4096.513213049025,1024.0066900120212,1024.0349886104784,4.0002090738030525,4.000364497904137
2461718-B3,82,1067,82,1.0,0,18.4390243902439,20.0,5,30,3,0.036585365853658534,955,0.895032802249297,112,435,4,866,849,1512,4096.06432160804,4096.583919406957,1024.01608040201,1024.0,4.0,4.000570233795856
2461755-B3,247,3325,247,1.0,0,26.380566801619434,27.0,7,36,13,0.05263157894736842,3242,0.9750375939849624,83,2111,5,3040,3030,6516,4096.254270957489,4096.513213049025,1024.0127129165219,1024.0349886104784,4.000198649185538,4.000364497904137
2461836-B2,144,1998,144,1.0,0,26.07638888888889,27.0,7,36,6,0.041666666666666664,1905,0.9534534534534534,93,1200,5,1754,1743,3755,4096.3267806995145,4096.114515768285,1024.016337992214,1024.0286289420712,4.0002552974214955,4.0
2461857-B2,159,2091,159,1.0,0,25.056603773584907,26.0,8,36,6,0.03773584905660377,2044,0.9775227164036346,47,1273,4,1875,1871,3984,4096.148405797101,4096.513213049025,1024.0074200747804,1024.0349886104784,4.000115942028986,4.000364497904137
2461861-B2,62,890,62,1.0,0,28.403225806451612,30.5,11,36,0,0.0,882,0.9910112359550561,8,570,4,843,843,1761,4096.150264136177,4096.641425389755,1024.0375660340442,1024.0178148921364,4.0,4.000556792873051
2462123-B2,122,1715,122,1.0,0,27.959016393442624,31.0,9,36,0,0.0,1682,0.9807580174927114,33,1110,4,1600,1600,3411,4096.519044170891,4096.803088803089,1024.0185352785722,1024.0154412208215,4.000434467776973,4.000723938223938
2462170-B4,117,1562,117,1.0,0,24.05982905982906,24.0,7,36,2,0.017094017094017096,1489,0.9532650448143406,73,893,4,1359,1352,2815,4096.277222957526,4096.757224118316,1024.007700174457,1024.014559517716,4.000240644928407,4.000682593856655
2462290-B2,286,4236,286,1.0,0,30.825174825174827,35.0,5,36,6,0.02097902097902098,4171,0.9846553352219075,65,2899,4,4010,4009,8816,4096.456545000595,4096.749163879599,1024.0228252147294,1024.0267516589163,4.000356675781714,4.000627090301004
2462293-B3,127,1781,127,1.0,0,28.5748031496063,31.0,9,36,3,0.023622047244094488,1765,0.9910162829870859,16,1193,4,1718,1699,3629,4096.041270353055,4096.2976167409415,1024.0103175882637,1024.0248001937516,4.0,4.00019376089905
2462478-B2,152,2029,152,1.0,0,14.078947368421053,15.0,3,24,5,0.03289473684210526,1733,0.854115327747659,296,384,4,1722,1698,2140,4096.2091503267975,4096.0,1024.0,1024.0,4.000204248366013,4.0
2462483-B,85,1108,85,1.0,0,20.847058823529412,20.0,4,36,5,0.058823529411764705,1003,0.9052346570397112,105,534,4,890,872,1772,4096.281044157112,4096.158024691358,1024.0078063060316,1024.0395061728395,4.000243961941937,4.0
2462598-B,195,2744,195,1.0,0,18.23076923076923,20.0,5,24,4,0.020512820512820513,2517,0.9172740524781341,227,1037,3,2432,2415,3555,4096.0,4096.513213049025,1024.0,1024.0349886104784,4.0,4.000364497904137
2462614-B3,225,3283,225,1.0,0,25.511111111111113,29.0,5,31,2,0.008888888888888889,3207,0.976850441669205,76,1854,4,3144,3135,5740,4096.243114909782,4096.711817279047,1024.0,1024.025418259445,4.000237416904084,4.000595829195631
2462637-B2,277,3864,277,1.0,0,28.14801444043321,30.0,6,36,5,0.018050541516245487,3810,0.9860248447204969,54,2548,5,3638,3623,7797,4096.286001564071,4096.53781512605,1024.0142992794504,1024.0366657118304,4.00022343872193,4.0003819709702055
2462830-B2,103,1417,103,1.0,0,27.320388349514563,30.0,8,36,3,0.02912621359223301,1378,0.9724770642201835,39,925,5,1331,1327,2814,4096.272235112142,4096.513213049025,1024.0185605877518,1024.0349886104784,4.000193348801237,4.000364497904137
2462830-B4,210,3080,210,1.0,0,24.447619047619046,26.0,8,30,3,0.014285714285714285,2974,0.9655844155844155,106,1595,4,2836,2832,5134,4096.089302325581,4096.3949093713845,1024.0223255813953,1024.0,4.0,4.000385653682993
2462840-B5,286,4219,286,1.0,0,25.744755244755243,30.0,4,30,3,0.01048951048951049,4153,0.9843564825788101,66,2349,4,4007,4007,7363,4096.0507886122405,4096.583919406957,1024.0126971530601,1024.0,4.0,4.000570233795856
2462885-B2,272,3661,272,1.0,0,27.253676470588236,30.0,5,36,8,0.029411764705882353,3555,0.9710461622507511,106,2426,4,3435,3410,7413,4096.176447420245,4096.513213049025,1024.0189046153846,1024.0349886104784,4.00009846396219,4.000364497904137
2462920-B3,273,3827,273,1.0,0,24.41025641025641,27.0,5,30,8,0.029304029304029304,3745,0.9785732950091456,82,2133,4,3669,3649,6664,4096.124332200097,4096.373566812591,1024.0,1024.0400229298036,4.000121418164158,4.000208463623097
2462921-B,311,4466,311,1.0,0,30.279742765273312,35.0,3,36,4,0.012861736334405145,4386,0.9820868786386028,80,3096,5,4291,4272,9417,4096.209909804381,4096.2976167409415,1024.0224896775894,1024.0248001937516,4.000117137167623,4.00019376089905
2462987-B2,139,2010,139,1.0,0,20.0431654676259,23.0,4,24,6,0.04316546762589928,1942,0.9661691542288557,68,844,2,1895,1895,2786,4096.0,4096.1708185053385,1024.0,1024.0427046263346,4.0,4.0
2463126-B2,144,2101,144,1.0,0,30.291666666666668,35.0,10,36,4,0.027777777777777776,2072,0.9861970490242742,29,1435,4,2010,2007,4362,4096.110012892136,4096.810859728507,1024.027503223034,1024.0289543629474,4.0,4.000678733031675
2463127-B3,261,3791,261,1.0,0,25.75862068965517,30.0,3,30,5,0.019157088122605363,3747,0.9883935637035083,44,2166,4,3674,3670,6723,4096.143840427027,4096.513213049025,1024.0,1024.0349886104784,4.000140469167018,4.000364497904137
2463135-B,307,4547,307,1.0,0,31.54397394136808,36.0,10,36,3,0.009771986970684038,4524,0.9949417198152628,23,3204,4,4420,4420,9684,4096.101105845181,4096.513213049025,1024.0252764612953,1024.0349886104784,4.0,4.000364497904137
2463187-B2,110,1511,110,1.0,0,24.163636363636364,27.0,3,30,3,0.02727272727272727,1487,0.9841164791528789,24,862,4,1462,1462,2658,4096.53862338443,4096.843492586491,1024.019234381457,1024.0,4.000450856627592,4.000823723228995
2463351-B4,175,2436,175,1.0,0,26.742857142857144,29.0,8,36,2,0.011428571428571429,2381,0.9774220032840722,55,1495,4,2180,2175,4680,4096.40909649662,4096.513213049025,1024.0078665150725,1024.0349886104784,4.000368776889982,4.000364497904137
2463370-B2,192,2726,192,1.0,0,25.083333333333332,30.0,6,30,7,0.036458333333333336,2689,0.9864269992663243,37,1552,5,2636,2626,4816,4096.37879161529,4096.299765807962,1024.0,1024.014987412915,4.000369913686806,4.00023419203747
2463379-B4,153,2079,153,1.0,0,26.522875816993466,28.0,7,36,6,0.0392156862745098,2035,0.9788359788359788,44,1310,4,1907,1906,4058,4096.476595744681,4096.547658664132,1024.0170195791643,1024.015210932858,4.000398936170213,4.000475398145947
2463404-B2,217,2935,217,1.0,0,22.94009216589862,25.0,2,30,5,0.02304147465437788,2856,0.9730834752981261,79,1565,4,2748,2748,4978,4096.328029898558,4096.742315870868,1024.0,1024.0371104131432,4.000320341697811,4.000579934274116
2463643-B,241,3440,241,1.0,0,27.800829875518673,30.0,4,36,8,0.03319502074688797,3333,0.9688953488372093,107,2163,5,3124,3088,6700,4096.232024169184,4096.382578992314,1024.0064447912996,1024.040988418637,4.000201409869083,4.0002134927412465
2463647-B2,204,2934,204,1.0,0,29.147058823529413,33.0,6,36,2,0.00980392156862745,2894,0.9863667348329925,40,1947,5,2764,2751,5946,4096.370136698212,4096.299765807962,1024.0252349346126,1024.014987412915,4.000262881177707,4.00023419203747
2463656-B2,157,2076,157,1.0,0,25.21656050955414,26.0,5,36,6,0.03821656050955414,2001,0.9638728323699421,75,1270,4,1890,1870,3959,4096.068651112899,4096.790646371057,1024.0171627782247,1024.0282326992005,4.0,4.00066181336863
2463720-B7,207,3024,207,1.0,0,20.019323671497585,23.0,4,24,7,0.033816425120772944,2935,0.970568783068783,89,1209,2,2830,2830,4144,4096.0,4096.108428631936,1024.0,1024.027107157984,4.0,4.0
2464404-B5,207,2935,207,1.0,0,20.28985507246377,23.0,2,25,9,0.043478260869565216,2835,0.9659284497444633,100,1078,4,2737,2734,4200,4096.124332200097,4096.474074074074,1024.0,1024.0,4.000121418164158,4.000462962962963
2464438-B5,98,1244,98,1.0,0,21.857142857142858,24.0,4,30,2,0.02040816326530612,1219,0.979903536977492,25,694,4,1177,1177,2142,4096.178055990263,4096.42850310856,1024.0,1024.045908302947,4.000173882802991,4.000239120038258
2464443-B,254,3687,254,1.0,0,29.716535433070867,33.0,6,36,4,0.015748031496062992,3640,0.9872525088147546,47,2454,5,3496,3479,7548,4096.09787179814,4096.150264136177,1024.024467949535,1024.0375660340442,4.0,4.0
2464548-B,337,4999,337,1.0,0,26.002967359050444,30.0,8,30,5,0.01483679525222552,4916,0.9833966793358672,83,2804,4,4776,4769,8763,4096.180918727915,4096.3949093713845,1024.0193836601802,1024.0,4.00010095911156,4.000385653682993
2464690-B2,244,3451,244,1.0,0,19.82377049180328,23.0,3,24,5,0.020491803278688523,3373,0.9773978556940017,78,1464,2,3290,3289,4837,4096.0,4096.150264136177,1024.0,1024.0375660340442,4.0,4.0
2464812-B3,254,3682,254,1.0,0,20.34251968503937,23.0,5,24,6,0.023622047244094488,3579,0.9720260727865291,103,1572,4,3497,3481,5167,4096.247342995169,4096.0,1024.0068702699803,1024.0,4.000214707461083,4.0
2464817-B,265,3919,265,1.0,0,31.064150943396225,36.0,6,36,2,0.007547169811320755,3858,0.9844348047971422,61,2717,4,3743,3743,8232,4096.089302325581,4096.513213049025,1024.0223255813953,1024.0349886104784,4.0,4.000364497904137
2464879-B2,268,3955,268,1.0,0,29.94402985074627,34.0,8,36,7,0.026119402985074626,3886,0.9825537294563843,69,2610,4,3681,3679,8025,4096.337285902503,4096.153661464586,1024.006485774366,1024.0384153661464,4.000304043782305,4.0
2464929-B,291,4295,291,1.0,0,21.017182130584192,24.0,3,25,3,0.010309278350515464,4217,0.9818393480791618,78,1894,3,4125,4123,6116,4096.0,4096.513213049025,1024.0,1024.0349886104784,4.0,4.000364497904137
2464943-B2,323,4501,323,1.0,0,28.492260061919506,32.0,6,36,5,0.015479876160990712,4449,0.988447011775161,52,2997,4,4241,4237,9203,4096.318294849023,4096.329684481649,1024.011366916058,1024.0274722326556,4.000266429840142,4.000214638334406
2465202-B3,269,3876,269,1.0,0,28.42007434944238,31.0,7,36,5,0.01858736059479554,3780,0.9752321981424149,96,2469,4,3550,3550,7645,4096.272235112142,4096.94674556213,1024.0185605877518,1024.0473285265298,4.000193348801237,4.000739644970414
2465243-B2,348,5204,348,1.0,0,31.71551724137931,36.0,8,36,6,0.017241379310344827,5156,0.9907763259031515,48,3636,4,5009,5005,11037,4096.12955465587,4096.254827792156,1024.0064775688875,1024.012740755487,4.000101214574898,4.000199084212622
2465263-B2,163,2322,163,1.0,0,19.447852760736197,21.0,6,24,7,0.04294478527607362,2243,0.9659776055124892,79,922,3,2171,2171,3170,4096.2378866321515,4096.0,1024.0254870075996,1024.0,4.000132749236691,4.0
2465339-B2,427,6254,427,1.0,0,25.934426229508198,30.0,5,30,6,0.01405152224824356,6161,0.9851295171090502,93,3570,4,6037,6035,11074,4096.1989508451525,4096.513213049025,1024.0,1024.0349886104784,4.000194287934719,4.000364497904137
2465367-B3,125,1600,125,1.0,0,17.704,19.0,3,25,4,0.032,1540,0.9625,60,662,3,1512,1494,2213,4096.2378866321515,4096.0,1024.0254870075996,1024.0,4.000132749236691,4.0
2465396-B2,165,2463,165,1.0,0,18.606060606060606,20.0,4,24,6,0.03636363636363636,2236,0.9078359723913926,227,834,2,2118,2118,3070,4096.194504242118,4096.0,1024.0162081737315,1024.0,4.000126630365962,4.0
2465397-B,157,2289,157,1.0,0,29.280254777070063,31.0,6,36,3,0.01910828025477707,2255,0.9851463521188292,34,1505,4,2152,2151,4597,4096.309469442579,4096.283123202831,1024.0085957961185,1024.0141553773847,4.000268636668905,4.000221190002211
2465568-B2,188,2648,188,1.0,0,23.78723404255319,26.5,5,30,3,0.015957446808510637,2560,0.9667673716012085,88,1418,4,2467,2463,4472,4096.27097115639,4096.098009188361,1024.0,1024.0245022970903,4.000264620269912,4.0
2465608-B2,259,3741,259,1.0,0,22.92664092664093,24.0,4,30,4,0.015444015444015444,3529,0.9433306602512697,212,1807,4,3300,3261,5938,4096.109483588153,4096.052947259565,1024.0,1024.0132368148913,4.000106917566556,4.0
2465625-B,172,2395,172,1.0,0,22.377906976744185,24.0,4,30,5,0.029069767441860465,2224,0.9286012526096034,171,1203,4,2163,2133,3849,4096.316635745207,4096.613173652695,1024.015830808237,1024.0,4.000247371675943,4.00059880239521
2465636-B,230,3335,230,1.0,0,29.678260869565218,34.0,9,36,6,0.02608695652173913,3288,0.9859070464767616,47,2227,4,3124,3124,6826,4096.030754444979,4096.2976167409415,1024.0076886112447,1024.0248001937516,4.0,4.00019376089905
2465639-B2,137,1782,137,1.0,0,25.452554744525546,26.0,6,36,7,0.051094890510948905,1748,0.9809203142536476,34,1130,4,1640,1640,3487,4096.223024268824,4096.780170662332,1024.023894713917,1024.0390025900158,4.000124455507156,4.000609508329947
2465643-B3,251,3735,251,1.0,0,25.776892430278885,30.0,3,30,3,0.01195219123505976,3667,0.9817938420348059,68,2051,4,3533,3529,6470,4096.369736695922,4096.613173652695,1024.0071097286639,1024.0,4.00033329630041,4.00059880239521
2465661-B2,189,2618,189,1.0,0,28.126984126984127,33.0,4,36,2,0.010582010582010581,2566,0.9801375095492743,52,1722,4,2443,2443,5316,4096.1061946902655,4096.464516129032,1024.0265486725664,1024.0129019252092,4.0,4.000403225806451
2465795-B4,293,4156,293,1.0,0,23.784982935153582,27.0,4,30,6,0.020477815699658702,3981,0.9578922040423484,175,2200,4,3826,3818,6969,4096.214652552143,4096.237609058845,1024.0,1024.0118799016195,4.000209621632952,4.000185632077223
2465827-B5,211,3054,211,1.0,0,30.18957345971564,35.0,8,36,6,0.02843601895734597,3018,0.9882121807465619,36,2099,4,2920,2911,6370,4096.031710640406,4096.283123202831,1024.0079276601016,1024.0141553773847,4.0,4.000221190002211
2465843-B2,269,3656,269,1.0,0,26.929368029739777,28.0,6,36,7,0.026022304832713755,3562,0.9742888402625821,94,2351,4,3356,3328,7244,4096.322750716332,4096.513213049025,1024.022004469658,1024.0349886104784,4.00022922636103,4.000364497904137
2465989-B2,205,2922,205,1.0,0,20.180487804878048,23.0,4,24,4,0.01951219512195122,2869,0.9818617385352498,53,1268,2,2795,2795,4137,4096.23804111995,4096.0,1024.0066119117723,1024.0,4.0002066329166235,4.0
2466152-B2,155,2250,155,1.0,0,29.806451612903224,34.0,10,36,2,0.012903225806451613,2216,0.9848888888888889,34,1519,4,2138,2124,4620,4096.1185368112365,4096.571046174437,1024.0296342028091,1024.028549124568,4.0,4.000446129823779
2466159-B2,234,3385,234,1.0,0,30.21794871794872,34.5,4,36,3,0.01282051282051282,3344,0.987887740029542,41,2328,4,3254,3252,7071,4096.036802760207,4096.513213049025,1024.0092006900518,1024.0349886104784,4.0,4.000364497904137
2466264-B2,188,2653,188,1.0,0,28.6968085106383,32.0,5,36,2,0.010638297872340425,2612,0.9845457972107049,41,1754,4,2493,2493,5395,4096.3267806995145,4096.513213049025,1024.016337992214,1024.0349886104784,4.0002552974214955,4.000364497904137
2466285-B,154,2263,154,1.0,0,24.954545454545453,28.0,6,30,1,0.006493506493506494,2206,0.9748121961997349,57,1215,4,2088,2086,3843,4096.390889426136,4096.842474769635,1024.0,1024.0421168083355,4.000381727955211,4.000658183413778
2466580-B5,102,1408,102,1.0,0,24.91176470588235,25.0,6,36,1,0.00980392156862745,1337,0.9495738636363636,71,811,4,1227,1210,2541,4096.545222206446,4096.643054508917,1024.027258207631,1024.0321486876805,4.000425954848786,4.000502386335091
2466581-B1,300,4444,300,1.0,0,31.953333333333333,36.0,9,36,4,0.013333333333333334,4428,0.9963996399639964,16,3173,4,4359,4359,9586,4096.403491755577,4096.53781512605,1024.007758751326,1024.0366657118304,4.000363724539282,4.0003819709702055
2466581-B2,175,2334,175,1.0,0,27.428571428571427,29.0,6,36,7,0.04,2288,0.9802913453299057,46,1574,5,2254,2212,4800,4096.09787179814,4096.421823507872,1024.024467949535,1024.0117162471395,4.0,4.000366166239473
2466584-B,206,2916,206,1.0,0,28.79126213592233,31.0,6,36,1,0.0048543689320388345,2867,0.983196159122085,49,1934,5,2761,2753,5931,4096.403290740416,4096.513213049025,1024.0112015402117,1024.0349886104784,4.000350078767723,4.000364497904137
2466703-B4,73,992,73,1.0,0,17.82191780821918,19.0,6,24,3,0.0410958904109589,943,0.9506048387096774,49,358,2,888,884,1301,4096.0,4096.052947259565,1024.0,1024.0132368148913,4.0,4.0
2466718-B,317,4685,317,1.0,0,31.470031545741325,36.0,8,36,3,0.00946372239747634,4656,0.9938100320170757,29,3299,4,4537,4536,9976,4096.026795059661,4096.2976167409415,1024.0066987649152,1024.0248001937516,4.0,4.00019376089905
2466866-B,206,2678,206,1.0,0,24.611650485436893,26.0,6,36,6,0.02912621359223301,2570,0.9596713965646004,108,1642,5,2403,2383,5070,4096.140243234359,4096.513213049025,1024.0070119696513,1024.0349886104784,4.000109565026843,4.000364497904137
2466881-B2,212,2895,212,1.0,0,27.660377358490567,30.5,8,36,4,0.018867924528301886,2842,0.981692573402418,53,1926,4,2735,2725,5864,4096.289920724802,4096.513213049025,1024.0080528468072,1024.0349886104784,4.000251667295835,4.000364497904137
2466884-B2,136,1821,136,1.0,0,22.845588235294116,25.5,4,30,3,0.022058823529411766,1781,0.9780340472267984,40,981,4,1705,1705,3107,4096.439296439296,4096.42850310856,1024.0,1024.045908302947,4.000429000429,4.000239120038258
2466891-B2,435,6508,435,1.0,0,31.862068965517242,36.0,5,36,5,0.011494252873563218,6454,0.9917025199754149,54,4580,4,6289,6289,13860,4096.131389858346,4096.093515981735,1024.0065693243348,1024.0233789954339,4.000102648326832,4.0
2466893-B2,192,2822,192,1.0,0,29.911458333333332,34.0,8,36,3,0.015625,2793,0.9897236002834869,29,1862,4,2635,2635,5743,4096.2378866321515,4096.644393592677,1024.0254870075996,1024.0439309003546,4.000132749236691,4.00045766590389
2466898-B2,276,4081,276,1.0,0,25.778985507246375,29.0,2,30,2,0.007246376811594203,4035,0.9887282528791963,46,2255,4,3914,3914,7115,4096.022912378055,4096.571641235579,1024.0057280945136,1024.0,4.0,4.00055824339412
2466899-B2,218,2867,218,1.0,0,21.229357798165136,22.0,4,30,9,0.04128440366972477,2749,0.9588419951168469,118,1395,4,2589,2580,4628,4096.159800249688,4096.613173652695,1024.007989763116,1024.0,4.000124843945068,4.00059880239521
2466923-B2,115,1560,115,1.0,0,19.017391304347825,21.0,7,24,2,0.017391304347826087,1532,0.982051282051282,28,655,2,1492,1492,2187,4096.0,4096.767287518733,1024.0,1024.0273987263872,4.0,4.000642260757868
2468105-B2,299,4143,299,1.0,0,13.157190635451505,16.0,2,16,152,0.5083612040133779,3931,0.9488293507120444,212,3,2,3930,3928,3934,4096.0,4096.0,1024.0,1024.0,4.0,4.0
2468321-B2,141,1885,141,1.0,0,26.47517730496454,27.0,7,36,3,0.02127659574468085,1853,0.9830238726790451,32,1213,4,1756,1756,3733,4096.06432160804,4096.891571859763,1024.01608040201,1024.0445708316406,4.0,4.00069654051544
2468325-B,167,2302,167,1.0,0,27.64071856287425,30.0,4,36,3,0.017964071856287425,2265,0.9839270199826238,37,1507,4,2154,2153,4616,4096.2008893539105,4096.31283095723,1024.01674023214,1024.0260679191488,4.000130787339786,4.0002036659877795
2468417-B2,184,2528,184,1.0,0,26.76086956521739,28.0,6,36,2,0.010869565217391304,2474,0.9786392405063291,54,1588,4,2307,2295,4924,4096.450826334327,4096.42850310856,1024.0086688564559,1024.045908302947,4.0004063939311845,4.000239120038258
2468419-B2,316,4617,316,1.0,0,30.860759493670887,36.0,8,36,3,0.00949367088607595,4566,0.9889538661468485,51,3216,4,4441,4432,9752,4096.182878914156,4096.513213049025,1024.0152394559038,1024.0349886104784,4.00011906179307,4.000364497904137
2468419-B3,249,3633,249,1.0,0,29.49397590361446,33.0,4,36,3,0.012048192771084338,3553,0.9779796311588219,80,2406,4,3389,3388,7344,4096.223024268824,4096.2976167409415,1024.023894713917,1024.0248001937516,4.000124455507156,4.00019376089905
2468442-B2,396,5816,396,1.0,0,29.95959595959596,35.0,5,36,10,0.025252525252525252,5657,0.9726616231086658,159,3906,4,5430,5418,11864,4096.251204281891,4096.513213049025,1024.017126800767,1024.0349886104784,4.0001784121320245,4.000364497904137
2468450-B2,183,2583,183,1.0,0,28.382513661202186,32.0,5,36,8,0.04371584699453552,2554,0.9887727448703059,29,1694,4,2415,2415,5194,4096.420459877992,4096.242700037922,1024.0150151030823,1024.0121344266956,4.000351947442515,4.000189609404627
2468673-B2,158,2236,158,1.0,0,26.734177215189874,28.0,5,36,1,0.006329113924050633,2115,0.9458855098389982,121,1356,4,1957,1953,4224,4096.099301784329,4096.616410446379,1024.0248254460823,1024.011852400574,4.0,4.000555658455269
2468698-B2,276,3932,276,1.0,0,29.630434782608695,33.0,9,36,9,0.03260869565217391,3880,0.9867751780264497,52,2697,4,3727,3723,8178,4096.058010423748,4096.513213049025,1024.014502605937,1024.0349886104784,4.0,4.000364497904137
2468720-B2,244,3495,244,1.0,0,29.66393442622951,33.0,6,36,3,0.012295081967213115,3457,0.9891273247496424,38,2373,4,3324,3320,7238,4096.101105845181,4096.557006092254,1024.0252764612953,1024.0278472751006,4.0,4.000435161009573
2468796-B3,295,4342,295,1.0,0,25.90508474576271,30.0,5,30,6,0.020338983050847456,4274,0.9843390142791341,68,2450,5,4178,4172,7642,4096.103906646373,4096.513213049025,1024.0,1024.0349886104784,4.000101471334348,4.000364497904137
2468954-B2,107,1402,107,1.0,0,20.906542056074766,22.0,5,30,3,0.028037383177570093,1329,0.9479315263908702,73,673,4,1248,1248,2237,4096.2902494331065,4096.757224118316,1024.0,1024.014559517716,4.000283446712018,4.000682593856655
2469004-B2,173,2188,173,1.0,0,25.24277456647399,25.0,5,36,3,0.017341040462427744,2142,0.9789762340036563,46,1431,4,2078,2054,4367,4096.023683967064,4096.513213049025,1024.005920991766,1024.0349886104784,4.0,4.000364497904137
2469005-B2,238,3361,238,1.0,0,29.357142857142858,33.0,6,36,5,0.02100840336134454,3333,0.9916691460874739,28,2292,4,3211,3211,6987,4096.198252019029,4096.158024691358,1024.0212407002793,1024.0395061728395,4.000110631707047,4.0
2469007-B2,157,2149,157,1.0,0,26.452229299363058,28.0,10,36,5,0.03184713375796178,2099,0.9767333643555142,50,1349,4,1983,1966,4153,4096.370136698212,4096.2976167409415,1024.0252349346126,1024.0248001937516,4.000262881177707,4.00019376089905
2469019-B2,257,3594,257,1.0,0,30.019455252918288,36.0,8,36,2,0.007782101167315175,3575,0.9947134112409571,19,2554,4,3527,3524,7715,4096.209909804381,4096.254827792156,1024.0224896775894,1024.012740755487,4.000117137167623,4.000199084212622
2469023-B2,173,2504,173,1.0,0,25.797687861271676,28.0,3,30,2,0.011560693641618497,2489,0.9940095846645367,15,1454,4,2450,2450,4463,4096.2008893539105,4096.517694641052,1024.01674023214,1024.0,4.000130787339786,4.000505561172902
2469023-B4,173,2349,173,1.0,0,27.92485549132948,31.0,7,36,7,0.04046242774566474,2311,0.9838229033631333,38,1588,4,2213,2211,4831,4096.056406301642,4096.153661464586,1024.0141015754105,1024.0384153661464,4.0,4.0
2469024-B,115,1556,115,1.0,0,27.330434782608695,29.0,8,36,1,0.008695652173913044,1538,0.9884318766066839,18,1039,4,1480,1473,3143,4096.194504242118,4096.299765807962,1024.0162081737315,1024.014987412915,4.000126630365962,4.00023419203747
2469029-B2,162,2168,162,1.0,0,26.339506172839506,27.0,10,36,3,0.018518518518518517,2137,0.9857011070110702,31,1394,4,2017,2013,4267,4096.3267806995145,4096.609391906513,1024.016337992214,1024.0415449529373,4.0002552974214955,4.000432806751785
2469033-B2,79,1058,79,1.0,0,22.60759493670886,23.0,9,30,2,0.02531645569620253,1041,0.9839319470699432,17,553,4,1012,1006,1786,4096.2446639057025,4096.721634954193,1024.020387846932,1024.0,4.000159286396942,4.000704721634954
2469047-B2,212,3009,212,1.0,0,29.117924528301888,33.0,5,36,2,0.009433962264150943,2954,0.981721502160186,55,2017,4,2837,2837,6173,4096.27081349836,4096.124665205746,1024.0135399587455,1024.0311663014365,4.000211573045594,4.0
2469072-B2,203,2721,203,1.0,0,15.236453201970443,17.0,2,20,18,0.08866995073891626,2564,0.9423006247703051,157,529,2,2509,2492,3093,4096.0,4096.384673178061,1024.0,1024.0,4.0,4.0003756574004505
2469074-B2,104,1517,104,1.0,0,29.567307692307693,33.0,6,36,2,0.019230769230769232,1498,0.987475280158207,19,1008,4,1424,1424,3075,4096.185695633251,4097.009198423128,1024.009284444928,1024.0504499770084,4.000145074713478,4.000788436268069
2469110-B3,189,2706,189,1.0,0,30.16931216931217,33.0,9,36,6,0.031746031746031744,2694,0.9955654101995566,12,1888,4,2614,2614,5702,4096.501436406373,4096.757224118316,1024.0250693651053,1024.014559517716,4.000391747192478,4.000682593856655
2469230-B,319,4468,319,1.0,0,28.862068965517242,33.0,3,36,5,0.01567398119122257,4418,0.9888093106535363,50,3017,4,4245,4242,9207,4096.364719595907,4096.513213049025,1024.0248656349154,1024.0349886104784,4.000259033803912,4.000364497904137
2469256-B2,195,2709,195,1.0,0,26.846153846153847,28.0,6,36,7,0.035897435897435895,2629,0.9704688076781101,80,1684,5,2463,2443,5235,4096.307101727447,4096.646464646465,1024.0153541654172,1024.0124302015051,4.000239923224568,4.000582750582751
2469260-B3,201,3062,201,1.0,0,30.46766169154229,34.0,4,36,5,0.024875621890547265,2992,0.977139124755062,70,1984,4,2818,2816,6124,4096.230215827338,4096.161786391405,1024.0246651893247,1024.0404465978513,4.000128468653648,4.0
2469496-B,264,3630,264,1.0,0,27.16287878787879,30.0,4,36,7,0.026515151515151516,3514,0.9680440771349862,116,2341,4,3322,3299,7171,4096.18562253988,4096.513213049025,1024.019887614263,1024.0349886104784,4.000103584006629,4.000364497904137
2469505-B2,252,3503,252,1.0,0,15.563492063492063,16.0,3,20,22,0.0873015873015873,3218,0.9186411647159578,285,696,4,3168,3132,3922,4096.0,4096.583919406957,1024.0,1024.0,4.0,4.000570233795856
2469515-B2,83,1046,83,1.0,0,25.156626506024097,27.0,6,36,2,0.024096385542168676,1021,0.9760994263862333,25,679,4,987,972,2088,4096.3962848297215,4096.455863647927,1024.0270175191727,1024.0488394276629,4.000281452293836,4.000254388196388
2469569-B2,67,877,67,1.0,0,15.776119402985074,18.0,4,20,4,0.05970149253731343,852,0.9714937286202965,25,202,3,850,845,1057,4096.0,4096.536406495547,1024.0,1024.0,4.0,4.000523834468308
2469661-B,94,1184,94,1.0,0,22.06382978723404,21.0,9,36,8,0.0851063829787234,1092,0.9222972972972973,92,659,4,1005,993,2074,4096.474209176404,4096.098009188361,1024.0091184327694,1024.0245022970903,4.000427472214306,4.0
2469693-B,340,4975,340,1.0,0,29.070588235294117,33.0,7,36,4,0.011764705882352941,4867,0.9782914572864322,108,3205,4,4576,4565,9884,4096.136489656643,4096.513213049025,1024.006824300909,1024.0349886104784,4.000106632544252,4.000364497904137
2469849-B2,178,2512,178,1.0,0,22.241573033707866,23.5,6,30,8,0.0449438202247191,2371,0.9438694267515924,141,1183,4,2218,2211,3959,4096.356711565258,4096.557006092254,1024.0,1024.0278472751006,4.000348351137947,4.000435161009573
2469916-B2,225,2967,225,1.0,0,25.56,26.0,4,36,4,0.017777777777777778,2877,0.9696663296258847,90,1861,4,2708,2698,5751,4096.198252019029,4096.513213049025,1024.0212407002793,1024.0349886104784,4.000110631707047,4.000364497904137
2469927-B2,196,2593,196,1.0,0,26.178571428571427,27.5,5,36,3,0.015306122448979591,2518,0.9710759737755496,75,1676,5,2411,2402,5131,4096.029465930018,4096.513213049025,1024.0073664825045,1024.0349886104784,4.0,4.000364497904137
2469963-B2,275,4073,275,1.0,0,29.68,32.0,7,36,4,0.014545454545454545,3961,0.9725018413945494,112,2668,4,3781,3769,8162,4096.24808605485,4096.513213049025,1024.0124037017297,1024.0349886104784,4.000193817230352,4.000364497904137
2469965-B2,302,4290,302,1.0,0,29.662251655629138,33.0,7,36,7,0.023178807947019868,4243,0.9890442890442891,47,2951,5,4095,4077,8958,4096.289658293732,4096.283813747228,1024.014482095378,1024.0236500531203,4.000226295541979,4.000184774575018
2469969-B2,176,2451,176,1.0,0,27.045454545454547,28.5,7,36,2,0.011363636363636364,2360,0.9628722970216238,91,1535,5,2234,2227,4760,4096.3267806995145,4096.646464646465,1024.016337992214,1024.0124302015051,4.0002552974214955,4.000582750582751
2470260-B,287,4280,287,1.0,0,31.149825783972126,36.0,4,36,4,0.013937282229965157,4209,0.983411214953271,71,2948,4,4085,4080,8940,4096.203914428766,4096.143230138008,1024.0218473529997,1024.035807534502,4.00011379153391,4.0
2470270-B2,176,2510,176,1.0,0,29.926136363636363,33.0,8,36,4,0.022727272727272728,2482,0.9888446215139443,28,1728,4,2405,2403,5267,4096.354619753429,4096.055846422339,1024.0177297596786,1024.0139616055847,4.000277046682367,4.0
2470405-B2,253,3708,253,1.0,0,25.42292490118577,29.0,5,30,4,0.015810276679841896,3607,0.9727615965480043,101,2064,4,3505,3502,6432,4096.456545000595,4096.599648643373,1024.0228252147294,1024.0,4.000356675781714,4.000585594378294
2470647-B2,318,4267,318,1.0,0,26.927672955974842,28.0,4,36,8,0.025157232704402517,4200,0.9842981017108039,67,2795,4,3981,3971,8563,4096.318294849023,4096.742315870868,1024.011366916058,1024.0371104131432,4.000266429840142,4.000579934274116
2470657-B3,472,7128,472,1.0,0,32.483050847457626,36.0,5,36,4,0.00847457627118644,7091,0.9948092031425365,37,5066,4,6936,6931,15332,4096.081132474118,4096.513213049025,1024.0202831185295,1024.0349886104784,4.0,4.000364497904137
2471072-B2,263,3844,263,1.0,0,29.425855513307983,34.0,5,36,6,0.022813688212927757,3772,0.9812695109261186,72,2502,4,3575,3575,7739,4096.084377059987,4096.478594129744,1024.0210942649967,1024.023927469857,4.0,4.000373901663862
2471237-B2,463,6815,463,1.0,0,30.50539956803456,35.0,7,36,9,0.019438444924406047,6715,0.9853264856933236,100,4628,5,6461,6448,14124,4096.382851445663,4096.513213049025,1024.0191411409915,1024.0349886104784,4.000299102691924,4.000364497904137
2471442-B3,261,3765,261,1.0,0,30.708812260536398,36.0,10,36,9,0.034482758620689655,3738,0.9928286852589642,27,2653,4,3644,3644,8015,4096.175282437522,4096.513213049025,1024.0146064530854,1024.0349886104784,4.000114116170261,4.000364497904137
2471452-B2,132,1772,132,1.0,0,17.553030303030305,18.0,5,24,4,0.030303030303030304,1682,0.9492099322799097,90,633,3,1602,1594,2317,4096.0,4096.757224118316,1024.0,1024.014559517716,4.0,4.000682593856655
2471595-B3,321,4641,321,1.0,0,29.364485981308412,32.0,9,36,3,0.009345794392523364,4579,0.986640810170222,62,3076,5,4393,4380,9426,4096.403240324033,4096.616410446379,1024.0144002250036,1024.011852400574,4.000337533753376,4.000555658455269
2471618-B3,258,3840,258,1.0,0,25.88372093023256,30.0,5,30,4,0.015503875968992248,3742,0.9744791666666667,98,2128,5,3627,3614,6678,4096.456545000595,4096.424720033181,1024.0228252147294,1024.0,4.000356675781714,4.000414765657403
2471884-B2,140,1810,140,1.0,0,23.59285714285714,24.0,7,36,4,0.02857142857142857,1739,0.9607734806629834,71,1045,4,1602,1598,3303,4096.099301784329,4096.513213049025,1024.0248254460823,1024.0349886104784,4.0,4.000364497904137
2471885-B2,128,1739,128,1.0,0,24.8125,26.0,5,36,4,0.03125,1638,0.9419206440483037,101,1031,4,1533,1521,3176,4096.501436406373,4096.742315870868,1024.0250693651053,1024.0371104131432,4.000391747192478,4.000579934274116
2471887-B,223,3135,223,1.0,0,19.582959641255606,22.0,4,24,10,0.04484304932735426,3038,0.9690590111642743,97,1329,2,2953,2949,4367,4096.0,4096.53781512605,1024.0,1024.0366657118304,4.0,4.0003819709702055
2471921-B2,196,2810,196,1.0,0,21.372448979591837,24.0,2,25,7,0.03571428571428571,2771,0.9861209964412812,39,1122,4,2732,2731,4189,4096.390889426136,4096.199376947041,1024.0,1024.0,4.000381727955211,4.000194704049845
2471957-B,85,1104,85,1.0,0,18.63529411764706,20.0,6,25,8,0.09411764705882353,1081,0.9791666666666666,23,405,4,1065,1065,1584,4096.280279184344,4096.233629933835,1024.0,1024.0,4.000273710140961,4.000228154232261
2471959-B2,167,2280,167,1.0,0,23.047904191616766,25.0,5,30,6,0.03592814371257485,2180,0.956140350877193,100,1228,4,2104,2093,3849,4096.3466095001695,4096.513213049025,1024.0,1024.0349886104784,4.000338485840009,4.000364497904137
2471963-B,280,3985,280,1.0,0,27.539285714285715,29.0,4,36,6,0.02142857142857143,3842,0.9641154328732748,143,2494,4,3600,3598,7711,4096.180918727915,4096.646464646465,1024.0193836601802,1024.0124302015051,4.00010095911156,4.000582750582751
2472316-B7,46,609,46,1.0,0,25.26086956521739,25.5,9,36,2,0.043478260869565216,598,0.9819376026272578,11,382,4,563,560,1162,4096.227030862008,4096.266944734098,1024.011351039773,1024.0667361835244,4.000177367860944,4.0
2472453-B2,84,1089,84,1.0,0,26.80952380952381,30.0,5,36,3,0.03571428571428571,1072,0.9843893480257117,17,740,4,1041,1041,2252,4096.426408237432,4096.793060718711,1024.0290710878946,1024.039646894843,4.000302846759539,4.000619578686492
2472465-B2,249,3586,249,1.0,0,30.570281124497992,35.0,3,36,5,0.020080321285140562,3567,0.9947016174010039,19,2515,4,3473,3473,7612,4096.027856365615,4096.513213049025,1024.0069640914037,1024.0349886104784,4.0,4.000364497904137
2472471-B2,190,2694,190,1.0,0,27.442105263157895,29.0,4,36,5,0.02631578947368421,2607,0.967706013363029,87,1683,5,2458,2448,5214,4096.430831369909,4096.047967022672,1024.021539755995,1024.011991755668,4.000336587007741,4.0
2472481-B2,155,2139,155,1.0,0,27.419354838709676,30.0,5,36,4,0.025806451612903226,2112,0.9873772791023843,27,1378,4,1972,1972,4250,4096.278200391219,4096.513213049025,1024.0139092637871,1024.0349886104784,4.000217344055639,4.000364497904137
2472500-B2,141,1962,141,1.0,0,28.52482269503546,31.0,6,36,1,0.0070921985815602835,1954,0.9959225280326198,8,1316,4,1883,1876,4022,4096.450826334327,4096.382578992314,1024.0086688564559,1024.040988418637,4.0004063939311845,4.0002134927412465
2472505-B,112,1592,112,1.0,0,28.839285714285715,32.0,8,36,1,0.008928571428571428,1574,0.9886934673366834,18,1064,4,1508,1508,3230,4096.071042042458,4097.049180327869,1024.0177605106146,1024.0374625009147,4.0,4.000878220140516
2472509-B4,245,3499,245,1.0,0,25.273469387755103,29.0,5,32,7,0.02857142857142857,3442,0.9837096313232352,57,1987,5,3374,3367,6192,4096.328029898558,4096.3631205673755,1024.0,1024.0389038042651,4.000320341697811,4.000202634245188
2472509-B6,461,6909,461,1.0,0,27.316702819956618,30.0,3,30,5,0.010845986984815618,6884,0.9963815313359387,25,4129,4,6799,6799,12593,4096.026795059661,4096.583919406957,1024.0066987649152,1024.0,4.0,4.000570233795856
2473212-B4,187,2489,187,1.0,0,26.850267379679146,29.0,7,36,7,0.0374331550802139,2446,0.98272398553636,43,1648,4,2334,2319,5021,4096.391575479468,4096.192288432649,1024.0075296332245,1024.0480721081622,4.0003529827038475,4.0
2473218-B2,321,4586,321,1.0,0,24.55140186915888,28.0,4,30,13,0.040498442367601244,4477,0.9762320104666375,109,2486,4,4335,4319,7881,4096.32411901245,4096.513213049025,1024.0,1024.0349886104784,4.000316522473096,4.000364497904137
2473218-B3,255,3592,255,1.0,0,29.32549019607843,34.0,6,36,7,0.027450980392156862,3547,0.9874721603563474,45,2465,4,3448,3446,7478,4096.446771378709,4096.513213049025,1024.0159546290238,1024.0349886104784,4.00037397157816,4.000364497904137
2473228-B2,188,2583,188,1.0,0,19.398936170212767,22.0,3,24,3,0.015957446808510637,2511,0.9721254355400697,72,1118,3,2459,2452,3647,4096.0,4096.742315870868,1024.0,1024.0371104131432,4.0,4.000579934274116
2473266-B,201,2728,201,1.0,0,26.870646766169155,28.0,7,36,2,0.009950248756218905,2666,0.9772727272727273,62,1754,5,2563,2534,5401,4096.34608985025,4096.442141623489,1024.0066550549823,1024.0122805334356,4.000311980033278,4.000383803492612
2473272-B3,247,3338,247,1.0,0,27.238866396761132,28.0,7,36,5,0.020242914979757085,3280,0.9826243259436789,58,2175,5,3203,3110,6728,4096.289658293732,4096.513213049025,1024.014482095378,1024.0349886104784,4.000226295541979,4.000364497904137
2473366-B2,228,3002,228,1.0,0,23.00877192982456,25.0,6,30,3,0.013157894736842105,2948,0.9820119920053297,54,1683,4,2883,2883,5246,4096.130081300813,4096.577996715928,1024.0,1024.0394048229862,4.000127032520325,4.000410509031199
2473394-B2,295,4135,295,1.0,0,28.09491525423729,30.0,7,36,4,0.013559322033898305,4055,0.9806529625151149,80,2701,5,3866,3812,8288,4096.070887945357,4096.513213049025,1024.0177219863392,1024.0349886104784,4.0,4.000364497904137
2473534-B2,228,3213,228,1.0,0,28.403508771929825,31.0,2,36,7,0.03070175438596491,3163,0.9844382197323374,50,2113,4,3014,3007,6476,4096.134902511857,4096.3631205673755,1024.011241629158,1024.0389038042651,4.0000878271561575,4.000202634245188
2473545-B2,422,6025,422,1.0,0,25.46919431279621,30.0,3,30,6,0.014218009478672985,5951,0.9877178423236515,74,3491,4,5844,5843,10748,4096.286220068946,4096.513213049025,1024.0,1024.0349886104784,4.00027951178608,4.000364497904137
2473545-B3,248,3653,248,1.0,0,21.06451612903226,24.0,6,24,4,0.016129032258064516,3610,0.9882288529975363,43,1614,2,3539,3539,5224,4096.1442091031995,4096.0,1024.0072102520771,1024.0,4.000112663361874,4.0
2473549-B,234,3285,234,1.0,0,23.89316239316239,26.0,5,30,9,0.038461538461538464,3217,0.9792998477929985,68,1757,4,3113,3088,5591,4096.077046548957,4096.583919406957,1024.0192616372392,1024.0,4.0,4.000570233795856
2473600-B3,321,4559,321,1.0,0,27.598130841121495,29.0,7,36,5,0.01557632398753894,4435,0.9728010528624699,124,2866,4,4138,4127,8859,4096.34110592938,4096.143230138008,1024.0121814850943,1024.035807534502,4.000285523936423,4.0
2473608-B2,299,4453,299,1.0,0,31.444816053511705,36.0,8,36,4,0.013377926421404682,4421,0.9928138333707612,32,3090,5,4304,4295,9402,4096.381682641108,4096.513213049025,1024.0136304342038,1024.0349886104784,4.000319488817891,4.000364497904137
2473621-B3,158,2107,158,1.0,0,24.734177215189874,24.0,9,36,2,0.012658227848101266,2001,0.9496915045087803,106,1259,4,1865,1856,3908,4096.209909804381,4096.646464646465,1024.0224896775894,1024.0124302015051,4.000117137167623,4.000582750582751
2473623-B2,73,947,73,1.0,0,27.52054794520548,30.0,9,36,2,0.0273972602739726,947,1.0,0,662,4,926,926,2009,4096.210931062895,4096.502382954864,1024.017576985135,1024.0538229728784,4.000137324910739,4.000280347631062
2473738-B3,264,3919,264,1.0,0,31.62121212121212,36.0,10,36,3,0.011363636363636364,3904,0.9961724929829038,15,2761,4,3811,3811,8348,4096.433216487369,4096.513213049025,1024.0154706148965,1024.0349886104784,4.000362625407954,4.000364497904137
2474124-B2,209,3104,209,1.0,0,23.05263157894737,25.0,4,30,3,0.014354066985645933,2886,0.9297680412371134,218,1456,4,2682,2667,4818,4096.279005251165,4096.199376947041,1024.0190221429632,1024.0,4.000198157138612,4.000194704049845
2474140-B3,227,3068,227,1.0,0,22.444933920704845,24.0,4,30,8,0.03524229074889868,2988,0.9739243807040417,80,1585,4,2883,2862,5095,4096.177572254335,4096.403705893948,1024.0147972601949,1024.0,4.000115606936416,4.000394244037059
2474150-B3,220,3180,220,1.0,0,29.65,33.0,5,36,6,0.02727272727272727,3155,0.9921383647798742,25,2128,4,3002,3002,6523,4096.269096005606,4096.052947259565,1024.0074744525548,1024.0132368148913,4.000233590282644,4.0
2474188-B2,317,4656,317,1.0,0,29.9211356466877,34.0,3,36,5,0.015772870662460567,4580,0.9836769759450171,76,3108,4,4365,4363,9485,4096.026413536938,4096.093515981735,1024.0066033842345,1024.0233789954339,4.0,4.0
2474189-B7,61,844,61,1.0,0,23.016393442622952,25.0,3,30,6,0.09836065573770492,820,0.9715639810426541,24,446,4,777,777,1404,4096.143840427027,4096.5021577089055,1024.0,1024.0251054231637,4.000140469167018,4.000392310710082
2474291-B2,316,4662,316,1.0,0,30.550632911392405,34.0,8,36,5,0.015822784810126583,4620,0.990990990990991,42,3173,4,4441,4435,9654,4096.026109127996,4096.478594129744,1024.006527281999,1024.023927469857,4.0,4.000373901663862
2474337-B3,301,4367,301,1.0,0,30.21262458471761,36.0,3,36,6,0.019933554817275746,4311,0.9871765514082894,56,2985,4,4137,4135,9094,4096.254192409532,4096.513213049025,1024.0070605107837,1024.0349886104784,4.000220653133275,4.000364497904137
2474500-B2,257,3784,257,1.0,0,17.08171206225681,19.0,4,20,13,0.05058365758754864,3604,0.952431289640592,180,786,2,3553,3546,4390,4096.25058118194,4096.0,1024.0,1024.0,4.000244708185488,4.0
2474612-B2,268,3923,268,1.0,0,25.742537313432837,29.0,3,30,6,0.022388059701492536,3878,0.9885291868468009,45,2207,4,3775,3775,6899,4096.278200391219,4096.199376947041,1024.0139092637871,1024.0,4.000217344055639,4.000194704049845
2474626-B2,212,3019,212,1.0,0,23.778301886792452,26.0,6,30,5,0.02358490566037736,2927,0.9695263332229215,92,1562,4,2794,2785,5041,4096.1139170096785,4096.571046174437,1024.0,1024.028549124568,4.000111247079764,4.000446129823779
2474631-B3,293,4105,293,1.0,0,25.034129692832764,29.0,4,31,8,0.027303754266211604,4067,0.9907429963459196,38,2387,4,3996,3982,7335,4096.300263903821,4096.111087003688,1024.0,1024.027771750922,4.0002932264685755,4.0
2474638-B3,155,2249,155,1.0,0,29.696774193548386,33.0,6,36,0,0.0,2233,0.9928857269897733,16,1503,4,2129,2129,4603,4096.466694713224,4096.338177014531,1024.0089739544992,1024.0362315421994,4.000420698359276,4.000188714851858
2474704-B2,144,2111,144,1.0,0,30.51388888888889,34.0,10,36,1,0.006944444444444444,2107,0.9981051634296542,4,1446,4,2040,2040,4394,4096.565371024735,4096.711817279047,1024.028265430054,1024.025418259445,4.000441696113075,4.000595829195631
2474718-B4,154,2123,154,1.0,0,22.948051948051948,25.0,3,30,1,0.006493506493506494,2077,0.9783325482807348,46,1097,4,1974,1955,3534,4096.2008893539105,4096.721634954193,1024.01674023214,1024.0,4.000130787339786,4.000704721634954
2474721-B,309,4548,309,1.0,0,26.07766990291262,30.0,2,30,5,0.016181229773462782,4468,0.9824098504837291,80,2610,4,4366,4365,8058,4096.243114909782,4096.421823507872,1024.0,1024.0117162471395,4.000237416904084,4.000366166239473
2474739-B2,315,4727,315,1.0,0,26.355555555555554,30.0,4,30,4,0.012698412698412698,4668,0.9875185106833086,59,2660,4,4524,4524,8302,4096.369736695922,4096.199376947041,1024.0071097286639,1024.0,4.00033329630041,4.000194704049845
2474901-B,250,3626,250,1.0,0,30.304,36.0,8,36,5,0.02,3584,0.9884169884169884,42,2493,4,3467,3460,7576,4096.456545000595,4096.571046174437,1024.0228252147294,1024.028549124568,4.000356675781714,4.000446129823779
2475011-B2,183,2646,183,1.0,0,29.6775956284153,33.0,9,36,4,0.02185792349726776,2616,0.9886621315192744,30,1776,4,2490,2485,5431,4096.03621445749,4096.268231349539,1024.0090536143725,1024.013410864896,4.0,4.000209555741827
2475022-B,224,3274,224,1.0,0,25.616071428571427,29.0,5,30,2,0.008928571428571428,3229,0.9862553451435553,45,1826,4,3134,3134,5738,4096.06432160804,4096.583919406957,1024.01608040201,1024.0,4.0,4.000570233795856
2475126-B2,231,3334,231,1.0,0,28.242424242424242,30.0,5,36,3,0.012987012987012988,3241,0.9721055788842231,93,2108,4,3037,3016,6524,4096.381682641108,4096.098009188361,1024.0136304342038,1024.0245022970903,4.000319488817891,4.0
2475159-B,178,2588,178,1.0,0,30.679775280898877,34.0,9,36,2,0.011235955056179775,2583,0.9980680061823802,5,1806,4,2516,2516,5461,4096.367393800229,4096.111087003688,1024.0183683719595,1024.027771750922,4.000287026406429,4.0
2475184-B2,243,3242,243,1.0,0,27.156378600823047,29.0,6,36,4,0.01646090534979424,3198,0.986428130783467,44,2168,4,3056,3041,6599,4096.170484816196,4096.742315870868,1024.0085239569808,1024.0371104131432,4.000133191262653,4.000579934274116
2475349-B2,132,1861,132,1.0,0,22.65909090909091,25.0,2,30,5,0.03787878787878788,1773,0.9527135948414831,88,900,4,1654,1653,2991,4096.322750716332,4096.376678315248,1024.022004469658,1024.0,4.00022922636103,4.000367849917234
2476242-B2,240,3500,240,1.0,0,30.383333333333333,34.5,5,36,1,0.004166666666666667,3462,0.9891428571428571,38,2397,4,3322,3322,7292,4096.198252019029,4096.678017404464,1024.0212407002793,1024.0242114720763,4.000110631707047,4.000567536889898
2476250-B2,79,1047,79,1.0,0,17.810126582278482,18.0,3,24,6,0.0759493670886076,1003,0.9579751671442216,44,404,2,964,964,1407,4096.331845023765,4096.0,1024.0092172535465,1024.0,4.000288059916462,4.0
2476252-B2,120,1594,120,1.0,0,27.558333333333334,32.0,5,36,4,0.03333333333333333,1577,0.9893350062735258,17,1091,4,1530,1530,3307,4096.069707283867,4096.94674556213,1024.0174268209666,1024.0473285265298,4.0,4.000739644970414
2476295-B3,249,3732,249,1.0,0,26.301204819277107,30.0,6,30,4,0.01606425702811245,3655,0.9793676312968917,77,2116,4,3561,3561,6549,4096.120655119595,4096.052947259565,1024.0,1024.0132368148913,4.000117827265229,4.0
2476358-B2,212,3078,212,1.0,0,20.382075471698112,24.0,6,24,9,0.04245283018867924,3008,0.9772579597141,70,1306,4,2945,2919,4321,4096.436001572121,4096.0,1024.0083838218438,1024.0,4.00039303026333,4.0
2476376-B2,262,3675,262,1.0,0,19.3206106870229,22.0,3,24,5,0.019083969465648856,3551,0.9662585034013605,124,1511,2,3430,3429,5062,4096.079036739735,4096.0,1024.0197591849337,1024.0,4.0,4.0
2476391-B2,154,2214,154,1.0,0,24.636363636363637,28.0,4,30,1,0.006493506493506494,2173,0.9814814814814815,41,1187,4,2083,2083,3794,4096.091987064319,4096.503317768494,1024.0229967660798,1024.0,4.0,4.0004915212582945
2476681-B2,172,2291,172,1.0,0,23.00581395348837,26.0,6,30,4,0.023255813953488372,2224,0.9707551287647316,67,1265,4,2176,2174,3957,4096.159800249688,4096.681455190772,1024.007989763116,1024.0,4.000124843945068,4.000665483584738
2476750-B,320,4596,320,1.0,0,25.534375,29.0,5,30,8,0.025,4547,0.9893385552654482,49,2648,4,4448,4448,8171,4096.332935948846,4096.513213049025,1024.0,1024.0349886104784,4.000325132762545,4.000364497904137
2476834-B3,303,4328,303,1.0,0,30.082508250825082,34.0,8,36,4,0.013201320132013201,4260,0.9842883548983364,68,3010,4,4168,4161,9115,4096.091987064319,4096.513213049025,1024.0229967660798,1024.0349886104784,4.0,4.000364497904137
2476856-B2,260,3535,260,1.0,0,28.057692307692307,32.0,1,36,3,0.011538461538461539,3478,0.9838755304101838,57,2394,4,3366,3359,7295,4096.289658293732,4096.513213049025,1024.014482095378,1024.0349886104784,4.000226295541979,4.000364497904137
2476983-B,181,2273,181,1.0,0,21.204419889502763,22.0,3,30,11,0.06077348066298342,2229,0.9806423229212494,44,1196,5,2188,2150,3838,4096.236080691642,4096.102955962196,1024.0,1024.025738990549,4.000230547550432,4.0
2476984-B2,79,1070,79,1.0,0,23.354430379746834,26.0,6,30,2,0.02531645569620253,1059,0.9897196261682243,11,582,4,1030,1030,1845,4096.519044170891,4096.517694641052,1024.0185352785722,1024.0,4.000434467776973,4.000505561172902
2477039-B,247,3531,247,1.0,0,25.60728744939271,30.0,6,30,2,0.008097165991902834,3507,0.9932030586236194,24,2045,4,3430,3430,6325,4096.1989508451525,4096.513213049025,1024.0,1024.0349886104784,4.000194287934719,4.000364497904137
2477053-B3,396,5849,396,1.0,0,31.876262626262626,36.0,4,36,4,0.010101010101010102,5845,0.9993161224140878,4,4175,4,5727,5727,12623,4096.34608985025,4096.513213049025,1024.0066550549823,1024.0349886104784,4.000311980033278,4.000364497904137
2477058-B2,224,3382,224,1.0,0,22.044642857142858,25.0,4,25,6,0.026785714285714284,3304,0.976936723832052,78,1293,4,3232,3232,4938,4096.27097115639,4096.195084778053,1024.0,1024.0,4.000264620269912,4.000190512478567
2477118-B3,221,3195,221,1.0,0,30.918552036199095,36.0,9,36,3,0.013574660633484163,3186,0.9971830985915493,9,2262,4,3115,3115,6833,4096.307101727447,4096.577996715928,1024.0153541654172,1024.0394048229862,4.000239923224568,4.000410509031199
2477118-B4,167,2364,167,1.0,0,21.335329341317365,25.0,3,25,6,0.03592814371257485,2348,0.9932318104906938,16,957,4,2321,2319,3563,4096.439296439296,4096.613173652695,1024.0,1024.0,4.000429000429,4.00059880239521
2477189-B2,291,4316,291,1.0,0,31.738831615120276,36.0,4,36,3,0.010309278350515464,4301,0.9965245597775718,15,3051,4,4212,4212,9236,4096.433216487369,4096.513213049025,1024.0154706148965,1024.0349886104784,4.000362625407954,4.000364497904137
2477189-B3,129,1775,129,1.0,0,28.503875968992247,31.0,9,36,7,0.05426356589147287,1757,0.9898591549295774,18,1215,4,1693,1693,3677,4096.376974564926,4096.327700972863,1024.0257010909577,1024.016384,4.000267737617135,4.000256016385049
2477274-B3,127,1675,127,1.0,0,22.362204724409448,24.0,5,30,4,0.031496062992125984,1651,0.9856716417910448,24,891,4,1583,1583,2840,4096.424075096632,4096.513213049025,1024.0,1024.0349886104784,4.000414135836555,4.000364497904137
2477285-B2,221,3146,221,1.0,0,25.11764705882353,29.0,6,30,3,0.013574660633484163,3122,0.9923712650985378,24,1760,4,3041,3034,5551,4096.485522822101,4096.571641235579,1024.024273839249,1024.0,4.000379314704767,4.00055824339412
2477299-B2,396,5990,396,1.0,0,31.565656565656564,36.0,8,36,3,0.007575757575757576,5866,0.9792988313856428,124,4101,5,5711,5700,12500,4096.024837489085,4096.513213049025,1024.0062093722713,1024.0349886104784,4.0,4.000364497904137
2477473-B2,280,4199,280,1.0,0,25.325,30.0,4,30,7,0.025,4058,0.9664205763276971,141,2239,4,3890,3890,7091,4096.182878914156,4096.599648643373,1024.0152394559038,1024.0,4.00011906179307,4.000585594378294
2477476-B2,313,4584,313,1.0,0,25.792332268370608,30.0,2,30,3,0.009584664536741214,4529,0.9880017452006981,55,2591,4,4410,4410,8073,4096.286001564071,4096.583919406957,1024.0142992794504,1024.0,4.00022343872193,4.000570233795856
2477541-B2,141,1847,141,1.0,0,19.120567375886523,21.0,1,25,3,0.02127659574468085,1805,0.9772604223064428,42,705,4,1769,1769,2696,4096.25058118194,4096.843492586491,1024.0,1024.0,4.000244708185488,4.000823723228995
2477577-B3,254,3569,254,1.0,0,28.484251968503937,30.5,7,36,6,0.023622047244094488,3521,0.9865508545811151,48,2357,4,3349,3348,7235,4096.026413536938,4096.513213049025,1024.0066033842345,1024.0349886104784,4.0,4.000364497904137
2477668-B3,316,4604,316,1.0,0,21.5,25.0,1,25,5,0.015822784810126583,4514,0.9804517810599479,90,1802,4,4439,4439,6794,4096.220452099031,4096.583919406957,1024.0,1024.0,4.00021528525296,4.000570233795856
2477670-B2,262,3685,262,1.0,0,29.057251908396946,34.5,7,36,1,0.003816793893129771,3640,0.9877883310719131,45,2494,4,3486,3485,7613,4096.380342857143,4096.711817279047,1024.0073136588292,1024.025418259445,4.000342857142857,4.000595829195631
2477695-B2,305,4519,305,1.0,0,21.557377049180328,24.0,6,24,3,0.009836065573770493,4463,0.9876078778490817,56,2112,2,4412,4412,6575,4096.0,4096.513213049025,1024.0,1024.0349886104784,4.0,4.000364497904137
2477809-B3,202,3004,202,1.0,0,30.574257425742573,34.0,10,36,4,0.019801980198019802,2968,0.9880159786950732,36,2014,4,2835,2835,6176,4096.182700542392,4096.150264136177,1024.0091347011596,1024.0375660340442,4.000142734798744,4.0
2477814-B5,143,2119,143,1.0,0,30.804195804195803,34.0,11,36,2,0.013986013986013986,2114,0.9976403964134025,5,1444,4,2048,2048,4405,4096.492560287327,4097.162579473206,1024.0246256453008,1024.0581157775255,4.000384812724475,4.000908265213443
2477941-B2,272,3942,272,1.0,0,31.011029411764707,36.0,5,36,3,0.011029411764705883,3933,0.997716894977169,9,2779,4,3842,3842,8435,4096.1442091031995,4096.464516129032,1024.0072102520771,1024.0129019252092,4.000112663361874,4.000403225806451
2477949-B2,188,2718,188,1.0,0,25.377659574468087,28.5,5,30,4,0.02127659574468085,2688,0.9889624724061811,30,1518,4,2622,2622,4771,4096.450826334327,4096.645513763396,1024.0086688564559,1024.0,4.0004063939311845,4.000630384534566
2477977-B3,192,2568,192,1.0,0,26.307291666666668,29.0,6,36,4,0.020833333333333332,2517,0.9801401869158879,51,1636,4,2337,2337,5051,4096.209909804381,4096.055846422339,1024.0224896775894,1024.0139616055847,4.000117137167623,4.0
2478091-B4,273,4055,273,1.0,0,27.043956043956044,30.0,4,30,1,0.003663003663003663,4047,0.9980271270036991,8,2430,4,4014,4014,7383,4096.124332200097,4096.442141623489,1024.0,1024.0122805334356,4.000121418164158,4.000383803492612
2481696-B4,181,2513,181,1.0,0,28.54696132596685,32.0,9,36,4,0.022099447513812154,2492,0.9916434540389972,21,1690,4,2391,2387,5167,4096.476595744681,4096.348457350272,1024.0170195791643,1024.0290364657176,4.000398936170213,4.000226860254084
2481703-B2,237,3370,237,1.0,0,17.168776371308017,20.0,2,20,7,0.029535864978902954,3316,0.9839762611275964,54,753,2,3293,3293,4069,4096.2540942928035,4096.0,1024.0,1024.0,4.000248138957816,4.0
2481723-B2,214,3045,214,1.0,0,28.088785046728972,30.0,7,36,4,0.018691588785046728,2922,0.9596059113300492,123,1960,4,2771,2771,6011,4096.294252873563,4096.557006092254,1024.0147117981726,1024.0278472751006,4.000229885057471,4.000435161009573
2481750-B2,248,3545,248,1.0,0,29.762096774193548,33.0,4,36,8,0.03225806451612903,3513,0.9909732016925247,32,2425,4,3388,3388,7381,4096.298125072784,4096.464516129032,1024.0149053857351,1024.0129019252092,4.0002329102131124,4.000403225806451
2482055-B2,332,4895,332,1.0,0,29.27710843373494,33.0,6,36,5,0.015060240963855422,4787,0.9779366700715015,108,3145,4,4504,4483,9720,4096.250832843425,4096.513213049025,1024.0125410277765,1024.0349886104784,4.000195963158926,4.000364497904137
2482056-B4,223,3063,223,1.0,0,19.12556053811659,21.0,3,25,4,0.017937219730941704,2896,0.9454782892588965,167,1093,4,2803,2790,4265,4096.217225286381,4096.474074074074,1024.0,1024.0,4.0002121340687316,4.000462962962963
2482056-B9,187,2621,187,1.0,0,23.545454545454547,26.0,3,30,5,0.026737967914438502,2550,0.972911102632583,71,1370,4,2417,2417,4403,4096.261431975491,4096.3949093713845,1024.0072615873376,1024.0,4.000226937478725,4.000385653682993
2482461-B2,266,3947,266,1.0,0,31.763157894736842,36.0,10,36,2,0.007518796992481203,3917,0.9923992906004561,30,2795,4,3850,3850,8449,4096.298125072784,4096.5021577089055,1024.0149053857351,1024.0251054231637,4.0002329102131124,4.000392310710082
2482483-B2,339,4942,339,1.0,0,31.42772861356932,36.0,9,36,4,0.011799410029498525,4937,0.9989882638607851,5,3540,4,4846,4846,10654,4096.430831369909,4096.513213049025,1024.021539755995,1024.0349886104784,4.000336587007741,4.000364497904137
2482607-B,251,3517,251,1.0,0,19.61354581673307,23.0,2,24,7,0.027888446215139442,3428,0.9746943417685527,89,1493,3,3352,3346,4923,4096.0,4096.40424092037,1024.0,1024.0433090847573,4.0,4.000225580870742
2482886-B2,299,4097,299,1.0,0,28.270903010033443,30.0,6,36,3,0.010033444816053512,4049,0.9882841103246278,48,2769,4,3918,3913,8453,4096.408433048433,4096.513213049025,1024.0145856479503,1024.0349886104784,4.00034188034188,4.000364497904137
2482896-B2,143,1878,143,1.0,0,26.60839160839161,29.0,5,36,7,0.04895104895104895,1848,0.9840255591054313,30,1239,5,1814,1787,3805,4096.33231059712,4096.464516129032,1024.0226562039059,1024.0129019252092,4.000236016049091,4.000403225806451
2482947-B2,148,2208,148,1.0,0,25.324324324324323,28.0,5,30,4,0.02702702702702703,2173,0.9841485507246377,35,1174,4,2065,2065,3748,4096.337597257022,4096.233629933835,1024.0168787499176,1024.0,4.000263747857049,4.000228154232261
2482952-B2,235,3325,235,1.0,0,30.119148936170212,34.0,7,36,7,0.029787234042553193,3311,0.9957894736842106,14,2343,4,3236,3236,7078,4096.027856365615,4096.513213049025,1024.0069640914037,1024.0349886104784,4.0,4.000364497904137
2482956-B,100,1329,100,1.0,0,26.63,28.5,3,36,1,0.01,1324,0.9962377727614747,5,865,4,1255,1255,2663,4096.350205198359,4096.455863647927,1024.0067341838749,1024.0488394276629,4.000315689782174,4.000254388196388
2482957-B2,143,2109,143,1.0,0,30.34965034965035,35.0,9,36,2,0.013986013986013986,2087,0.9895685158843054,22,1426,4,2002,2002,4340,4096.466694713224,4096.059081467805,1024.0089739544992,1024.0147703669513,4.000420698359276,4.0
2482962-B2,105,1333,105,1.0,0,22.228571428571428,22.0,2,36,6,0.05714285714285714,1275,0.9564891222805701,58,729,4,1126,1122,2334,4096.021465705182,4096.421823507872,1024.0053664262955,1024.0117162471395,4.0,4.000366166239473
2482964-B2,475,6988,475,1.0,0,31.08421052631579,35.0,6,36,3,0.00631578947368421,6947,0.9941327990841442,41,4881,4,6744,6744,14765,4096.233189797947,4096.513213049025,1024.0158986461308,1024.0349886104784,4.000165617754224,4.000364497904137
2482969-B,302,4318,302,1.0,0,29.94701986754967,35.0,5,36,4,0.013245033112582781,4281,0.991431218156554,37,2962,4,4151,4150,9044,4096.313725490196,4096.513213049025,1024.0213891828664,1024.0349886104784,4.000222816399287,4.000364497904137
2482992-B,236,3302,236,1.0,0,29.54237288135593,33.0,4,36,4,0.01694915254237288,3291,0.9966686856450636,11,2302,4,3206,3206,6972,4096.124951190941,4096.798502807236,1024.0062474070821,1024.0399189147045,4.000097618117922,4.000623830318154
2483014-B4,281,3930,281,1.0,0,24.505338078291814,29.0,5,30,9,0.03202846975088968,3850,0.9796437659033079,80,2221,4,3742,3740,6886,4096.286220068946,4096.513213049025,1024.0,1024.0349886104784,4.00027951178608,4.000364497904137
2483055-B2,270,3762,270,1.0,0,19.6,23.0,4,24,5,0.018518518518518517,3676,0.9771398192450824,86,1616,2,3594,3594,5292,4096.172191793985,4096.0,1024.0184486776045,1024.0,4.000096089170751,4.0
2483211-B2,288,4031,288,1.0,0,23.90277777777778,28.0,5,30,7,0.024305555555555556,3901,0.96774993798065,130,2179,4,3745,3745,6884,4096.030754444979,4096.199376947041,1024.0076886112447,1024.0,4.0,4.000194704049845
2483215-B5,228,3269,228,1.0,0,29.364035087719298,33.0,7,36,3,0.013157894736842105,3237,0.990211073722851,32,2207,4,3115,3115,6695,4096.420459877992,4096.237609058845,1024.0150151030823,1024.0118799016195,4.000351947442515,4.000185632077223
2483215-B6,315,4686,315,1.0,0,31.234920634920634,36.0,9,36,2,0.006349206349206349,4653,0.9929577464788732,33,3230,4,4501,4495,9839,4096.052085452696,4096.678017404464,1024.013021363174,1024.0242114720763,4.0,4.000567536889898
2483220-B1,286,3900,286,1.0,0,28.517482517482517,31.0,5,36,9,0.03146853146853147,3887,0.9966666666666667,13,2686,4,3756,3756,8156,4096.247342995169,4096.237609058845,1024.0068702699803,1024.0118799016195,4.000214707461083,4.000185632077223
2483363-B3,349,5012,349,1.0,0,25.389684813753583,29.0,1,30,9,0.025787965616045846,4917,0.9810454908220272,95,2866,4,4811,4787,8861,4096.32411901245,4096.237609058845,1024.0,1024.0118799016195,4.000316522473096,4.000185632077223
2483768-B4,148,1903,148,1.0,0,26.81756756756757,29.0,6,36,4,0.02702702702702703,1901,0.998949027850762,2,1321,4,1855,1853,3969,4096.071042042458,4096.060663507109,1024.0177605106146,1024.0151658767772,4.0,4.0
2483846-B,194,2766,194,1.0,0,20.49484536082474,24.0,5,24,1,0.005154639175257732,2727,0.9859002169197397,39,1249,2,2690,2690,3976,4096.0,4096.803088803089,1024.0,1024.0154412208215,4.0,4.000723938223938
2483862-B2,198,2674,198,1.0,0,27.828282828282827,30.0,9,36,4,0.020202020202020204,2646,0.9895287958115183,28,1809,4,2545,2537,5510,4096.159800249688,4096.513213049025,1024.007989763116,1024.0349886104784,4.000124843945068,4.000364497904137
2483868-B4,244,3630,244,1.0,0,31.278688524590162,36.0,8,36,0,0.0,3613,0.9953168044077135,17,2510,4,3494,3494,7632,4096.230215827338,4096.338177014531,1024.0246651893247,1024.0362315421994,4.000128468653648,4.000188714851858
2483961-B3,190,2652,190,1.0,0,24.710526315789473,28.0,5,30,6,0.031578947368421054,2631,0.9920814479638009,21,1510,4,2565,2565,4695,4096.170484816196,4096.448042003938,1024.0085239569808,1024.0,4.000133191262653,4.000437541019471
2483973-B1,300,4402,300,1.0,0,20.373333333333335,23.0,4,24,13,0.043333333333333335,4266,0.9691049522944116,136,1845,3,4151,4140,6112,4096.430831369909,4096.0,1024.021539755995,1024.0,4.000336587007741,4.0
2483993-B2,228,3420,228,1.0,0,31.214912280701753,36.0,10,36,4,0.017543859649122806,3387,0.9903508771929824,33,2324,4,3255,3254,7117,4096.403290740416,4096.513213049025,1024.0112015402117,1024.0349886104784,4.000350078767723,4.000364497904137
2484004-B2,309,4442,309,1.0,0,29.89644012944984,33.0,5,36,3,0.009708737864077669,4404,0.9914452949122017,38,3027,4,4226,4226,9238,4096.485522822101,4096.237609058845,1024.024273839249,1024.0118799016195,4.000379314704767,4.000185632077223
2484209-B2,393,5862,393,1.0,0,26.974554707379134,30.0,3,30,4,0.010178117048346057,5836,0.9955646537018082,26,3458,4,5761,5761,10601,4096.328029898558,4096.158024691358,1024.0,1024.0395061728395,4.000320341697811,4.0
2484220-B3,378,5652,378,1.0,0,32.18783068783069,36.0,10,36,4,0.010582010582010581,5639,0.9976999292285916,13,4034,4,5527,5527,12167,4096.18045112782,4096.513213049025,1024.0150371523393,1024.0349886104784,4.000117481203008,4.000364497904137
2484228-B,467,6897,467,1.0,0,31.89293361884368,36.0,6,36,3,0.006423982869379015,6886,0.9984051036682615,11,4932,4,6767,6767,14894,4096.170401597515,4096.513213049025,1024.0141997393016,1024.0349886104784,4.000110938540049,4.000364497904137
2484301-B2,254,3770,254,1.0,0,30.751968503937007,35.0,10,36,3,0.011811023622047244,3729,0.9891246684350132,41,2564,4,3609,3601,7811,4096.2336070916435,4096.478594129744,1024.0250285155614,1024.023927469857,4.000130361100247,4.000373901663862
2484312-B2,305,4562,305,1.0,0,32.324590163934424,36.0,10,36,3,0.009836065573770493,4561,0.9997807978956598,1,3268,4,4491,4491,9859,4096.18562253988,4096.283813747228,1024.019887614263,1024.0236500531203,4.000103584006629,4.000184774575018
2484463-B2,219,3250,219,1.0,0,21.39269406392694,24.0,5,25,11,0.0502283105022831,3137,0.9652307692307692,113,1234,4,3031,3025,4685,4096.110822510823,4096.384673178061,1024.0,1024.0,4.000108225108225,4.0003756574004505
2484633-B2,153,2125,153,1.0,0,27.26143790849673,30.0,7,36,1,0.006535947712418301,2081,0.9792941176470589,44,1347,4,1939,1939,4171,4096.269096005606,4096.643054508917,1024.0074744525548,1024.0321486876805,4.000233590282644,4.000502386335091
2484727-B2,145,2090,145,1.0,0,25.75862068965517,30.0,5,30,3,0.020689655172413793,2075,0.992822966507177,15,1212,4,2044,2044,3735,4096.27097115639,4096.94674556213,1024.0,1024.0473285265298,4.000264620269912,4.000739644970414
2484734-B4,190,2582,190,1.0,0,22.857894736842105,25.0,4,30,5,0.02631578947368421,2525,0.9779240898528273,57,1346,4,2395,2395,4343,4096.300263903821,4096.489275854747,1024.0,1024.0135895530311,4.0002932264685755,4.000424718623912
2484734-B5,97,1369,97,1.0,0,23.927835051546392,27.0,5,30,2,0.020618556701030927,1350,0.9861212563915267,19,724,4,1284,1284,2321,4096.170609796734,4096.728024819028,1024.0,1024.0496316401707,4.0001666111296235,4.000517063081696
2484743-B4,120,1729,120,1.0,0,29.316666666666666,33.0,6,36,0,0.0,1708,0.9878542510121457,21,1147,4,1622,1622,3518,4096.099301784329,4096.777206912658,1024.0248254460823,1024.0149436693714,4.0,4.0007006071929005
2484771-B3,95,1210,95,1.0,0,20.526315789473685,22.0,3,30,1,0.010526315789473684,1149,0.9495867768595041,61,604,4,1082,1081,1950,4096.439296439296,4096.31283095723,1024.0,1024.0260679191488,4.000429000429,4.0002036659877795
2484791-B3,79,1067,79,1.0,0,22.50632911392405,23.0,8,30,2,0.02531645569620253,1053,0.9868791002811621,14,540,4,999,999,1778,4096.599648643373,4096.227286179343,1024.0,1024.0568215448357,4.000585594378294,4.0
2484883-B2,258,3583,258,1.0,0,24.441860465116278,28.0,2,30,6,0.023255813953488372,3527,0.9843706391292213,56,2035,4,3455,3446,6306,4096.126061799828,4096.098009188361,1024.0,1024.0245022970903,4.000123107226394,4.0
2485059-B2,265,3915,265,1.0,0,26.139622641509433,30.0,5,30,4,0.01509433962264151,3853,0.9841634738186462,62,2235,4,3771,3762,6927,4096.08334237656,4096.681455190772,1024.02083559414,1024.0,4.0,4.000665483584738
2485259-B6,174,2328,174,1.0,0,27.160919540229884,29.0,6,36,1,0.005747126436781609,2304,0.9896907216494846,24,1554,4,2216,2216,4726,4096.325377771501,4096.098009188361,1024.0090376332698,1024.0245022970903,4.000282445982205,4.0
2485275-B2,320,4591,320,1.0,0,25.2125,29.0,3,30,3,0.009375,4553,0.9917229361794816,38,2576,4,4432,4432,8068,4096.1877348977905,4096.678017404464,1024.0,1024.0242114720763,4.0001833348611235,4.000567536889898
2485303-B2,247,3388,247,1.0,0,24.465587044534413,27.0,8,30,3,0.012145748987854251,3354,0.9899645808736718,34,1956,4,3293,3293,6043,4096.109483588153,4096.891571859763,1024.0,1024.0445708316406,4.000106917566556,4.00069654051544
2485318-B2,116,1626,116,1.0,0,27.646551724137932,30.0,6,36,2,0.017241379310344827,1569,0.9649446494464945,57,1050,4,1500,1493,3207,4096.36409608091,4096.050334250885,1024.010112980959,1024.0125835627211,4.00031605562579,4.0
2485322-B2,95,1214,95,1.0,0,22.757894736842104,22.0,6,36,5,0.05263157894736842,1188,0.9785831960461285,26,699,4,1103,1080,2162,4096.559737622989,4096.268231349539,1024.0199882881125,1024.013410864896,4.000468530376385,4.000209555741827
2485328-B2,191,2630,191,1.0,0,28.157068062827225,31.0,5,36,7,0.03664921465968586,2612,0.9931558935361217,18,1761,5,2508,2495,5378,4096.028638550173,4096.513213049025,1024.0071596375433,1024.0349886104784,4.0,4.000364497904137
2485517-B2,84,1068,84,1.0,0,19.44047619047619,19.0,5,30,4,0.047619047619047616,1003,0.9391385767790262,65,483,4,935,912,1633,4096.306037059175,4096.8596785799955,1024.0,1024.0306972840099,4.0002988643156,4.0007195970256655
2485635-B2,253,3774,253,1.0,0,30.782608695652176,35.0,5,36,5,0.019762845849802372,3721,0.9859565447800742,53,2555,4,3561,3560,7788,4096.433216487369,4096.646464646465,1024.0154706148965,1024.0124302015051,4.000362625407954,4.000582750582751
2485803-B2,519,7752,519,1.0,0,31.834296724470136,36.0,9,36,4,0.007707129094412331,7698,0.9930340557275542,54,5465,4,7540,7534,16522,4096.382851445663,4096.513213049025,1024.0191411409915,1024.0349886104784,4.000299102691924,4.000364497904137
2485805-B,362,5106,362,1.0,0,29.26243093922652,33.5,6,36,9,0.024861878453038673,5061,0.9911868390129259,45,3474,5,4881,4865,10593,4096.050225622916,4096.513213049025,1024.012556405729,1024.0349886104784,4.0,4.000364497904137
2485969-B2,403,5798,403,1.0,0,29.129032258064516,32.0,6,36,6,0.01488833746898263,5675,0.9787857882028286,123,3820,5,5436,5400,11739,4096.070887945357,4096.53781512605,1024.0177219863392,1024.0366657118304,4.0,4.0003819709702055
2486100-B,280,4110,280,1.0,0,21.42142857142857,24.0,2,24,5,0.017857142857142856,4087,0.994403892944039,23,1911,2,4043,4043,5998,4096.0,4096.150264136177,1024.0,1024.0375660340442,4.0,4.0
2486104-B1,111,1420,111,1.0,0,17.10810810810811,19.0,3,24,2,0.018018018018018018,1342,0.9450704225352112,78,556,3,1299,1293,1899,4096.40909649662,4096.0,1024.0078665150725,1024.0,4.000368776889982,4.0
2486104-B2,111,1527,111,1.0,0,25.513513513513512,27.0,4,36,3,0.02702702702702703,1460,0.9561231172233137,67,900,4,1347,1344,2832,4096.380342857143,4096.357625145518,1024.0073136588292,1024.0298003608636,4.000342857142857,4.0002328288707805
2486165-B2,247,3554,247,1.0,0,29.53846153846154,33.0,6,36,4,0.016194331983805668,3489,0.981710748452448,65,2374,4,3343,3337,7296,4096.408433048433,4096.842474769635,1024.0145856479503,1024.0421168083355,4.00034188034188,4.000658183413778
2486191-B,252,3667,252,1.0,0,30.658730158730158,34.0,4,36,1,0.003968253968253968,3644,0.9937278429233706,23,2550,4,3526,3526,7726,4096.085676037484,4096.35499207607,1024.021419009371,1024.0380329817262,4.0,4.000198098256735
2486197-B2,256,3655,256,1.0,0,30.49609375,35.0,9,36,2,0.0078125,3640,0.9958960328317373,15,2583,5,3580,3555,7807,4096.0338132347115,4096.513213049025,1024.0084533086779,1024.0349886104784,4.0,4.000364497904137
2486262-B4,141,2018,141,1.0,0,27.95744680851064,30.0,10,36,1,0.0070921985815602835,1966,0.9742319127849356,52,1272,4,1820,1820,3942,4096.500838457238,4096.307914361319,1024.0178852132601,1024.0153947922304,4.00041922861934,4.000240558094781
2486653-B2,244,3569,244,1.0,0,30.381147540983605,34.0,7,36,0,0.0,3549,0.994396189408798,20,2435,4,3420,3417,7413,4096.450826334327,4096.616410446379,1024.0086688564559,1024.011852400574,4.0004063939311845,4.000555658455269
2486653-B3,318,4719,318,1.0,0,30.70754716981132,35.0,9,36,4,0.012578616352201259,4668,0.989192625556262,51,3208,4,4504,4492,9765,4096.230215827338,4096.513213049025,1024.0246651893247,1024.0349886104784,4.000128468653648,4.000364497904137
2486687-B3,211,3060,211,1.0,0,30.57345971563981,35.0,6,36,4,0.018957345971563982,3038,0.9928104575163399,22,2133,4,2945,2945,6451,4096.436001572121,4096.150264136177,1024.0083838218438,1024.0375660340442,4.00039303026333,4.0
2486812-B2,294,4161,294,1.0,0,28.367346938775512,30.5,7,36,5,0.017006802721088437,4076,0.9795722182167748,85,2680,6,3890,3871,8340,4096.380342857143,4096.70796460177,1024.0073136588292,1024.0353933360984,4.000342857142857,4.000553097345133
2486813-B2,108,1446,108,1.0,0,25.61111111111111,26.5,9,36,2,0.018518518518518517,1422,0.983402489626556,24,893,4,1309,1309,2766,4096.077669902913,4096.404956498814,1024.0194174757282,1024.033744150794,4.0,4.000263643553915
2486833-B2,154,2205,154,1.0,0,25.084415584415584,28.0,5,30,1,0.006493506493506494,2163,0.9809523809523809,42,1241,4,2103,2103,3863,4096.312480927678,4096.1708185053385,1024.0,1024.0427046263346,4.000305157155935,4.0
2486845-B2,154,2100,154,1.0,0,25.48701298701299,26.5,4,36,0,0.0,2012,0.9580952380952381,88,1262,4,1840,1840,3925,4096.476595744681,4096.242700037922,1024.0170195791643,1024.0121344266956,4.000398936170213,4.000189609404627
2486859-B2,60,944,60,1.0,0,20.133333333333333,19.5,6,33,2,0.03333333333333333,714,0.7563559322033898,230,357,5,640,599,1208,4096.403022670025,4096.742315870868,1024.0201495474223,1024.0371104131432,4.000314861460957,4.000579934274116
2487140-B2,140,1907,140,1.0,0,25.035714285714285,26.0,5,36,6,0.04285714285714286,1792,0.9396958573675931,115,1125,4,1654,1640,3505,4096.408433048433,4096.338177014531,1024.0145856479503,1024.0362315421994,4.00034188034188,4.000188714851858
2487143-B,204,2900,204,1.0,0,23.955882352941178,26.0,4,30,3,0.014705882352941176,2818,0.9717241379310345,82,1532,4,2699,2699,4887,4096.25058118194,4096.679599754952,1024.0,1024.013067224746,4.000244708185488,4.0006126199714105
2487146-B2,156,2196,156,1.0,0,27.647435897435898,29.5,5,36,0,0.0,2154,0.9808743169398907,42,1391,4,2003,2003,4313,4096.337597257022,4096.111087003688,1024.0168787499176,1024.027771750922,4.000263747857049,4.0
2487237-B2,191,2685,191,1.0,0,24.89005235602094,28.0,6,30,4,0.020942408376963352,2658,0.9899441340782122,27,1538,4,2593,2589,4754,4096.258520575612,4096.464516129032,1024.0,1024.0129019252092,4.000252461499621,4.000403225806451
2487246-B2,90,1227,90,1.0,0,23.122222222222224,25.0,6,30,4,0.044444444444444446,1198,0.9763651181744091,29,670,4,1162,1162,2081,4096.463418313471,4096.337879454465,1024.0,1024.0281550728623,4.000452556946749,4.000219973603167
2487274-B2,197,2764,197,1.0,0,25.263959390862944,29.0,6,30,3,0.015228426395939087,2753,0.9960202604920405,11,1612,4,2714,2714,4977,4096.426408237432,4096.384673178061,1024.0290710878946,1024.0,4.000302846759539,4.0003756574004505
2487376-B2,344,5115,344,1.0,0,32.03779069767442,36.0,9,36,5,0.014534883720930232,5094,0.9958944281524926,21,3644,4,5002,5002,11021,4096.059708454811,4096.2976167409415,1024.0149271137027,1024.0248001937516,4.0,4.00019376089905
2487388-B2,239,3526,239,1.0,0,30.234309623430963,34.0,8,36,3,0.012552301255230125,3498,0.9920589903573455,28,2356,4,3355,3341,7226,4096.485522822101,4096.338177014531,1024.024273839249,1024.0362315421994,4.000379314704767,4.000188714851858
2487558-B2,137,1895,137,1.0,0,20.715328467153284,24.0,3,25,4,0.029197080291970802,1877,0.9905013192612138,18,758,4,1866,1866,2838,4096.157441574415,4096.220975399223,1024.0,1024.0,4.000153751537515,4.000215796288304
2487651-B,160,2295,160,1.0,0,30.49375,34.0,9,36,2,0.0125,2289,0.9973856209150327,6,1618,4,2243,2243,4879,4096.20770791075,4096.124665205746,1024.0173084074238,1024.0311663014365,4.000135226504394,4.0
2487656-B4,196,2661,196,1.0,0,27.739795918367346,31.0,6,36,4,0.02040816326530612,2617,0.9834648628335212,44,1790,4,2515,2513,5437,4096.026795059661,4096.299765807962,1024.0066987649152,1024.014987412915,4.0,4.00023419203747
2487664-B2,126,1748,126,1.0,0,27.46031746031746,29.0,11,36,5,0.03968253968253968,1716,0.9816933638443935,32,1128,4,1606,1606,3460,4096.062355376934,4096.742315870868,1024.0155888442334,1024.0371104131432,4.0,4.000579934274116
2487896-B2,198,2495,198,1.0,0,21.560606060606062,22.0,1,30,2,0.010101010101010102,2439,0.9775551102204408,56,1348,4,2370,2367,4269,4096.230215827338,4096.613173652695,1024.0246651893247,1024.0,4.000128468653648,4.00059880239521
2487935-B2,236,3434,236,1.0,0,25.03813559322034,28.0,4,30,5,0.0211864406779661,3337,0.971753057658707,97,1892,4,3245,3245,5909,4096.309469442579,4096.583919406957,1024.0085957961185,1024.0,4.000268636668905,4.000570233795856
2487941-B2,126,1654,126,1.0,0,25.325396825396826,26.0,9,36,4,0.031746031746031744,1621,0.9800483675937122,33,1032,4,1494,1494,3191,4096.593475741017,4096.5021577089055,1024.0211929301709,1024.0251054231637,4.000496770988574,4.000392310710082
2488039-B2,232,3196,232,1.0,0,26.642241379310345,28.0,7,36,7,0.03017241379310345,3147,0.9846683354192741,49,1991,4,2911,2911,6181,4096.278200391219,4096.464516129032,1024.0139092637871,1024.0129019252092,4.000217344055639,4.000403225806451
2488044-B2,298,4181,298,1.0,0,24.174496644295303,27.0,3,30,9,0.030201342281879196,4097,0.9799091126524755,84,2281,4,3952,3948,7204,4096.110822510823,4096.421823507872,1024.0,1024.0117162471395,4.000108225108225,4.000366166239473
2488044-B3,283,3998,283,1.0,0,28.09540636042403,30.0,7,36,9,0.03180212014134275,3919,0.98024012006003,79,2579,4,3693,3693,7951,4096.0867698565135,4096.513213049025,1024.0216924641284,1024.0349886104784,4.0,4.000364497904137
2488050-B3,243,3528,243,1.0,0,21.037037037037038,24.0,6,24,5,0.0205761316872428,3490,0.9892290249433107,38,1622,2,3443,3443,5112,4096.0,4096.513213049025,1024.0,1024.0349886104784,4.0,4.000364497904137
2488065-B3,162,2276,162,1.0,0,28.623456790123456,33.0,6,36,2,0.012345679012345678,2232,0.9806678383128296,44,1521,4,2126,2126,4637,4096.2336070916435,4096.283123202831,1024.0250285155614,1024.0141553773847,4.000130361100247,4.000221190002211
2488320-B3,121,1703,121,1.0,0,29.40495867768595,33.0,9,36,2,0.01652892561983471,1693,0.994128009395185,10,1174,4,1647,1647,3558,4096.268786560672,4096.94674556213,1024.0287974802204,1024.0473285265298,4.000149992500376,4.000739644970414
2488330-B2,277,4011,277,1.0,0,24.75451263537906,28.0,4,30,2,0.007220216606498195,3914,0.9758165046123162,97,2162,4,3778,3778,6857,4096.182878914156,4096.583919406957,1024.0152394559038,1024.0,4.00011906179307,4.000570233795856
2488344-B2,143,2098,143,1.0,0,30.58041958041958,34.0,10,36,2,0.013986013986013986,2083,0.9928503336510963,15,1443,4,2020,2020,4373,4096.182700542392,4096.683661082787,1024.0091347011596,1024.0466075980094,4.000142734798744,4.000485554746298
2488369-B2,367,5365,367,1.0,0,26.42506811989101,30.0,4,30,8,0.021798365122615803,5335,0.994408201304753,30,3170,4,5265,5265,9698,4096.332935948846,4096.616410446379,1024.0,1024.011852400574,4.000325132762545,4.000555658455269
2488475-B2,138,1880,138,1.0,0,27.5,30.0,5,36,3,0.021739130434782608,1861,0.9898936170212767,19,1244,4,1788,1787,3795,4096.2002816460645,4096.3631205673755,1024.0100136905926,1024.0389038042651,4.0001564700359875,4.000202634245188
2488477-B2,159,2259,159,1.0,0,27.666666666666668,30.0,8,36,3,0.018867924528301886,2207,0.9769809650287737,52,1424,4,2050,2050,4399,4096.099301784329,4096.382578992314,1024.0248254460823,1024.040988418637,4.0,4.0002134927412465
2488767-B,478,7110,478,1.0,0,31.753138075313807,36.0,8,36,5,0.010460251046025104,7084,0.9963431786216597,26,5021,4,6890,6878,15178,4096.195804195804,4096.513213049025,1024.0209784479227,1024.0349886104784,4.000109265734265,4.000364497904137
2488769-B2,161,2229,161,1.0,0,26.049689440993788,27.0,7,36,2,0.012422360248447204,2169,0.9730820995962315,60,1338,4,1988,1988,4194,4096.247342995169,4096.513213049025,1024.0068702699803,1024.0349886104784,4.000214707461083,4.000364497904137
2488806-B2,311,4653,311,1.0,0,31.10289389067524,35.0,5,36,3,0.00964630225080386,4588,0.9860305179454115,65,3185,4,4433,4433,9673,4096.026795059661,4096.513213049025,1024.0066987649152,1024.0349886104784,4.0,4.000364497904137
2488916-B2,463,6989,463,1.0,0,32.70842332613391,36.0,8,36,7,0.01511879049676026,6947,0.9939905565889254,42,5038,4,6848,6848,15144,4096.050225622916,4096.513213049025,1024.012556405729,1024.0349886104784,4.0,4.000364497904137
2488932-B4,377,5478,377,1.0,0,30.183023872679044,35.0,6,36,8,0.021220159151193633,5405,0.9866739686016794,73,3727,4,5185,5171,11379,4096.054888507719,4096.513213049025,1024.0137221269297,1024.0349886104784,4.0,4.000364497904137
2489131-B3,55,803,55,1.0,0,17.29090909090909,19.0,2,24,4,0.07272727272727272,683,0.8505603985056039,120,268,2,651,648,951,4096.271234328095,4096.0,1024.022601862888,1024.0,4.00017658484902,4.0
2489137-B4,358,5205,358,1.0,0,30.77094972067039,35.0,5,36,8,0.0223463687150838,5173,0.9938520653218059,32,3619,4,5016,5011,11016,4096.094838231662,4096.513213049025,1024.0237095579155,1024.0349886104784,4.0,4.000364497904137
2489182-B2,275,3726,275,1.0,0,23.214545454545455,25.0,3,30,12,0.04363636363636364,3652,0.9801395598497048,74,2009,4,3520,3519,6384,4096.06432160804,4096.209621289662,1024.01608040201,1024.0,4.0,4.000204708290686
2489203-B,388,5588,388,1.0,0,30.45876288659794,36.0,6,36,4,0.010309278350515464,5550,0.9931997136721546,38,3901,4,5404,5404,11818,4096.021023240535,4096.513213049025,1024.0052558101338,1024.0349886104784,4.0,4.000364497904137
2489331-B2,221,3091,221,1.0,0,21.25339366515837,22.0,5,30,11,0.049773755656108594,2859,0.9249433840181172,232,1409,4,2626,2621,4697,4096.38414405402,4096.513213049025,1024.0,1024.0349886104784,4.000375140677754,4.000364497904137
25012148B4,280,4023,280,1.0,0,29.917857142857144,34.0,4,36,8,0.02857142857142857,3955,0.9830971911508825,68,2770,6,3884,3847,8377,4096.161412358134,4096.102955962196,1024.0134506764743,1024.025738990549,4.00010508617066,4.0
25012153B2,216,3047,216,1.0,0,28.560185185185187,30.0,7,36,5,0.023148148148148147,3003,0.9855595667870036,44,2017,4,2851,2848,6169,4096.201325693743,4096.337879454465,1024.021570004213,1024.0281550728623,4.000112346927311,4.000219973603167
25012170B4,202,2651,202,1.0,0,17.76732673267327,18.0,5,24,10,0.04950495049504951,2529,0.953979630328178,122,1051,3,2465,2442,3589,4096.0,4096.513213049025,1024.0,1024.0349886104784,4.0,4.000364497904137
25012170B5,271,3902,271,1.0,0,24.494464944649447,27.0,4,30,7,0.025830258302583026,3779,0.968477703741671,123,2102,4,3620,3620,6638,4096.107891686861,4096.678017404464,1024.0,1024.0242114720763,4.00010536297545,4.000567536889898
25012175B4,122,1586,122,1.0,0,25.31967213114754,27.0,9,36,2,0.01639344262295082,1553,0.9791929382093316,33,1001,5,1470,1466,3089,4096.316635745207,4096.31283095723,1024.015830808237,1024.0260679191488,4.000247371675943,4.0002036659877795
25012253B3,101,1418,101,1.0,0,28.00990099009901,30.0,8,36,3,0.0297029702970297,1393,0.9823695345557123,25,918,4,1328,1328,2829,4096.074820984948,4096.711817279047,1024.018705246237,1024.025418259445,4.0,4.000595829195631
25012485B2,293,4287,293,1.0,0,28.440273037542664,32.0,5,36,5,0.017064846416382253,4102,0.9568462794494985,185,2700,4,3895,3872,8333,4096.026795059661,4096.513213049025,1024.0066987649152,1024.0349886104784,4.0,4.000364497904137
25012628B2,173,2487,173,1.0,0,29.728323699421967,33.0,9,36,4,0.023121387283236993,2467,0.9919581825492562,20,1676,4,2365,2365,5143,4096.099301784329,4096.268231349539,1024.0248254460823,1024.013410864896,4.0,4.000209555741827
25012760B2,429,6463,429,1.0,0,31.226107226107224,36.0,5,36,2,0.004662004662004662,6385,0.987931301253288,78,4388,4,6120,6120,13396,4096.257157207433,4096.513213049025,1024.012857214605,1024.0349886104784,4.000200904068307,4.000364497904137
25012785B2,349,4855,349,1.0,0,28.332378223495702,33.0,5,36,12,0.034383954154727794,4778,0.984140061791967,77,3246,4,4568,4559,9888,4096.373504522906,4096.513213049025,1024.018673863885,1024.0349886104784,4.000291800408521,4.000364497904137
25012915B2,308,4380,308,1.0,0,20.211038961038962,24.0,3,24,7,0.022727272727272728,4309,0.9837899543378995,71,1916,2,4209,4209,6225,4096.0,4096.513213049025,1024.0,1024.0349886104784,4.0,4.000364497904137
25012919B8,210,3023,210,1.0,0,25.419047619047618,29.0,6,30,7,0.03333333333333333,3003,0.9933840555739332,20,1711,4,2912,2912,5338,4096.18562253988,4096.3949093713845,1024.019887614263,1024.0,4.000103584006629,4.000385653682993
25012919B9,235,3360,235,1.0,0,26.017021276595745,30.0,5,30,1,0.00425531914893617,3341,0.9943452380952381,19,2015,4,3306,3306,6114,4096.1657852131675,4096.503317768494,1024.0138150616551,1024.0,4.000107933081489,4.0004915212582945
25013023B2,352,5101,352,1.0,0,29.792613636363637,35.0,6,36,4,0.011363636363636364,5010,0.9821603607135856,91,3437,4,4791,4789,10487,4096.328918758648,4096.254827792156,1024.0063248919087,1024.012740755487,4.000296501284838,4.000199084212622
25013062B3,143,2113,143,1.0,0,25.251748251748253,29.0,6,30,1,0.006993006993006993,2073,0.9810695693327023,40,1138,4,1983,1983,3611,4096.134365568823,4096.337879454465,1024.0,1024.0281550728623,4.000131216375804,4.000219973603167
25013162B2,177,2510,177,1.0,0,24.06779661016949,26.0,5,30,5,0.02824858757062147,2443,0.9733067729083665,67,1338,4,2359,2347,4260,4096.367393800229,4096.376678315248,1024.0183683719595,1024.0,4.000287026406429,4.000367849917234
25013189B2,251,3510,251,1.0,0,23.828685258964143,26.0,6,30,6,0.02390438247011952,3446,0.9817663817663818,64,1878,4,3280,3280,5981,4096.134365568823,4096.046972477065,1024.0,1024.0117431192662,4.000131216375804,4.0
25013189B3,250,3468,250,1.0,0,28.476,31.0,9,36,1,0.004,3430,0.989042675893887,38,2323,5,3294,3272,7119,4096.084377059987,4096.153661464586,1024.0210942649967,1024.0384153661464,4.0,4.0
25013352B2,445,6447,445,1.0,0,31.631460674157303,36.0,6,36,12,0.02696629213483146,6439,0.9987591127656275,8,4672,4,6353,6353,14076,4096.362312980186,4096.513213049025,1024.0129387682898,1024.0349886104784,4.000303275374041,4.000364497904137
25013465B2,347,5209,347,1.0,0,31.04899135446686,35.0,7,36,2,0.005763688760806916,5136,0.9859857938183912,73,3530,4,4916,4916,10774,4096.1444559390575,4096.052947259565,1024.0120377118942,1024.0132368148913,4.000094046835324,4.0
25013871B6,359,5249,359,1.0,0,20.76323119777159,24.0,2,25,6,0.016713091922005572,5024,0.9571346923223472,225,1936,4,4858,4852,7454,4096.214652552143,4096.583919406957,1024.0,1024.0,4.000209621632952,4.000570233795856
25013878B2,265,3613,265,1.0,0,27.845283018867924,29.0,6,36,3,0.011320754716981131,3561,0.9856075283697758,52,2428,4,3448,3427,7379,4096.396851896017,4096.513213049025,1024.0076310847467,1024.0349886104784,4.000357739088958,4.000364497904137
25014124B2,352,5133,352,1.0,0,29.31534090909091,33.0,8,36,6,0.017045454545454544,5032,0.9803233976232223,101,3353,4,4757,4748,10319,4096.392165444797,4096.513213049025,1024.01400475943,1024.0349886104784,4.000328263486158,4.000364497904137
25014160B2,168,2297,168,1.0,0,26.428571428571427,28.0,4,36,8,0.047619047619047616,2228,0.9699608184588594,69,1436,4,2089,2081,4440,4096.09787179814,4096.5021577089055,1024.024467949535,1024.0251054231637,4.0,4.000392310710082
25014217B2,46,571,46,1.0,0,24.695652173913043,25.5,10,36,1,0.021739130434782608,569,0.9964973730297724,2,373,4,551,542,1136,4096.577477008503,4096.1650016113435,1024.0111038820212,1024.0412504028359,4.000520562207184,4.0
25014217B3,125,1679,125,1.0,0,21.832,23.0,3,30,5,0.04,1602,0.9541393686718285,77,829,6,1543,1518,2729,4096.06432160804,4096.474074074074,1024.01608040201,1024.0,4.0,4.000462962962963
25014226B2,236,3314,236,1.0,0,25.76271186440678,27.0,6,36,5,0.0211864406779661,3191,0.9628847314423657,123,1912,4,2910,2900,6080,4096.18562253988,4096.513213049025,1024.019887614263,1024.0349886104784,4.000103584006629,4.000364497904137
25014265B2,199,2711,199,1.0,0,27.256281407035175,29.0,7,36,1,0.005025125628140704,2682,0.9893028402803393,29,1749,5,2515,2503,5424,4096.342454092181,4096.749163879599,1024.023347722989,1024.0267516589163,4.000243220235924,4.000627090301004
25014268B,172,2332,172,1.0,0,23.406976744186046,27.0,3,30,6,0.03488372093023256,2278,0.9768439108061749,54,1295,4,2225,2216,4026,4096.38414405402,4096.046972477065,1024.0,1024.0117431192662,4.000375140677754,4.0
25014311B2,132,1752,132,1.0,0,25.12878787878788,26.0,6,36,5,0.03787878787878788,1697,0.968607305936073,55,1060,4,1568,1564,3317,4096.354619753429,4096.5021577089055,1024.0177297596786,1024.0251054231637,4.000277046682367,4.000392310710082
25014318B,125,1708,125,1.0,0,26.056,30.0,7,36,2,0.016,1608,0.9414519906323185,100,1046,4,1528,1517,3257,4096.241509433962,4096.564894684052,1024.0258751389779,1024.0385116838834,4.000134770889487,4.000401203610832
25014684B,400,5744,400,1.0,0,30.4075,35.0,7,36,10,0.025,5717,0.995299442896936,27,4017,4,5545,5545,12163,4096.172191793985,4096.513213049025,1024.0184486776045,1024.0349886104784,4.000096089170751,4.000364497904137
25015070B2,218,3053,218,1.0,0,19.353211009174313,22.0,4,26,8,0.03669724770642202,2942,0.9636423190304618,111,1274,4,2842,2834,4219,4096.277222957526,4096.0,1024.007700174457,1024.0,4.000240644928407,4.0
25015087B2,225,3171,225,1.0,0,23.564444444444444,26.0,2,30,5,0.022222222222222223,3080,0.9713024282560706,91,1646,4,2931,2931,5302,4096.391575479468,4096.220975399223,1024.0075296332245,1024.0,4.0003529827038475,4.000215796288304
25015101B2,205,2961,205,1.0,0,30.37560975609756,34.0,10,36,4,0.01951219512195122,2946,0.9949341438703141,15,2047,4,2844,2844,6227,4096.376974564926,4096.516823687753,1024.0257010909577,1024.0143546035663,4.000267737617135,4.000448631673396
25015103B2,134,1841,134,1.0,0,23.96268656716418,27.0,5,30,8,0.05970149253731343,1807,0.9815317762085823,34,1028,4,1758,1755,3211,4096.134365568823,4096.180918727915,1024.0,1024.0452296819788,4.000131216375804,4.0
25015190B2,241,3479,241,1.0,0,29.713692946058092,34.0,5,36,4,0.016597510373443983,3385,0.9729807415924117,94,2356,4,3265,3265,7161,4096.277222957526,4096.513213049025,1024.007700174457,1024.0349886104784,4.000240644928407,4.000364497904137
25015204B2,272,4122,272,1.0,0,30.522058823529413,34.5,3,36,1,0.003676470588235294,4035,0.9788937409024745,87,2715,4,3840,3840,8302,4096.27081349836,4096.513213049025,1024.0135399587455,1024.0349886104784,4.000211573045594,4.000364497904137
25015234B2,214,2869,214,1.0,0,25.789719626168225,27.0,5,36,2,0.009345794392523364,2742,0.9557337051237365,127,1774,5,2574,2550,5519,4096.369736695922,4096.513213049025,1024.0071097286639,1024.0349886104784,4.00033329630041,4.000364497904137
25015408B3,149,2090,149,1.0,0,28.187919463087248,31.0,6,36,1,0.006711409395973154,2064,0.9875598086124402,26,1363,4,1950,1950,4200,4096.40909649662,4096.062714355708,1024.0078665150725,1024.015678588927,4.000368776889982,4.0
25015422B,168,2324,168,1.0,0,22.422619047619047,24.0,4,30,3,0.017857142857142856,2221,0.9556798623063684,103,1159,4,2093,2091,3767,4096.337597257022,4096.681455190772,1024.0168787499176,1024.0,4.000263747857049,4.000665483584738
25015425B2,329,4334,329,1.0,0,27.306990881458965,29.0,4,36,8,0.0243161094224924,4276,0.9866174434702354,58,2967,5,4184,4148,8984,4096.170401597515,4096.513213049025,1024.0141997393016,1024.0349886104784,4.000110938540049,4.000364497904137
25015488B2,183,2604,183,1.0,0,28.666666666666668,33.0,5,36,2,0.01092896174863388,2553,0.9804147465437788,51,1707,4,2401,2394,5246,4096.492560287327,4096.150264136177,1024.0246256453008,1024.0375660340442,4.000384812724475,4.0
25015495B3,144,2146,144,1.0,0,22.666666666666668,24.0,3,30,4,0.027777777777777776,1944,0.9058713886300093,202,979,5,1827,1797,3264,4096.332935948846,4096.142024965326,1024.0,1024.0355062413314,4.000325132762545,4.0
25015495B4,219,3259,219,1.0,0,29.168949771689498,32.0,6,36,2,0.0091324200913242,3178,0.975145750230132,81,2062,4,2969,2959,6388,4096.254192409532,4096.117485084901,1024.0070605107837,1024.0293712712253,4.000220653133275,4.0
25015607B2,185,2657,185,1.0,0,24.28108108108108,27.0,7,30,7,0.03783783783783784,2545,0.957847196085811,112,1441,4,2460,2460,4492,4096.117189288167,4096.513213049025,1024.0,1024.0349886104784,4.000114442664225,4.000364497904137
25015622B2,289,3802,289,1.0,0,25.048442906574394,26.0,5,36,7,0.02422145328719723,3675,0.9665965281430826,127,2329,5,3410,3394,7239,4096.392678187954,4096.098009188361,1024.0196324036913,1024.0245022970903,4.000306779834339,4.0
25015625B2,199,2904,199,1.0,0,16.170854271356784,18.0,3,20,10,0.05025125628140704,2643,0.9101239669421488,261,575,2,2598,2597,3218,4096.0,4096.403705893948,1024.0,1024.0,4.0,4.000394244037059
25015811B3,114,1417,114,1.0,0,23.42105263157895,24.0,5,36,2,0.017543859649122806,1376,0.9710656316160904,41,862,4,1289,1284,2670,4096.298125072784,4096.679599754952,1024.0149053857351,1024.013067224746,4.0002329102131124,4.0006126199714105
25015811B4,278,3983,278,1.0,0,20.014388489208635,22.0,6,24,5,0.017985611510791366,3876,0.97313582726588,107,1672,4,3807,3790,5564,4096.433216487369,4096.0,1024.0154706148965,1024.0,4.000362625407954,4.0
25015820B,300,4362,300,1.0,0,30.596666666666668,35.0,7,36,4,0.013333333333333334,4336,0.9940394314534617,26,3021,4,4194,4194,9179,4096.470588235294,4096.513213049025,1024.0235272493337,1024.0349886104784,4.000367647058823,4.000364497904137
25015863B2,363,5419,363,1.0,0,30.674931129476583,35.0,6,36,5,0.013774104683195593,5319,0.9815464107768961,100,3638,5,5079,5073,11135,4096.34110592938,4096.513213049025,1024.0121814850943,1024.0349886104784,4.000285523936423,4.000364497904137
25015870B3,180,2419,180,1.0,0,26.127777777777776,27.0,6,36,6,0.03333333333333333,2345,0.9694088466308391,74,1496,5,2210,2192,4703,4096.025457438345,4096.513213049025,1024.0063643595863,1024.0349886104784,4.0,4.000364497904137
25016077B2,127,1776,127,1.0,0,28.881889763779526,34.0,7,36,3,0.023622047244094488,1760,0.990990990990991,16,1202,4,1701,1701,3668,4096.510742786986,4096.307914361319,1024.0098208462807,1024.0153947922304,4.000460405156538,4.000240558094781
25016088B2,228,3359,228,1.0,0,30.45175438596491,33.0,10,36,3,0.013157894736842105,3332,0.9919618934206609,27,2276,4,3190,3190,6943,4096.369736695922,4096.357625145518,1024.0071097286639,1024.0298003608636,4.00033329630041,4.0002328288707805
25016772B2,345,4967,345,1.0,0,29.768115942028984,35.0,3,36,4,0.011594202898550725,4919,0.9903362190457017,48,3354,4,4720,4720,10270,4096.413926916029,4096.513213049025,1024.0206946727385,1024.0349886104784,4.000323380403148,4.000364497904137
25016785B2,420,6163,420,1.0,0,30.21904761904762,36.0,4,36,5,0.011904761904761904,6081,0.9866947914976473,82,4152,4,5825,5825,12692,4096.34608985025,4096.513213049025,1024.0066550549823,1024.0349886104784,4.000311980033278,4.000364497904137
25016801B2,370,5448,370,1.0,0,31.032432432432433,35.0,8,36,5,0.013513513513513514,5411,0.993208516886931,37,3779,5,5237,5236,11482,4096.027856365615,4096.513213049025,1024.0069640914037,1024.0349886104784,4.0,4.000364497904137
25016829B2,201,2897,201,1.0,0,19.82587064676617,22.0,4,24,7,0.03482587064676617,2815,0.9716948567483604,82,1169,3,2723,2720,3985,4096.0,4096.577996715928,1024.0,1024.0394048229862,4.0,4.000410509031199
25016903B4,274,3930,274,1.0,0,25.335766423357665,29.0,5,30,5,0.01824817518248175,3890,0.989821882951654,40,2234,4,3807,3807,6942,4096.337597257022,4096.384673178061,1024.0168787499176,1024.0,4.000263747857049,4.0003756574004505
25016905B4,165,2378,165,1.0,0,24.73939393939394,28.0,6,30,3,0.01818181818181818,2338,0.9831791421362489,40,1280,4,2246,2246,4082,4096.18851251841,4096.517694641052,1024.015708894548,1024.0,4.000122729504173,4.000505561172902
25016915B2,193,2497,193,1.0,0,26.264248704663213,27.0,6,36,8,0.04145077720207254,2452,0.9819783740488587,45,1670,4,2363,2362,5069,4096.18562253988,4096.513213049025,1024.019887614263,1024.0349886104784,4.000103584006629,4.000364497904137
25016926B2,292,4024,292,1.0,0,23.078767123287673,25.0,3,30,6,0.02054794520547945,3904,0.9701789264413518,120,2096,4,3750,3733,6739,4096.083749079905,4096.513213049025,1024.0,1024.0349886104784,4.000081786210845,4.000364497904137
25017089B2,308,4519,308,1.0,0,29.074675324675326,34.0,6,36,6,0.01948051948051948,4393,0.9721177251604337,126,2897,4,4116,4115,8955,4096.247342995169,4096.421823507872,1024.0068702699803,1024.0117162471395,4.000214707461083,4.000366166239473
25017211B2,264,3869,264,1.0,0,30.25,34.0,8,36,3,0.011363636363636364,3813,0.9855259757043163,56,2623,4,3655,3655,7986,4096.03127290496,4096.678017404464,1024.00781822624,1024.0242114720763,4.0,4.000567536889898
25017218B3,157,1970,157,1.0,0,20.46496815286624,21.0,1,30,7,0.044585987261146494,1914,0.9715736040609138,56,976,4,1809,1809,3213,4096.164969712592,4096.645513763396,1024.0082482198666,1024.0,4.000128882587963,4.000630384534566
25017220B2,259,3397,259,1.0,0,22.81853281853282,22.0,6,36,9,0.03474903474903475,3198,0.9414188990285546,199,1842,4,2869,2845,5910,4096.1657852131675,4096.513213049025,1024.0138150616551,1024.0349886104784,4.000107933081489,4.000364497904137
25017227B2,314,4567,314,1.0,0,31.226114649681527,36.0,9,36,5,0.01592356687898089,4530,0.9918984015765273,37,3249,5,4462,4443,9805,4096.433216487369,4096.237609058845,1024.0154706148965,1024.0118799016195,4.000362625407954,4.000185632077223
25017242B2,279,4033,279,1.0,0,26.096774193548388,30.0,7,30,1,0.0035842293906810036,4018,0.9962806843540789,15,2383,4,3962,3962,7281,4096.117189288167,4096.5021577089055,1024.0,1024.0251054231637,4.000114442664225,4.000392310710082
25017320B2,283,4129,283,1.0,0,30.18374558303887,35.0,9,36,7,0.024734982332155476,4064,0.9842576895131994,65,2795,4,3903,3903,8542,4096.27269499349,4096.052947259565,1024.007574412687,1024.0132368148913,4.000236714404072,4.0
25017322B2,333,4954,333,1.0,0,31.95195195195195,36.0,6,36,1,0.003003003003003003,4918,0.9927331449333872,36,3531,4,4834,4834,10640,4096.12955465587,4096.513213049025,1024.0064775688875,1024.0349886104784,4.000101214574898,4.000364497904137
25017338B3,309,4511,309,1.0,0,30.48220064724919,34.0,8,36,4,0.012944983818770227,4487,0.9946796719131014,24,3102,5,4341,4322,9419,4096.059708454811,4096.513213049025,1024.0149271137027,1024.0349886104784,4.0,4.000364497904137
25017341B4,108,1485,108,1.0,0,22.27777777777778,24.0,5,30,3,0.027777777777777776,1411,0.9501683501683502,74,747,4,1333,1332,2406,4096.151591413767,4096.943043355058,1024.0,1024.018131595722,4.000148038490007,4.000850099178238
25017354B5,119,1549,119,1.0,0,24.722689075630253,25.0,7,36,2,0.01680672268907563,1515,0.9780503550677857,34,943,4,1403,1393,2942,4096.11411589896,4096.180918727915,1024.02852897474,1024.0452296819788,4.0,4.0
25017355B1,321,4467,321,1.0,0,28.40809968847352,30.0,10,36,6,0.018691588785046728,4440,0.9939556749496307,27,2989,4,4234,4234,9119,4096.177572254335,4096.513213049025,1024.0147972601949,1024.0349886104784,4.000115606936416,4.000364497904137
25017372B2,152,1867,152,1.0,0,23.105263157894736,22.5,6,36,6,0.039473684210526314,1800,0.96411355115158,67,1121,4,1689,1688,3512,4096.056406301642,4096.242700037922,1024.0141015754105,1024.0121344266956,4.0,4.000189609404627
25017383B2,174,2570,174,1.0,0,30.54022988505747,34.0,3,36,2,0.011494252873563218,2537,0.98715953307393,33,1749,4,2443,2440,5314,4096.194504242118,4096.891571859763,1024.0162081737315,1024.0445708316406,4.000126630365962,4.00069654051544
25017515B2,412,6028,412,1.0,0,31.611650485436893,36.0,5,36,6,0.014563106796116505,6000,0.9953550099535501,28,4325,4,5907,5907,13024,4096.2629809488235,4096.513213049025,1024.0179296820284,1024.0349886104784,4.000186776242062,4.000364497904137
25017518B2,328,4794,328,1.0,0,25.054878048780488,28.0,7,30,13,0.039634146341463415,4654,0.9707968293700459,140,2600,5,4518,4492,8218,4096.289948088721,4096.338177014531,1024.0,1024.0362315421994,4.0002831524303915,4.000188714851858
25017538B4,226,3081,226,1.0,0,26.371681415929203,28.0,7,36,3,0.01327433628318584,2995,0.9720869847452126,86,1920,4,2800,2787,5960,4096.198252019029,4096.679599754952,1024.0212407002793,1024.013067224746,4.000110631707047,4.0006126199714105
25017539B2,275,4009,275,1.0,0,29.036363636363635,32.0,6,36,4,0.014545454545454545,3885,0.9690695934148167,124,2606,4,3688,3688,7985,4096.172191793985,4096.528161749536,1024.0184486776045,1024.0264053635894,4.000096089170751,4.000412626366825
25017539B3,333,4823,333,1.0,0,30.603603603603602,35.0,8,36,3,0.009009009009009009,4785,0.9921210864607091,38,3365,4,4644,4644,10191,4096.27191764033,4096.513213049025,1024.0052288649686,1024.0349886104784,4.000245118065202,4.000364497904137
25017589B6,153,2176,153,1.0,0,27.22875816993464,29.0,5,36,6,0.0392156862745098,2064,0.9485294117647058,112,1351,4,1943,1943,4166,4096.3811225249365,4096.047967022672,1024.0190547078525,1024.011991755668,4.000297751972607,4.0
25017711B,384,5679,384,1.0,0,31.0703125,36.0,4,36,4,0.010416666666666666,5607,0.9873217115689382,72,3923,4,5418,5416,11931,4096.392165444797,4096.513213049025,1024.01400475943,1024.0349886104784,4.000328263486158,4.000364497904137
25017716B2,218,3169,218,1.0,0,31.110091743119266,35.0,8,36,5,0.022935779816513763,3158,0.9965288734616599,11,2242,4,3094,3094,6782,4096.3267806995145,4096.3631205673755,1024.016337992214,1024.0389038042651,4.0002552974214955,4.000202634245188
25017718B2,214,3188,214,1.0,0,25.570093457943926,29.0,6,30,2,0.009345794392523364,3090,0.9692597239648683,98,1750,4,2979,2979,5472,4096.085504342017,4096.513213049025,1024.0,1024.0349886104784,4.000083500334001,4.000364497904137
25017738B2,334,4902,334,1.0,0,31.464071856287426,36.0,2,36,5,0.014970059880239521,4882,0.9959200326397388,20,3481,4,4783,4783,10509,4096.044282996021,4096.093515981735,1024.0110707490053,1024.0233789954339,4.0,4.0
25017748B2,192,2671,192,1.0,0,23.635416666666668,26.5,4,30,4,0.020833333333333332,2603,0.9745413702733059,68,1439,4,2530,2515,4538,4096.117189288167,4096.489275854747,1024.0,1024.0135895530311,4.000114442664225,4.000424718623912
25017767B2,210,2984,210,1.0,0,25.48095238095238,30.0,6,30,2,0.009523809523809525,2950,0.9886058981233244,34,1749,4,2891,2891,5351,4096.258520575612,4096.679599754952,1024.0,1024.013067224746,4.000252461499621,4.0006126199714105
25017932B2,93,1261,93,1.0,0,22.86021505376344,25.0,4,30,3,0.03225806451612903,1222,0.9690721649484536,39,677,4,1176,1174,2126,4096.2902494331065,4096.060663507109,1024.0,1024.0151658767772,4.000283446712018,4.0
25017948B3,288,4183,288,1.0,0,31.09722222222222,36.0,10,36,5,0.017361111111111112,4167,0.9961749940234281,16,2966,4,4060,4060,8956,4096.433216487369,4096.093515981735,1024.0154706148965,1024.0233789954339,4.000362625407954,4.0
25018002B2,249,3688,249,1.0,0,30.46987951807229,35.0,8,36,7,0.028112449799196786,3645,0.9883405639913232,43,2479,4,3483,3483,7587,4096.152854072128,4096.153661464586,1024.0076424754457,1024.0384153661464,4.00011941724385,4.0
25018050B2,195,2805,195,1.0,0,29.4,33.0,3,36,4,0.020512820512820513,2766,0.986096256684492,39,1876,4,2643,2643,5733,4096.470588235294,4096.513213049025,1024.0235272493337,1024.0349886104784,4.000367647058823,4.000364497904137
25018453B2,168,2250,168,1.0,0,25.99404761904762,27.5,6,36,8,0.047619047619047616,2189,0.9728888888888889,61,1405,5,2069,2049,4367,4096.110012892136,4096.31283095723,1024.027503223034,1024.0260679191488,4.0,4.0002036659877795
25018457B2,282,4148,282,1.0,0,31.085106382978722,36.0,9,36,3,0.010638297872340425,4101,0.9886692381870781,47,2889,4,3973,3969,8766,4096.1657852131675,4096.528161749536,1024.0138150616551,1024.0264053635894,4.000107933081489,4.000412626366825
25018571B2,339,4925,339,1.0,0,30.28613569321534,36.0,6,36,9,0.02654867256637168,4864,0.9876142131979695,61,3386,4,4673,4673,10267,4096.08334237656,4096.616410446379,1024.02083559414,1024.011852400574,4.0,4.000555658455269
25018910B2,145,2088,145,1.0,0,24.517241379310345,27.0,5,30,3,0.020689655172413793,2048,0.9808429118773946,40,1122,4,1985,1985,3555,4096.473270682483,4096.711817279047,1024.0,1024.025418259445,4.000462178400863,4.000595829195631
25019081B3,301,4444,301,1.0,0,31.687707641196013,36.0,9,36,3,0.009966777408637873,4435,0.9979747974797479,9,3155,4,4354,4354,9538,4096.370136698212,4096.513213049025,1024.0252349346126,1024.0349886104784,4.000262881177707,4.000364497904137
25019102B4,312,4517,312,1.0,0,25.423076923076923,29.0,3,30,4,0.01282051282051282,4449,0.9849457604604827,68,2549,4,4334,4334,7932,4096.332935948846,4096.513213049025,1024.0,1024.0349886104784,4.000325132762545,4.000364497904137
25019107B,235,3417,235,1.0,0,26.314893617021276,30.0,6,30,2,0.00851063829787234,3415,0.9994146912496342,2,2008,4,3376,3376,6184,4096.170484816196,4096.583919406957,1024.0085239569808,1024.0,4.000133191262653,4.000570233795856
25019283B2,166,2178,166,1.0,0,21.837349397590362,23.0,4,30,5,0.030120481927710843,2110,0.9687786960514233,68,1128,4,2006,2003,3625,4096.037547667937,4096.403705893948,1024.0093869169843,1024.0,4.0,4.000394244037059
25019284B2,244,3526,244,1.0,0,21.364754098360656,25.0,3,25,5,0.020491803278688523,3465,0.9826999432785025,61,1387,4,3406,3406,5213,4096.439296439296,4096.583919406957,1024.0,1024.0,4.000429000429,4.000570233795856
25019352B2,232,3152,232,1.0,0,27.70689655172414,30.0,6,36,4,0.017241379310344827,3122,0.9904822335025381,30,2107,5,2984,2982,6428,4096.031710640406,4096.780170662332,1024.0079276601016,1024.0390025900158,4.0,4.000609508329947
25019376B2,412,6083,412,1.0,0,26.57281553398058,30.0,5,30,6,0.014563106796116505,6039,0.9927667269439421,44,3568,4,5934,5931,10948,4096.103906646373,4096.046972477065,1024.0,1024.0117431192662,4.000101471334348,4.0
25019379B,219,3103,219,1.0,0,29.990867579908677,34.0,8,36,3,0.0136986301369863,3088,0.9951659684176604,15,2172,4,3012,3012,6568,4096.203914428766,4096.53781512605,1024.0218473529997,1024.0366657118304,4.00011379153391,4.0003819709702055
25019384B2,226,3241,226,1.0,0,24.969026548672566,28.0,7,30,2,0.008849557522123894,3202,0.9879666769515582,39,1796,4,3110,3110,5643,4096.120655119595,4096.513213049025,1024.0,1024.0349886104784,4.000117827265229,4.000364497904137
25019457B2,192,2629,192,1.0,0,28.0625,30.0,7,36,6,0.03125,2606,0.9912514263978699,23,1768,4,2504,2504,5388,4096.102632633971,4096.050334250885,1024.0256581584927,1024.0125835627211,4.0,4.0
25019468B2,185,2556,185,1.0,0,29.021621621621623,32.0,9,36,5,0.02702702702702703,2532,0.9906103286384976,24,1781,4,2508,2491,5369,4096.216268404538,4096.513213049025,1024.0231709156735,1024.0349886104784,4.000120685493604,4.000364497904137
25019508B4,178,2594,178,1.0,0,30.859550561797754,36.0,10,36,3,0.016853932584269662,2584,0.9961449498843485,10,1808,4,2512,2512,5493,4096.309469442579,4096.810859728507,1024.0085957961185,1024.0289543629474,4.000268636668905,4.000678733031675
25019621B2,124,1765,124,1.0,0,23.943548387096776,26.0,8,30,5,0.04032258064516129,1725,0.9773371104815864,40,926,4,1636,1636,2969,4096.367420165052,4096.513213049025,1024.0,1024.0349886104784,4.0003588087549335,4.000364497904137
25019621B4,181,2623,181,1.0,0,25.8121546961326,30.0,5,30,3,0.016574585635359115,2608,0.994281357224552,15,1514,4,2545,2545,4672,4096.463418313471,4096.513213049025,1024.0,1024.0349886104784,4.000452556946749,4.000364497904137
25019716B2,186,2594,186,1.0,0,19.817204301075268,23.0,6,24,6,0.03225806451612903,2549,0.9826522744795683,45,1137,2,2499,2497,3686,4096.565371024735,4096.0,1024.028265430054,1024.0,4.000441696113075,4.0
25019773B3,139,1993,139,1.0,0,25.8705035971223,30.0,8,30,2,0.014388489208633094,1992,0.9994982438534872,1,1168,4,1972,1972,3596,4096.565371024735,4096.766849725412,1024.028265430054,1024.0,4.000441696113075,4.000748876684972
25019776B2,287,4229,287,1.0,0,17.88850174216028,20.0,3,20,8,0.027874564459930314,4172,0.9865216363206432,57,962,2,4133,4133,5134,4096.0,4096.199376947041,1024.0,1024.0,4.0,4.000194704049845
25019790B2,438,6505,438,1.0,0,31.182648401826484,36.0,7,36,1,0.00228310502283105,6442,0.990315142198309,63,4484,4,6209,6209,13658,4096.226303899421,4096.513213049025,1024.0062859107204,1024.0349886104784,4.000196444357136,4.000364497904137
25019806B2,220,3141,220,1.0,0,24.46818181818182,27.0,2,30,4,0.01818181818181818,3078,0.9799426934097422,63,1701,4,2955,2955,5383,4096.328029898558,4096.646464646465,1024.0,1024.0124302015051,4.000320341697811,4.000582750582751
25020257B2,287,4243,287,1.0,0,30.174216027874564,34.0,6,36,0,0.0,4187,0.986801791185482,56,2826,4,3972,3972,8660,4096.261431975491,4096.513213049025,1024.0072615873376,1024.0349886104784,4.000226937478725,4.000364497904137
25020263B2,348,4827,348,1.0,0,24.24425287356322,29.0,5,30,15,0.04310344827586207,4745,0.9830122229127822,82,2686,4,4598,4597,8437,4096.337285902503,4096.3949093713845,1024.006485774366,1024.0,4.000304043782305,4.000385653682993
25020282B2,342,5158,342,1.0,0,31.77777777777778,36.0,6,36,4,0.011695906432748537,5108,0.990306320279178,50,3572,4,4943,4939,10868,4096.210025432767,4096.513213049025,1024.0105008408877,1024.0349886104784,4.0001640823693485,4.000364497904137
25020291B2,159,2136,159,1.0,0,26.547169811320753,29.0,7,36,3,0.018867924528301886,2108,0.9868913857677902,28,1360,4,1999,1974,4221,4096.230215827338,4096.513213049025,1024.0246651893247,1024.0349886104784,4.000128468653648,4.000364497904137
25020573B3,286,4278,286,1.0,0,31.53846153846154,36.0,4,36,4,0.013986013986013986,4244,0.992052360916316,34,2988,4,4124,4124,9020,4096.369736695922,4096.513213049025,1024.0071097286639,1024.0349886104784,4.00033329630041,4.000364497904137
25020714B2,515,7718,515,1.0,0,27.106796116504853,30.0,4,30,4,0.007766990291262136,7672,0.9940399067115833,46,4557,4,7561,7551,13960,4096.215669755687,4096.199376947041,1024.0059905461694,1024.0,4.000187213329589,4.000194704049845
25020717B2,219,3029,219,1.0,0,25.561643835616437,26.0,6,36,4,0.0182648401826484,2884,0.952129415648729,145,1786,4,2630,2627,5598,4096.0867698565135,4096.513213049025,1024.0216924641284,1024.0349886104784,4.0,4.000364497904137
25020760B3,319,4559,319,1.0,0,24.3730407523511,28.0,4,30,12,0.03761755485893417,4469,0.9802588286905023,90,2432,4,4262,4260,7775,4096.110822510823,4096.513213049025,1024.0,1024.0349886104784,4.000108225108225,4.000364497904137
25021120B4,281,4056,281,1.0,0,29.893238434163703,33.0,6,36,3,0.010676156583629894,4016,0.9901380670611439,40,2760,4,3866,3866,8400,4096.216268404538,4096.513213049025,1024.0231709156735,1024.0349886104784,4.000120685493604,4.000364497904137
25021164B2,355,5257,355,1.0,0,31.6,36.0,9,36,2,0.005633802816901409,5233,0.9954346585505041,24,3707,4,5116,5116,11218,4096.309825063263,4096.513213049025,1024.0211232741076,1024.0349886104784,4.000220046209703,4.000364497904137
25021171B2,136,1875,136,1.0,0,28.375,33.0,8,36,5,0.03676470588235294,1847,0.9850666666666666,28,1267,4,1763,1763,3859,4096.296100462657,4096.050334250885,1024.0317237391052,1024.0125835627211,4.0001652346331795,4.0
25021197B2,228,3106,228,1.0,0,27.640350877192983,31.0,3,36,8,0.03508771929824561,3067,0.9874436574372183,39,2030,4,2909,2904,6302,4096.414958897765,4096.513213049025,1024.0148186738445,1024.0349886104784,4.000347342827371,4.000364497904137
25021260B2,260,3839,260,1.0,0,31.496153846153845,36.0,9,36,3,0.011538461538461539,3823,0.9958322479812451,16,2701,4,3722,3722,8189,4096.170401597515,4096.513213049025,1024.0141997393016,1024.0349886104784,4.000110938540049,4.000364497904137
25021291B2,267,3862,267,1.0,0,20.44943820224719,24.0,4,24,5,0.018726591760299626,3765,0.974883480062144,97,1695,2,3696,3696,5460,4096.0867698565135,4096.0,1024.0216924641284,1024.0,4.0,4.0
25021419B1,317,4554,317,1.0,0,24.962145110410095,29.0,2,30,4,0.012618296529968454,4457,0.9787000439174353,97,2521,4,4319,4319,7913,4096.329642029359,4096.583919406957,1024.0164810403658,1024.0,4.000257532835437,4.000570233795856
25021474B,171,2233,171,1.0,0,26.181286549707604,28.0,5,36,1,0.005847953216374269,2199,0.9847738468428123,34,1468,4,2135,2132,4477,4096.0338132347115,4096.513213049025,1024.0084533086779,1024.0349886104784,4.0,4.000364497904137
25021481B2,170,2451,170,1.0,0,30.258823529411764,34.0,9,36,2,0.011764705882352941,2443,0.9967360261117911,8,1693,4,2371,2371,5144,4096.474209176404,4096.464516129032,1024.0091184327694,1024.0129019252092,4.000427472214306,4.000403225806451
25021538B2,269,3677,269,1.0,0,28.49814126394052,32.0,4,36,4,0.01486988847583643,3655,0.9940168615719337,22,2521,4,3532,3532,7666,4096.391575479468,4096.513213049025,1024.0075296332245,1024.0349886104784,4.0003529827038475,4.000364497904137
25021554B2,270,3937,270,1.0,0,26.155555555555555,30.0,6,30,7,0.025925925925925925,3911,0.9933959867919736,26,2296,4,3833,3833,7062,4096.367420165052,4096.513213049025,1024.0,1024.0349886104784,4.0003588087549335,4.000364497904137
25021575B4,95,1255,95,1.0,0,26.589473684210525,29.0,9,36,3,0.031578947368421054,1240,0.9880478087649402,15,832,4,1186,1186,2526,4096.12331406551,4096.219931271477,1024.0308285163776,1024.0549828178694,4.0,4.0
25021622B4,139,1976,139,1.0,0,28.345323741007196,30.0,10,36,2,0.014388489208633094,1953,0.9883603238866396,23,1271,4,1839,1839,3940,4096.53862338443,4096.757224118316,1024.019234381457,1024.014559517716,4.000450856627592,4.000682593856655
25021640B3,392,5874,392,1.0,0,32.0280612244898,36.0,7,36,4,0.01020408163265306,5840,0.9942117807286347,34,4147,4,5700,5700,12555,4096.289658293732,4096.513213049025,1024.014482095378,1024.0349886104784,4.000226295541979,4.000364497904137
25021658B3,245,3291,245,1.0,0,27.685714285714287,29.0,4,36,7,0.02857142857142857,3242,0.9851109085384382,49,2221,5,3126,3100,6783,4096.414958897765,4096.382578992314,1024.0148186738445,1024.040988418637,4.000347342827371,4.0002134927412465
25021662B2,243,3524,243,1.0,0,31.20164609053498,36.0,8,36,7,0.02880658436213992,3515,0.9974460839954598,9,2519,4,3463,3463,7582,4096.116395380558,4096.513213049025,1024.0058196367274,1024.0349886104784,4.000090933891061,4.000364497904137
25021667B2,244,3355,244,1.0,0,24.278688524590162,27.5,4,30,7,0.028688524590163935,3312,0.9871833084947839,43,1905,4,3244,3225,5924,4096.177572254335,4096.199376947041,1024.0147972601949,1024.0,4.000115606936416,4.000194704049845
25021668B2,174,2528,174,1.0,0,16.511494252873565,19.0,3,23,12,0.06896551724137931,2361,0.9339398734177216,167,508,4,2331,2324,2873,4096.0,4096.571641235579,1024.0,1024.0,4.0,4.00055824339412
25021893B2,317,4645,317,1.0,0,20.347003154574132,23.0,4,26,5,0.015772870662460567,4489,0.9664155005382131,156,1950,4,4354,4340,6450,4096.203914428766,4096.0,1024.0218473529997,1024.0,4.00011379153391,4.0
25021894B2,250,3640,250,1.0,0,21.884,25.0,3,25,5,0.02,3596,0.987912087912088,44,1480,4,3544,3544,5471,4096.243114909782,4096.599648643373,1024.0,1024.0,4.000237416904084,4.000585594378294
25021894B3,195,2791,195,1.0,0,29.523076923076925,34.0,8,36,1,0.005128205128205128,2727,0.9770691508419921,64,1893,4,2621,2617,5757,4096.3962848297215,4096.513213049025,1024.0270175191727,1024.0349886104784,4.000281452293836,4.000364497904137
25021901B2,318,4812,318,1.0,0,32.07232704402516,36.0,8,36,2,0.006289308176100629,4789,0.9952202826267664,23,3369,4,4651,4651,10199,4096.030342538817,4096.237609058845,1024.0075856347044,1024.0118799016195,4.0,4.000185632077223
25021911B2,299,4120,299,1.0,0,28.876254180602007,33.0,8,36,10,0.033444816053511704,4093,0.9934466019417476,27,2837,4,3961,3957,8634,4096.289658293732,4096.513213049025,1024.014482095378,1024.0349886104784,4.000226295541979,4.000364497904137
25021918B4,288,4212,288,1.0,0,30.854166666666668,35.0,6,36,6,0.020833333333333332,4187,0.9940645773979108,25,2931,4,4043,4043,8886,4096.369736695922,4096.143230138008,1024.0071097286639,1024.035807534502,4.00033329630041,4.0
25021973B2,273,3837,273,1.0,0,28.09157509157509,31.0,5,36,4,0.014652014652014652,3760,0.979932238728173,77,2493,4,3542,3525,7669,4096.433216487369,4096.242700037922,1024.0154706148965,1024.0121344266956,4.000362625407954,4.000189609404627
25022019B2,112,1494,112,1.0,0,28.232142857142858,32.0,8,36,1,0.008928571428571428,1488,0.9959839357429718,6,1049,4,1453,1453,3162,4096.593475741017,4096.124665205746,1024.0211929301709,1024.0311663014365,4.000496770988574,4.0
25022038B2,111,1581,111,1.0,0,28.63963963963964,31.0,9,36,2,0.018018018018018018,1564,0.989247311827957,17,1028,4,1496,1484,3179,4096.53862338443,4096.94674556213,1024.019234381457,1024.0473285265298,4.000450856627592,4.000739644970414
25022262B2,242,3520,242,1.0,0,24.772727272727273,29.0,5,30,6,0.024793388429752067,3411,0.9690340909090909,109,1902,4,3265,3264,5995,4096.254192409532,4096.645513763396,1024.0070605107837,1024.0,4.000220653133275,4.000630384534566
25022278B2,201,2839,201,1.0,0,28.308457711442784,32.0,7,36,2,0.009950248756218905,2771,0.9760479041916168,68,1853,4,2616,2604,5690,4096.403491755577,4096.94674556213,1024.007758751326,1024.0473285265298,4.000363724539282,4.000739644970414
25022330B2,269,3644,269,1.0,0,26.49442379182156,28.0,7,36,7,0.026022304832713755,3578,0.9818880351262349,66,2308,4,3351,3349,7127,4096.301498929336,4096.153661464586,1024.0205556447727,1024.0384153661464,4.000214132762313,4.0
25022343B3,268,3850,268,1.0,0,25.62313432835821,30.0,3,30,7,0.026119402985074626,3825,0.9935064935064936,25,2209,5,3762,3753,6867,4096.40909649662,4096.384673178061,1024.0078665150725,1024.0,4.000368776889982,4.0003756574004505
25022354B2,312,4538,312,1.0,0,30.567307692307693,36.0,4,36,4,0.01282051282051282,4488,0.9889819303658,50,3140,4,4324,4324,9537,4096.413926916029,4096.513213049025,1024.0206946727385,1024.0349886104784,4.000323380403148,4.000364497904137
25022406B2,217,3157,217,1.0,0,25.382488479262673,29.0,5,30,4,0.018433179723502304,3114,0.9863794741843522,43,1761,4,3028,3028,5508,4096.433216487369,4096.721634954193,1024.0154706148965,1024.0,4.000362625407954,4.000704721634954
25023016B6,362,5337,362,1.0,0,25.45303867403315,29.0,3,30,6,0.016574585635359115,5247,0.9831365935919055,90,2925,4,5072,5072,9214,4096.2231666121825,4096.53781512605,1024.0,1024.0366657118304,4.000217936144709,4.0003819709702055
25023184B2,394,5792,394,1.0,0,26.299492385786802,30.0,5,30,6,0.015228426395939087,5743,0.9915400552486188,49,3359,4,5641,5634,10362,4096.095513478221,4096.513213049025,1024.0,1024.0349886104784,4.000093274881075,4.000364497904137
25023573B,191,2681,191,1.0,0,26.952879581151834,29.0,6,36,2,0.010471204188481676,2603,0.9709063782170831,78,1661,4,2418,2409,5148,4096.461201904517,4096.513213049025,1024.0164699070351,1024.0349886104784,4.000386050701326,4.000364497904137
25023590B3,222,2995,222,1.0,0,21.54054054054054,23.0,3,30,9,0.04054054054054054,2861,0.9552587646076794,134,1451,4,2670,2669,4782,4096.262261493149,4096.513213049025,1024.0,1024.0349886104784,4.000256114739403,4.000364497904137
25023590B4,166,2256,166,1.0,0,23.53012048192771,27.0,6,30,4,0.024096385542168676,2222,0.9849290780141844,34,1249,4,2143,2143,3906,4096.500838457238,4096.448042003938,1024.0178852132601,1024.0,4.00041922861934,4.000437541019471
25023687B2,234,3293,234,1.0,0,27.576923076923077,30.0,5,36,1,0.004273504273504274,3172,0.9632553902216824,121,2084,4,3006,3004,6453,4096.370136698212,4096.513213049025,1024.0252349346126,1024.0349886104784,4.000262881177707,4.000364497904137
25023690B3,170,2315,170,1.0,0,21.91176470588235,23.0,4,30,7,0.041176470588235294,2230,0.9632829373650108,85,1127,4,2106,2103,3725,4096.066415877545,4096.3949093713845,1024.0166039693863,1024.0,4.0,4.000385653682993
25023814B,287,4032,287,1.0,0,28.777003484320556,32.0,5,36,5,0.017421602787456445,3977,0.986359126984127,55,2698,4,3823,3816,8259,4096.341193356571,4096.513213049025,1024.006560906225,1024.0349886104784,4.000307566126717,4.000364497904137
25023869B3,136,1964,136,1.0,0,26.88235294117647,29.5,2,36,4,0.029411764705882353,1857,0.9455193482688391,107,1174,4,1695,1694,3656,4096.18851251841,4096.513213049025,1024.015708894548,1024.0349886104784,4.000122729504173,4.000364497904137
25023869B4,202,2761,202,1.0,0,22.004950495049506,23.0,2,30,7,0.034653465346534656,2621,0.949293734154292,140,1391,4,2515,2490,4445,4096.2231666121825,4096.513213049025,1024.0,1024.0349886104784,4.000217936144709,4.000364497904137
25023930B2,138,1892,138,1.0,0,22.702898550724637,26.0,4,30,2,0.014492753623188406,1834,0.9693446088794926,58,966,4,1751,1751,3133,4096.241509433962,4096.376678315248,1024.0258751389779,1024.0,4.000134770889487,4.000367849917234
25023934B2,359,5427,359,1.0,0,31.944289693593316,36.0,9,36,0,0.0,5392,0.9935507646950433,35,3784,4,5207,5207,11468,4096.062355376934,4096.513213049025,1024.0155888442334,1024.0349886104784,4.0,4.000364497904137
25023936B2,235,3380,235,1.0,0,30.378723404255318,35.0,9,36,6,0.02553191489361702,3371,0.9973372781065089,9,2361,4,3302,3295,7139,4096.545222206446,4096.046972477065,1024.027258207631,1024.0117431192662,4.000425954848786,4.0
25023977B2,200,2514,200,1.0,0,23.005,24.0,2,36,3,0.015,2404,0.9562450278440732,110,1463,5,2214,2192,4601,4096.476595744681,4096.046972477065,1024.0170195791643,1024.0117431192662,4.000398936170213,4.0
25024142B2,131,1713,131,1.0,0,25.083969465648856,26.0,7,36,2,0.015267175572519083,1673,0.9766491535318156,40,1054,5,1586,1565,3286,4096.289920724802,4096.577996715928,1024.0080528468072,1024.0394048229862,4.000251667295835,4.000410509031199
25024243B2,281,4146,281,1.0,0,20.441281138790035,23.0,4,24,9,0.03202846975088968,4038,0.9739507959479016,108,1706,2,3899,3899,5744,4096.0,4096.513213049025,1024.0,1024.0349886104784,4.0,4.000364497904137
25024302B4,166,2287,166,1.0,0,28.44578313253012,32.0,9,36,4,0.024096385542168676,2264,0.989943156974202,23,1540,4,2168,2168,4722,4096.443255155044,4096.780170662332,1024.03021956402,1024.0390025900158,4.000314811899889,4.000609508329947
25024310B3,405,5984,405,1.0,0,22.209876543209877,25.0,4,25,8,0.019753086419753086,5903,0.9864639037433155,81,2435,4,5832,5832,8995,4096.089245250131,4096.599648643373,1024.0,1024.0,4.000087153564581,4.000585594378294
25024431B,196,2750,196,1.0,0,29.913265306122447,35.0,10,36,5,0.025510204081632654,2733,0.9938181818181818,17,1942,4,2682,2682,5863,4096.099301784329,4096.102955962196,1024.0248254460823,1024.025738990549,4.0,4.0
25024688B2,171,2465,171,1.0,0,29.403508771929825,33.0,7,36,4,0.023391812865497075,2438,0.9890466531440162,27,1645,4,2324,2324,5028,4096.20770791075,4096.513213049025,1024.0173084074238,1024.0349886104784,4.000135226504394,4.000364497904137
25024698B4,311,4574,311,1.0,0,31.29581993569132,36.0,6,36,2,0.006430868167202572,4550,0.994752951464801,24,3220,4,4439,4439,9733,4096.456545000595,4096.577996715928,1024.0228252147294,1024.0394048229862,4.000356675781714,4.000410509031199
25024709B2,239,3587,239,1.0,0,30.610878661087867,35.0,8,36,1,0.0041841004184100415,3522,0.9818790075271815,65,2377,4,3365,3358,7316,4096.056406301642,4096.513213049025,1024.0141015754105,1024.0349886104784,4.0,4.000364497904137
25024732B2,192,2729,192,1.0,0,29.125,33.0,8,36,3,0.015625,2696,0.9879076584829608,33,1835,4,2593,2593,5592,4096.309469442579,4096.571046174437,1024.0085957961185,1024.028549124568,4.000268636668905,4.000446129823779
25024855B3,126,1763,126,1.0,0,27.817460317460316,30.0,3,36,2,0.015873015873015872,1733,0.9829835507657402,30,1139,4,1631,1631,3505,4096.031710640406,4096.373566812591,1024.0079276601016,1024.0400229298036,4.0,4.000208463623097
25024878B3,324,4685,324,1.0,0,30.570987654320987,36.0,8,36,7,0.021604938271604937,4653,0.9931696905016009,32,3274,4,4512,4512,9905,4096.18562253988,4096.513213049025,1024.019887614263,1024.0349886104784,4.000103584006629,4.000364497904137
25024982B2,261,3821,261,1.0,0,30.31800766283525,35.0,9,36,4,0.01532567049808429,3784,0.9903166710285266,37,2590,4,3619,3619,7913,4096.286001564071,4096.577996715928,1024.0142992794504,1024.0394048229862,4.00022343872193,4.000410509031199
25024983B2,291,4255,291,1.0,0,20.601374570446737,24.0,4,24,10,0.03436426116838488,4162,0.9781433607520564,93,1833,2,4054,4054,5995,4096.0,4096.153661464586,1024.0,1024.0384153661464,4.0,4.0
25025083B2,217,3283,217,1.0,0,21.138248847926267,24.0,5,24,5,0.02304147465437788,3215,0.9792872372829728,68,1372,2,3135,3135,4587,4096.289658293732,4096.0,1024.014482095378,1024.0,4.000226295541979,4.0
25025096B2,330,4868,330,1.0,0,21.348484848484848,24.0,5,24,9,0.02727272727272727,4826,0.9913722267871816,42,2219,2,4761,4761,7045,4096.0,4096.616410446379,1024.0,1024.011852400574,4.0,4.000555658455269
25025102B2,401,5777,401,1.0,0,20.43142144638404,24.0,3,25,13,0.032418952618453865,5593,0.9681495585944262,184,2568,4,5515,5488,8193,4096.0,4096.513213049025,1024.0,1024.0349886104784,4.0,4.000364497904137
25025109B2,359,5272,359,1.0,0,26.002785515320333,30.0,5,30,5,0.013927576601671309,5206,0.9874810318664643,66,3010,4,5089,5089,9335,4096.289948088721,4096.150264136177,1024.0,1024.0375660340442,4.0002831524303915,4.0
25025240B,146,2110,146,1.0,0,30.068493150684933,34.0,9,36,2,0.0136986301369863,2090,0.990521327014218,20,1434,4,2015,2015,4390,4096.074820984948,4096.40424092037,1024.018705246237,1024.0433090847573,4.0,4.000225580870742
25025245B2,247,3596,247,1.0,0,29.927125506072876,35.0,7,36,3,0.012145748987854251,3537,0.9835928809788654,59,2412,4,3380,3380,7392,4096.408433048433,4096.790646371057,1024.0145856479503,1024.0282326992005,4.00034188034188,4.00066181336863
25025251B,206,2941,206,1.0,0,29.281553398058254,32.0,6,36,1,0.0048543689320388345,2908,0.9887793267596056,33,1976,4,2776,2776,6032,4096.08334237656,4096.757224118316,1024.02083559414,1024.014559517716,4.0,4.000682593856655
25025262B2,196,2904,196,1.0,0,26.413265306122447,30.0,5,30,4,0.02040816326530612,2884,0.9931129476584022,20,1672,4,2819,2819,5177,4096.356711565258,4096.404956498814,1024.0,1024.033744150794,4.000348351137947,4.000263643553915
25025297B,310,4651,310,1.0,0,32.23870967741936,36.0,6,36,6,0.01935483870967742,4646,0.9989249623736831,5,3312,4,4559,4559,9994,4096.254192409532,4096.421823507872,1024.0070605107837,1024.0117162471395,4.000220653133275,4.000366166239473
25025298B2,386,5726,386,1.0,0,31.82383419689119,36.0,7,36,6,0.015544041450777202,5702,0.9958085923856095,24,4063,4,5577,5577,12284,4096.077046548957,4096.513213049025,1024.0192616372392,1024.0349886104784,4.0,4.000364497904137
25025506B,218,3046,218,1.0,0,23.389908256880734,25.5,4,30,8,0.03669724770642202,2968,0.9743926460932371,78,1583,4,2836,2836,5099,4096.356711565258,4096.513213049025,1024.0,1024.0349886104784,4.000348351137947,4.000364497904137
25025509B2,229,3442,229,1.0,0,31.25764192139738,36.0,9,36,3,0.013100436681222707,3417,0.9927367809413132,25,2350,4,3276,3276,7158,4096.136489656643,4096.338177014531,1024.006824300909,1024.0362315421994,4.000106632544252,4.000188714851858
25025510B1,336,5062,336,1.0,0,32.20238095238095,36.0,6,36,2,0.005952380952380952,5044,0.9964440932437771,18,3581,4,4921,4921,10820,4096.054888507719,4096.513213049025,1024.0137221269297,1024.0349886104784,4.0,4.000364497904137
25025510B3,325,4841,325,1.0,0,31.978461538461538,36.0,9,36,3,0.009230769230769232,4829,0.9975211733112993,12,3433,4,4719,4718,10393,4096.350205198359,4096.513213049025,1024.0067341838749,1024.0349886104784,4.000315689782174,4.000364497904137
25025567B3,287,4188,287,1.0,0,31.303135888501743,36.0,7,36,4,0.013937282229965157,4174,0.9966571155682904,14,2965,4,4081,4081,8984,4096.240853021117,4096.513213049025,1024.0066900120212,1024.0349886104784,4.0002090738030525,4.000364497904137
25025570B2,422,6303,422,1.0,0,31.976303317535546,36.0,9,36,3,0.0071090047393364926,6279,0.9961922893860067,24,4456,4,6134,6134,13494,4096.337285902503,4096.513213049025,1024.006485774366,1024.0349886104784,4.000304043782305,4.000364497904137
25025575B2,385,5776,385,1.0,0,32.394805194805194,36.0,7,36,0,0.0,5757,0.9967105263157895,19,4129,4,5657,5657,12472,4096.070887945357,4096.513213049025,1024.0177219863392,1024.0349886104784,4.0,4.000364497904137
25025602B2,506,7540,506,1.0,0,31.944664031620555,36.0,7,36,5,0.009881422924901186,7492,0.9936339522546419,48,5351,4,7338,7338,16164,4096.325551821237,4096.513213049025,1024.0116260587206,1024.0349886104784,4.000272504314652,4.000364497904137
25025675B2,310,4414,310,1.0,0,29.748387096774195,35.0,7,36,3,0.00967741935483871,4357,0.9870865428183054,57,3045,4,4216,4211,9222,4096.030754444979,4096.513213049025,1024.0076886112447,1024.0349886104784,4.0,4.000364497904137
25025788B2,445,6674,445,1.0,0,26.77078651685393,30.0,4,30,9,0.020224719101123594,6594,0.9880131854959544,80,3859,4,6451,6447,11913,4096.09653092006,4096.513213049025,1024.0,1024.0349886104784,4.000094268476621,4.000364497904137
25025953B2,410,5950,410,1.0,0,30.270731707317072,35.0,5,36,7,0.01707317073170732,5836,0.9808403361344538,114,4078,5,5689,5635,12411,4096.02424701648,4096.421823507872,1024.00606175412,1024.0117162471395,4.0,4.000366166239473
25025960B2,195,2649,195,1.0,0,25.57948717948718,26.0,5,36,12,0.06153846153846154,2540,0.9588523971309928,109,1601,4,2367,2347,4988,4096.031710640406,4096.158024691358,1024.0079276601016,1024.0395061728395,4.0,4.0
25026075B2,196,2883,196,1.0,0,31.693877551020407,36.0,10,36,2,0.01020408163265306,2883,1.0,0,2062,4,2849,2849,6212,4096.0534502557675,4096.114515768285,1024.0133625639419,1024.0286289420712,4.0,4.0
25026081B2,240,3397,240,1.0,0,30.4875,36.0,8,36,1,0.004166666666666667,3394,0.9991168678245511,3,2426,4,3340,3340,7317,4096.147948372182,4096.513213049025,1024.0123287341376,1024.0349886104784,4.000096320554806,4.000364497904137
25026103B3,174,2557,174,1.0,0,29.873563218390803,34.0,7,36,3,0.017241379310344827,2520,0.9855299178725069,37,1695,4,2406,2404,5198,4096.148405797101,4096.547658664132,1024.0074200747804,1024.015210932858,4.000115942028986,4.000475398145947
25026163B,336,4868,336,1.0,0,30.038690476190474,33.0,9,36,2,0.005952380952380952,4824,0.9909613804437141,44,3311,4,4650,4650,10093,4096.190577475274,4096.478594129744,1024.0204184723366,1024.023927469857,4.000106349037542,4.000373901663862
25026180B2,415,6279,415,1.0,0,22.862650602409637,25.0,4,25,3,0.007228915662650603,6216,0.9899665551839465,63,2575,4,6139,6139,9488,4096.307815631262,4096.3949093713845,1024.0,1024.0,4.0003006012024045,4.000385653682993
25026254B2,379,5696,379,1.0,0,31.973614775725594,36.0,6,36,4,0.010554089709762533,5676,0.9964887640449438,20,4003,4,5536,5536,12118,4096.128089662764,4096.679599754952,1024.006404322918,1024.013067224746,4.000100070049035,4.0006126199714105
25026291B2,450,6838,450,1.0,0,26.786666666666665,30.0,6,30,6,0.013333333333333334,6742,0.9859608072535829,96,3874,4,6586,6586,12054,4096.286220068946,4096.143230138008,1024.0,1024.035807534502,4.00027951178608,4.0
25026669B2,233,3176,233,1.0,0,25.489270386266096,26.0,3,36,5,0.02145922746781116,3041,0.9574937027707808,135,1901,4,2806,2787,5939,4096.058010423748,4096.513213049025,1024.014502605937,1024.0349886104784,4.0,4.000364497904137
25026740B2,333,4969,333,1.0,0,25.4024024024024,29.0,3,30,5,0.015015015015015015,4822,0.9704165828134433,147,2692,4,4661,4639,8459,4096.128240450846,4096.237609058845,1024.0,1024.0118799016195,4.000125234815279,4.000185632077223
25026798B2,410,5921,410,1.0,0,24.63658536585366,29.0,2,30,10,0.024390243902439025,5708,0.9640263469008613,213,3214,4,5547,5523,10101,4096.203923130539,4096.513213049025,1024.0,1024.0349886104784,4.000199143682167,4.000364497904137
25027122B2,247,3580,247,1.0,0,25.728744939271255,30.0,5,30,4,0.016194331983805668,3552,0.9921787709497206,28,2048,4,3471,3469,6355,4096.38414405402,4096.842474769635,1024.0,1024.0421168083355,4.000375140677754,4.000658183413778
25027135B3,196,2843,196,1.0,0,30.306122448979593,34.5,9,36,5,0.025510204081632654,2796,0.9834681674287724,47,1964,4,2713,2709,5940,4096.034972677596,4096.513213049025,1024.008743169399,1024.0349886104784,4.0,4.000364497904137
25027167B2,239,3488,239,1.0,0,31.322175732217573,36.0,8,36,4,0.016736401673640166,3480,0.9977064220183486,8,2476,4,3418,3418,7486,4096.370136698212,4096.513213049025,1024.0252349346126,1024.0349886104784,4.000262881177707,4.000364497904137
25027290B2,420,6087,420,1.0,0,25.93095238095238,30.0,6,30,4,0.009523809523809525,6027,0.9901429275505175,60,3546,4,5919,5919,10891,4096.283238060114,4096.513213049025,1024.0,1024.0349886104784,4.00027659966808,4.000364497904137
25012148B3,239,3493,239,1.0,0,29.460251046025103,34.0,7,36,6,0.02510460251046025,3414,0.977383338104781,79,2295,4,3241,3235,7041,4096.094838231662,4096.513213049025,1024.0237095579155,1024.0349886104784,4.0,4.000364497904137
25017073B2,148,2194,148,1.0,0,20.66216216216216,22.0,6,24,3,0.02027027027027027,2154,0.9817684594348223,40,904,2,2090,2090,3058,4096.0,4096.584665579119,1024.0,1024.0626376315145,4.0,4.0003262642740625
25018584B,246,3393,246,1.0,0,16.239837398373982,19.0,3,21,6,0.024390243902439025,3261,0.9610963748894783,132,718,4,3228,3208,3995,4096.107891686861,4096.0,1024.0,1024.0,4.00010536297545,4.0
25018592B,98,1359,98,1.0,0,23.846938775510203,27.0,4,30,3,0.030612244897959183,1336,0.9830757910228108,23,743,4,1283,1283,2337,4096.317963049216,4096.337879454465,1024.0,1024.0281550728623,4.00031051079025,4.000219973603167
2490526B3,201,2774,201,1.0,0,19.01492537313433,22.0,3,24,5,0.024875621890547265,2697,0.9722422494592646,77,1123,3,2606,2600,3822,4096.0,4096.616410446379,1024.0,1024.011852400574,4.0,4.000555658455269
2490547B2,189,2521,189,1.0,0,25.719576719576718,27.0,3,36,10,0.05291005291005291,2429,0.9635065450218168,92,1567,4,2288,2271,4861,4096.27269499349,4096.35499207607,1024.007574412687,1024.0380329817262,4.000236714404072,4.000198098256735
2490750B4,79,1097,79,1.0,0,27.772151898734176,30.0,8,36,0,0.0,1087,0.9908842297174111,10,717,4,1034,1034,2194,4096.08407224959,4096.749163879599,1024.0210180623974,1024.0267516589163,4.0,4.000627090301004
2490820B2,133,1812,133,1.0,0,20.112781954887218,23.0,3,25,1,0.007518796992481203,1780,0.9823399558498896,32,711,4,1755,1753,2675,4096.307815631262,4096.681455190772,1024.0,1024.0,4.0003006012024045,4.000665483584738
2490820B3,134,1844,134,1.0,0,24.291044776119403,27.0,3,30,3,0.022388059701492536,1829,0.9918655097613883,15,1041,4,1782,1780,3255,4096.565371024735,4096.681455190772,1024.028265430054,1024.0,4.000441696113075,4.000665483584738
2490837B2,209,2909,209,1.0,0,28.071770334928228,32.0,4,36,5,0.023923444976076555,2875,0.9883121347542111,34,1901,4,2713,2713,5867,4096.074820984948,4096.513213049025,1024.018705246237,1024.0349886104784,4.0,4.000364497904137
2490844B1,265,3668,265,1.0,0,29.022641509433964,34.0,6,36,7,0.026415094339622643,3627,0.9888222464558343,41,2537,4,3529,3529,7691,4096.152854072128,4096.513213049025,1024.0076424754457,1024.0349886104784,4.00011941724385,4.000364497904137
2490860B2,291,4208,291,1.0,0,30.99656357388316,36.0,8,36,2,0.006872852233676976,4199,0.997861216730038,9,2989,4,4116,4116,9020,4096.170484816196,4096.646464646465,1024.0085239569808,1024.0124302015051,4.000133191262653,4.000582750582751
2490963B2,258,3611,258,1.0,0,24.5,28.0,4,30,3,0.011627906976744186,3567,0.9878150096926059,44,2021,4,3455,3455,6321,4096.356711565258,4096.513213049025,1024.0,1024.0349886104784,4.000348351137947,4.000364497904137
2490964B2,113,1439,113,1.0,0,16.72566371681416,17.0,3,25,8,0.07079646017699115,1314,0.9131341209173037,125,464,4,1238,1238,1890,4096.332935948846,4096.517694641052,1024.0,1024.0,4.000325132762545,4.000505561172902
2490972B8,191,2801,191,1.0,0,29.691099476439792,33.0,9,36,2,0.010471204188481676,2751,0.9821492324169939,50,1861,4,2610,2610,5671,4096.436001572121,4096.268231349539,1024.0083838218438,1024.013410864896,4.00039303026333,4.000209555741827
2490978B2,138,1934,138,1.0,0,20.347826086956523,24.0,5,24,3,0.021739130434782608,1923,0.9943123061013444,11,885,2,1905,1905,2808,4096.476595744681,4096.0,1024.0170195791643,1024.0,4.000398936170213,4.0
2491131B2,264,3875,264,1.0,0,30.84469696969697,35.0,9,36,3,0.011363636363636364,3846,0.992516129032258,29,2683,4,3719,3719,8143,4096.370136698212,4096.513213049025,1024.0252349346126,1024.0349886104784,4.000262881177707,4.000364497904137
2491191B2,223,3305,223,1.0,0,30.869955156950674,35.0,9,36,2,0.008968609865470852,3256,0.9851739788199697,49,2264,4,3148,3138,6884,4096.176381424832,4096.442141623489,1024.0088187674394,1024.0122805334356,4.00013779798815,4.000383803492612
2491191B3,315,4558,315,1.0,0,26.047619047619047,30.0,6,30,6,0.01904761904761905,4528,0.9934181658622203,30,2667,4,4436,4436,8205,4096.247342995169,4096.195084778053,1024.0068702699803,1024.0,4.000214707461083,4.000190512478567
2491226B2,193,2680,193,1.0,0,27.414507772020727,30.0,5,36,6,0.031088082901554404,2639,0.9847014925373134,41,1720,4,2485,2484,5291,4096.058010423748,4096.337879454465,1024.014502605937,1024.0281550728623,4.0,4.000219973603167
2491275B2,214,3062,214,1.0,0,28.602803738317757,31.0,7,36,3,0.014018691588785047,3020,0.9862834748530372,42,1991,4,2821,2820,6121,4096.058762768277,4096.513213049025,1024.0146906920693,1024.0349886104784,4.0,4.000364497904137
2491560B2,128,1611,128,1.0,0,22.3046875,22.5,6,36,7,0.0546875,1537,0.9540657976412167,74,894,4,1397,1389,2855,4096.0327282025055,4096.464516129032,1024.0081820506264,1024.0129019252092,4.0,4.000403225806451
25001929B3,179,2411,179,1.0,0,26.92737430167598,28.0,3,36,3,0.01675977653631285,2379,0.9867274989630859,32,1557,4,2236,2236,4820,4096.1442091031995,4096.3631205673755,1024.0072102520771,1024.0389038042651,4.000112663361874,4.000202634245188
25001939B2,241,3385,241,1.0,0,29.58091286307054,33.0,10,36,4,0.016597510373443983,3371,0.995864106351551,14,2370,4,3302,3302,7129,4096.430831369909,4096.798502807236,1024.021539755995,1024.0399189147045,4.000336587007741,4.000623830318154
25001965B2,150,2014,150,1.0,0,23.72,28.0,1,30,5,0.03333333333333333,1998,0.9920556107249255,16,1146,4,1958,1958,3558,4096.03966532383,4096.247821878025,1024.0099163309576,1024.0,4.0,4.000242013552759
25001966B2,259,3708,259,1.0,0,20.386100386100384,24.0,2,24,9,0.03474903474903475,3645,0.9830097087378641,63,1635,2,3566,3559,5280,4096.0,4096.513213049025,1024.0,1024.0349886104784,4.0,4.000364497904137
25002073B3,172,2331,172,1.0,0,28.162790697674417,31.5,5,36,4,0.023255813953488372,2309,0.9905619905619906,22,1585,5,2237,2229,4844,4096.18045112782,4096.513213049025,1024.0150371523393,1024.0349886104784,4.000117481203008,4.000364497904137
25002238B,343,4907,343,1.0,0,30.556851311953352,36.0,6,36,4,0.011661807580174927,4872,0.992867332382311,35,3464,5,4760,4756,10481,4096.298125072784,4096.678017404464,1024.0149053857351,1024.0242114720763,4.0002329102131124,4.000567536889898
25002328B2,87,1120,87,1.0,0,21.413793103448278,23.0,4,30,4,0.04597701149425287,1103,0.9848214285714286,17,569,4,1048,1048,1863,4096.396591789311,4096.686327077748,1024.0,1024.0343117544564,4.000387296669249,4.0005361930294905
25002329B2,252,3519,252,1.0,0,29.24206349206349,33.0,6,36,3,0.011904761904761904,3475,0.9874964478545041,44,2420,5,3385,3376,7369,4096.182878914156,4096.158024691358,1024.0152394559038,1024.0395061728395,4.00011906179307,4.0
25002366B6,246,3546,246,1.0,0,24.178861788617887,28.0,6,30,8,0.032520325203252036,3426,0.9661590524534687,120,1855,4,3271,3271,5948,4096.249965127633,4096.376678315248,1024.0267810440423,1024.0,4.000139489468545,4.000367849917234
25002388B2,109,1373,109,1.0,0,25.06422018348624,27.0,5,36,3,0.027522935779816515,1361,0.9912600145666424,12,894,4,1291,1285,2732,4096.403491755577,4096.604914933838,1024.007758751326,1024.0302421736562,4.000363724539282,4.000472589792061
25002391B2,220,3101,220,1.0,0,29.8,35.0,5,36,3,0.013636363636363636,3077,0.9922605611093196,24,2166,4,2997,2997,6556,4096.203914428766,4096.767287518733,1024.0218473529997,1024.0273987263872,4.00011379153391,4.000642260757868
25002472B2,363,5416,363,1.0,0,32.07162534435262,36.0,6,36,4,0.011019283746556474,5403,0.9975997045790251,13,3848,4,5279,5279,11642,4096.052085452696,4096.513213049025,1024.013021363174,1024.0349886104784,4.0,4.000364497904137
25002496B2,109,1437,109,1.0,0,22.504587155963304,24.0,7,30,4,0.03669724770642202,1426,0.9923451635351427,11,764,4,1370,1370,2453,4096.587066197829,4096.8181091877495,1024.0293499445868,1024.0,4.000458645467053,4.000798934753662
25002504B2,346,5058,346,1.0,0,25.338150289017342,30.0,3,30,8,0.023121387283236993,4954,0.9794385132463425,104,2789,4,4801,4795,8767,4096.217225286381,4096.046972477065,1024.0,1024.0117431192662,4.0002121340687316,4.0
25002663B5,341,5073,341,1.0,0,31.730205278592376,36.0,6,36,6,0.017595307917888565,5053,0.9960575596294106,20,3565,4,4911,4911,10820,4096.254192409532,4096.150264136177,1024.0070605107837,1024.0375660340442,4.000220653133275,4.0
25002744B2,195,2776,195,1.0,0,25.307692307692307,29.0,6,33,3,0.015384615384615385,2736,0.9855907780979827,40,1584,6,2685,2672,4935,4096.349154391708,4096.424720033181,1024.017456529151,1024.0,4.000272776868521,4.000414765657403
25002788B2,211,3013,211,1.0,0,25.379146919431278,29.0,5,30,3,0.014218009478672985,2979,0.9887155658811816,34,1740,4,2926,2926,5355,4096.194504242118,4096.599648643373,1024.0162081737315,1024.0,4.000126630365962,4.000585594378294
25002789B2,249,3576,249,1.0,0,30.40562248995984,35.0,4,36,4,0.01606425702811245,3565,0.9969239373601789,11,2486,4,3459,3459,7571,4096.27269499349,4096.749163879599,1024.007574412687,1024.0267516589163,4.000236714404072,4.000627090301004
25002801B1,168,2401,168,1.0,0,29.458333333333332,33.0,11,36,2,0.011904761904761904,2380,0.9912536443148688,21,1628,4,2277,2277,4949,4096.380342857143,4096.268231349539,1024.0073136588292,1024.013410864896,4.000342857142857,4.000209555741827
25002804B2,333,4763,333,1.0,0,30.45945945945946,34.0,7,36,5,0.015015015015015015,4738,0.9947512072223389,25,3350,5,4649,4637,10143,4096.051493513024,4096.237609058845,1024.012873378256,1024.0118799016195,4.0,4.000185632077223
25002897B2,177,2569,177,1.0,0,24.915254237288135,28.0,1,30,2,0.011299435028248588,2517,0.979758660957571,52,1406,4,2428,2425,4410,4096.138941655359,4096.513213049025,1024.0,1024.0349886104784,4.000135685210312,4.000364497904137
25002898B2,105,1484,105,1.0,0,19.99047619047619,21.0,4,25,2,0.01904761904761905,1437,0.9683288409703504,47,530,4,1367,1367,2099,4096.157441574415,4096.536406495547,1024.0,1024.0,4.000153751537515,4.000523834468308
25002906B2,186,2697,186,1.0,0,30.365591397849464,35.0,8,36,2,0.010752688172043012,2677,0.992584352984798,20,1851,4,2583,2583,5648,4096.492560287327,4096.2976167409415,1024.0246256453008,1024.0248001937516,4.000384812724475,4.00019376089905
25002907B3,189,2681,189,1.0,0,29.894179894179896,34.0,7,36,4,0.021164021164021163,2661,0.9925400969787392,20,1868,4,2592,2592,5650,4096.493052689503,4096.513213049025,1024.0176072079507,1024.0349886104784,4.0004127115146515,4.000364497904137
25003038B2,392,5702,392,1.0,0,30.68877551020408,36.0,6,36,6,0.015306122448979591,5628,0.9870220975096458,74,3974,4,5500,5495,12030,4096.24808605485,4096.513213049025,1024.0124037017297,1024.0349886104784,4.000193817230352,4.000364497904137
25009124B2,223,3331,223,1.0,0,25.080717488789237,29.0,3,30,3,0.013452914798206279,3210,0.9636745722005404,121,1741,4,3068,3068,5593,4096.33231059712,4096.599648643373,1024.0226562039059,1024.0,4.000236016049091,4.000585594378294
25009148B3,176,2470,176,1.0,0,19.460227272727273,21.5,3,24,5,0.028409090909090908,2387,0.9663967611336033,83,1038,2,2328,2321,3425,4096.0,4096.143230138008,1024.0,1024.035807534502,4.0,4.0
25009148B4,124,1748,124,1.0,0,20.306451612903224,23.0,5,25,5,0.04032258064516129,1697,0.9708237986270023,51,655,4,1644,1644,2518,4096.157441574415,4096.209621289662,1024.0,1024.0,4.000153751537515,4.000204708290686
25009294B2,210,3106,210,1.0,0,29.442857142857143,32.5,7,36,3,0.014285714285714285,3008,0.9684481648422408,98,2012,5,2864,2857,6183,4096.056406301642,4096.513213049025,1024.0141015754105,1024.0349886104784,4.0,4.000364497904137
25009297B,344,5102,344,1.0,0,32.383720930232556,36.0,10,36,5,0.014534883720930232,5091,0.997843982751862,11,3709,4,5038,5038,11140,4096.353347135956,4096.513213049025,1024.012618607517,1024.0349886104784,4.000295770482106,4.000364497904137
25009367B2,252,3738,252,1.0,0,30.753968253968253,35.0,9,36,2,0.007936507936507936,3692,0.9876939539860888,46,2556,4,3564,3555,7750,4096.436001572121,4096.464516129032,1024.0083838218438,1024.0129019252092,4.00039303026333,4.000403225806451
25009529B2,170,2464,170,1.0,0,24.394117647058824,26.5,7,30,3,0.01764705882352941,2389,0.9695616883116883,75,1285,4,2293,2292,4147,4096.0327282025055,4096.403705893948,1024.0081820506264,1024.0,4.0,4.000394244037059
25009539B3,222,3086,222,1.0,0,23.504504504504503,25.0,5,30,6,0.02702702702702703,2986,0.9675955930006481,100,1653,4,2863,2860,5218,4096.203923130539,4096.513213049025,1024.0,1024.0349886104784,4.000199143682167,4.000364497904137
25009578B4,287,4092,287,1.0,0,29.076655052264808,32.0,7,36,7,0.024390243902439025,4005,0.9787390029325513,87,2727,4,3850,3843,8345,4096.182878914156,4096.513213049025,1024.0152394559038,1024.0349886104784,4.00011906179307,4.000364497904137
25009747B,293,4150,293,1.0,0,24.37542662116041,27.0,2,30,6,0.020477815699658702,4049,0.9756626506024096,101,2283,4,3944,3919,7142,4096.2540942928035,4096.513213049025,1024.0,1024.0349886104784,4.000248138957816,4.000364497904137
25009756B2,236,3381,236,1.0,0,27.258474576271187,29.0,7,36,5,0.0211864406779661,3256,0.9630286897367643,125,2060,4,2986,2982,6433,4096.195804195804,4096.513213049025,1024.0209784479227,1024.0349886104784,4.000109265734265,4.000364497904137
25015064B,74,1022,74,1.0,0,24.16216216216216,28.0,6,30,2,0.02702702702702703,1014,0.9921722113502935,8,574,4,993,993,1788,4096.331845023765,4096.370477568741,1024.0092172535465,1024.0,4.000288059916462,4.000361794500724
2460615-B4,157,2071,157,1.0,0,26.222929936305732,28.0,7,36,2,0.012738853503184714,2035,0.9826170931916949,36,1357,5,1975,1946,4117,4096.1442091031995,4096.150264136177,1024.0072102520771,1024.0375660340442,4.000112663361874,4.0
2460943-B3,98,1349,98,1.0,0,26.336734693877553,27.0,4,36,2,0.02040816326530612,1322,0.9799851742031134,27,825,4,1230,1220,2581,4096.500838457238,4096.943043355058,1024.0178852132601,1024.018131595722,4.00041922861934,4.000850099178238
2462468-B2,197,2686,197,1.0,0,23.705583756345177,24.0,4,36,11,0.05583756345177665,2492,0.9277736411020104,194,1470,4,2272,2250,4670,4096.382851445663,4096.050334250885,1024.0191411409915,1024.0125835627211,4.000299102691924,4.0
2462609-B2,61,821,61,1.0,0,24.704918032786885,26.0,7,36,2,0.03278688524590164,792,0.9646772228989038,29,480,4,737,733,1507,4096.501436406373,4096.205183008282,1024.0250693651053,1024.0512957520705,4.000391747192478,4.0
2462939-B,99,1451,99,1.0,0,28.333333333333332,32.0,7,36,2,0.020202020202020204,1425,0.9820813232253618,26,894,4,1324,1318,2805,4096.03621445749,4097.162579473206,1024.0090536143725,1024.0581157775255,4.0,4.000908265213443
2463367-B2,301,4380,301,1.0,0,25.33222591362126,29.0,4,30,4,0.013289036544850499,4297,0.9810502283105023,83,2433,4,4164,4164,7625,4096.359706009512,4096.195084778053,1024.0069168625544,1024.0,4.000324254215305,4.000190512478567
2476286-B2,302,4315,302,1.0,0,20.132450331125828,23.0,4,24,10,0.033112582781456956,4217,0.9772885283893396,98,1860,3,4109,4108,6080,4096.0,4096.513213049025,1024.0,1024.0349886104784,4.0,4.000364497904137
2476299-B2,227,3089,227,1.0,0,29.079295154185022,34.0,4,36,2,0.00881057268722467,3080,0.9970864357397216,9,2180,5,3034,3022,6601,4096.154944921922,4096.716315109772,1024.0077470116507,1024.0137730671975,4.000121050720252,4.000645716745588
2476693-B3,220,3003,220,1.0,0,26.7,29.0,6,36,6,0.02727272727272727,2884,0.9603729603729604,119,1905,5,2748,2715,5874,4096.085676037484,4096.513213049025,1024.021419009371,1024.0349886104784,4.0,4.000364497904137
2477926-B4,156,2143,156,1.0,0,27.775641025641026,30.0,6,36,1,0.00641025641025641,2114,0.9864675688287448,29,1415,4,2044,2035,4333,4096.18851251841,4096.780170662332,1024.015708894548,1024.0390025900158,4.000122729504173,4.000609508329947
2482111-B2,424,6180,424,1.0,0,30.87735849056604,35.0,8,36,6,0.014150943396226415,6145,0.9943365695792881,35,4307,5,5972,5971,13092,4096.089302325581,4096.513213049025,1024.0223255813953,1024.0349886104784,4.0,4.000364497904137
2482883-B2,390,5651,390,1.0,0,21.346153846153847,25.0,3,25,10,0.02564102564102564,5512,0.9754025836135197,139,2219,4,5406,5403,8325,4096.26485041814,4096.195084778053,1024.0,1024.0,4.000258642986465,4.000190512478567
2483073-B3,231,3203,231,1.0,0,26.857142857142858,28.0,4,36,4,0.017316017316017316,3149,0.9831408054948486,54,2006,4,2934,2929,6204,4096.060505790593,4096.564894684052,1024.0151264476483,1024.0385116838834,4.0,4.000401203610832
2483850-B2,163,2419,163,1.0,0,30.165644171779142,34.0,9,36,3,0.018404907975460124,2367,0.9785035138486978,52,1622,4,2285,2285,4917,4096.531205107742,4096.513213049025,1024.0102142600647,1024.0349886104784,4.0004788507581805,4.000364497904137
2484660-B2,201,2946,201,1.0,0,31.134328358208954,35.0,8,36,2,0.009950248756218905,2940,0.9979633401221996,6,2060,4,2871,2871,6258,4096.099301784329,4096.31283095723,1024.0248254460823,1024.0260679191488,4.0,4.0002036659877795
2484791-B2,206,2771,206,1.0,0,25.42233009708738,26.0,6,36,5,0.024271844660194174,2649,0.9559725730783111,122,1685,4,2480,2468,5237,4096.277222957526,4096.242700037922,1024.007700174457,1024.0121344266956,4.000240644928407,4.000189609404627
2484862-B3,236,3317,236,1.0,0,28.771186440677965,32.0,4,36,3,0.012711864406779662,3247,0.9788965933072054,70,2218,4,3119,3116,6790,4096.050225622916,4096.742315870868,1024.012556405729,1024.0371104131432,4.0,4.000579934274116
2485164-B2,146,2004,146,1.0,0,25.78082191780822,26.0,10,36,2,0.0136986301369863,1923,0.9595808383233533,81,1209,4,1783,1782,3764,4096.456545000595,4096.3184871858675,1024.0228252147294,1024.0159233687878,4.000356675781714,4.000248818113959
2485276-B3,147,1711,147,1.0,0,19.775510204081634,20.0,4,32,8,0.05442176870748299,1561,0.9123319696084161,150,906,5,1469,1429,2907,4096.433216487369,4096.373566812591,1024.0154706148965,1024.0400229298036,4.000362625407954,4.000208463623097
2485473-B2,263,3743,263,1.0,0,29.40684410646388,32.0,5,36,1,0.0038022813688212928,3702,0.9890462196099385,41,2539,4,3549,3549,7734,4096.433216487369,4096.5021577089055,1024.0154706148965,1024.0251054231637,4.000362625407954,4.000392310710082
2485536-B2,192,2655,192,1.0,0,27.276041666666668,29.0,6,36,2,0.010416666666666666,2573,0.9691148775894539,82,1682,6,2483,2452,5237,4096.286001564071,4096.594845796367,1024.0142992794504,1024.040553384729,4.00022343872193,4.000422475707647
2485632-B,149,2029,149,1.0,0,23.040268456375838,25.0,3,30,2,0.013422818791946308,1961,0.9664859536717595,68,1098,4,1886,1880,3433,4096.262261493149,4096.577996715928,1024.0,1024.0394048229862,4.000256114739403,4.000410509031199
2486102-B2,77,984,77,1.0,0,19.116883116883116,19.0,7,33,7,0.09090909090909091,831,0.8445121951219512,153,453,4,759,752,1472,4096.164969712592,4096.299765807962,1024.0082482198666,1024.014987412915,4.000128882587963,4.00023419203747
2487043-B,109,1513,109,1.0,0,21.587155963302752,23.0,5,30,4,0.03669724770642202,1380,0.9120951751487112,133,725,4,1285,1279,2353,4096.220452099031,4096.742315870868,1024.0,1024.0371104131432,4.00021528525296,4.000579934274116
2487053-B2,202,2933,202,1.0,0,29.356435643564357,32.0,7,36,4,0.019801980198019802,2894,0.9867030344357314,39,1939,4,2727,2727,5930,4096.2993762993765,4096.242700037922,1024.00831546807,1024.0121344266956,4.000259875259875,4.000189609404627
2487063-B2,121,1409,121,1.0,0,21.305785123966942,21.0,4,36,7,0.05785123966942149,1359,0.964513839602555,50,819,5,1249,1225,2578,4096.18851251841,4096.153661464586,1024.015708894548,1024.0384153661464,4.000122729504173,4.0
2487518-B,91,1281,91,1.0,0,16.296703296703296,18.0,2,20,3,0.03296703296703297,1220,0.9523809523809523,61,263,2,1195,1189,1483,4096.0,4096.905927455028,1024.0,1024.0,4.0,4.000884694780301
2487567-B2,103,1480,103,1.0,0,28.40776699029126,31.0,12,36,4,0.038834951456310676,1454,0.9824324324324324,26,963,4,1397,1383,2926,4096.089416695773,4096.205183008282,1024.0223541739433,1024.0512957520705,4.0,4.0
2488040-B,256,3714,256,1.0,0,24.1171875,26.0,5,30,9,0.03515625,3590,0.96661281637049,124,1927,4,3420,3420,6174,4096.367420165052,4096.242700037922,1024.0,1024.0121344266956,4.0003588087549335,4.000189609404627
2488302-B2,244,3415,244,1.0,0,29.327868852459016,34.0,5,36,3,0.012295081967213115,3373,0.987701317715959,42,2362,4,3286,3278,7156,4096.492560287327,4096.513213049025,1024.0246256453008,1024.0349886104784,4.000384812724475,4.000364497904137
2488335-B,358,5092,357,0.9972067039106145,1,29.310055865921786,35.0,0,36,6,0.01675977653631285,5037,0.9891987431264729,55,3408,4,4812,4803,10493,4096.1444559390575,4096.616410446379,1024.0120377118942,1024.011852400574,4.000094046835324,4.000555658455269
2488960-B2,221,3331,221,1.0,0,26.497737556561084,30.0,4,30,2,0.00904977375565611,3274,0.9828880216151306,57,1879,4,3185,3185,5856,4096.2231666121825,4096.124665205746,1024.0,1024.0311663014365,4.000217936144709,4.0
2488987-B2,262,3617,262,1.0,0,26.606870229007633,28.0,4,36,7,0.026717557251908396,3509,0.9701410008294167,108,2226,5,3276,3263,6971,4096.18562253988,4096.093515981735,1024.019887614263,1024.0233789954339,4.000103584006629,4.0
25012737B4,122,1619,122,1.0,0,25.918032786885245,26.0,6,36,4,0.03278688524590164,1597,0.9864113650401483,22,1023,4,1490,1487,3162,4096.331845023765,4096.528161749536,1024.0092172535465,1024.0264053635894,4.000288059916462,4.000412626366825
25013062B2,99,1277,99,1.0,0,25.464646464646464,27.0,9,36,0,0.0,1245,0.9749412685982772,32,820,5,1201,1184,2521,4096.038180462341,4096.735843633228,1024.0095451155853,1024.0367868946687,4.0,4.00057487783846
25013189B4,119,1672,119,1.0,0,17.66386554621849,18.0,5,24,8,0.06722689075630252,1522,0.9102870813397129,150,580,2,1434,1434,2102,4096.0,4096.161786391405,1024.0,1024.0404465978513,4.0,4.0
25013629B6,375,5266,375,1.0,0,25.650666666666666,27.0,5,36,10,0.02666666666666667,5017,0.9527155336118496,249,3051,4,4545,4539,9619,4096.023683967064,4096.513213049025,1024.005920991766,1024.0349886104784,4.0,4.000364497904137
25013977B2,340,5069,340,1.0,0,31.04705882352941,36.0,8,36,4,0.011764705882352941,4985,0.9834286841586112,84,3476,4,4802,4789,10556,4096.289658293732,4096.513213049025,1024.014482095378,1024.0349886104784,4.000226295541979,4.000364497904137
25014298B2,83,1181,83,1.0,0,26.53012048192771,29.0,6,36,3,0.03614457831325301,1118,0.9466553767993227,63,706,4,1037,1035,2202,4096.466694713224,4096.073839053937,1024.0089739544992,1024.0184597634843,4.000420698359276,4.0
25014627B3,147,1862,147,1.0,0,23.210884353741495,22.0,7,36,8,0.05442176870748299,1744,0.9366272824919442,118,1108,4,1652,1620,3412,4096.058762768277,4096.489275854747,1024.0146906920693,1024.0135895530311,4.0,4.000424718623912
25015052B3,280,4110,280,1.0,0,29.27857142857143,33.0,8,36,4,0.014285714285714285,4033,0.9812652068126521,77,2649,4,3781,3781,8198,4096.024837489085,4096.609391906513,1024.0062093722713,1024.0415449529373,4.0,4.000432806751785
25015191B2,201,2780,201,1.0,0,26.796019900497512,29.0,7,36,3,0.014925373134328358,2692,0.9683453237410072,88,1750,4,2522,2517,5386,4096.059708454811,4096.150264136177,1024.0149271137027,1024.0375660340442,4.0,4.0
25015191B3,149,2172,149,1.0,0,28.959731543624162,32.0,9,36,2,0.013422818791946308,2143,0.9866482504604052,29,1393,4,1993,1993,4315,4096.089302325581,4096.803088803089,1024.0223255813953,1024.0154412208215,4.0,4.000723938223938
25015215B2,145,1991,145,1.0,0,17.79310344827586,19.0,3,25,5,0.034482758620689655,1838,0.9231541938724259,153,607,4,1725,1724,2580,4096.126061799828,4096.199376947041,1024.0,1024.0,4.000123107226394,4.000194704049845
25015421B3,302,4479,302,1.0,0,31.887417218543046,36.0,9,36,5,0.016556291390728478,4466,0.9970975664210762,13,3187,4,4377,4377,9630,4096.084377059987,4096.108428631936,1024.0210942649967,1024.027107157984,4.0,4.0
25015471B,388,5827,388,1.0,0,30.835051546391753,35.0,6,36,3,0.007731958762886598,5708,0.9795778273554144,119,3914,4,5482,5469,11964,4096.074332171893,4096.513213049025,1024.0185830429732,1024.0349886104784,4.0,4.000364497904137
25015496B,99,1195,99,1.0,0,21.595959595959595,21.0,7,34,3,0.030303030303030304,1118,0.9355648535564853,77,695,5,1072,1042,2138,4096.074820984948,4096.307914361319,1024.018705246237,1024.0153947922304,4.0,4.000240558094781
25015594B2,162,2247,162,1.0,0,28.19753086419753,30.0,6,36,0,0.0,2229,0.9919893190921228,18,1487,4,2115,2115,4568,4096.030342538817,4096.757224118316,1024.0075856347044,1024.014559517716,4.0,4.000682593856655
25015608B2,206,2952,206,1.0,0,30.189320388349515,34.0,8,36,4,0.019417475728155338,2927,0.9915311653116531,25,2064,4,2853,2845,6219,4096.09787179814,4096.478594129744,1024.024467949535,1024.023927469857,4.0,4.000373901663862
25015640B3,144,1971,144,1.0,0,25.194444444444443,26.0,3,36,5,0.034722222222222224,1870,0.9487569761542364,101,1155,4,1728,1717,3628,4096.031710640406,4096.798502807236,1024.0079276601016,1024.0399189147045,4.0,4.000623830318154
25015640B5,126,1768,126,1.0,0,26.746031746031747,29.0,7,36,5,0.03968253968253968,1709,0.9666289592760181,59,1076,5,1598,1591,3370,4096.074820984948,4096.348457350272,1024.018705246237,1024.0290364657176,4.0,4.000226860254084
25015784B2,51,658,51,1.0,0,23.15686274509804,24.0,8,36,1,0.0196078431372549,625,0.9498480243161094,33,378,4,570,570,1181,4096.607354685647,4096.07960199005,1024.0216884822298,1024.0199004975125,4.000508388408745,4.0
25015798B2,36,432,36,1.0,0,20.13888888888889,20.0,7,33,1,0.027777777777777776,406,0.9398148148148148,26,225,4,363,363,725,4096.080744362088,4096.211570247934,1024.020186090522,1024.0528925619835,4.0,4.0
25015867B2,173,2343,173,1.0,0,22.526011560693643,24.0,4,30,6,0.03468208092485549,2220,0.9475032010243278,123,1232,5,2151,2119,3897,4096.2231666121825,4096.513213049025,1024.0,1024.0349886104784,4.000217936144709,4.000364497904137
25016027B,172,2444,172,1.0,0,27.6046511627907,30.0,3,36,3,0.01744186046511628,2370,0.969721767594108,74,1546,4,2216,2214,4748,4096.058762768277,4096.749163879599,1024.0146906920693,1024.0267516589163,4.0,4.000627090301004
25016031B2,240,3474,240,1.0,0,25.45,29.0,6,30,1,0.004166666666666667,3413,0.9824409902130109,61,1971,4,3333,3333,6108,4096.367420165052,4096.646464646465,1024.0,1024.0124302015051,4.0003588087549335,4.000582750582751
25016827B2,277,3978,277,1.0,0,25.173285198555956,28.0,7,30,2,0.007220216606498195,3912,0.9834087481146304,66,2243,4,3815,3815,6973,4096.1139170096785,4096.513213049025,1024.0,1024.0349886104784,4.000111247079764,4.000364497904137
25017341B3,119,1641,119,1.0,0,26.873949579831933,28.0,9,36,3,0.025210084033613446,1615,0.9841560024375381,26,1032,4,1518,1518,3198,4096.268786560672,4096.810859728507,1024.0287974802204,1024.0289543629474,4.000149992500376,4.000678733031675
25017342B2,133,1906,133,1.0,0,24.586466165413533,29.0,5,30,2,0.015037593984962405,1864,0.9779643231899265,42,1036,4,1803,1801,3270,4096.284309059178,4096.474074074074,1024.0304604767382,1024.0,4.000158654608916,4.000462962962963
25017355B4,142,1808,142,1.0,0,24.901408450704224,24.5,9,36,3,0.02112676056338028,1773,0.980641592920354,35,1156,4,1680,1674,3536,4096.313725490196,4096.58918296893,1024.0213891828664,1024.0294557588309,4.000222816399287,4.000460299194477
25017499B,42,597,42,1.0,0,28.404761904761905,29.0,13,36,1,0.023809523809523808,597,1.0,0,389,4,565,565,1193,4096.2906731549065,4097.405490196078,1024.031142289445,1024.0501813192197,4.0001622060016215,4.001176470588235
25017500B,36,489,36,1.0,0,18.86111111111111,20.0,6,24,2,0.05555555555555555,486,0.9938650306748467,3,193,2,472,472,679,4096.0,4096.699180647678,1024.0,1024.074904905881,4.0,4.000390167772142
25017592B3,97,1178,97,1.0,0,19.329896907216494,19.0,3,30,6,0.061855670103092786,1130,0.9592529711375212,48,573,4,1052,1044,1875,4096.16376139453,4096.679599754952,1024.0,1024.013067224746,4.000159923236846,4.0006126199714105
25017730B2,153,2270,153,1.0,0,19.326797385620914,23.0,2,24,3,0.0196078431372549,2088,0.9198237885462555,182,869,2,2013,2013,2957,4096.0,4096.513213049025,1024.0,1024.0349886104784,4.0,4.000364497904137
25017739B2,281,4162,281,1.0,0,30.814946619217082,35.0,10,36,3,0.010676156583629894,4113,0.9882268140317155,49,2848,4,3964,3963,8659,4096.422120750888,4096.283813747228,1024.008116934589,1024.0236500531203,4.000380517503805,4.000184774575018
25017923B,119,1532,119,1.0,0,25.03361344537815,25.0,7,36,5,0.04201680672268908,1491,0.9732375979112271,41,964,4,1434,1407,2979,4096.376974564926,4096.455863647927,1024.0257010909577,1024.0488394276629,4.000267737617135,4.000254388196388
25017930B,115,1492,115,1.0,0,26.417391304347827,27.0,10,36,4,0.034782608695652174,1473,0.9872654155495979,19,997,5,1437,1430,3038,4096.058762768277,4096.513213049025,1024.0146906920693,1024.0349886104784,4.0,4.000364497904137
25018478B2,229,3256,229,1.0,0,29.96069868995633,34.0,5,36,2,0.008733624454148471,3223,0.9898648648648649,33,2269,4,3148,3143,6861,4096.0867698565135,4096.059081467805,1024.0216924641284,1024.0147703669513,4.0,4.0
25018956B3,108,1526,108,1.0,0,24.694444444444443,27.0,7,30,2,0.018518518518518517,1515,0.9927916120576671,11,846,4,1477,1477,2667,4096.080744362088,4096.8181091877495,1024.020186090522,1024.0,4.0,4.000798934753662
25019094B8,265,3900,265,1.0,0,25.547169811320753,29.0,5,30,4,0.01509433962264151,3851,0.9874358974358974,49,2150,4,3702,3702,6770,4096.229442079319,4096.098009188361,1024.0,1024.0245022970903,4.000224064530585,4.0
25019273B,379,5410,379,1.0,0,30.5778364116095,36.0,5,36,4,0.010554089709762533,5381,0.9946395563770795,29,3837,4,5259,5258,11589,4096.084377059987,4096.513213049025,1024.0210942649967,1024.0349886104784,4.0,4.000364497904137
25019294B1,35,453,35,1.0,0,25.514285714285716,25.0,12,36,1,0.02857142857142857,449,0.9911699779249448,4,295,4,434,434,893,4096.161786391405,4096.513213049025,1024.0404465978513,1024.0349886104784,4.0,4.000364497904137
25019294B2,38,464,38,1.0,0,24.55263157894737,25.0,10,36,1,0.02631578947368421,464,1.0,0,311,4,451,450,933,4096.8596785799955,4096.466727438468,1024.0306972840099,1024.0388909988606,4.0007195970256655,4.00030385900942
25019335B6,150,1992,150,1.0,0,15.753333333333334,18.0,4,20,4,0.02666666666666667,1938,0.9728915662650602,54,425,2,1909,1909,2363,4096.157441574415,4096.0,1024.0,1024.0,4.000153751537515,4.0
25019339B2,227,3354,227,1.0,0,31.6079295154185,36.0,5,36,3,0.013215859030837005,3351,0.9991055456171736,3,2373,4,3259,3259,7175,4096.325377771501,4096.513213049025,1024.0090376332698,1024.0349886104784,4.000282445982205,4.000364497904137
25019339B3,211,3018,211,1.0,0,30.137440758293838,35.0,6,36,6,0.02843601895734597,3010,0.9973492379058979,8,2102,4,2909,2909,6359,4096.3811225249365,4096.338177014531,1024.0190547078525,1024.0362315421994,4.000297751972607,4.000188714851858
25019474B2,251,3619,251,1.0,0,30.330677290836654,35.0,6,36,2,0.00796812749003984,3603,0.9955788891959104,16,2513,4,3508,3508,7613,4096.281044157112,4096.513213049025,1024.0078063060316,1024.0349886104784,4.000243961941937,4.000364497904137
25019503B,109,1589,109,1.0,0,20.6697247706422,23.0,3,25,2,0.01834862385321101,1538,0.9679043423536816,51,574,4,1478,1478,2253,4096.109483588153,4096.552766531714,1024.0,1024.0,4.000106917566556,4.000539811066127
25019629B2,166,2187,166,1.0,0,26.40963855421687,27.0,7,36,5,0.030120481927710843,2153,0.984453589391861,34,1442,4,2047,2045,4384,4096.2008893539105,4096.594845796367,1024.01674023214,1024.040553384729,4.000130787339786,4.000422475707647
25019675B2,172,2526,172,1.0,0,25.5,29.0,7,30,4,0.023255813953488372,2489,0.9853523357086302,37,1396,4,2396,2396,4386,4096.463418313471,4096.421823507872,1024.0,1024.0117162471395,4.000452556946749,4.000366166239473
25019705B2,276,4073,276,1.0,0,21.445652173913043,24.0,3,24,4,0.014492753623188406,4036,0.9909157868892708,37,1883,2,3991,3991,5919,4096.0,4096.711817279047,1024.0,1024.025418259445,4.0,4.000595829195631
25020232B,341,4933,341,1.0,0,25.466275659824046,30.0,5,30,6,0.017595307917888565,4844,0.9819582404216501,89,2805,4,4714,4708,8684,4096.109483588153,4096.513213049025,1024.0,1024.0349886104784,4.000106917566556,4.000364497904137
25020353B2,94,1279,94,1.0,0,18.393617021276597,20.0,3,24,5,0.05319148936170213,1228,0.9601250977326036,51,499,3,1193,1193,1729,4096.354619753429,4096.0,1024.0177297596786,1024.0,4.000277046682367,4.0
25020556B4,152,2208,152,1.0,0,20.75,24.0,4,25,1,0.006578947368421052,2119,0.9596920289855072,89,825,4,2066,2066,3154,4096.300955180015,4096.424720033181,1024.0,1024.0,4.0002939015429835,4.000414765657403
25020714B4,340,4936,340,1.0,0,30.814705882352943,36.0,8,36,7,0.020588235294117647,4899,0.9925040518638574,37,3451,4,4764,4764,10477,4096.247342995169,4096.513213049025,1024.0068702699803,1024.0349886104784,4.000214707461083,4.000364497904137
25020799B3,324,4645,324,1.0,0,29.28395061728395,33.0,2,36,8,0.024691358024691357,4575,0.984930032292788,70,3103,4,4362,4356,9488,4096.15332401677,4096.53781512605,1024.0127766825544,1024.0366657118304,4.000099820323418,4.0003819709702055
25020799B5,282,3920,282,1.0,0,23.4645390070922,25.5,4,31,3,0.010638297872340425,3796,0.9683673469387755,124,2064,5,3653,3643,6617,4096.217225286381,4096.513213049025,1024.0,1024.0349886104784,4.0002121340687316,4.000364497904137
25021196B2,120,1453,120,1.0,0,23.283333333333335,22.0,8,36,4,0.03333333333333333,1431,0.9848589125946318,22,902,4,1323,1322,2794,4096.325377771501,4096.180918727915,1024.0090376332698,1024.0452296819788,4.000282445982205,4.0
25021277B3,121,1635,121,1.0,0,18.223140495867767,19.0,5,24,7,0.05785123966942149,1566,0.9577981651376147,69,639,2,1513,1513,2205,4096.382764713878,4096.0,1024.0260958205913,1024.0,4.000271849938834,4.0
25021277B4,89,1059,89,1.0,0,18.348314606741575,18.0,6,30,2,0.02247191011235955,1008,0.9518413597733711,51,487,4,933,931,1633,4096.370136698212,4096.233629933835,1024.0252349346126,1024.0,4.000262881177707,4.000228154232261
25021421B2,337,4940,337,1.0,0,25.706231454005934,29.0,4,30,3,0.008902077151335312,4849,0.9815789473684211,91,2786,4,4733,4729,8663,4096.079036739735,4096.199376947041,1024.0197591849337,1024.0,4.0,4.000194704049845
25021487B,240,3366,240,1.0,0,28.979166666666668,33.0,5,36,3,0.0125,3335,0.9907902554961379,31,2274,4,3199,3193,6955,4096.230215827338,4096.53781512605,1024.0246651893247,1024.0366657118304,4.000128468653648,4.0003819709702055
25021555B2,56,654,56,1.0,0,15.571428571428571,17.0,4,24,1,0.017857142857142856,629,0.9617737003058104,25,243,2,587,587,872,4096.0,4096.880423280423,1024.0,1024.016927858229,4.0,4.000793650793651
25021558B2,79,1047,79,1.0,0,26.0,26.0,8,36,2,0.02531645569620253,1036,0.9894937917860553,11,668,4,987,987,2054,4096.192713038242,4097.132385466035,1024.009635289247,1024.0404327568506,4.000150557061127,4.000947867298579
25021665B2,167,1990,167,1.0,0,18.952095808383234,18.0,5,33,8,0.04790419161676647,1781,0.8949748743718593,209,977,4,1588,1551,3165,4096.403240324033,4096.513213049025,1024.0144002250036,1024.0349886104784,4.000337533753376,4.000364497904137
25021665B3,242,2896,242,1.0,0,21.214876033057852,22.0,2,35,5,0.02066115702479339,2852,0.9848066298342542,44,1635,5,2850,2807,5134,4096.1139170096785,4096.742315870868,1024.0,1024.0371104131432,4.000111247079764,4.000579934274116
25021672B,73,987,73,1.0,0,25.835616438356166,26.0,6,36,0,0.0,958,0.9706180344478217,29,609,4,914,914,1886,4096.08407224959,4096.180918727915,1024.0210180623974,1024.0452296819788,4.0,4.0
25021735B5,156,2142,156,1.0,0,24.07051282051282,27.5,6,30,8,0.05128205128205128,2116,0.9878618113912232,26,1211,4,2064,2064,3755,4096.06432160804,4096.721634954193,1024.01608040201,1024.0,4.0,4.000704721634954
25021890B4,106,1454,106,1.0,0,25.82075471698113,27.0,6,36,2,0.018867924528301886,1418,0.9752407152682255,36,878,4,1299,1294,2737,4096.279301745636,4096.716315109772,1024.0299240210404,1024.0137730671975,4.000155860349127,4.000645716745588
25021890B6,284,3970,284,1.0,0,24.58450704225352,27.0,5,30,7,0.02464788732394366,3925,0.9886649874055415,45,2239,4,3826,3819,6982,4096.175282437522,4096.583919406957,1024.0146064530854,1024.0,4.000114116170261,4.000570233795856
25021922B2,423,6173,423,1.0,0,30.46335697399527,34.0,10,36,6,0.014184397163120567,6107,0.9893082779847724,66,4232,4,5906,5903,12886,4096.081132474118,4096.513213049025,1024.0202831185295,1024.0349886104784,4.0,4.000364497904137
25022013B,169,2339,168,0.9940828402366864,1,23.75147928994083,26.0,0,30,6,0.03550295857988166,2291,0.9794784095767421,48,1264,5,2215,2207,4014,4096.126061799828,4096.338177014531,1024.0,1024.0362315421994,4.000123107226394,4.000188714851858
25022344B2,419,6174,419,1.0,0,26.116945107398568,30.0,4,30,2,0.00477326968973747,6116,0.9906057661159702,58,3528,4,5984,5984,10943,4096.332935948846,4096.513213049025,1024.0,1024.0349886104784,4.000325132762545,4.000364497904137
25022458B2,327,4696,327,1.0,0,31.039755351681958,36.0,8,36,3,0.009174311926605505,4690,0.9987223168654173,6,3363,4,4617,4617,10150,4096.058762768277,4096.678017404464,1024.0146906920693,1024.0242114720763,4.0,4.000567536889898
25022584B2,210,2946,210,1.0,0,22.50952380952381,24.0,6,30,9,0.04285714285714286,2819,0.9568906992532247,127,1438,4,2652,2629,4727,4096.2540942928035,4096.337879454465,1024.0,1024.0281550728623,4.000248138957816,4.000219973603167
25022584B3,80,1145,80,1.0,0,24.3125,25.0,6,35,6,0.075,1074,0.9379912663755459,71,604,5,945,937,1945,4096.226548672566,4096.977365694028,1024.0188783599424,1024.034898779906,4.000147492625369,4.000818107444778
25022613B2,115,1531,115,1.0,0,23.017391304347825,25.0,4,30,6,0.05217391304347826,1491,0.9738732854343566,40,846,6,1458,1438,2647,4096.501387302105,4096.571046174437,1024.0,1024.028549124568,4.000489636037212,4.000446129823779
25023174B2,120,1416,120,1.0,0,17.608333333333334,17.5,2,30,6,0.05,1286,0.9081920903954802,130,636,4,1213,1193,2113,4096.2231666121825,4096.513213049025,1024.0,1024.0349886104784,4.000217936144709,4.000364497904137
25023327B3,38,510,38,1.0,0,25.44736842105263,24.5,13,35,4,0.10526315789473684,505,0.9901960784313726,5,308,4,479,479,967,4096.060505790593,4096.192288432649,1024.0151264476483,1024.0480721081622,4.0,4.0
25023687B3,88,1213,88,1.0,0,25.204545454545453,25.0,10,36,2,0.022727272727272728,1167,0.9620774938169827,46,694,4,1065,1056,2218,4096.350205198359,4096.227286179343,1024.0097271829165,1024.0568215448357,4.00030399756802,4.0
25023687B4,64,882,64,1.0,0,18.53125,21.0,5,25,1,0.015625,830,0.9410430839002267,52,287,4,803,803,1186,4096.501387302105,4096.233629933835,1024.0,1024.0,4.000489636037212,4.000228154232261
25023828B,256,3791,256,1.0,0,30.60546875,36.0,10,36,5,0.01953125,3741,0.9868108678448958,50,2571,4,3586,3582,7835,4096.364719595907,4096.513213049025,1024.0248656349154,1024.0349886104784,4.000259033803912,4.000364497904137
25023846B4,211,3119,211,1.0,0,27.658767772511847,30.0,5,36,0,0.0,3006,0.9637704392433473,113,1877,4,2734,2728,5836,4096.148405797101,4096.513213049025,1024.0074200747804,1024.0349886104784,4.000115942028986,4.000364497904137
25023935B2,130,1863,130,1.0,0,25.66923076923077,30.0,6,30,3,0.023076923076923078,1855,0.9957058507783145,8,1090,4,1834,1834,3337,4096.157441574415,4096.455863647927,1024.0,1024.0488394276629,4.000153751537515,4.000254388196388
25023961B2,49,622,49,1.0,0,20.612244897959183,20.0,7,36,2,0.04081632653061224,556,0.8938906752411575,66,316,4,503,503,1010,4096.2446639057025,4096.513213049025,1024.020387846932,1024.0349886104784,4.000159286396942,4.000364497904137
25023972B3,267,3897,267,1.0,0,20.322097378277153,23.0,5,24,13,0.04868913857677903,3797,0.9743392353092122,100,1629,2,3683,3683,5426,4096.0,4096.513213049025,1024.0,1024.0349886104784,4.0,4.000364497904137
25024254B2,135,1785,135,1.0,0,14.281481481481482,14.0,4,24,14,0.1037037037037037,1499,0.8397759103641457,286,414,4,1373,1354,1928,4096.0,4096.513213049025,1024.0,1024.0349886104784,4.0,4.000364497904137
25024433B2,177,2336,177,1.0,0,26.47457627118644,28.0,6,36,7,0.03954802259887006,2294,0.9820205479452054,42,1517,5,2225,2189,4686,4096.182700542392,4096.513213049025,1024.0091347011596,1024.0349886104784,4.000142734798744,4.000364497904137
25024695B2,124,1743,124,1.0,0,29.274193548387096,32.0,10,36,2,0.016129032258064516,1733,0.9942627653471027,10,1200,4,1668,1668,3630,4096.376974564926,4096.505263157895,1024.0257010909577,1024.0421018008387,4.000267737617135,4.000328947368421
25024765B2,375,5583,375,1.0,0,27.056,30.0,6,30,4,0.010666666666666666,5556,0.9951638903815153,27,3325,4,5494,5494,10146,4096.110822510823,4096.513213049025,1024.0,1024.0349886104784,4.000108225108225,4.000364497904137
25024855B4,157,1867,157,1.0,0,21.719745222929937,21.0,6,36,5,0.03184713375796178,1813,0.9710765934654526,54,1088,4,1675,1669,3410,4096.277222957526,4096.153661464586,1024.007700174457,1024.0384153661464,4.000240644928407,4.0
25024875B2,76,1097,76,1.0,0,26.789473684210527,28.0,5,36,1,0.013157894736842105,1071,0.9762989972652689,26,647,4,969,969,2036,4096.943043355058,4096.102955962196,1024.018131595722,1024.025738990549,4.000850099178238,4.0
25024982B1,173,2477,173,1.0,0,28.930635838150287,32.0,10,36,5,0.028901734104046242,2452,0.9899071457408155,25,1627,4,2332,2332,5005,4096.071042042458,4096.3631205673755,1024.0177605106146,1024.0389038042651,4.0,4.000202634245188
25025076B,270,3951,270,1.0,0,31.562962962962963,36.0,11,36,3,0.011111111111111112,3949,0.9994937990382182,2,2825,4,3896,3896,8522,4096.089302325581,4096.254827792156,1024.0223255813953,1024.012740755487,4.0,4.000199084212622
25025087B,170,2204,170,1.0,0,24.31764705882353,24.0,3,36,7,0.041176470588235294,2149,0.9750453720508166,55,1320,4,1989,1982,4134,4096.09787179814,4096.338177014531,1024.024467949535,1024.0362315421994,4.0,4.000188714851858
25025097B,261,3783,261,1.0,0,29.739463601532567,34.0,5,36,5,0.019157088122605363,3727,0.985196933650542,56,2550,4,3558,3558,7762,4096.403491755577,4096.790646371057,1024.007758751326,1024.0282326992005,4.000363724539282,4.00066181336863
25025291B,238,3428,238,1.0,0,31.243697478991596,36.0,8,36,0,0.0,3427,0.999708284714119,1,2475,4,3386,3386,7436,4096.0327282025055,4096.513213049025,1024.0081820506264,1024.0349886104784,4.0,4.000364497904137
25025293B2,203,2659,203,1.0,0,23.00985221674877,25.0,4,32,9,0.04433497536945813,2632,0.9898458066942459,27,1507,4,2598,2567,4671,4096.229442079319,4096.594845796367,1024.0,1024.040553384729,4.000224064530585,4.000422475707647
25025567B4,105,1402,105,1.0,0,27.733333333333334,31.0,10,36,4,0.0380952380952381,1393,0.9935805991440799,9,957,4,1350,1350,2912,4096.316635745207,4096.060663507109,1024.015830808237,1024.0151658767772,4.000247371675943,4.0
25025569B,51,628,51,1.0,0,16.666666666666668,17.0,4,24,0,0.0,608,0.9681528662420382,20,242,2,571,571,850,4096.215005599104,4096.0,1024.0179165062814,1024.0,4.000139977603583,4.0
25025616B,136,1913,136,1.0,0,28.566176470588236,33.5,7,36,6,0.04411764705882353,1874,0.9796131730266597,39,1266,4,1794,1794,3885,4096.559737622989,4096.810859728507,1024.0199882881125,1024.0289543629474,4.000468530376385,4.000678733031675
25025951B,265,3887,265,1.0,0,30.18867924528302,33.0,8,36,0,0.0,3837,0.9871366092101878,50,2634,4,3694,3681,8000,4096.030754444979,4096.047967022672,1024.0076886112447,1024.011991755668,4.0,4.0
25025954B3,40,435,40,1.0,0,18.1,18.0,9,28,2,0.05,415,0.9540229885057471,20,221,4,378,378,724,4096.446771378709,4096.142024965326,1024.0159546290238,1024.0355062413314,4.00037397157816,4.0
25025975B2,154,2129,154,1.0,0,26.694805194805195,29.0,6,36,8,0.05194805194805195,2089,0.9812118365429779,40,1315,4,1940,1939,4111,4096.094838231662,4096.382578992314,1024.0237095579155,1024.040988418637,4.0,4.0002134927412465
25026103B2,213,3274,213,1.0,0,31.868544600938968,36.0,10,36,1,0.004694835680751174,3246,0.9914477703115455,28,2234,4,3123,3123,6788,4096.369736695922,4096.153661464586,1024.0071097286639,1024.0384153661464,4.00033329630041,4.0
25026144B2,282,4093,282,1.0,0,29.648936170212767,32.0,9,36,4,0.014184397163120567,4036,0.9860737845101393,57,2750,4,3852,3842,8361,4096.059708454811,4096.050334250885,1024.0149271137027,1024.0125835627211,4.0,4.0
25026144B3,252,3365,252,1.0,0,26.78968253968254,27.0,6,36,8,0.031746031746031744,3319,0.986329866270431,46,2180,6,3140,3132,6751,4096.403491755577,4096.150264136177,1024.007758751326,1024.0375660340442,4.000363724539282,4.0
25026285B2,368,5526,368,1.0,0,31.58695652173913,36.0,3,36,1,0.002717391304347826,5487,0.992942453854506,39,3837,4,5297,5297,11624,4096.085676037484,4096.513213049025,1024.021419009371,1024.0349886104784,4.0,4.000364497904137
25026294B3,416,5954,416,1.0,0,29.829326923076923,34.0,6,36,5,0.01201923076923077,5902,0.9912663755458515,52,4082,4,5693,5689,12409,4096.269293296356,4096.3631205673755,1024.0183600286875,1024.0389038042651,4.000191259443435,4.000202634245188
25026499B3,296,4304,296,1.0,0,28.570945945945947,30.0,7,36,8,0.02702702702702703,4230,0.9828066914498141,74,2733,4,3955,3955,8457,4096.362312980186,4096.442141623489,1024.0129387682898,1024.0122805334356,4.000303275374041,4.000383803492612
25026509B,202,2939,202,1.0,0,21.163366336633665,23.0,3,25,7,0.034653465346534656,2885,0.9816264035386186,54,1109,4,2805,2805,4275,4096.124332200097,4096.681455190772,1024.0,1024.0,4.000121418164158,4.000665483584738
25026752B,148,2142,148,1.0,0,23.10135135135135,25.0,4,30,5,0.033783783783783786,2050,0.9570494864612512,92,1026,5,1932,1916,3419,4096.306037059175,4096.357625145518,1024.0,1024.0298003608636,4.0002988643156,4.0002328288707805
25026782B3,205,2791,205,1.0,0,27.08780487804878,30.0,4,36,4,0.01951219512195122,2697,0.966320315299176,94,1829,4,2608,2592,5553,4096.085676037484,4096.114515768285,1024.021419009371,1024.0286289420712,4.0,4.0
25026797B2,76,1002,76,1.0,0,19.105263157894736,20.0,3,30,6,0.07894736842105263,896,0.8942115768463074,106,430,4,825,818,1452,4096.3267806995145,4096.199376947041,1024.016337992214,1024.0,4.0002552974214955,4.000194704049845
25027131B2,315,4565,315,1.0,0,17.2,20.0,3,20,16,0.050793650793650794,4411,0.9662650602409638,154,1002,4,4364,4363,5418,4096.1877348977905,4096.0,1024.0,1024.0,4.0001833348611235,4.0
25027181B2,135,1769,135,1.0,0,25.348148148148148,27.0,8,36,5,0.037037037037037035,1737,0.9819106840022611,32,1094,4,1613,1608,3422,4096.069707283867,4096.513213049025,1024.0174268209666,1024.0349886104784,4.0,4.000364497904137
25027181B3,185,2519,185,1.0,0,23.518918918918917,26.0,5,30,7,0.03783783783783784,2446,0.9710202461294164,73,1395,4,2392,2392,4351,4096.3962848297215,4096.613173652695,1024.0270175191727,1024.0,4.000281452293836,4.00059880239521
25027181B4,406,6197,406,1.0,0,21.866995073891626,24.0,5,24,5,0.012315270935960592,6074,0.9801516862998225,123,2804,2,5976,5976,8878,4096.0,4096.513213049025,1024.0,1024.0349886104784,4.0,4.000364497904137
25027181B5,316,4677,316,1.0,0,21.14873417721519,24.0,4,24,9,0.028481012658227847,4608,0.9852469531751122,69,2075,2,4524,4524,6683,4096.0,4096.093515981735,1024.0,1024.0233789954339,4.0,4.0
25027181B6,145,2130,145,1.0,0,29.924137931034483,32.0,11,36,1,0.006896551724137931,2116,0.9934272300469483,14,1417,4,2020,2020,4339,4096.3962848297215,4096.158024691358,1024.0270175191727,1024.0395061728395,4.000281452293836,4.0
25027193B,295,4317,295,1.0,0,30.65084745762712,36.0,7,36,6,0.020338983050847456,4266,0.9881862404447533,51,2976,4,4122,4122,9042,4096.27269499349,4096.513213049025,1024.007574412687,1024.0349886104784,4.000236714404072,4.000364497904137
2490980B,394,5912,394,1.0,0,31.20812182741117,36.0,8,36,4,0.01015228426395939,5828,0.9857916102841678,84,4035,4,5607,5607,12296,4096.027115771634,4096.338177014531,1024.0067789429086,1024.0362315421994,4.0,4.000188714851858
2491552B,117,1488,117,1.0,0,17.427350427350426,19.0,2,27,5,0.042735042735042736,1351,0.9079301075268817,137,546,5,1366,1329,2039,4096.134365568823,4096.613173652695,1024.0,1024.0,4.000131216375804,4.00059880239521
2491579B,269,3882,269,1.0,0,29.490706319702603,33.0,4,36,6,0.022304832713754646,3800,0.9788768675940237,82,2595,4,3671,3657,7933,4096.23804111995,4096.528161749536,1024.0066119117723,1024.0264053635894,4.0002066329166235,4.000412626366825
25002379B2,177,2523,177,1.0,0,30.531073446327685,36.0,8,36,1,0.005649717514124294,2511,0.995243757431629,12,1782,4,2455,2455,5404,4096.031710640406,4096.94674556213,1024.0079276601016,1024.0473285265298,4.0,4.000739644970414
25002510B2,185,2072,185,1.0,0,16.589189189189188,16.0,4,30,8,0.043243243243243246,1913,0.9232625482625483,159,907,5,1806,1747,3069,4096.209909804381,4096.403705893948,1024.0224896775894,1024.0,4.000117137167623,4.000394244037059
25009557B,153,2222,153,1.0,0,30.026143790849673,33.0,7,36,1,0.006535947712418301,2189,0.9851485148514851,33,1508,4,2109,2109,4594,4096.18851251841,4096.683661082787,1024.015708894548,1024.0466075980094,4.000122729504173,4.000485554746298
25027606B3,152,2077,152,1.0,0,23.861842105263158,27.0,5,30,6,0.039473684210526314,2062,0.9927780452575831,15,1163,4,1998,1998,3627,4096.473270682483,4096.513213049025,1024.0,1024.0349886104784,4.000462178400863,4.000364497904137
25027636B2,344,4805,344,1.0,0,27.96511627906977,31.0,5,36,4,0.011627906976744186,4665,0.9708636836628513,140,3169,4,4459,4418,9620,4096.309825063263,4096.513213049025,1024.0211232741076,1024.0349886104784,4.000220046209703,4.000364497904137
25027718B2,237,3523,237,1.0,0,31.80590717299578,36.0,8,36,1,0.004219409282700422,3518,0.9985807550383197,5,2496,4,3444,3444,7538,4096.483720930232,4096.513213049025,1024.0093013116302,1024.0349886104784,4.000436046511628,4.000364497904137
25027723B4,248,3532,248,1.0,0,29.47983870967742,33.0,6,36,2,0.008064516129032258,3486,0.9869762174405436,46,2406,4,3367,3362,7311,4096.026795059661,4096.093515981735,1024.0066987649152,1024.0233789954339,4.0,4.0
25027770B,218,3071,218,1.0,0,29.1697247706422,34.0,8,36,3,0.013761467889908258,3046,0.9918593292087268,25,2093,4,2916,2916,6359,4096.08334237656,4096.153661464586,1024.02083559414,1024.0384153661464,4.0,4.0
25028010B2,144,1946,144,1.0,0,24.875,26.0,7,36,2,0.013888888888888888,1878,0.9650565262076053,68,1137,4,1685,1679,3582,4096.072173667888,4096.616410446379,1024.018043416972,1024.011852400574,4.0,4.000555658455269
25028010B2a,132,1839,132,1.0,0,18.386363636363637,19.0,5,25,5,0.03787878787878788,1703,0.9260467645459489,136,590,4,1617,1601,2427,4096.151591413767,4096.645513763396,1024.0,1024.0,4.000148038490007,4.000630384534566
25028010B3,239,3182,239,1.0,0,22.04602510460251,24.0,3,31,12,0.0502092050209205,3094,0.9723444374607165,88,1631,4,2939,2935,5269,4096.353347135956,4096.583919406957,1024.012618607517,1024.0,4.000295770482106,4.000570233795856
25028014B4,167,2330,167,1.0,0,22.7125748502994,25.0,4,30,4,0.023952095808383235,2228,0.9562231759656652,102,1182,4,2108,2102,3793,4096.124332200097,4096.616410446379,1024.0,1024.011852400574,4.000121418164158,4.000555658455269
25028014B5,177,2594,177,1.0,0,20.25423728813559,22.0,3,25,7,0.03954802259887006,2457,0.9471858134155744,137,901,4,2353,2353,3585,4096.27097115639,4096.613173652695,1024.0,1024.0,4.000264620269912,4.00059880239521
25028014B6,81,1074,81,1.0,0,14.876543209876543,16.0,2,20,8,0.09876543209876543,1000,0.931098696461825,74,205,2,972,971,1205,4096.0,4096.681455190772,1024.0,1024.0,4.0,4.000665483584738
25028014B7,97,1311,97,1.0,0,18.144329896907216,20.0,5,24,5,0.05154639175257732,1240,0.9458428680396643,71,520,2,1201,1201,1760,4096.0,4096.8596785799955,1024.0,1024.0306972840099,4.0,4.0007195970256655
25028134B,290,4196,290,1.0,0,25.52758620689655,30.0,3,30,4,0.013793103448275862,4140,0.9866539561487131,56,2383,4,4040,4040,7403,4096.356711565258,4096.046972477065,1024.0,1024.0117431192662,4.000348351137947,4.0
25028147B3,138,1958,138,1.0,0,23.644927536231883,26.0,5,30,4,0.028985507246376812,1913,0.9770173646578141,45,1012,4,1802,1802,3263,4096.38414405402,4096.716315109772,1024.0,1024.0137730671975,4.000375140677754,4.000645716745588
25028151B2,178,2445,178,1.0,0,28.702247191011235,32.0,6,36,3,0.016853932584269662,2436,0.996319018404908,9,1681,4,2353,2353,5109,4096.307101727447,4096.102955962196,1024.0153541654172,1024.025738990549,4.000239923224568,4.0
25028151B3,283,4005,283,1.0,0,24.381625441696112,27.0,5,30,4,0.014134275618374558,3937,0.9830212234706617,68,2194,4,3796,3796,6900,4096.194215267899,4096.513213049025,1024.0,1024.0349886104784,4.000189663347558,4.000364497904137
25028186B2,286,4181,286,1.0,0,30.867132867132867,35.0,6,36,4,0.013986013986013986,4160,0.9949772781631189,21,2917,4,4033,4033,8828,4096.132931768616,4096.513213049025,1024.0066464158683,1024.0349886104784,4.000103852944231,4.000364497904137
25028210B2,133,1784,133,1.0,0,26.18045112781955,27.0,10,36,5,0.03759398496240601,1751,0.9815022421524664,33,1127,4,1659,1651,3482,4096.485522822101,4096.268231349539,1024.024273839249,1024.013410864896,4.000379314704767,4.000209555741827
25028514B,128,1741,128,1.0,0,27.0,29.0,7,36,3,0.0234375,1726,0.9913842619184376,15,1129,4,1637,1635,3456,4096.041270353055,4096.513213049025,1024.0103175882637,1024.0349886104784,4.0,4.000364497904137
25028520B3,151,2200,151,1.0,0,30.635761589403973,36.0,10,36,0,0.0,2176,0.9890909090909091,24,1529,4,2129,2129,4626,4096.152186836518,4096.513213049025,1024.0163053862975,1024.0349886104784,4.000084925690021,4.000364497904137
25028738B2,212,3080,212,1.0,0,20.952830188679247,24.0,2,25,2,0.009433962264150943,2976,0.9662337662337662,104,1166,4,2900,2900,4442,4096.27097115639,4096.583919406957,1024.0,1024.0,4.000264620269912,4.000570233795856
25028862B2,189,2597,189,1.0,0,22.53968253968254,25.0,5,30,2,0.010582010582010581,2500,0.9626492106276473,97,1305,4,2359,2359,4260,4096.466694713224,4096.599648643373,1024.0089739544992,1024.0,4.000420698359276,4.000585594378294
25028868B2,120,1658,120,1.0,0,28.891666666666666,33.0,8,36,3,0.025,1651,0.9957780458383595,7,1146,4,1603,1599,3467,4096.483866612663,4097.0152532031725,1024.017279200837,1024.0195196340069,4.000405022276224,4.00091519219036
25028879B3,283,4014,283,1.0,0,29.996466431095406,36.0,5,36,7,0.024734982332155476,3984,0.992526158445441,30,2798,4,3860,3860,8489,4096.025457438345,4096.513213049025,1024.0063643595863,1024.0349886104784,4.0,4.000364497904137
25028885B2,252,3730,252,1.0,0,31.238095238095237,36.0,10,36,1,0.003968253968253968,3720,0.9973190348525469,10,2603,4,3590,3590,7872,4096.370136698212,4096.513213049025,1024.0252349346126,1024.0349886104784,4.000262881177707,4.000364497904137
25029134B,267,3786,267,1.0,0,29.84269662921348,34.0,7,36,3,0.011235955056179775,3750,0.9904912836767037,36,2626,4,3653,3644,7968,4096.026413536938,4096.513213049025,1024.0066033842345,1024.0349886104784,4.0,4.000364497904137
25029179B,355,5002,355,1.0,0,24.96901408450704,29.0,5,30,6,0.016901408450704224,4947,0.9890043982407037,55,2863,4,4815,4815,8864,4096.203923130539,4096.513213049025,1024.0,1024.0349886104784,4.000199143682167,4.000364497904137
25029425B2,281,4198,281,1.0,0,26.558718861209965,30.0,5,32,6,0.021352313167259787,4155,0.9897570271557885,43,2416,4,4061,4059,7463,4096.110822510823,4096.513213049025,1024.0,1024.0349886104784,4.000108225108225,4.000364497904137
25029425B3,243,3572,243,1.0,0,21.699588477366255,25.0,4,25,5,0.0205761316872428,3492,0.9776035834266518,80,1408,4,3426,3423,5273,4096.1139170096785,4096.613173652695,1024.0,1024.0,4.000111247079764,4.00059880239521
25029425B,361,5429,361,1.0,0,21.246537396121884,24.0,4,24,6,0.01662049861495845,5258,0.9685024866457911,171,2412,2,5168,5164,7670,4096.0,4096.513213049025,1024.0,1024.0349886104784,4.0,4.000364497904137
25029560B2,42,536,42,1.0,0,21.357142857142858,23.0,8,31,1,0.023809523809523808,510,0.9514925373134329,26,279,4,454,445,897,4096.451282051282,4097.428571428572,1024.0307667654836,1024.071408647141,4.000320512820513,4.001116071428571
25029565B5,76,975,76,1.0,0,24.223684210526315,24.0,10,36,5,0.06578947368421052,959,0.9835897435897436,16,582,4,893,893,1841,4096.337597257022,4096.283123202831,1024.0168787499176,1024.0141553773847,4.000263747857049,4.000221190002211
25029737B2,239,3259,239,1.0,0,25.405857740585773,26.0,4,36,7,0.029288702928870293,3091,0.9484504449217551,168,1961,4,2933,2885,6072,4096.359706009512,4096.513213049025,1024.0069168625544,1024.0349886104784,4.000324254215305,4.000364497904137
25029906B2,264,3730,264,1.0,0,29.609848484848484,33.5,9,36,6,0.022727272727272728,3690,0.9892761394101877,40,2583,4,3591,3583,7817,4096.18045112782,4096.513213049025,1024.0150371523393,1024.0349886104784,4.000117481203008,4.000364497904137
25030118B2,134,1723,134,1.0,0,25.19402985074627,26.0,8,36,0,0.0,1697,0.9849100406268136,26,1097,4,1604,1596,3376,4096.20770791075,4096.616410446379,1024.0173084074238,1024.011852400574,4.000135226504394,4.000555658455269
25030157B3,93,1256,93,1.0,0,24.35483870967742,25.0,3,36,3,0.03225806451612903,1201,0.9562101910828026,55,719,4,1100,1100,2265,4096.074820984948,4096.35499207607,1024.018705246237,1024.0380329817262,4.0,4.000198098256735
25030157B4,214,3100,214,1.0,0,28.57943925233645,31.0,9,36,4,0.018691588785046728,3029,0.9770967741935483,71,1989,4,2851,2851,6116,4096.132931768616,4096.53781512605,1024.0066464158683,1024.0366657118304,4.000103852944231,4.0003819709702055
25030334B2,228,3202,228,1.0,0,27.32017543859649,30.0,5,36,7,0.03070175438596491,3098,0.9675202998126171,104,2008,4,2907,2905,6229,4096.278200391219,4096.616410446379,1024.0139092637871,1024.011852400574,4.000217344055639,4.000555658455269
25030619B2,255,3387,255,1.0,0,25.850980392156863,27.0,4,36,12,0.047058823529411764,3309,0.9769707705934455,78,2138,4,3106,3083,6592,4096.107898507966,4096.513213049025,1024.0053948117084,1024.0349886104784,4.000084295709349,4.000364497904137
25030630B,305,4265,305,1.0,0,27.462295081967213,29.0,6,36,5,0.01639344262295082,4162,0.9758499413833529,103,2703,4,3932,3909,8376,4096.18045112782,4096.513213049025,1024.0150371523393,1024.0349886104784,4.000117481203008,4.000364497904137
25030750B2,336,5104,336,1.0,0,32.11309523809524,36.0,9,36,4,0.011904761904761904,5074,0.9941222570532915,30,3566,4,4928,4928,10790,4096.286120707174,4096.513213049025,1024.0195072390145,1024.0349886104784,4.000203210729527,4.000364497904137
25030988B4,144,2083,144,1.0,0,17.29861111111111,20.0,3,20,4,0.027777777777777776,2033,0.9759961593855017,50,458,2,2019,2019,2491,4096.0,4096.403705893948,1024.0,1024.0,4.0,4.000394244037059
25030998B2,226,3001,226,1.0,0,25.809734513274336,27.5,4,36,4,0.017699115044247787,2942,0.9803398867044318,59,1885,4,2758,2757,5833,4096.392165444797,4096.513213049025,1024.01400475943,1024.0349886104784,4.000328263486158,4.000364497904137
25031267B2,162,2345,162,1.0,0,30.179012345679013,34.0,11,36,5,0.030864197530864196,2333,0.9948827292110874,12,1616,4,2247,2247,4889,4096.101105845181,4096.337879454465,1024.0252764612953,1024.0281550728623,4.0,4.000219973603167
25031271B2,143,1888,143,1.0,0,21.776223776223777,22.0,7,30,3,0.02097902097902098,1794,0.9502118644067796,94,981,4,1736,1716,3114,4096.409873248833,4096.098009188361,1024.0,1024.0245022970903,4.000400266844563,4.0
25031281B2,192,2839,192,1.0,0,31.463541666666668,36.0,10,36,2,0.010416666666666666,2830,0.9968298696724198,9,2001,4,2758,2756,6041,4096.031710640406,4096.153661464586,1024.0079276601016,1024.0384153661464,4.0,4.0
25031302B,245,3539,245,1.0,0,29.853061224489796,35.0,6,36,3,0.012244897959183673,3490,0.9861542808703023,49,2397,4,3355,3355,7314,4096.422120750888,4096.513213049025,1024.008116934589,1024.0349886104784,4.000380517503805,4.000364497904137
25031385B4,185,2588,185,1.0,0,29.021621621621623,32.0,6,36,2,0.010810810810810811,2559,0.9887944358578052,29,1775,4,2484,2484,5369,4096.147623362715,4096.513213049025,1024.0158164631257,1024.0349886104784,4.000082379108659,4.000364497904137
25031387B2,350,5205,350,1.0,0,31.091428571428573,36.0,8,36,5,0.014285714285714285,5160,0.9913544668587896,45,3579,4,4986,4986,10882,4096.341193356571,4096.513213049025,1024.006560906225,1024.0349886104784,4.000307566126717,4.000364497904137
25031411B3,45,537,45,1.0,0,17.755555555555556,17.0,4,29,1,0.022222222222222223,520,0.9683426443202979,17,219,4,468,468,799,4096.254853160776,4096.233629933835,1024.021236882492,1024.0,4.0001659200265465,4.000228154232261
25031706B,144,2044,144,1.0,0,28.618055555555557,32.0,6,36,4,0.027777777777777776,2008,0.9823874755381604,36,1343,4,1910,1909,4121,4096.1061946902655,4096.055846422339,1024.0265486725664,1024.0139616055847,4.0,4.0
25031706B2,257,3393,257,1.0,0,25.75875486381323,26.0,5,36,7,0.027237354085603113,3298,0.9720011788977306,95,2155,4,3114,3072,6620,4096.132931768616,4096.513213049025,1024.0066464158683,1024.0349886104784,4.000103852944231,4.000364497904137
25032143B2,95,1315,95,1.0,0,22.894736842105264,25.0,4,30,2,0.021052631578947368,1263,0.9604562737642586,52,678,4,1223,1211,2175,4096.279301745636,4096.613173652695,1024.0299240210404,1024.0,4.000155860349127,4.00059880239521
25032143B3,63,770,63,1.0,0,24.714285714285715,25.0,8,36,2,0.031746031746031744,770,1.0,0,516,4,745,745,1557,4096.044904402736,4096.455863647927,1024.011226100684,1024.0488394276629,4.0,4.000254388196388
25032146B2,20,241,20,1.0,0,21.0,20.5,12,30,3,0.15,237,0.983402489626556,4,127,4,223,223,420,4096.31283095723,4097.212695405021,1024.0260679191488,1024.0606204120293,4.0002036659877795,4.000947418285173
25032179B3,47,604,47,1.0,0,23.95744680851064,24.0,4,36,3,0.06382978723404255,595,0.9850993377483444,9,363,4,558,558,1126,4096.089416695773,4096.683661082787,1024.0223541739433,1024.0466075980094,4.0,4.000485554746298
25032245B2,62,677,62,1.0,0,13.67741935483871,12.5,4,24,2,0.03225806451612903,623,0.9202363367799113,54,224,3,584,581,848,4096.192713038242,4096.0,1024.009635289247,1024.0,4.000150557061127,4.0
25032360B2,189,2665,189,1.0,0,27.941798941798943,31.0,5,36,5,0.026455026455026454,2606,0.9778611632270169,59,1692,4,2429,2428,5281,4096.240853021117,4096.513213049025,1024.0066900120212,1024.0349886104784,4.0002090738030525,4.000364497904137
25032626B2,159,2265,159,1.0,0,24.69811320754717,27.0,7,30,1,0.006289308176100629,2242,0.9898454746136865,23,1239,4,2187,2184,3927,4096.331845023765,4096.474074074074,1024.0092172535465,1024.0,4.000288059916462,4.000462962962963
25032788B4,210,2883,210,1.0,0,26.771428571428572,29.0,6,36,7,0.03333333333333333,2835,0.9833506763787722,48,1817,4,2638,2638,5622,4096.42543762464,4096.513213049025,1024.0212701138285,1024.0349886104784,4.00033237314425,4.000364497904137
25032789B2,254,3767,254,1.0,0,30.055118110236222,34.5,9,36,2,0.007874015748031496,3722,0.9880541544996018,45,2487,4,3525,3525,7634,4096.289920724802,4096.513213049025,1024.0080528468072,1024.0349886104784,4.000251667295835,4.000364497904137
25033169B1,335,4928,335,1.0,0,31.095522388059702,35.0,5,36,4,0.011940298507462687,4906,0.9955357142857143,22,3439,4,4755,4755,10417,4096.289658293732,4096.513213049025,1024.014482095378,1024.0349886104784,4.000226295541979,4.000364497904137
25033178B4,294,4126,294,1.0,0,19.142857142857142,21.0,6,24,8,0.027210884353741496,3969,0.9619486185167232,157,1633,4,3859,3807,5628,4096.0,4096.513213049025,1024.0,1024.0349886104784,4.0,4.000364497904137
25033211B,217,2931,217,1.0,0,27.63594470046083,30.0,5,36,3,0.013824884792626729,2906,0.9914704878880928,25,1955,4,2802,2791,5997,4096.085676037484,4096.513213049025,1024.021419009371,1024.0349886104784,4.0,4.000364497904137
25033447B4,75,1054,75,1.0,0,20.333333333333332,21.0,8,30,5,0.06666666666666667,931,0.8833017077798861,123,453,4,893,878,1525,4096.367420165052,4096.513213049025,1024.0,1024.0349886104784,4.0003588087549335,4.000364497904137
25033482B2,101,1345,101,1.0,0,21.603960396039604,23.0,6,30,3,0.0297029702970297,1305,0.9702602230483272,40,661,4,1228,1228,2182,4096.350205198359,4096.645513763396,1024.0097271829165,1024.0,4.00030399756802,4.000630384534566
25033486B,281,3983,281,1.0,0,29.444839857651246,34.0,7,36,4,0.014234875444839857,3921,0.9844338438363043,62,2716,4,3784,3781,8274,4096.1657852131675,4096.513213049025,1024.0138150616551,1024.0349886104784,4.000107933081489,4.000364497904137
25033894B2,89,1110,89,1.0,0,16.685393258426966,17.0,5,25,4,0.0449438202247191,1036,0.9333333333333333,74,364,4,988,978,1485,4096.424075096632,4096.263849523319,1024.0,1024.0,4.000414135836555,4.000257665550116
25034245B2,174,2513,174,1.0,0,28.563218390804597,31.0,9,36,4,0.022988505747126436,2474,0.9844807003581377,39,1609,5,2310,2307,4970,4096.370136698212,4096.283123202831,1024.0252349346126,1024.0141553773847,4.000262881177707,4.000221190002211
25034327B2,336,5068,336,1.0,0,26.178571428571427,30.0,6,30,8,0.023809523809523808,4941,0.9749408050513023,127,2841,4,4797,4792,8796,4096.217225286381,4096.513213049025,1024.0,1024.0349886104784,4.0002121340687316,4.000364497904137
25034929B2,274,3840,274,1.0,0,23.835766423357665,27.0,1,30,4,0.014598540145985401,3719,0.9684895833333333,121,2071,4,3556,3548,6531,4096.367420165052,4096.513213049025,1024.0,1024.0349886104784,4.0003588087549335,4.000364497904137
25034940B9,134,1891,134,1.0,0,27.350746268656717,30.0,3,36,4,0.029850746268656716,1857,0.9820200951877314,34,1187,4,1716,1716,3665,4096.350205198359,4096.711817279047,1024.0097271829165,1024.025418259445,4.00030399756802,4.000595829195631
25034940B8,100,1391,100,1.0,0,28.79,32.0,8,36,3,0.03,1376,0.9892163910855499,15,942,4,1335,1335,2879,4096.621661000486,4096.068854222701,1024.0310792764355,1024.0172135556752,4.000485672656629,4.0
25034940B10,125,1689,125,1.0,0,28.128,31.0,9,36,2,0.016,1673,0.9905269390171699,16,1157,4,1631,1631,3516,4096.2906731549065,4096.798502807236,1024.031142289445,1024.0399189147045,4.0001622060016215,4.000623830318154
25034940B11,188,2700,188,1.0,0,29.319148936170212,33.0,8,36,6,0.031914893617021274,2666,0.9874074074074074,34,1805,4,2571,2557,5512,4096.2993762993765,4096.254827792156,1024.00831546807,1024.012740755487,4.000259875259875,4.000199084212622
25034940B12,110,1455,110,1.0,0,24.845454545454544,25.0,7,36,7,0.06363636363636363,1410,0.9690721649484536,45,869,4,1316,1303,2733,4096.413273542601,4096.337879454465,1024.0114787911398,1024.0281550728623,4.000358744394619,4.000219973603167
25035354B,268,3716,268,1.0,0,18.97761194029851,21.0,2,27,7,0.026119402985074626,3493,0.939989235737352,223,1276,4,3335,3330,5086,4096.367420165052,4096.599648643373,1024.0,1024.0,4.0003588087549335,4.000585594378294
25035354B2,127,1653,127,1.0,0,21.41732283464567,21.0,6,36,9,0.07086614173228346,1557,0.941923774954628,96,825,4,1341,1337,2720,4096.085661703196,4096.513213049025,1024.021415425799,1024.0349886104784,4.0,4.000364497904137
25035354B3,241,3318,241,1.0,0,22.311203319502074,24.0,3,30,6,0.024896265560165973,3167,0.9544906570223026,151,1649,4,2960,2960,5377,4096.269096005606,4096.3949093713845,1024.0074744525548,1024.0,4.000233590282644,4.000385653682993
25035882B3,137,1905,137,1.0,0,23.423357664233578,26.0,3,30,4,0.029197080291970802,1857,0.9748031496062992,48,1001,4,1773,1772,3209,4096.258520575612,4096.40424092037,1024.0,1024.0433090847573,4.000252461499621,4.000225580870742
25035882B4,114,1431,114,1.0,0,23.105263157894736,23.0,7,36,6,0.05263157894736842,1399,0.9776380153738644,32,842,4,1272,1272,2634,4096.33231059712,4096.70796460177,1024.0226562039059,1024.0353933360984,4.000236016049091,4.000553097345133
25036226B4,241,3409,241,1.0,0,27.62240663900415,31.0,8,36,1,0.004149377593360996,3333,0.9777060721619243,76,2151,4,3091,3085,6657,4096.201325693743,4096.513213049025,1024.021570004213,1024.0349886104784,4.000112346927311,4.000364497904137
25036333B3,59,697,59,1.0,0,24.966101694915253,27.0,8,36,3,0.05084745762711865,694,0.9956958393113343,3,494,5,698,693,1473,4096.296100462657,4097.428571428572,1024.0317237391052,1024.071408647141,4.0001652346331795,4.001116071428571
25036340B1,101,1318,101,1.0,0,22.138613861386137,23.0,5,30,5,0.04950495049504951,1287,0.9764795144157815,31,704,4,1228,1228,2236,4096.16376139453,4096.055846422339,1024.0,1024.0139616055847,4.000159923236846,4.0
25036341B,77,1072,77,1.0,0,24.415584415584416,27.0,4,30,1,0.012987012987012988,1068,0.996268656716418,4,608,4,1043,1043,1880,4096.126061799828,4096.060663507109,1024.0,1024.0151658767772,4.000123107226394,4.0
25036634B2,147,2063,147,1.0,0,16.35374149659864,18.0,4,20,6,0.04081632653061224,1943,0.941832283082889,120,451,3,1937,1915,2404,4096.0,4096.220975399223,1024.0,1024.0,4.0,4.000215796288304
25041732B,253,3838,253,1.0,0,21.513833992094863,24.0,6,24,4,0.015810276679841896,3755,0.9783741532047942,83,1686,3,3683,3680,5443,4096.456545000595,4096.0,1024.0228252147294,1024.0,4.000356675781714,4.0
25041763B,337,5032,337,1.0,0,21.51038575667656,24.0,3,24,10,0.02967359050445104,4962,0.9860890302066773,70,2287,2,4895,4895,7249,4096.0,4096.513213049025,1024.0,1024.0349886104784,4.0,4.000364497904137
25042220B2,356,5216,356,1.0,0,17.536516853932586,20.0,4,20,13,0.03651685393258427,5083,0.9745015337423313,133,1160,2,5023,5023,6243,4096.0,4096.384673178061,1024.0,1024.0,4.0,4.0003756574004505
25042465B3,197,2919,197,1.0,0,30.406091370558375,35.0,10,36,2,0.01015228426395939,2876,0.9852689277149709,43,1972,4,2761,2761,5990,4096.493052689503,4096.70796460177,1024.0176072079507,1024.0353933360984,4.0004127115146515,4.000553097345133
25042830B2,157,2308,157,1.0,0,30.32484076433121,34.0,9,36,1,0.006369426751592357,2296,0.9948006932409013,12,1561,4,2197,2197,4761,4096.485522822101,4096.059081467805,1024.024273839249,1024.0147703669513,4.000379314704767,4.0
25043126B2,84,1222,84,1.0,0,26.642857142857142,29.0,6,36,3,0.03571428571428571,1152,0.9427168576104746,70,719,4,1062,1062,2238,4096.289920724802,4096.513213049025,1024.0080528468072,1024.0349886104784,4.000251667295835,4.000364497904137
25043600B3,102,1399,102,1.0,0,19.058823529411764,21.0,7,24,2,0.0196078431372549,1367,0.9771265189421015,32,577,2,1325,1325,1944,4096.0,4096.237609058845,1024.0,1024.0118799016195,4.0,4.000185632077223
25044694B,290,4237,290,1.0,0,31.24137931034483,36.0,3,36,5,0.017241379310344827,4221,0.9962237432145385,16,2990,4,4122,4122,9060,4096.148405797101,4096.158024691358,1024.0074200747804,1024.0395061728395,4.000115942028986,4.0
25045403B,74,945,74,1.0,0,26.81081081081081,27.0,7,36,1,0.013513513513513514,945,1.0,0,660,4,931,931,1984,4096.457142857143,4096.192288432649,1024.022855102223,1024.0480721081622,4.000357142857142,4.0
25045403B-1,83,1115,83,1.0,0,23.49397590361446,28.0,4,30,4,0.04819277108433735,1114,0.9991031390134529,1,613,4,1080,1080,1950,4096.218461100839,4096.448042003938,1024.0182044444443,1024.0,4.000142227279192,4.000437541019471
25045403B2,79,1088,79,1.0,0,23.79746835443038,28.0,6,30,3,0.0379746835443038,1072,0.9852941176470589,16,607,4,1043,1043,1880,4096.571641235579,4096.382578992314,1024.0,1024.040988418637,4.00055824339412,4.0002134927412465
25045450B2,48,576,48,1.0,0,16.895833333333332,17.5,4,25,1,0.020833333333333332,559,0.9704861111111112,17,201,4,534,534,811,4096.403705893948,4096.766849725412,1024.0,1024.0,4.000394244037059,4.000748876684972
25045450B5,186,2587,186,1.0,0,29.370967741935484,34.5,8,36,2,0.010752688172043012,2566,0.9918824893699265,21,1820,4,2526,2523,5463,4096.223024268824,4096.777206912658,1024.023894713917,1024.0149436693714,4.000124455507156,4.0007006071929005
25045625B3,154,2225,154,1.0,0,21.642857142857142,25.0,4,25,4,0.025974025974025976,2203,0.9901123595505618,22,894,4,2179,2179,3333,4096.300955180015,4096.209621289662,1024.0,1024.0,4.0002939015429835,4.000204708290686
25045625B1,153,2202,153,1.0,0,24.88235294117647,29.0,5,30,4,0.026143790849673203,2167,0.9841053587647594,35,1209,4,2097,2097,3807,4096.424075096632,4096.3631205673755,1024.0,1024.0389038042651,4.000414135836555,4.000202634245188
25045625B2,232,3377,232,1.0,0,30.88362068965517,36.0,10,36,2,0.008620689655172414,3347,0.9911163754811964,30,2378,4,3276,3276,7165,4096.470588235294,4096.513213049025,1024.0235272493337,1024.0349886104784,4.000367647058823,4.000364497904137
25045676B4,245,3477,245,1.0,0,29.216326530612246,34.0,8,36,2,0.00816326530612245,3435,0.9879206212251941,42,2344,4,3301,3301,7158,4096.42543762464,4096.513213049025,1024.0212701138285,1024.0349886104784,4.00033237314425,4.000364497904137
25045801B2,136,1735,136,1.0,0,24.58823529411765,25.5,7,36,9,0.0661764705882353,1718,0.9902017291066283,17,1072,4,1601,1601,3344,4096.1061946902655,4096.749163879599,1024.0265486725664,1024.0267516589163,4.0,4.000627090301004
25045801B1,109,1546,109,1.0,0,22.98165137614679,24.0,6,30,0,0.0,1493,0.9657179818887451,53,764,4,1421,1421,2505,4096.226548672566,4096.199376947041,1024.0188783599424,1024.0,4.000147492625369,4.000194704049845
25045807B4,50,598,50,1.0,0,19.66,20.0,5,30,2,0.04,586,0.979933110367893,12,300,4,562,562,983,4096.647281921618,4096.271762208068,1024.0231140806284,1024.0,4.000541809644211,4.0002653927813165
25045829B2,298,4354,298,1.0,0,30.916107382550337,36.0,7,36,3,0.010067114093959731,4323,0.9928801102434544,31,3037,4,4197,4197,9213,4096.313725490196,4096.513213049025,1024.0213891828664,1024.0349886104784,4.000222816399287,4.000364497904137
25045839B,240,3188,240,1.0,0,27.483333333333334,29.5,8,36,3,0.0125,3172,0.9949811794228356,16,2157,4,3037,3037,6596,4096.381682641108,4096.150264136177,1024.0136304342038,1024.0375660340442,4.000319488817891,4.0
25046521B3,162,2300,162,1.0,0,29.993827160493826,33.0,7,36,2,0.012345679012345678,2288,0.9947826086956522,12,1609,4,2243,2243,4859,4096.587066197829,4096.528161749536,1024.0293499445868,1024.0264053635894,4.000458645467053,4.000412626366825
25046631B2,240,3437,240,1.0,0,29.041666666666668,33.0,9,36,8,0.03333333333333333,3376,0.9822519639220251,61,2281,4,3211,3210,6970,4096.358220889555,4096.513213049025,1024.0127926442296,1024.0349886104784,4.000299850074962,4.000364497904137
25046855B,228,3144,228,1.0,0,28.399122807017545,31.0,3,36,2,0.008771929824561403,3118,0.9917302798982188,26,2123,4,3021,3016,6475,4096.3267806995145,4096.513213049025,1024.016337992214,1024.0349886104784,4.0002552974214955,4.000364497904137
25047066B,194,2568,194,1.0,0,17.391752577319586,18.5,3,24,7,0.03608247422680412,2415,0.9404205607476636,153,951,3,2321,2313,3374,4096.0,4096.513213049025,1024.0,1024.0349886104784,4.0,4.000364497904137
25047067B2,194,2784,194,1.0,0,30.75257731958763,35.0,7,36,3,0.015463917525773196,2768,0.9942528735632183,16,1980,4,2733,2733,5966,4096.182878914156,4096.513213049025,1024.0152394559038,1024.0349886104784,4.00011906179307,4.000364497904137
25047077B2,189,2735,189,1.0,0,30.0,34.0,9,36,1,0.005291005291005291,2707,0.989762340036563,28,1858,4,2614,2614,5670,4096.1442091031995,4096.513213049025,1024.0072102520771,1024.0349886104784,4.000112663361874,4.000364497904137
25047088B,81,1126,81,1.0,0,23.567901234567902,25.0,10,30,6,0.07407407407407407,1120,0.9946714031971581,6,588,4,1064,1064,1909,4096.066415877545,4096.789108656563,1024.0166039693863,1024.0,4.0,4.000770613922425
25047401B2,209,2996,209,1.0,0,20.14354066985646,23.0,4,24,4,0.019138755980861243,2930,0.9779706275033377,66,1280,2,2864,2864,4210,4096.1657852131675,4096.0,1024.0138150616551,1024.0,4.000107933081489,4.0
25047538B2,122,1719,122,1.0,0,29.5327868852459,34.0,10,36,1,0.00819672131147541,1686,0.9808027923211169,33,1200,4,1664,1664,3603,4096.194504242118,4096.757224118316,1024.0162081737315,1024.014559517716,4.000126630365962,4.000682593856655
25047815B,203,2890,203,1.0,0,24.763546798029555,27.0,6,30,11,0.054187192118226604,2827,0.9782006920415225,63,1617,4,2753,2753,5027,4096.059708454811,4096.384673178061,1024.0149271137027,1024.0,4.0,4.0003756574004505
25047835B3,94,1239,94,1.0,0,22.648936170212767,24.0,6,36,5,0.05319148936170213,1161,0.937046004842615,78,652,4,1035,1034,2129,4096.2446639057025,4096.516823687753,1024.020387846932,1024.0143546035663,4.000159286396942,4.000448631673396
25047844B2,119,1542,119,1.0,0,16.22689075630252,18.0,3,24,6,0.05042016806722689,1429,0.9267185473411155,113,502,2,1334,1331,1931,4096.545222206446,4096.0,1024.027258207631,1024.0,4.000425954848786,4.0
25047972B2,211,3038,211,1.0,0,24.744075829383885,27.0,7,30,3,0.014218009478672985,2975,0.9792626728110599,63,1663,4,2859,2852,5221,4096.390889426136,4096.53781512605,1024.0,1024.0366657118304,4.000381727955211,4.0003819709702055
25048256B2,274,3921,274,1.0,0,28.313868613138688,32.0,5,36,8,0.029197080291970802,3801,0.9693955623565417,120,2520,4,3591,3589,7758,4096.403240324033,4096.513213049025,1024.0144002250036,1024.0349886104784,4.000337533753376,4.000364497904137
25048633B2,191,2771,191,1.0,0,23.56020942408377,26.0,6,30,1,0.005235602094240838,2642,0.9534464092385421,129,1385,4,2494,2487,4500,4096.408433048433,4096.384673178061,1024.0145856479503,1024.0,4.00034188034188,4.0003756574004505
25048669B2,347,4821,347,1.0,0,24.13256484149856,27.0,4,30,7,0.020172910662824207,4687,0.9722049367351172,134,2669,4,4571,4537,8374,4096.107891686861,4096.513213049025,1024.0,1024.0349886104784,4.00010536297545,4.000364497904137
25049669B3,287,4306,287,1.0,0,31.682926829268293,36.0,11,36,4,0.013937282229965157,4264,0.9902461681374826,42,3006,4,4141,4141,9093,4096.391575479468,4096.678017404464,1024.0075296332245,1024.0242114720763,4.0003529827038475,4.000567536889898
25049966B2,132,1912,132,1.0,0,29.825757575757574,33.5,10,36,2,0.015151515151515152,1888,0.9874476987447699,24,1301,4,1827,1827,3937,4096.077669902913,4096.111087003688,1024.0194174757282,1024.027771750922,4.0,4.0
25049999B2,201,2832,201,1.0,0,29.398009950248756,34.0,6,36,3,0.014925373134328358,2788,0.9844632768361582,44,1950,4,2685,2674,5909,4096.420459877992,4096.3631205673755,1024.0150151030823,1024.0389038042651,4.000351947442515,4.000202634245188
25050326B,126,1893,126,1.0,0,25.825396825396826,30.0,7,30,4,0.031746031746031744,1850,0.977284733227681,43,1036,4,1781,1781,3254,4096.448042003938,4096.513213049025,1024.0,1024.0349886104784,4.000437541019471,4.000364497904137
25050345B2,220,3075,220,1.0,0,28.03181818181818,31.5,6,36,5,0.022727272727272728,3006,0.9775609756097561,69,2000,4,2856,2844,6167,4096.470588235294,4096.489275854747,1024.0235272493337,1024.0135895530311,4.000367647058823,4.000424718623912
25050415B2,314,4480,314,1.0,0,28.038216560509554,30.0,8,36,6,0.01910828025477707,4379,0.9774553571428571,101,2853,4,4100,4098,8804,4096.176447420245,4096.528161749536,1024.0189046153846,1024.0264053635894,4.00009846396219,4.000412626366825
25050830B2,166,2153,166,1.0,0,26.150602409638555,28.0,6,36,2,0.012048192771084338,2116,0.9828146771946121,37,1415,4,2014,2011,4341,4096.046770804786,4096.616410446379,1024.0116927011966,1024.011852400574,4.0,4.000555658455269
25050862B2,282,4031,282,1.0,0,20.46099290780142,24.0,3,24,2,0.0070921985815602835,3937,0.9766807243860084,94,1819,4,3892,3872,5770,4096.0,4096.513213049025,1024.0,1024.0349886104784,4.0,4.000364497904137
25050888B2,108,1540,108,1.0,0,27.65740740740741,28.0,12,36,3,0.027777777777777776,1502,0.9753246753246754,38,965,4,1407,1407,2987,4096.493052689503,4096.180918727915,1024.0176072079507,1024.0452296819788,4.0004127115146515,4.0
25050888B3,81,1015,81,1.0,0,24.790123456790123,25.0,7,36,2,0.024691358024691357,1001,0.9862068965517241,14,663,4,957,953,2008,4096.051493513024,4096.749163879599,1024.012873378256,1024.0267516589163,4.0,4.000627090301004
25050984B2,243,3439,243,1.0,0,24.34156378600823,28.0,7,30,3,0.012345679012345678,3363,0.9779005524861878,76,1878,4,3231,3226,5915,4096.37879161529,4096.513213049025,1024.0,1024.0349886104784,4.000369913686806,4.000364497904137
25051008B4,153,1989,153,1.0,0,25.098039215686274,25.0,7,36,3,0.0196078431372549,1940,0.9753645047762695,49,1254,4,1834,1803,3840,4096.091987064319,4096.3631205673755,1024.0229967660798,1024.0389038042651,4.0,4.000202634245188
25051207B5,140,1969,140,1.0,0,18.314285714285713,20.0,4,24,4,0.02857142857142857,1857,0.9431183341797867,112,707,2,1756,1755,2564,4096.309469442579,4096.0,1024.0085957961185,1024.0,4.000268636668905,4.0
25052288B,96,1199,96,1.0,0,25.4375,27.0,9,36,6,0.0625,1190,0.9924937447873228,9,795,4,1132,1131,2442,4096.443255155044,4096.777206912658,1024.03021956402,1024.0149436693714,4.000314811899889,4.0007006071929005
25052316B,180,2539,180,1.0,0,24.805555555555557,28.0,4,30,6,0.03333333333333333,2498,0.9838519102008665,41,1438,4,2462,2443,4465,4096.151591413767,4096.143230138008,1024.0,1024.035807534502,4.000148038490007,4.0
25052654B2,69,939,69,1.0,0,18.217391304347824,19.0,5,28,5,0.07246376811594203,821,0.8743343982960596,118,341,4,725,715,1257,4096.455651142094,4096.3184871858675,1024.0,1024.0159233687878,4.000444971818451,4.000248818113959
25053425B2,117,1538,117,1.0,0,27.153846153846153,28.0,7,36,2,0.017094017094017096,1526,0.9921976592977894,12,1052,4,1488,1484,3177,4096.559737622989,4096.562774792379,1024.0199882881125,1024.015630724142,4.000468530376385,4.000488519785051
25053683B2,232,3292,232,1.0,0,29.517241379310345,33.5,8,36,1,0.004310344827586207,3254,0.988456865127582,38,2256,4,3139,3139,6848,4096.159800249688,4096.513213049025,1024.007989763116,1024.0349886104784,4.000124843945068,4.000364497904137
25054130B1,215,3032,215,1.0,0,20.130232558139536,23.0,6,24,7,0.03255813953488372,2990,0.9861477572559367,42,1328,4,2955,2938,4328,4096.06432160804,4096.0,1024.01608040201,1024.0,4.0,4.0
25054130B2,71,975,71,1.0,0,28.619718309859156,31.0,10,36,0,0.0,959,0.9835897435897436,16,677,4,945,945,2032,4096.2336070916435,4096.798502807236,1024.0250285155614,1024.0399189147045,4.000130361100247,4.000623830318154
25054212B,256,3745,256,1.0,0,24.7421875,28.0,6,30,9,0.03515625,3595,0.9599465954606141,150,2011,4,3459,3456,6334,4096.300263903821,4096.513213049025,1024.0,1024.0349886104784,4.0002932264685755,4.000364497904137
25054489B3,220,3278,220,1.0,0,24.963636363636365,27.0,6,30,10,0.045454545454545456,3188,0.9725442342892008,90,1708,4,3025,3025,5492,4096.124332200097,4096.093515981735,1024.0,1024.0233789954339,4.000121418164158,4.0
25054693B2,269,3966,269,1.0,0,31.193308550185872,36.0,9,36,4,0.01486988847583643,3927,0.9901664145234493,39,2774,4,3835,3810,8391,4096.190577475274,4096.111087003688,1024.0204184723366,1024.027771750922,4.000106349037542,4.0
25055380B2,319,4783,319,1.0,0,31.31974921630094,36.0,7,36,3,0.009404388714733543,4701,0.9828559481496968,82,3294,4,4553,4552,9991,4096.353347135956,4096.513213049025,1024.012618607517,1024.0349886104784,4.000295770482106,4.000364497904137
25055681B2,139,1913,139,1.0,0,29.071942446043167,32.0,8,36,2,0.014388489208633094,1907,0.9968635650810246,6,1340,4,1865,1865,4041,4096.194504242118,4096.157975933354,1024.0162081737315,1024.0394939833384,4.000126630365962,4.0
25055778B2,345,4815,345,1.0,0,28.269565217391303,31.0,8,36,11,0.03188405797101449,4734,0.983177570093458,81,3180,6,4568,4507,9753,4096.2421948912015,4096.513213049025,1024.0121091717515,1024.0349886104784,4.000189214758752,4.000364497904137
25055784B2,254,3530,254,1.0,0,29.153543307086615,32.0,9,36,5,0.01968503937007874,3503,0.9923512747875354,27,2430,4,3404,3404,7405,4096.433216487369,4096.421823507872,1024.0154706148965,1024.0117162471395,4.000362625407954,4.000366166239473
25055857B2,258,3413,258,1.0,0,24.391472868217054,25.0,8,36,9,0.03488372093023256,3311,0.9701142689715793,102,2048,4,3049,3030,6293,4096.04901866922,4096.513213049025,1024.012254667305,1024.0349886104784,4.0,4.000364497904137
25057854B3,102,1408,102,1.0,0,25.0,26.0,9,36,3,0.029411764705882353,1362,0.9673295454545454,46,809,4,1212,1212,2550,4096.354619753429,4096.513213049025,1024.0177297596786,1024.0349886104784,4.000277046682367,4.000364497904137
25057856B2,229,3470,229,1.0,0,31.541484716157207,35.0,10,36,3,0.013100436681222707,3436,0.9902017291066283,34,2371,4,3287,3287,7223,4096.164969712592,4096.464516129032,1024.0082482198666,1024.0129019252092,4.000128882587963,4.000403225806451
25057858B2,212,2892,212,1.0,0,23.17452830188679,25.0,3,30,4,0.018867924528301886,2817,0.9740663900414938,75,1558,4,2714,2712,4913,4096.396591789311,4096.513213049025,1024.0,1024.0349886104784,4.000387296669249,4.000364497904137
25057865B1,310,4598,310,1.0,0,31.135483870967743,35.0,8,36,3,0.00967741935483871,4567,0.9932579382340148,31,3182,4,4396,4396,9652,4096.176447420245,4096.513213049025,1024.0189046153846,1024.0349886104784,4.00009846396219,4.000364497904137
25058118B3,96,1259,96,1.0,0,26.65625,29.0,8,36,7,0.07291666666666667,1255,0.9968228752978554,4,835,4,1197,1197,2559,4096.395917104856,4096.068854222701,1024.019794324596,1024.0172135556752,4.000309310238169,4.0
25058118B4,275,3920,275,1.0,0,16.94909090909091,20.0,4,20,10,0.03636363636363636,3803,0.9701530612244897,117,858,2,3764,3759,4661,4096.0,4096.376678315248,1024.0,1024.0,4.0,4.000367849917234
25058627B2,209,2976,209,1.0,0,30.3444976076555,35.0,6,36,5,0.023923444976076555,2961,0.9949596774193549,15,2096,4,2881,2881,6342,4096.18851251841,4096.749163879599,1024.015708894548,1024.0267516589163,4.000122729504173,4.000627090301004
25058713B2,187,2745,187,1.0,0,23.080213903743317,24.0,8,30,3,0.016042780748663103,2530,0.9216757741347905,215,1329,4,2429,2386,4316,4096.058762768277,4096.384673178061,1024.0146906920693,1024.0,4.0,4.0003756574004505
25058746B4,182,2630,182,1.0,0,29.857142857142858,33.0,6,36,1,0.005494505494505495,2607,0.991254752851711,23,1781,4,2514,2514,5434,4096.436001572121,4096.513213049025,1024.0083838218438,1024.0349886104784,4.00039303026333,4.000364497904137
25059470B2,144,2019,144,1.0,0,26.430555555555557,27.0,8,36,3,0.020833333333333332,1969,0.9752352649826647,50,1197,5,1831,1821,3806,4096.215005599104,4096.513213049025,1024.0179165062814,1024.0349886104784,4.000139977603583,4.000364497904137
25059686B2,291,4295,291,1.0,0,30.40549828178694,34.0,7,36,5,0.01718213058419244,4236,0.9862630966239814,59,2895,4,4054,4054,8848,4096.403022670025,4096.513213049025,1024.0201495474223,1024.0349886104784,4.000314861460957,4.000364497904137
25060539B2,295,4445,295,1.0,0,32.52881355932203,36.0,5,36,2,0.006779661016949152,4435,0.9977502812148481,10,3176,4,4360,4360,9596,4096.175282437522,4096.513213049025,1024.0146064530854,1024.0349886104784,4.000114116170261,4.000364497904137
25061727B2,282,4032,282,1.0,0,30.421985815602838,35.0,7,36,3,0.010638297872340425,4025,0.9982638888888888,7,2842,4,3947,3947,8579,4096.42543762464,4096.513213049025,1024.0212701138285,1024.0349886104784,4.00033237314425,4.000364497904137
25062444B,191,2781,191,1.0,0,28.230366492146597,30.0,10,36,1,0.005235602094240838,2720,0.9780654440848615,61,1734,4,2515,2514,5392,4096.030754444979,4096.516823687753,1024.0076886112447,1024.0143546035663,4.0,4.000448631673396
25062891B4,55,714,55,1.0,0,17.12727272727273,16.0,6,30,3,0.05454545454545454,625,0.8753501400560224,89,253,4,560,560,942,4096.280279184344,4096.064499874024,1024.0,1024.016124968506,4.000273710140961,4.0
25063228B5,101,1242,101,1.0,0,24.128712871287128,24.0,6,36,2,0.019801980198019802,1224,0.9855072463768116,18,795,4,1156,1151,2437,4096.3811225249365,4096.94674556213,1024.0190547078525,1024.0473285265298,4.000297751972607,4.000739644970414
25063371B2,237,3277,237,1.0,0,27.261603375527425,30.0,6,36,11,0.046413502109704644,3205,0.9780286847726579,72,2080,4,3013,3008,6461,4096.413926916029,4096.513213049025,1024.0206946727385,1024.0349886104784,4.000323380403148,4.000364497904137
25063642B,131,1913,131,1.0,0,29.770992366412212,33.0,8,36,1,0.007633587786259542,1898,0.9921589127025614,15,1280,4,1809,1809,3900,4096.037547667937,4096.132780082988,1024.0093869169843,1024.033195020747,4.0,4.0
25063642B2,35,464,35,1.0,0,24.885714285714286,27.0,10,36,1,0.02857142857142857,461,0.9935344827586207,3,285,4,442,442,871,4096.646464646465,4096.292460015232,1024.0124302015051,1024.073115003808,4.000582750582751,4.0
25063676B,75,1079,75,1.0,0,29.92,33.0,9,36,0,0.0,1078,0.9990732159406858,1,740,4,1053,1053,2244,4096.069707283867,4096.337879454465,1024.0174268209666,1024.0281550728623,4.0,4.000219973603167
25063676B2,184,2436,184,1.0,0,23.820652173913043,26.0,6,30,2,0.010869565217391304,2423,0.9946633825944171,13,1423,4,2427,2387,4383,4096.152854072128,4096.376678315248,1024.0076424754457,1024.0,4.00011941724385,4.000367849917234
25063700B,107,1530,107,1.0,0,24.233644859813083,26.0,6,30,0,0.0,1496,0.9777777777777777,34,811,4,1423,1423,2593,4096.455863647927,4096.721634954193,1024.0488394276629,1024.0,4.000254388196388,4.000704721634954
