slide_id,scale,coord_h5_path,feature_h5_path,coord_h5_read_success,feature_h5_read_success,read_error,coord_coords_exists,feature_coords_exists,features_exists,coord_count,feature_coord_count,feature_count,coord_only_coordinate_count,feature_only_coordinate_count,coord_shape,feature_coord_shape,feature_shape,coord_dtype,feature_coord_dtype,feature_dtype,all_three_counts_equal,coord_shapes_equal,coordinate_values_and_order_equal,coordinate_multiset_equal,coordinate_set_equal,same_coordinates_different_order,row_mismatch_count,first_mismatch_index,alignment_ok
2460239-B2,5x,data/yiyuan/patches_coords_5x/patches_256/2460239-B2.h5,data/yiyuan/features_biomedclip_5x/2460239-B2.h5,True,True,,True,True,True,187,187,187,0,0,"[187,2]","[187,2]","[187,512]",int32,int64,float32,True,True,False,True,True,True,186,0,False
2460239-B2,20x,data/yiyuan/patches_coords_20x/patches_256/2460239-B2.h5,data/yiyuan/features_biomedclip_20x/2460239-B2.h5,True,True,,True,True,True,2592,2592,2592,0,0,"[2592,2]","[2592,2]","[2592,512]",int32,int64,float32,True,True,False,True,True,True,2592,0,False
2460242-B2,5x,data/yiyuan/patches_coords_5x/patches_256/2460242-B2.h5,data/yiyuan/features_biomedclip_5x/2460242-B2.h5,True,True,,True,True,True,426,426,426,0,0,"[426,2]","[426,2]","[426,512]",int32,int64,float32,True,True,False,True,True,True,426,0,False
2460242-B2,20x,data/yiyuan/patches_coords_20x/patches_256/2460242-B2.h5,data/yiyuan/features_biomedclip_20x/2460242-B2.h5,True,True,,True,True,True,6128,6128,6128,0,0,"[6128,2]","[6128,2]","[6128,512]",int32,int64,float32,True,True,False,True,True,True,6125,0,False
2460399-B2,5x,data/yiyuan/patches_coords_5x/patches_256/2460399-B2.h5,data/yiyuan/features_biomedclip_5x/2460399-B2.h5,True,True,,True,True,True,285,285,285,0,0,"[285,2]","[285,2]","[285,512]",int32,int64,float32,True,True,False,True,True,True,285,0,False
2460399-B2,20x,data/yiyuan/patches_coords_20x/patches_256/2460399-B2.h5,data/yiyuan/features_biomedclip_20x/2460399-B2.h5,True,True,,True,True,True,4103,4103,4103,0,0,"[4103,2]","[4103,2]","[4103,512]",int32,int64,float32,True,True,False,True,True,True,4103,0,False
2460404-B3,5x,data/yiyuan/patches_coords_5x/patches_256/2460404-B3.h5,data/yiyuan/features_biomedclip_5x/2460404-B3.h5,True,True,,True,True,True,308,308,308,0,0,"[308,2]","[308,2]","[308,512]",int32,int64,float32,True,True,False,True,True,True,308,0,False
2460404-B3,20x,data/yiyuan/patches_coords_20x/patches_256/2460404-B3.h5,data/yiyuan/features_biomedclip_20x/2460404-B3.h5,True,True,,True,True,True,4243,4243,4243,0,0,"[4243,2]","[4243,2]","[4243,512]",int32,int64,float32,True,True,False,True,True,True,4242,0,False
2460405-B2,5x,data/yiyuan/patches_coords_5x/patches_256/2460405-B2.h5,data/yiyuan/features_biomedclip_5x/2460405-B2.h5,True,True,,True,True,True,128,128,128,0,0,"[128,2]","[128,2]","[128,512]",int32,int64,float32,True,True,False,True,True,True,128,0,False
2460405-B2,20x,data/yiyuan/patches_coords_20x/patches_256/2460405-B2.h5,data/yiyuan/features_biomedclip_20x/2460405-B2.h5,True,True,,True,True,True,1742,1742,1742,0,0,"[1742,2]","[1742,2]","[1742,512]",int32,int64,float32,True,True,False,True,True,True,1741,0,False
2460591-B2,5x,data/yiyuan/patches_coords_5x/patches_256/2460591-B2.h5,data/yiyuan/features_biomedclip_5x/2460591-B2.h5,True,True,,True,True,True,253,253,253,0,0,"[253,2]","[253,2]","[253,512]",int32,int64,float32,True,True,False,True,True,True,253,0,False
2460591-B2,20x,data/yiyuan/patches_coords_20x/patches_256/2460591-B2.h5,data/yiyuan/features_biomedclip_20x/2460591-B2.h5,True,True,,True,True,True,3248,3248,3248,0,0,"[3248,2]","[3248,2]","[3248,512]",int32,int64,float32,True,True,False,True,True,True,3247,0,False
2460602-B,5x,data/yiyuan/patches_coords_5x/patches_256/2460602-B.h5,data/yiyuan/features_biomedclip_5x/2460602-B.h5,True,True,,True,True,True,252,252,252,0,0,"[252,2]","[252,2]","[252,512]",int32,int64,float32,True,True,False,True,True,True,252,0,False
2460602-B,20x,data/yiyuan/patches_coords_20x/patches_256/2460602-B.h5,data/yiyuan/features_biomedclip_20x/2460602-B.h5,True,True,,True,True,True,3707,3707,3707,0,0,"[3707,2]","[3707,2]","[3707,512]",int32,int64,float32,True,True,False,True,True,True,3705,0,False
2460628-B2,5x,data/yiyuan/patches_coords_5x/patches_256/2460628-B2.h5,data/yiyuan/features_biomedclip_5x/2460628-B2.h5,True,True,,True,True,True,190,190,190,0,0,"[190,2]","[190,2]","[190,512]",int32,int64,float32,True,True,False,True,True,True,190,0,False
2460628-B2,20x,data/yiyuan/patches_coords_20x/patches_256/2460628-B2.h5,data/yiyuan/features_biomedclip_20x/2460628-B2.h5,True,True,,True,True,True,2668,2668,2668,0,0,"[2668,2]","[2668,2]","[2668,512]",int32,int64,float32,True,True,False,True,True,True,2666,0,False
2460641-B2,5x,data/yiyuan/patches_coords_5x/patches_256/2460641-B2.h5,data/yiyuan/features_biomedclip_5x/2460641-B2.h5,True,True,,True,True,True,242,242,242,0,0,"[242,2]","[242,2]","[242,512]",int32,int64,float32,True,True,False,True,True,True,242,0,False
2460641-B2,20x,data/yiyuan/patches_coords_20x/patches_256/2460641-B2.h5,data/yiyuan/features_biomedclip_20x/2460641-B2.h5,True,True,,True,True,True,3511,3511,3511,0,0,"[3511,2]","[3511,2]","[3511,512]",int32,int64,float32,True,True,False,True,True,True,3510,0,False
2460643-B,5x,data/yiyuan/patches_coords_5x/patches_256/2460643-B.h5,data/yiyuan/features_biomedclip_5x/2460643-B.h5,True,True,,True,True,True,182,182,182,0,0,"[182,2]","[182,2]","[182,512]",int32,int64,float32,True,True,False,True,True,True,182,0,False
2460643-B,20x,data/yiyuan/patches_coords_20x/patches_256/2460643-B.h5,data/yiyuan/features_biomedclip_20x/2460643-B.h5,True,True,,True,True,True,2656,2656,2656,0,0,"[2656,2]","[2656,2]","[2656,512]",int32,int64,float32,True,True,False,True,True,True,2655,0,False
2460753-B2,5x,data/yiyuan/patches_coords_5x/patches_256/2460753-B2.h5,data/yiyuan/features_biomedclip_5x/2460753-B2.h5,True,True,,True,True,True,201,201,201,0,0,"[201,2]","[201,2]","[201,512]",int32,int64,float32,True,True,False,True,True,True,201,0,False
2460753-B2,20x,data/yiyuan/patches_coords_20x/patches_256/2460753-B2.h5,data/yiyuan/features_biomedclip_20x/2460753-B2.h5,True,True,,True,True,True,2859,2859,2859,0,0,"[2859,2]","[2859,2]","[2859,512]",int32,int64,float32,True,True,False,True,True,True,2859,0,False
2460770-B2,5x,data/yiyuan/patches_coords_5x/patches_256/2460770-B2.h5,data/yiyuan/features_biomedclip_5x/2460770-B2.h5,True,True,,True,True,True,181,181,181,0,0,"[181,2]","[181,2]","[181,512]",int32,int64,float32,True,True,False,True,True,True,181,0,False
2460770-B2,20x,data/yiyuan/patches_coords_20x/patches_256/2460770-B2.h5,data/yiyuan/features_biomedclip_20x/2460770-B2.h5,True,True,,True,True,True,2521,2521,2521,0,0,"[2521,2]","[2521,2]","[2521,512]",int32,int64,float32,True,True,False,True,True,True,2519,0,False
2460949-B3,5x,data/yiyuan/patches_coords_5x/patches_256/2460949-B3.h5,data/yiyuan/features_biomedclip_5x/2460949-B3.h5,True,True,,True,True,True,200,200,200,0,0,"[200,2]","[200,2]","[200,512]",int32,int64,float32,True,True,False,True,True,True,200,0,False
2460949-B3,20x,data/yiyuan/patches_coords_20x/patches_256/2460949-B3.h5,data/yiyuan/features_biomedclip_20x/2460949-B3.h5,True,True,,True,True,True,2813,2813,2813,0,0,"[2813,2]","[2813,2]","[2813,512]",int32,int64,float32,True,True,False,True,True,True,2813,0,False
2460960-B,5x,data/yiyuan/patches_coords_5x/patches_256/2460960-B.h5,data/yiyuan/features_biomedclip_5x/2460960-B.h5,True,True,,True,True,True,343,343,343,0,0,"[343,2]","[343,2]","[343,512]",int32,int64,float32,True,True,False,True,True,True,343,0,False
2460960-B,20x,data/yiyuan/patches_coords_20x/patches_256/2460960-B.h5,data/yiyuan/features_biomedclip_20x/2460960-B.h5,True,True,,True,True,True,4901,4901,4901,0,0,"[4901,2]","[4901,2]","[4901,512]",int32,int64,float32,True,True,False,True,True,True,4899,0,False
2460974-B2,5x,data/yiyuan/patches_coords_5x/patches_256/2460974-B2.h5,data/yiyuan/features_biomedclip_5x/2460974-B2.h5,True,True,,True,True,True,234,234,234,0,0,"[234,2]","[234,2]","[234,512]",int32,int64,float32,True,True,False,True,True,True,234,0,False
2460974-B2,20x,data/yiyuan/patches_coords_20x/patches_256/2460974-B2.h5,data/yiyuan/features_biomedclip_20x/2460974-B2.h5,True,True,,True,True,True,3353,3353,3353,0,0,"[3353,2]","[3353,2]","[3353,512]",int32,int64,float32,True,True,False,True,True,True,3353,0,False
2461002-B2,5x,data/yiyuan/patches_coords_5x/patches_256/2461002-B2.h5,data/yiyuan/features_biomedclip_5x/2461002-B2.h5,True,True,,True,True,True,135,135,135,0,0,"[135,2]","[135,2]","[135,512]",int32,int64,float32,True,True,False,True,True,True,135,0,False
2461002-B2,20x,data/yiyuan/patches_coords_20x/patches_256/2461002-B2.h5,data/yiyuan/features_biomedclip_20x/2461002-B2.h5,True,True,,True,True,True,1733,1733,1733,0,0,"[1733,2]","[1733,2]","[1733,512]",int32,int64,float32,True,True,False,True,True,True,1732,0,False
2461487-B2,5x,data/yiyuan/patches_coords_5x/patches_256/2461487-B2.h5,data/yiyuan/features_biomedclip_5x/2461487-B2.h5,True,True,,True,True,True,232,232,232,0,0,"[232,2]","[232,2]","[232,512]",int32,int64,float32,True,True,False,True,True,True,232,0,False
2461487-B2,20x,data/yiyuan/patches_coords_20x/patches_256/2461487-B2.h5,data/yiyuan/features_biomedclip_20x/2461487-B2.h5,True,True,,True,True,True,3195,3195,3195,0,0,"[3195,2]","[3195,2]","[3195,512]",int32,int64,float32,True,True,False,True,True,True,3193,0,False
2461671-B2,5x,data/yiyuan/patches_coords_5x/patches_256/2461671-B2.h5,data/yiyuan/features_biomedclip_5x/2461671-B2.h5,True,True,,True,True,True,328,328,328,0,0,"[328,2]","[328,2]","[328,512]",int32,int64,float32,True,True,False,True,True,True,328,0,False
2461671-B2,20x,data/yiyuan/patches_coords_20x/patches_256/2461671-B2.h5,data/yiyuan/features_biomedclip_20x/2461671-B2.h5,True,True,,True,True,True,4887,4887,4887,0,0,"[4887,2]","[4887,2]","[4887,512]",int32,int64,float32,True,True,False,True,True,True,4885,0,False
2461672-B2,5x,data/yiyuan/patches_coords_5x/patches_256/2461672-B2.h5,data/yiyuan/features_biomedclip_5x/2461672-B2.h5,True,True,,True,True,True,212,212,212,0,0,"[212,2]","[212,2]","[212,512]",int32,int64,float32,True,True,False,True,True,True,203,0,False
2461672-B2,20x,data/yiyuan/patches_coords_20x/patches_256/2461672-B2.h5,data/yiyuan/features_biomedclip_20x/2461672-B2.h5,True,True,,True,True,True,2880,2880,2880,0,0,"[2880,2]","[2880,2]","[2880,512]",int32,int64,float32,True,True,False,True,True,True,2880,0,False
2461677-B2,5x,data/yiyuan/patches_coords_5x/patches_256/2461677-B2.h5,data/yiyuan/features_biomedclip_5x/2461677-B2.h5,True,True,,True,True,True,60,60,60,0,0,"[60,2]","[60,2]","[60,512]",int32,int64,float32,True,True,False,True,True,True,56,0,False
2461677-B2,20x,data/yiyuan/patches_coords_20x/patches_256/2461677-B2.h5,data/yiyuan/features_biomedclip_20x/2461677-B2.h5,True,True,,True,True,True,812,812,812,0,0,"[812,2]","[812,2]","[812,512]",int32,int64,float32,True,True,False,True,True,True,811,0,False
2461698-B,5x,data/yiyuan/patches_coords_5x/patches_256/2461698-B.h5,data/yiyuan/features_biomedclip_5x/2461698-B.h5,True,True,,True,True,True,239,239,239,0,0,"[239,2]","[239,2]","[239,512]",int32,int64,float32,True,True,False,True,True,True,239,0,False
2461698-B,20x,data/yiyuan/patches_coords_20x/patches_256/2461698-B.h5,data/yiyuan/features_biomedclip_20x/2461698-B.h5,True,True,,True,True,True,3447,3447,3447,0,0,"[3447,2]","[3447,2]","[3447,512]",int32,int64,float32,True,True,False,True,True,True,3447,0,False
2461700-B2,5x,data/yiyuan/patches_coords_5x/patches_256/2461700-B2.h5,data/yiyuan/features_biomedclip_5x/2461700-B2.h5,True,True,,True,True,True,74,74,74,0,0,"[74,2]","[74,2]","[74,512]",int32,int64,float32,True,True,False,True,True,True,74,0,False
2461700-B2,20x,data/yiyuan/patches_coords_20x/patches_256/2461700-B2.h5,data/yiyuan/features_biomedclip_20x/2461700-B2.h5,True,True,,True,True,True,996,996,996,0,0,"[996,2]","[996,2]","[996,512]",int32,int64,float32,True,True,False,True,True,True,996,0,False
2461703-B3,5x,data/yiyuan/patches_coords_5x/patches_256/2461703-B3.h5,data/yiyuan/features_biomedclip_5x/2461703-B3.h5,True,True,,True,True,True,253,253,253,0,0,"[253,2]","[253,2]","[253,512]",int32,int64,float32,True,True,False,True,True,True,253,0,False
2461703-B3,20x,data/yiyuan/patches_coords_20x/patches_256/2461703-B3.h5,data/yiyuan/features_biomedclip_20x/2461703-B3.h5,True,True,,True,True,True,3694,3694,3694,0,0,"[3694,2]","[3694,2]","[3694,512]",int32,int64,float32,True,True,False,True,True,True,3694,0,False
2461718-B3,5x,data/yiyuan/patches_coords_5x/patches_256/2461718-B3.h5,data/yiyuan/features_biomedclip_5x/2461718-B3.h5,True,True,,True,True,True,82,82,82,0,0,"[82,2]","[82,2]","[82,512]",int32,int64,float32,True,True,False,True,True,True,82,0,False
2461718-B3,20x,data/yiyuan/patches_coords_20x/patches_256/2461718-B3.h5,data/yiyuan/features_biomedclip_20x/2461718-B3.h5,True,True,,True,True,True,1067,1067,1067,0,0,"[1067,2]","[1067,2]","[1067,512]",int32,int64,float32,True,True,False,True,True,True,1065,0,False
2461755-B3,5x,data/yiyuan/patches_coords_5x/patches_256/2461755-B3.h5,data/yiyuan/features_biomedclip_5x/2461755-B3.h5,True,True,,True,True,True,247,247,247,0,0,"[247,2]","[247,2]","[247,512]",int32,int64,float32,True,True,False,True,True,True,247,0,False
2461755-B3,20x,data/yiyuan/patches_coords_20x/patches_256/2461755-B3.h5,data/yiyuan/features_biomedclip_20x/2461755-B3.h5,True,True,,True,True,True,3325,3325,3325,0,0,"[3325,2]","[3325,2]","[3325,512]",int32,int64,float32,True,True,False,True,True,True,3325,0,False
2461836-B2,5x,data/yiyuan/patches_coords_5x/patches_256/2461836-B2.h5,data/yiyuan/features_biomedclip_5x/2461836-B2.h5,True,True,,True,True,True,144,144,144,0,0,"[144,2]","[144,2]","[144,512]",int32,int64,float32,True,True,False,True,True,True,144,0,False
2461836-B2,20x,data/yiyuan/patches_coords_20x/patches_256/2461836-B2.h5,data/yiyuan/features_biomedclip_20x/2461836-B2.h5,True,True,,True,True,True,1998,1998,1998,0,0,"[1998,2]","[1998,2]","[1998,512]",int32,int64,float32,True,True,False,True,True,True,1997,0,False
2461857-B2,5x,data/yiyuan/patches_coords_5x/patches_256/2461857-B2.h5,data/yiyuan/features_biomedclip_5x/2461857-B2.h5,True,True,,True,True,True,159,159,159,0,0,"[159,2]","[159,2]","[159,512]",int32,int64,float32,True,True,False,True,True,True,159,0,False
2461857-B2,20x,data/yiyuan/patches_coords_20x/patches_256/2461857-B2.h5,data/yiyuan/features_biomedclip_20x/2461857-B2.h5,True,True,,True,True,True,2091,2091,2091,0,0,"[2091,2]","[2091,2]","[2091,512]",int32,int64,float32,True,True,False,True,True,True,2091,0,False
2461861-B2,5x,data/yiyuan/patches_coords_5x/patches_256/2461861-B2.h5,data/yiyuan/features_biomedclip_5x/2461861-B2.h5,True,True,,True,True,True,62,62,62,0,0,"[62,2]","[62,2]","[62,512]",int32,int64,float32,True,True,False,True,True,True,61,0,False
2461861-B2,20x,data/yiyuan/patches_coords_20x/patches_256/2461861-B2.h5,data/yiyuan/features_biomedclip_20x/2461861-B2.h5,True,True,,True,True,True,890,890,890,0,0,"[890,2]","[890,2]","[890,512]",int32,int64,float32,True,True,False,True,True,True,890,0,False
2462123-B2,5x,data/yiyuan/patches_coords_5x/patches_256/2462123-B2.h5,data/yiyuan/features_biomedclip_5x/2462123-B2.h5,True,True,,True,True,True,122,122,122,0,0,"[122,2]","[122,2]","[122,512]",int32,int64,float32,True,True,False,True,True,True,115,0,False
2462123-B2,20x,data/yiyuan/patches_coords_20x/patches_256/2462123-B2.h5,data/yiyuan/features_biomedclip_20x/2462123-B2.h5,True,True,,True,True,True,1715,1715,1715,0,0,"[1715,2]","[1715,2]","[1715,512]",int32,int64,float32,True,True,False,True,True,True,1714,0,False
2462170-B4,5x,data/yiyuan/patches_coords_5x/patches_256/2462170-B4.h5,data/yiyuan/features_biomedclip_5x/2462170-B4.h5,True,True,,True,True,True,117,117,117,0,0,"[117,2]","[117,2]","[117,512]",int32,int64,float32,True,True,False,True,True,True,117,0,False
2462170-B4,20x,data/yiyuan/patches_coords_20x/patches_256/2462170-B4.h5,data/yiyuan/features_biomedclip_20x/2462170-B4.h5,True,True,,True,True,True,1562,1562,1562,0,0,"[1562,2]","[1562,2]","[1562,512]",int32,int64,float32,True,True,False,True,True,True,1561,0,False
2462290-B2,5x,data/yiyuan/patches_coords_5x/patches_256/2462290-B2.h5,data/yiyuan/features_biomedclip_5x/2462290-B2.h5,True,True,,True,True,True,286,286,286,0,0,"[286,2]","[286,2]","[286,512]",int32,int64,float32,True,True,False,True,True,True,286,0,False
2462290-B2,20x,data/yiyuan/patches_coords_20x/patches_256/2462290-B2.h5,data/yiyuan/features_biomedclip_20x/2462290-B2.h5,True,True,,True,True,True,4236,4236,4236,0,0,"[4236,2]","[4236,2]","[4236,512]",int32,int64,float32,True,True,False,True,True,True,4235,0,False
2462293-B3,5x,data/yiyuan/patches_coords_5x/patches_256/2462293-B3.h5,data/yiyuan/features_biomedclip_5x/2462293-B3.h5,True,True,,True,True,True,127,127,127,0,0,"[127,2]","[127,2]","[127,512]",int32,int64,float32,True,True,False,True,True,True,127,0,False
2462293-B3,20x,data/yiyuan/patches_coords_20x/patches_256/2462293-B3.h5,data/yiyuan/features_biomedclip_20x/2462293-B3.h5,True,True,,True,True,True,1781,1781,1781,0,0,"[1781,2]","[1781,2]","[1781,512]",int32,int64,float32,True,True,False,True,True,True,1780,0,False
2462478-B2,5x,data/yiyuan/patches_coords_5x/patches_256/2462478-B2.h5,data/yiyuan/features_biomedclip_5x/2462478-B2.h5,True,True,,True,True,True,152,152,152,0,0,"[152,2]","[152,2]","[152,512]",int32,int64,float32,True,True,False,True,True,True,151,0,False
2462478-B2,20x,data/yiyuan/patches_coords_20x/patches_256/2462478-B2.h5,data/yiyuan/features_biomedclip_20x/2462478-B2.h5,True,True,,True,True,True,2029,2029,2029,0,0,"[2029,2]","[2029,2]","[2029,512]",int32,int64,float32,True,True,False,True,True,True,2028,0,False
2462483-B,5x,data/yiyuan/patches_coords_5x/patches_256/2462483-B.h5,data/yiyuan/features_biomedclip_5x/2462483-B.h5,True,True,,True,True,True,85,85,85,0,0,"[85,2]","[85,2]","[85,512]",int32,int64,float32,True,True,False,True,True,True,85,0,False
2462483-B,20x,data/yiyuan/patches_coords_20x/patches_256/2462483-B.h5,data/yiyuan/features_biomedclip_20x/2462483-B.h5,True,True,,True,True,True,1108,1108,1108,0,0,"[1108,2]","[1108,2]","[1108,512]",int32,int64,float32,True,True,False,True,True,True,1108,0,False
2462598-B,5x,data/yiyuan/patches_coords_5x/patches_256/2462598-B.h5,data/yiyuan/features_biomedclip_5x/2462598-B.h5,True,True,,True,True,True,195,195,195,0,0,"[195,2]","[195,2]","[195,512]",int32,int64,float32,True,True,False,True,True,True,195,0,False
2462598-B,20x,data/yiyuan/patches_coords_20x/patches_256/2462598-B.h5,data/yiyuan/features_biomedclip_20x/2462598-B.h5,True,True,,True,True,True,2744,2744,2744,0,0,"[2744,2]","[2744,2]","[2744,512]",int32,int64,float32,True,True,False,True,True,True,2744,0,False
2462614-B3,5x,data/yiyuan/patches_coords_5x/patches_256/2462614-B3.h5,data/yiyuan/features_biomedclip_5x/2462614-B3.h5,True,True,,True,True,True,225,225,225,0,0,"[225,2]","[225,2]","[225,512]",int32,int64,float32,True,True,False,True,True,True,225,0,False
2462614-B3,20x,data/yiyuan/patches_coords_20x/patches_256/2462614-B3.h5,data/yiyuan/features_biomedclip_20x/2462614-B3.h5,True,True,,True,True,True,3283,3283,3283,0,0,"[3283,2]","[3283,2]","[3283,512]",int32,int64,float32,True,True,False,True,True,True,3283,0,False
2462637-B2,5x,data/yiyuan/patches_coords_5x/patches_256/2462637-B2.h5,data/yiyuan/features_biomedclip_5x/2462637-B2.h5,True,True,,True,True,True,277,277,277,0,0,"[277,2]","[277,2]","[277,512]",int32,int64,float32,True,True,False,True,True,True,277,0,False
2462637-B2,20x,data/yiyuan/patches_coords_20x/patches_256/2462637-B2.h5,data/yiyuan/features_biomedclip_20x/2462637-B2.h5,True,True,,True,True,True,3864,3864,3864,0,0,"[3864,2]","[3864,2]","[3864,512]",int32,int64,float32,True,True,False,True,True,True,3863,0,False
2462830-B2,5x,data/yiyuan/patches_coords_5x/patches_256/2462830-B2.h5,data/yiyuan/features_biomedclip_5x/2462830-B2.h5,True,True,,True,True,True,103,103,103,0,0,"[103,2]","[103,2]","[103,512]",int32,int64,float32,True,True,False,True,True,True,103,0,False
2462830-B2,20x,data/yiyuan/patches_coords_20x/patches_256/2462830-B2.h5,data/yiyuan/features_biomedclip_20x/2462830-B2.h5,True,True,,True,True,True,1417,1417,1417,0,0,"[1417,2]","[1417,2]","[1417,512]",int32,int64,float32,True,True,False,True,True,True,1417,0,False
2462830-B4,5x,data/yiyuan/patches_coords_5x/patches_256/2462830-B4.h5,data/yiyuan/features_biomedclip_5x/2462830-B4.h5,True,True,,True,True,True,210,210,210,0,0,"[210,2]","[210,2]","[210,512]",int32,int64,float32,True,True,False,True,True,True,210,0,False
2462830-B4,20x,data/yiyuan/patches_coords_20x/patches_256/2462830-B4.h5,data/yiyuan/features_biomedclip_20x/2462830-B4.h5,True,True,,True,True,True,3080,3080,3080,0,0,"[3080,2]","[3080,2]","[3080,512]",int32,int64,float32,True,True,False,True,True,True,3079,0,False
2462840-B5,5x,data/yiyuan/patches_coords_5x/patches_256/2462840-B5.h5,data/yiyuan/features_biomedclip_5x/2462840-B5.h5,True,True,,True,True,True,286,286,286,0,0,"[286,2]","[286,2]","[286,512]",int32,int64,float32,True,True,False,True,True,True,286,0,False
2462840-B5,20x,data/yiyuan/patches_coords_20x/patches_256/2462840-B5.h5,data/yiyuan/features_biomedclip_20x/2462840-B5.h5,True,True,,True,True,True,4219,4219,4219,0,0,"[4219,2]","[4219,2]","[4219,512]",int32,int64,float32,True,True,False,True,True,True,4219,0,False
2462885-B2,5x,data/yiyuan/patches_coords_5x/patches_256/2462885-B2.h5,data/yiyuan/features_biomedclip_5x/2462885-B2.h5,True,True,,True,True,True,272,272,272,0,0,"[272,2]","[272,2]","[272,512]",int32,int64,float32,True,True,False,True,True,True,272,0,False
2462885-B2,20x,data/yiyuan/patches_coords_20x/patches_256/2462885-B2.h5,data/yiyuan/features_biomedclip_20x/2462885-B2.h5,True,True,,True,True,True,3661,3661,3661,0,0,"[3661,2]","[3661,2]","[3661,512]",int32,int64,float32,True,True,False,True,True,True,3660,0,False
2462920-B3,5x,data/yiyuan/patches_coords_5x/patches_256/2462920-B3.h5,data/yiyuan/features_biomedclip_5x/2462920-B3.h5,True,True,,True,True,True,273,273,273,0,0,"[273,2]","[273,2]","[273,512]",int32,int64,float32,True,True,False,True,True,True,273,0,False
2462920-B3,20x,data/yiyuan/patches_coords_20x/patches_256/2462920-B3.h5,data/yiyuan/features_biomedclip_20x/2462920-B3.h5,True,True,,True,True,True,3827,3827,3827,0,0,"[3827,2]","[3827,2]","[3827,512]",int32,int64,float32,True,True,False,True,True,True,3826,0,False
2462921-B,5x,data/yiyuan/patches_coords_5x/patches_256/2462921-B.h5,data/yiyuan/features_biomedclip_5x/2462921-B.h5,True,True,,True,True,True,311,311,311,0,0,"[311,2]","[311,2]","[311,512]",int32,int64,float32,True,True,False,True,True,True,311,0,False
2462921-B,20x,data/yiyuan/patches_coords_20x/patches_256/2462921-B.h5,data/yiyuan/features_biomedclip_20x/2462921-B.h5,True,True,,True,True,True,4466,4466,4466,0,0,"[4466,2]","[4466,2]","[4466,512]",int32,int64,float32,True,True,False,True,True,True,4465,0,False
2462987-B2,5x,data/yiyuan/patches_coords_5x/patches_256/2462987-B2.h5,data/yiyuan/features_biomedclip_5x/2462987-B2.h5,True,True,,True,True,True,139,139,139,0,0,"[139,2]","[139,2]","[139,512]",int32,int64,float32,True,True,False,True,True,True,139,0,False
2462987-B2,20x,data/yiyuan/patches_coords_20x/patches_256/2462987-B2.h5,data/yiyuan/features_biomedclip_20x/2462987-B2.h5,True,True,,True,True,True,2010,2010,2010,0,0,"[2010,2]","[2010,2]","[2010,512]",int32,int64,float32,True,True,False,True,True,True,2009,0,False
2463126-B2,5x,data/yiyuan/patches_coords_5x/patches_256/2463126-B2.h5,data/yiyuan/features_biomedclip_5x/2463126-B2.h5,True,True,,True,True,True,144,144,144,0,0,"[144,2]","[144,2]","[144,512]",int32,int64,float32,True,True,False,True,True,True,79,0,False
2463126-B2,20x,data/yiyuan/patches_coords_20x/patches_256/2463126-B2.h5,data/yiyuan/features_biomedclip_20x/2463126-B2.h5,True,True,,True,True,True,2101,2101,2101,0,0,"[2101,2]","[2101,2]","[2101,512]",int32,int64,float32,True,True,False,True,True,True,2100,0,False
2463127-B3,5x,data/yiyuan/patches_coords_5x/patches_256/2463127-B3.h5,data/yiyuan/features_biomedclip_5x/2463127-B3.h5,True,True,,True,True,True,261,261,261,0,0,"[261,2]","[261,2]","[261,512]",int32,int64,float32,True,True,False,True,True,True,261,0,False
2463127-B3,20x,data/yiyuan/patches_coords_20x/patches_256/2463127-B3.h5,data/yiyuan/features_biomedclip_20x/2463127-B3.h5,True,True,,True,True,True,3791,3791,3791,0,0,"[3791,2]","[3791,2]","[3791,512]",int32,int64,float32,True,True,False,True,True,True,3790,0,False
2463135-B,5x,data/yiyuan/patches_coords_5x/patches_256/2463135-B.h5,data/yiyuan/features_biomedclip_5x/2463135-B.h5,True,True,,True,True,True,307,307,307,0,0,"[307,2]","[307,2]","[307,512]",int32,int64,float32,True,True,False,True,True,True,307,0,False
2463135-B,20x,data/yiyuan/patches_coords_20x/patches_256/2463135-B.h5,data/yiyuan/features_biomedclip_20x/2463135-B.h5,True,True,,True,True,True,4547,4547,4547,0,0,"[4547,2]","[4547,2]","[4547,512]",int32,int64,float32,True,True,False,True,True,True,4546,0,False
2463187-B2,5x,data/yiyuan/patches_coords_5x/patches_256/2463187-B2.h5,data/yiyuan/features_biomedclip_5x/2463187-B2.h5,True,True,,True,True,True,110,110,110,0,0,"[110,2]","[110,2]","[110,512]",int32,int64,float32,True,True,False,True,True,True,30,9,False
2463187-B2,20x,data/yiyuan/patches_coords_20x/patches_256/2463187-B2.h5,data/yiyuan/features_biomedclip_20x/2463187-B2.h5,True,True,,True,True,True,1511,1511,1511,0,0,"[1511,2]","[1511,2]","[1511,512]",int32,int64,float32,True,True,False,True,True,True,1510,0,False
2463351-B4,5x,data/yiyuan/patches_coords_5x/patches_256/2463351-B4.h5,data/yiyuan/features_biomedclip_5x/2463351-B4.h5,True,True,,True,True,True,175,175,175,0,0,"[175,2]","[175,2]","[175,512]",int32,int64,float32,True,True,False,True,True,True,175,0,False
2463351-B4,20x,data/yiyuan/patches_coords_20x/patches_256/2463351-B4.h5,data/yiyuan/features_biomedclip_20x/2463351-B4.h5,True,True,,True,True,True,2436,2436,2436,0,0,"[2436,2]","[2436,2]","[2436,512]",int32,int64,float32,True,True,False,True,True,True,2434,0,False
2463370-B2,5x,data/yiyuan/patches_coords_5x/patches_256/2463370-B2.h5,data/yiyuan/features_biomedclip_5x/2463370-B2.h5,True,True,,True,True,True,192,192,192,0,0,"[192,2]","[192,2]","[192,512]",int32,int64,float32,True,True,False,True,True,True,192,0,False
2463370-B2,20x,data/yiyuan/patches_coords_20x/patches_256/2463370-B2.h5,data/yiyuan/features_biomedclip_20x/2463370-B2.h5,True,True,,True,True,True,2726,2726,2726,0,0,"[2726,2]","[2726,2]","[2726,512]",int32,int64,float32,True,True,False,True,True,True,2725,0,False
2463379-B4,5x,data/yiyuan/patches_coords_5x/patches_256/2463379-B4.h5,data/yiyuan/features_biomedclip_5x/2463379-B4.h5,True,True,,True,True,True,153,153,153,0,0,"[153,2]","[153,2]","[153,512]",int32,int64,float32,True,True,False,True,True,True,153,0,False
2463379-B4,20x,data/yiyuan/patches_coords_20x/patches_256/2463379-B4.h5,data/yiyuan/features_biomedclip_20x/2463379-B4.h5,True,True,,True,True,True,2079,2079,2079,0,0,"[2079,2]","[2079,2]","[2079,512]",int32,int64,float32,True,True,False,True,True,True,2078,0,False
2463404-B2,5x,data/yiyuan/patches_coords_5x/patches_256/2463404-B2.h5,data/yiyuan/features_biomedclip_5x/2463404-B2.h5,True,True,,True,True,True,217,217,217,0,0,"[217,2]","[217,2]","[217,512]",int32,int64,float32,True,True,False,True,True,True,217,0,False
2463404-B2,20x,data/yiyuan/patches_coords_20x/patches_256/2463404-B2.h5,data/yiyuan/features_biomedclip_20x/2463404-B2.h5,True,True,,True,True,True,2935,2935,2935,0,0,"[2935,2]","[2935,2]","[2935,512]",int32,int64,float32,True,True,False,True,True,True,2933,0,False
2463643-B,5x,data/yiyuan/patches_coords_5x/patches_256/2463643-B.h5,data/yiyuan/features_biomedclip_5x/2463643-B.h5,True,True,,True,True,True,241,241,241,0,0,"[241,2]","[241,2]","[241,512]",int32,int64,float32,True,True,False,True,True,True,240,0,False
2463643-B,20x,data/yiyuan/patches_coords_20x/patches_256/2463643-B.h5,data/yiyuan/features_biomedclip_20x/2463643-B.h5,True,True,,True,True,True,3440,3440,3440,0,0,"[3440,2]","[3440,2]","[3440,512]",int32,int64,float32,True,True,False,True,True,True,3438,0,False
2463647-B2,5x,data/yiyuan/patches_coords_5x/patches_256/2463647-B2.h5,data/yiyuan/features_biomedclip_5x/2463647-B2.h5,True,True,,True,True,True,204,204,204,0,0,"[204,2]","[204,2]","[204,512]",int32,int64,float32,True,True,False,True,True,True,204,0,False
2463647-B2,20x,data/yiyuan/patches_coords_20x/patches_256/2463647-B2.h5,data/yiyuan/features_biomedclip_20x/2463647-B2.h5,True,True,,True,True,True,2934,2934,2934,0,0,"[2934,2]","[2934,2]","[2934,512]",int32,int64,float32,True,True,False,True,True,True,2933,0,False
2463656-B2,5x,data/yiyuan/patches_coords_5x/patches_256/2463656-B2.h5,data/yiyuan/features_biomedclip_5x/2463656-B2.h5,True,True,,True,True,True,157,157,157,0,0,"[157,2]","[157,2]","[157,512]",int32,int64,float32,True,True,False,True,True,True,157,0,False
2463656-B2,20x,data/yiyuan/patches_coords_20x/patches_256/2463656-B2.h5,data/yiyuan/features_biomedclip_20x/2463656-B2.h5,True,True,,True,True,True,2076,2076,2076,0,0,"[2076,2]","[2076,2]","[2076,512]",int32,int64,float32,True,True,False,True,True,True,2075,0,False
2463720-B7,5x,data/yiyuan/patches_coords_5x/patches_256/2463720-B7.h5,data/yiyuan/features_biomedclip_5x/2463720-B7.h5,True,True,,True,True,True,207,207,207,0,0,"[207,2]","[207,2]","[207,512]",int32,int64,float32,True,True,False,True,True,True,207,0,False
2463720-B7,20x,data/yiyuan/patches_coords_20x/patches_256/2463720-B7.h5,data/yiyuan/features_biomedclip_20x/2463720-B7.h5,True,True,,True,True,True,3024,3024,3024,0,0,"[3024,2]","[3024,2]","[3024,512]",int32,int64,float32,True,True,False,True,True,True,3024,0,False
2464404-B5,5x,data/yiyuan/patches_coords_5x/patches_256/2464404-B5.h5,data/yiyuan/features_biomedclip_5x/2464404-B5.h5,True,True,,True,True,True,207,207,207,0,0,"[207,2]","[207,2]","[207,512]",int32,int64,float32,True,True,False,True,True,True,207,0,False
2464404-B5,20x,data/yiyuan/patches_coords_20x/patches_256/2464404-B5.h5,data/yiyuan/features_biomedclip_20x/2464404-B5.h5,True,True,,True,True,True,2935,2935,2935,0,0,"[2935,2]","[2935,2]","[2935,512]",int32,int64,float32,True,True,False,True,True,True,2935,0,False
2464438-B5,5x,data/yiyuan/patches_coords_5x/patches_256/2464438-B5.h5,data/yiyuan/features_biomedclip_5x/2464438-B5.h5,True,True,,True,True,True,98,98,98,0,0,"[98,2]","[98,2]","[98,512]",int32,int64,float32,True,True,False,True,True,True,98,0,False
2464438-B5,20x,data/yiyuan/patches_coords_20x/patches_256/2464438-B5.h5,data/yiyuan/features_biomedclip_20x/2464438-B5.h5,True,True,,True,True,True,1244,1244,1244,0,0,"[1244,2]","[1244,2]","[1244,512]",int32,int64,float32,True,True,False,True,True,True,1243,0,False
2464443-B,5x,data/yiyuan/patches_coords_5x/patches_256/2464443-B.h5,data/yiyuan/features_biomedclip_5x/2464443-B.h5,True,True,,True,True,True,254,254,254,0,0,"[254,2]","[254,2]","[254,512]",int32,int64,float32,True,True,False,True,True,True,254,0,False
2464443-B,20x,data/yiyuan/patches_coords_20x/patches_256/2464443-B.h5,data/yiyuan/features_biomedclip_20x/2464443-B.h5,True,True,,True,True,True,3687,3687,3687,0,0,"[3687,2]","[3687,2]","[3687,512]",int32,int64,float32,True,True,False,True,True,True,3687,0,False
2464548-B,5x,data/yiyuan/patches_coords_5x/patches_256/2464548-B.h5,data/yiyuan/features_biomedclip_5x/2464548-B.h5,True,True,,True,True,True,337,337,337,0,0,"[337,2]","[337,2]","[337,512]",int32,int64,float32,True,True,False,True,True,True,337,0,False
2464548-B,20x,data/yiyuan/patches_coords_20x/patches_256/2464548-B.h5,data/yiyuan/features_biomedclip_20x/2464548-B.h5,True,True,,True,True,True,4999,4999,4999,0,0,"[4999,2]","[4999,2]","[4999,512]",int32,int64,float32,True,True,False,True,True,True,4997,0,False
2464690-B2,5x,data/yiyuan/patches_coords_5x/patches_256/2464690-B2.h5,data/yiyuan/features_biomedclip_5x/2464690-B2.h5,True,True,,True,True,True,244,244,244,0,0,"[244,2]","[244,2]","[244,512]",int32,int64,float32,True,True,False,True,True,True,244,0,False
2464690-B2,20x,data/yiyuan/patches_coords_20x/patches_256/2464690-B2.h5,data/yiyuan/features_biomedclip_20x/2464690-B2.h5,True,True,,True,True,True,3451,3451,3451,0,0,"[3451,2]","[3451,2]","[3451,512]",int32,int64,float32,True,True,False,True,True,True,3450,0,False
2464812-B3,5x,data/yiyuan/patches_coords_5x/patches_256/2464812-B3.h5,data/yiyuan/features_biomedclip_5x/2464812-B3.h5,True,True,,True,True,True,254,254,254,0,0,"[254,2]","[254,2]","[254,512]",int32,int64,float32,True,True,False,True,True,True,254,0,False
2464812-B3,20x,data/yiyuan/patches_coords_20x/patches_256/2464812-B3.h5,data/yiyuan/features_biomedclip_20x/2464812-B3.h5,True,True,,True,True,True,3682,3682,3682,0,0,"[3682,2]","[3682,2]","[3682,512]",int32,int64,float32,True,True,False,True,True,True,3679,0,False
2464817-B,5x,data/yiyuan/patches_coords_5x/patches_256/2464817-B.h5,data/yiyuan/features_biomedclip_5x/2464817-B.h5,True,True,,True,True,True,265,265,265,0,0,"[265,2]","[265,2]","[265,512]",int32,int64,float32,True,True,False,True,True,True,265,0,False
2464817-B,20x,data/yiyuan/patches_coords_20x/patches_256/2464817-B.h5,data/yiyuan/features_biomedclip_20x/2464817-B.h5,True,True,,True,True,True,3919,3919,3919,0,0,"[3919,2]","[3919,2]","[3919,512]",int32,int64,float32,True,True,False,True,True,True,3918,0,False
2464879-B2,5x,data/yiyuan/patches_coords_5x/patches_256/2464879-B2.h5,data/yiyuan/features_biomedclip_5x/2464879-B2.h5,True,True,,True,True,True,268,268,268,0,0,"[268,2]","[268,2]","[268,512]",int32,int64,float32,True,True,False,True,True,True,268,0,False
2464879-B2,20x,data/yiyuan/patches_coords_20x/patches_256/2464879-B2.h5,data/yiyuan/features_biomedclip_20x/2464879-B2.h5,True,True,,True,True,True,3955,3955,3955,0,0,"[3955,2]","[3955,2]","[3955,512]",int32,int64,float32,True,True,False,True,True,True,3954,0,False
2464929-B,5x,data/yiyuan/patches_coords_5x/patches_256/2464929-B.h5,data/yiyuan/features_biomedclip_5x/2464929-B.h5,True,True,,True,True,True,291,291,291,0,0,"[291,2]","[291,2]","[291,512]",int32,int64,float32,True,True,False,True,True,True,291,0,False
2464929-B,20x,data/yiyuan/patches_coords_20x/patches_256/2464929-B.h5,data/yiyuan/features_biomedclip_20x/2464929-B.h5,True,True,,True,True,True,4295,4295,4295,0,0,"[4295,2]","[4295,2]","[4295,512]",int32,int64,float32,True,True,False,True,True,True,4294,0,False
2464943-B2,5x,data/yiyuan/patches_coords_5x/patches_256/2464943-B2.h5,data/yiyuan/features_biomedclip_5x/2464943-B2.h5,True,True,,True,True,True,323,323,323,0,0,"[323,2]","[323,2]","[323,512]",int32,int64,float32,True,True,False,True,True,True,321,0,False
2464943-B2,20x,data/yiyuan/patches_coords_20x/patches_256/2464943-B2.h5,data/yiyuan/features_biomedclip_20x/2464943-B2.h5,True,True,,True,True,True,4501,4501,4501,0,0,"[4501,2]","[4501,2]","[4501,512]",int32,int64,float32,True,True,False,True,True,True,4499,0,False
2465202-B3,5x,data/yiyuan/patches_coords_5x/patches_256/2465202-B3.h5,data/yiyuan/features_biomedclip_5x/2465202-B3.h5,True,True,,True,True,True,269,269,269,0,0,"[269,2]","[269,2]","[269,512]",int32,int64,float32,True,True,False,True,True,True,232,0,False
2465202-B3,20x,data/yiyuan/patches_coords_20x/patches_256/2465202-B3.h5,data/yiyuan/features_biomedclip_20x/2465202-B3.h5,True,True,,True,True,True,3876,3876,3876,0,0,"[3876,2]","[3876,2]","[3876,512]",int32,int64,float32,True,True,False,True,True,True,3875,0,False
2465243-B2,5x,data/yiyuan/patches_coords_5x/patches_256/2465243-B2.h5,data/yiyuan/features_biomedclip_5x/2465243-B2.h5,True,True,,True,True,True,348,348,348,0,0,"[348,2]","[348,2]","[348,512]",int32,int64,float32,True,True,False,True,True,True,348,0,False
2465243-B2,20x,data/yiyuan/patches_coords_20x/patches_256/2465243-B2.h5,data/yiyuan/features_biomedclip_20x/2465243-B2.h5,True,True,,True,True,True,5204,5204,5204,0,0,"[5204,2]","[5204,2]","[5204,512]",int32,int64,float32,True,True,False,True,True,True,5203,0,False
2465263-B2,5x,data/yiyuan/patches_coords_5x/patches_256/2465263-B2.h5,data/yiyuan/features_biomedclip_5x/2465263-B2.h5,True,True,,True,True,True,163,163,163,0,0,"[163,2]","[163,2]","[163,512]",int32,int64,float32,True,True,False,True,True,True,163,0,False
2465263-B2,20x,data/yiyuan/patches_coords_20x/patches_256/2465263-B2.h5,data/yiyuan/features_biomedclip_20x/2465263-B2.h5,True,True,,True,True,True,2322,2322,2322,0,0,"[2322,2]","[2322,2]","[2322,512]",int32,int64,float32,True,True,False,True,True,True,2321,0,False
2465339-B2,5x,data/yiyuan/patches_coords_5x/patches_256/2465339-B2.h5,data/yiyuan/features_biomedclip_5x/2465339-B2.h5,True,True,,True,True,True,427,427,427,0,0,"[427,2]","[427,2]","[427,512]",int32,int64,float32,True,True,False,True,True,True,427,0,False
2465339-B2,20x,data/yiyuan/patches_coords_20x/patches_256/2465339-B2.h5,data/yiyuan/features_biomedclip_20x/2465339-B2.h5,True,True,,True,True,True,6254,6254,6254,0,0,"[6254,2]","[6254,2]","[6254,512]",int32,int64,float32,True,True,False,True,True,True,6252,0,False
2465367-B3,5x,data/yiyuan/patches_coords_5x/patches_256/2465367-B3.h5,data/yiyuan/features_biomedclip_5x/2465367-B3.h5,True,True,,True,True,True,125,125,125,0,0,"[125,2]","[125,2]","[125,512]",int32,int64,float32,True,True,False,True,True,True,125,0,False
2465367-B3,20x,data/yiyuan/patches_coords_20x/patches_256/2465367-B3.h5,data/yiyuan/features_biomedclip_20x/2465367-B3.h5,True,True,,True,True,True,1600,1600,1600,0,0,"[1600,2]","[1600,2]","[1600,512]",int32,int64,float32,True,True,False,True,True,True,1599,0,False
2465396-B2,5x,data/yiyuan/patches_coords_5x/patches_256/2465396-B2.h5,data/yiyuan/features_biomedclip_5x/2465396-B2.h5,True,True,,True,True,True,165,165,165,0,0,"[165,2]","[165,2]","[165,512]",int32,int64,float32,True,True,False,True,True,True,165,0,False
2465396-B2,20x,data/yiyuan/patches_coords_20x/patches_256/2465396-B2.h5,data/yiyuan/features_biomedclip_20x/2465396-B2.h5,True,True,,True,True,True,2463,2463,2463,0,0,"[2463,2]","[2463,2]","[2463,512]",int32,int64,float32,True,True,False,True,True,True,2462,0,False
2465397-B,5x,data/yiyuan/patches_coords_5x/patches_256/2465397-B.h5,data/yiyuan/features_biomedclip_5x/2465397-B.h5,True,True,,True,True,True,157,157,157,0,0,"[157,2]","[157,2]","[157,512]",int32,int64,float32,True,True,False,True,True,True,157,0,False
2465397-B,20x,data/yiyuan/patches_coords_20x/patches_256/2465397-B.h5,data/yiyuan/features_biomedclip_20x/2465397-B.h5,True,True,,True,True,True,2289,2289,2289,0,0,"[2289,2]","[2289,2]","[2289,512]",int32,int64,float32,True,True,False,True,True,True,2288,0,False
2465568-B2,5x,data/yiyuan/patches_coords_5x/patches_256/2465568-B2.h5,data/yiyuan/features_biomedclip_5x/2465568-B2.h5,True,True,,True,True,True,188,188,188,0,0,"[188,2]","[188,2]","[188,512]",int32,int64,float32,True,True,False,True,True,True,188,0,False
2465568-B2,20x,data/yiyuan/patches_coords_20x/patches_256/2465568-B2.h5,data/yiyuan/features_biomedclip_20x/2465568-B2.h5,True,True,,True,True,True,2648,2648,2648,0,0,"[2648,2]","[2648,2]","[2648,512]",int32,int64,float32,True,True,False,True,True,True,2647,0,False
2465608-B2,5x,data/yiyuan/patches_coords_5x/patches_256/2465608-B2.h5,data/yiyuan/features_biomedclip_5x/2465608-B2.h5,True,True,,True,True,True,259,259,259,0,0,"[259,2]","[259,2]","[259,512]",int32,int64,float32,True,True,False,True,True,True,259,0,False
2465608-B2,20x,data/yiyuan/patches_coords_20x/patches_256/2465608-B2.h5,data/yiyuan/features_biomedclip_20x/2465608-B2.h5,True,True,,True,True,True,3741,3741,3741,0,0,"[3741,2]","[3741,2]","[3741,512]",int32,int64,float32,True,True,False,True,True,True,3738,0,False
2465625-B,5x,data/yiyuan/patches_coords_5x/patches_256/2465625-B.h5,data/yiyuan/features_biomedclip_5x/2465625-B.h5,True,True,,True,True,True,172,172,172,0,0,"[172,2]","[172,2]","[172,512]",int32,int64,float32,True,True,False,True,True,True,172,0,False
2465625-B,20x,data/yiyuan/patches_coords_20x/patches_256/2465625-B.h5,data/yiyuan/features_biomedclip_20x/2465625-B.h5,True,True,,True,True,True,2395,2395,2395,0,0,"[2395,2]","[2395,2]","[2395,512]",int32,int64,float32,True,True,False,True,True,True,2395,0,False
2465636-B,5x,data/yiyuan/patches_coords_5x/patches_256/2465636-B.h5,data/yiyuan/features_biomedclip_5x/2465636-B.h5,True,True,,True,True,True,230,230,230,0,0,"[230,2]","[230,2]","[230,512]",int32,int64,float32,True,True,False,True,True,True,230,0,False
2465636-B,20x,data/yiyuan/patches_coords_20x/patches_256/2465636-B.h5,data/yiyuan/features_biomedclip_20x/2465636-B.h5,True,True,,True,True,True,3335,3335,3335,0,0,"[3335,2]","[3335,2]","[3335,512]",int32,int64,float32,True,True,False,True,True,True,3335,0,False
2465639-B2,5x,data/yiyuan/patches_coords_5x/patches_256/2465639-B2.h5,data/yiyuan/features_biomedclip_5x/2465639-B2.h5,True,True,,True,True,True,137,137,137,0,0,"[137,2]","[137,2]","[137,512]",int32,int64,float32,True,True,False,True,True,True,137,0,False
2465639-B2,20x,data/yiyuan/patches_coords_20x/patches_256/2465639-B2.h5,data/yiyuan/features_biomedclip_20x/2465639-B2.h5,True,True,,True,True,True,1782,1782,1782,0,0,"[1782,2]","[1782,2]","[1782,512]",int32,int64,float32,True,True,False,True,True,True,1781,0,False
2465643-B3,5x,data/yiyuan/patches_coords_5x/patches_256/2465643-B3.h5,data/yiyuan/features_biomedclip_5x/2465643-B3.h5,True,True,,True,True,True,251,251,251,0,0,"[251,2]","[251,2]","[251,512]",int32,int64,float32,True,True,False,True,True,True,251,0,False
2465643-B3,20x,data/yiyuan/patches_coords_20x/patches_256/2465643-B3.h5,data/yiyuan/features_biomedclip_20x/2465643-B3.h5,True,True,,True,True,True,3735,3735,3735,0,0,"[3735,2]","[3735,2]","[3735,512]",int32,int64,float32,True,True,False,True,True,True,3733,0,False
2465661-B2,5x,data/yiyuan/patches_coords_5x/patches_256/2465661-B2.h5,data/yiyuan/features_biomedclip_5x/2465661-B2.h5,True,True,,True,True,True,189,189,189,0,0,"[189,2]","[189,2]","[189,512]",int32,int64,float32,True,True,False,True,True,True,189,0,False
2465661-B2,20x,data/yiyuan/patches_coords_20x/patches_256/2465661-B2.h5,data/yiyuan/features_biomedclip_20x/2465661-B2.h5,True,True,,True,True,True,2618,2618,2618,0,0,"[2618,2]","[2618,2]","[2618,512]",int32,int64,float32,True,True,False,True,True,True,2618,0,False
2465795-B4,5x,data/yiyuan/patches_coords_5x/patches_256/2465795-B4.h5,data/yiyuan/features_biomedclip_5x/2465795-B4.h5,True,True,,True,True,True,293,293,293,0,0,"[293,2]","[293,2]","[293,512]",int32,int64,float32,True,True,False,True,True,True,293,0,False
2465795-B4,20x,data/yiyuan/patches_coords_20x/patches_256/2465795-B4.h5,data/yiyuan/features_biomedclip_20x/2465795-B4.h5,True,True,,True,True,True,4156,4156,4156,0,0,"[4156,2]","[4156,2]","[4156,512]",int32,int64,float32,True,True,False,True,True,True,4155,0,False
2465827-B5,5x,data/yiyuan/patches_coords_5x/patches_256/2465827-B5.h5,data/yiyuan/features_biomedclip_5x/2465827-B5.h5,True,True,,True,True,True,211,211,211,0,0,"[211,2]","[211,2]","[211,512]",int32,int64,float32,True,True,False,True,True,True,211,0,False
2465827-B5,20x,data/yiyuan/patches_coords_20x/patches_256/2465827-B5.h5,data/yiyuan/features_biomedclip_20x/2465827-B5.h5,True,True,,True,True,True,3054,3054,3054,0,0,"[3054,2]","[3054,2]","[3054,512]",int32,int64,float32,True,True,False,True,True,True,3053,0,False
2465843-B2,5x,data/yiyuan/patches_coords_5x/patches_256/2465843-B2.h5,data/yiyuan/features_biomedclip_5x/2465843-B2.h5,True,True,,True,True,True,269,269,269,0,0,"[269,2]","[269,2]","[269,512]",int32,int64,float32,True,True,False,True,True,True,269,0,False
2465843-B2,20x,data/yiyuan/patches_coords_20x/patches_256/2465843-B2.h5,data/yiyuan/features_biomedclip_20x/2465843-B2.h5,True,True,,True,True,True,3656,3656,3656,0,0,"[3656,2]","[3656,2]","[3656,512]",int32,int64,float32,True,True,False,True,True,True,3655,0,False
2465989-B2,5x,data/yiyuan/patches_coords_5x/patches_256/2465989-B2.h5,data/yiyuan/features_biomedclip_5x/2465989-B2.h5,True,True,,True,True,True,205,205,205,0,0,"[205,2]","[205,2]","[205,512]",int32,int64,float32,True,True,False,True,True,True,205,0,False
2465989-B2,20x,data/yiyuan/patches_coords_20x/patches_256/2465989-B2.h5,data/yiyuan/features_biomedclip_20x/2465989-B2.h5,True,True,,True,True,True,2922,2922,2922,0,0,"[2922,2]","[2922,2]","[2922,512]",int32,int64,float32,True,True,False,True,True,True,2920,0,False
2466152-B2,5x,data/yiyuan/patches_coords_5x/patches_256/2466152-B2.h5,data/yiyuan/features_biomedclip_5x/2466152-B2.h5,True,True,,True,True,True,155,155,155,0,0,"[155,2]","[155,2]","[155,512]",int32,int64,float32,True,True,False,True,True,True,155,0,False
2466152-B2,20x,data/yiyuan/patches_coords_20x/patches_256/2466152-B2.h5,data/yiyuan/features_biomedclip_20x/2466152-B2.h5,True,True,,True,True,True,2250,2250,2250,0,0,"[2250,2]","[2250,2]","[2250,512]",int32,int64,float32,True,True,False,True,True,True,2248,0,False
2466159-B2,5x,data/yiyuan/patches_coords_5x/patches_256/2466159-B2.h5,data/yiyuan/features_biomedclip_5x/2466159-B2.h5,True,True,,True,True,True,234,234,234,0,0,"[234,2]","[234,2]","[234,512]",int32,int64,float32,True,True,False,True,True,True,234,0,False
2466159-B2,20x,data/yiyuan/patches_coords_20x/patches_256/2466159-B2.h5,data/yiyuan/features_biomedclip_20x/2466159-B2.h5,True,True,,True,True,True,3385,3385,3385,0,0,"[3385,2]","[3385,2]","[3385,512]",int32,int64,float32,True,True,False,True,True,True,3385,0,False
2466264-B2,5x,data/yiyuan/patches_coords_5x/patches_256/2466264-B2.h5,data/yiyuan/features_biomedclip_5x/2466264-B2.h5,True,True,,True,True,True,188,188,188,0,0,"[188,2]","[188,2]","[188,512]",int32,int64,float32,True,True,False,True,True,True,188,0,False
2466264-B2,20x,data/yiyuan/patches_coords_20x/patches_256/2466264-B2.h5,data/yiyuan/features_biomedclip_20x/2466264-B2.h5,True,True,,True,True,True,2653,2653,2653,0,0,"[2653,2]","[2653,2]","[2653,512]",int32,int64,float32,True,True,False,True,True,True,2651,0,False
2466285-B,5x,data/yiyuan/patches_coords_5x/patches_256/2466285-B.h5,data/yiyuan/features_biomedclip_5x/2466285-B.h5,True,True,,True,True,True,154,154,154,0,0,"[154,2]","[154,2]","[154,512]",int32,int64,float32,True,True,False,True,True,True,154,0,False
2466285-B,20x,data/yiyuan/patches_coords_20x/patches_256/2466285-B.h5,data/yiyuan/features_biomedclip_20x/2466285-B.h5,True,True,,True,True,True,2263,2263,2263,0,0,"[2263,2]","[2263,2]","[2263,512]",int32,int64,float32,True,True,False,True,True,True,2260,0,False
2466580-B5,5x,data/yiyuan/patches_coords_5x/patches_256/2466580-B5.h5,data/yiyuan/features_biomedclip_5x/2466580-B5.h5,True,True,,True,True,True,102,102,102,0,0,"[102,2]","[102,2]","[102,512]",int32,int64,float32,True,True,False,True,True,True,96,0,False
2466580-B5,20x,data/yiyuan/patches_coords_20x/patches_256/2466580-B5.h5,data/yiyuan/features_biomedclip_20x/2466580-B5.h5,True,True,,True,True,True,1408,1408,1408,0,0,"[1408,2]","[1408,2]","[1408,512]",int32,int64,float32,True,True,False,True,True,True,1408,0,False
2466581-B1,5x,data/yiyuan/patches_coords_5x/patches_256/2466581-B1.h5,data/yiyuan/features_biomedclip_5x/2466581-B1.h5,True,True,,True,True,True,300,300,300,0,0,"[300,2]","[300,2]","[300,512]",int32,int64,float32,True,True,False,True,True,True,300,0,False
2466581-B1,20x,data/yiyuan/patches_coords_20x/patches_256/2466581-B1.h5,data/yiyuan/features_biomedclip_20x/2466581-B1.h5,True,True,,True,True,True,4444,4444,4444,0,0,"[4444,2]","[4444,2]","[4444,512]",int32,int64,float32,True,True,False,True,True,True,4443,0,False
2466581-B2,5x,data/yiyuan/patches_coords_5x/patches_256/2466581-B2.h5,data/yiyuan/features_biomedclip_5x/2466581-B2.h5,True,True,,True,True,True,175,175,175,0,0,"[175,2]","[175,2]","[175,512]",int32,int64,float32,True,True,False,True,True,True,175,0,False
2466581-B2,20x,data/yiyuan/patches_coords_20x/patches_256/2466581-B2.h5,data/yiyuan/features_biomedclip_20x/2466581-B2.h5,True,True,,True,True,True,2334,2334,2334,0,0,"[2334,2]","[2334,2]","[2334,512]",int32,int64,float32,True,True,False,True,True,True,2334,0,False
2466584-B,5x,data/yiyuan/patches_coords_5x/patches_256/2466584-B.h5,data/yiyuan/features_biomedclip_5x/2466584-B.h5,True,True,,True,True,True,206,206,206,0,0,"[206,2]","[206,2]","[206,512]",int32,int64,float32,True,True,False,True,True,True,206,0,False
2466584-B,20x,data/yiyuan/patches_coords_20x/patches_256/2466584-B.h5,data/yiyuan/features_biomedclip_20x/2466584-B.h5,True,True,,True,True,True,2916,2916,2916,0,0,"[2916,2]","[2916,2]","[2916,512]",int32,int64,float32,True,True,False,True,True,True,2915,0,False
2466703-B4,5x,data/yiyuan/patches_coords_5x/patches_256/2466703-B4.h5,data/yiyuan/features_biomedclip_5x/2466703-B4.h5,True,True,,True,True,True,73,73,73,0,0,"[73,2]","[73,2]","[73,512]",int32,int64,float32,True,True,False,True,True,True,68,0,False
2466703-B4,20x,data/yiyuan/patches_coords_20x/patches_256/2466703-B4.h5,data/yiyuan/features_biomedclip_20x/2466703-B4.h5,True,True,,True,True,True,992,992,992,0,0,"[992,2]","[992,2]","[992,512]",int32,int64,float32,True,True,False,True,True,True,989,0,False
2466718-B,5x,data/yiyuan/patches_coords_5x/patches_256/2466718-B.h5,data/yiyuan/features_biomedclip_5x/2466718-B.h5,True,True,,True,True,True,317,317,317,0,0,"[317,2]","[317,2]","[317,512]",int32,int64,float32,True,True,False,True,True,True,317,0,False
2466718-B,20x,data/yiyuan/patches_coords_20x/patches_256/2466718-B.h5,data/yiyuan/features_biomedclip_20x/2466718-B.h5,True,True,,True,True,True,4685,4685,4685,0,0,"[4685,2]","[4685,2]","[4685,512]",int32,int64,float32,True,True,False,True,True,True,4684,0,False
2466866-B,5x,data/yiyuan/patches_coords_5x/patches_256/2466866-B.h5,data/yiyuan/features_biomedclip_5x/2466866-B.h5,True,True,,True,True,True,206,206,206,0,0,"[206,2]","[206,2]","[206,512]",int32,int64,float32,True,True,False,True,True,True,205,0,False
2466866-B,20x,data/yiyuan/patches_coords_20x/patches_256/2466866-B.h5,data/yiyuan/features_biomedclip_20x/2466866-B.h5,True,True,,True,True,True,2678,2678,2678,0,0,"[2678,2]","[2678,2]","[2678,512]",int32,int64,float32,True,True,False,True,True,True,2677,0,False
2466881-B2,5x,data/yiyuan/patches_coords_5x/patches_256/2466881-B2.h5,data/yiyuan/features_biomedclip_5x/2466881-B2.h5,True,True,,True,True,True,212,212,212,0,0,"[212,2]","[212,2]","[212,512]",int32,int64,float32,True,True,False,True,True,True,212,0,False
2466881-B2,20x,data/yiyuan/patches_coords_20x/patches_256/2466881-B2.h5,data/yiyuan/features_biomedclip_20x/2466881-B2.h5,True,True,,True,True,True,2895,2895,2895,0,0,"[2895,2]","[2895,2]","[2895,512]",int32,int64,float32,True,True,False,True,True,True,2893,0,False
2466884-B2,5x,data/yiyuan/patches_coords_5x/patches_256/2466884-B2.h5,data/yiyuan/features_biomedclip_5x/2466884-B2.h5,True,True,,True,True,True,136,136,136,0,0,"[136,2]","[136,2]","[136,512]",int32,int64,float32,True,True,False,True,True,True,136,0,False
2466884-B2,20x,data/yiyuan/patches_coords_20x/patches_256/2466884-B2.h5,data/yiyuan/features_biomedclip_20x/2466884-B2.h5,True,True,,True,True,True,1821,1821,1821,0,0,"[1821,2]","[1821,2]","[1821,512]",int32,int64,float32,True,True,False,True,True,True,1820,0,False
2466891-B2,5x,data/yiyuan/patches_coords_5x/patches_256/2466891-B2.h5,data/yiyuan/features_biomedclip_5x/2466891-B2.h5,True,True,,True,True,True,435,435,435,0,0,"[435,2]","[435,2]","[435,512]",int32,int64,float32,True,True,False,True,True,True,435,0,False
2466891-B2,20x,data/yiyuan/patches_coords_20x/patches_256/2466891-B2.h5,data/yiyuan/features_biomedclip_20x/2466891-B2.h5,True,True,,True,True,True,6508,6508,6508,0,0,"[6508,2]","[6508,2]","[6508,512]",int32,int64,float32,True,True,False,True,True,True,6507,0,False
2466893-B2,5x,data/yiyuan/patches_coords_5x/patches_256/2466893-B2.h5,data/yiyuan/features_biomedclip_5x/2466893-B2.h5,True,True,,True,True,True,192,192,192,0,0,"[192,2]","[192,2]","[192,512]",int32,int64,float32,True,True,False,True,True,True,192,0,False
2466893-B2,20x,data/yiyuan/patches_coords_20x/patches_256/2466893-B2.h5,data/yiyuan/features_biomedclip_20x/2466893-B2.h5,True,True,,True,True,True,2822,2822,2822,0,0,"[2822,2]","[2822,2]","[2822,512]",int32,int64,float32,True,True,False,True,True,True,2821,0,False
2466898-B2,5x,data/yiyuan/patches_coords_5x/patches_256/2466898-B2.h5,data/yiyuan/features_biomedclip_5x/2466898-B2.h5,True,True,,True,True,True,276,276,276,0,0,"[276,2]","[276,2]","[276,512]",int32,int64,float32,True,True,False,True,True,True,276,0,False
2466898-B2,20x,data/yiyuan/patches_coords_20x/patches_256/2466898-B2.h5,data/yiyuan/features_biomedclip_20x/2466898-B2.h5,True,True,,True,True,True,4081,4081,4081,0,0,"[4081,2]","[4081,2]","[4081,512]",int32,int64,float32,True,True,False,True,True,True,4081,0,False
2466899-B2,5x,data/yiyuan/patches_coords_5x/patches_256/2466899-B2.h5,data/yiyuan/features_biomedclip_5x/2466899-B2.h5,True,True,,True,True,True,218,218,218,0,0,"[218,2]","[218,2]","[218,512]",int32,int64,float32,True,True,False,True,True,True,218,0,False
2466899-B2,20x,data/yiyuan/patches_coords_20x/patches_256/2466899-B2.h5,data/yiyuan/features_biomedclip_20x/2466899-B2.h5,True,True,,True,True,True,2867,2867,2867,0,0,"[2867,2]","[2867,2]","[2867,512]",int32,int64,float32,True,True,False,True,True,True,2866,0,False
2466923-B2,5x,data/yiyuan/patches_coords_5x/patches_256/2466923-B2.h5,data/yiyuan/features_biomedclip_5x/2466923-B2.h5,True,True,,True,True,True,115,115,115,0,0,"[115,2]","[115,2]","[115,512]",int32,int64,float32,True,True,False,True,True,True,88,0,False
2466923-B2,20x,data/yiyuan/patches_coords_20x/patches_256/2466923-B2.h5,data/yiyuan/features_biomedclip_20x/2466923-B2.h5,True,True,,True,True,True,1560,1560,1560,0,0,"[1560,2]","[1560,2]","[1560,512]",int32,int64,float32,True,True,False,True,True,True,1558,0,False
2468105-B2,5x,data/yiyuan/patches_coords_5x/patches_256/2468105-B2.h5,data/yiyuan/features_biomedclip_5x/2468105-B2.h5,True,True,,True,True,True,299,299,299,0,0,"[299,2]","[299,2]","[299,512]",int32,int64,float32,True,True,False,True,True,True,299,0,False
2468105-B2,20x,data/yiyuan/patches_coords_20x/patches_256/2468105-B2.h5,data/yiyuan/features_biomedclip_20x/2468105-B2.h5,True,True,,True,True,True,4143,4143,4143,0,0,"[4143,2]","[4143,2]","[4143,512]",int32,int64,float32,True,True,False,True,True,True,4143,0,False
2468321-B2,5x,data/yiyuan/patches_coords_5x/patches_256/2468321-B2.h5,data/yiyuan/features_biomedclip_5x/2468321-B2.h5,True,True,,True,True,True,141,141,141,0,0,"[141,2]","[141,2]","[141,512]",int32,int64,float32,True,True,False,True,True,True,141,0,False
2468321-B2,20x,data/yiyuan/patches_coords_20x/patches_256/2468321-B2.h5,data/yiyuan/features_biomedclip_20x/2468321-B2.h5,True,True,,True,True,True,1885,1885,1885,0,0,"[1885,2]","[1885,2]","[1885,512]",int32,int64,float32,True,True,False,True,True,True,1885,0,False
2468325-B,5x,data/yiyuan/patches_coords_5x/patches_256/2468325-B.h5,data/yiyuan/features_biomedclip_5x/2468325-B.h5,True,True,,True,True,True,167,167,167,0,0,"[167,2]","[167,2]","[167,512]",int32,int64,float32,True,True,False,True,True,True,167,0,False
2468325-B,20x,data/yiyuan/patches_coords_20x/patches_256/2468325-B.h5,data/yiyuan/features_biomedclip_20x/2468325-B.h5,True,True,,True,True,True,2302,2302,2302,0,0,"[2302,2]","[2302,2]","[2302,512]",int32,int64,float32,True,True,False,True,True,True,2301,0,False
2468417-B2,5x,data/yiyuan/patches_coords_5x/patches_256/2468417-B2.h5,data/yiyuan/features_biomedclip_5x/2468417-B2.h5,True,True,,True,True,True,184,184,184,0,0,"[184,2]","[184,2]","[184,512]",int32,int64,float32,True,True,False,True,True,True,184,0,False
2468417-B2,20x,data/yiyuan/patches_coords_20x/patches_256/2468417-B2.h5,data/yiyuan/features_biomedclip_20x/2468417-B2.h5,True,True,,True,True,True,2528,2528,2528,0,0,"[2528,2]","[2528,2]","[2528,512]",int32,int64,float32,True,True,False,True,True,True,2528,0,False
2468419-B2,5x,data/yiyuan/patches_coords_5x/patches_256/2468419-B2.h5,data/yiyuan/features_biomedclip_5x/2468419-B2.h5,True,True,,True,True,True,316,316,316,0,0,"[316,2]","[316,2]","[316,512]",int32,int64,float32,True,True,False,True,True,True,316,0,False
2468419-B2,20x,data/yiyuan/patches_coords_20x/patches_256/2468419-B2.h5,data/yiyuan/features_biomedclip_20x/2468419-B2.h5,True,True,,True,True,True,4617,4617,4617,0,0,"[4617,2]","[4617,2]","[4617,512]",int32,int64,float32,True,True,False,True,True,True,4617,0,False
2468419-B3,5x,data/yiyuan/patches_coords_5x/patches_256/2468419-B3.h5,data/yiyuan/features_biomedclip_5x/2468419-B3.h5,True,True,,True,True,True,249,249,249,0,0,"[249,2]","[249,2]","[249,512]",int32,int64,float32,True,True,False,True,True,True,249,0,False
2468419-B3,20x,data/yiyuan/patches_coords_20x/patches_256/2468419-B3.h5,data/yiyuan/features_biomedclip_20x/2468419-B3.h5,True,True,,True,True,True,3633,3633,3633,0,0,"[3633,2]","[3633,2]","[3633,512]",int32,int64,float32,True,True,False,True,True,True,3631,0,False
2468442-B2,5x,data/yiyuan/patches_coords_5x/patches_256/2468442-B2.h5,data/yiyuan/features_biomedclip_5x/2468442-B2.h5,True,True,,True,True,True,396,396,396,0,0,"[396,2]","[396,2]","[396,512]",int32,int64,float32,True,True,False,True,True,True,396,0,False
2468442-B2,20x,data/yiyuan/patches_coords_20x/patches_256/2468442-B2.h5,data/yiyuan/features_biomedclip_20x/2468442-B2.h5,True,True,,True,True,True,5816,5816,5816,0,0,"[5816,2]","[5816,2]","[5816,512]",int32,int64,float32,True,True,False,True,True,True,5815,0,False
2468450-B2,5x,data/yiyuan/patches_coords_5x/patches_256/2468450-B2.h5,data/yiyuan/features_biomedclip_5x/2468450-B2.h5,True,True,,True,True,True,183,183,183,0,0,"[183,2]","[183,2]","[183,512]",int32,int64,float32,True,True,False,True,True,True,183,0,False
2468450-B2,20x,data/yiyuan/patches_coords_20x/patches_256/2468450-B2.h5,data/yiyuan/features_biomedclip_20x/2468450-B2.h5,True,True,,True,True,True,2583,2583,2583,0,0,"[2583,2]","[2583,2]","[2583,512]",int32,int64,float32,True,True,False,True,True,True,2583,0,False
2468673-B2,5x,data/yiyuan/patches_coords_5x/patches_256/2468673-B2.h5,data/yiyuan/features_biomedclip_5x/2468673-B2.h5,True,True,,True,True,True,158,158,158,0,0,"[158,2]","[158,2]","[158,512]",int32,int64,float32,True,True,False,True,True,True,158,0,False
2468673-B2,20x,data/yiyuan/patches_coords_20x/patches_256/2468673-B2.h5,data/yiyuan/features_biomedclip_20x/2468673-B2.h5,True,True,,True,True,True,2236,2236,2236,0,0,"[2236,2]","[2236,2]","[2236,512]",int32,int64,float32,True,True,False,True,True,True,2235,0,False
2468698-B2,5x,data/yiyuan/patches_coords_5x/patches_256/2468698-B2.h5,data/yiyuan/features_biomedclip_5x/2468698-B2.h5,True,True,,True,True,True,276,276,276,0,0,"[276,2]","[276,2]","[276,512]",int32,int64,float32,True,True,False,True,True,True,276,0,False
2468698-B2,20x,data/yiyuan/patches_coords_20x/patches_256/2468698-B2.h5,data/yiyuan/features_biomedclip_20x/2468698-B2.h5,True,True,,True,True,True,3932,3932,3932,0,0,"[3932,2]","[3932,2]","[3932,512]",int32,int64,float32,True,True,False,True,True,True,3932,0,False
2468720-B2,5x,data/yiyuan/patches_coords_5x/patches_256/2468720-B2.h5,data/yiyuan/features_biomedclip_5x/2468720-B2.h5,True,True,,True,True,True,244,244,244,0,0,"[244,2]","[244,2]","[244,512]",int32,int64,float32,True,True,False,True,True,True,244,0,False
2468720-B2,20x,data/yiyuan/patches_coords_20x/patches_256/2468720-B2.h5,data/yiyuan/features_biomedclip_20x/2468720-B2.h5,True,True,,True,True,True,3495,3495,3495,0,0,"[3495,2]","[3495,2]","[3495,512]",int32,int64,float32,True,True,False,True,True,True,3492,0,False
2468796-B3,5x,data/yiyuan/patches_coords_5x/patches_256/2468796-B3.h5,data/yiyuan/features_biomedclip_5x/2468796-B3.h5,True,True,,True,True,True,295,295,295,0,0,"[295,2]","[295,2]","[295,512]",int32,int64,float32,True,True,False,True,True,True,295,0,False
2468796-B3,20x,data/yiyuan/patches_coords_20x/patches_256/2468796-B3.h5,data/yiyuan/features_biomedclip_20x/2468796-B3.h5,True,True,,True,True,True,4342,4342,4342,0,0,"[4342,2]","[4342,2]","[4342,512]",int32,int64,float32,True,True,False,True,True,True,4341,0,False
2468954-B2,5x,data/yiyuan/patches_coords_5x/patches_256/2468954-B2.h5,data/yiyuan/features_biomedclip_5x/2468954-B2.h5,True,True,,True,True,True,107,107,107,0,0,"[107,2]","[107,2]","[107,512]",int32,int64,float32,True,True,False,True,True,True,104,0,False
2468954-B2,20x,data/yiyuan/patches_coords_20x/patches_256/2468954-B2.h5,data/yiyuan/features_biomedclip_20x/2468954-B2.h5,True,True,,True,True,True,1402,1402,1402,0,0,"[1402,2]","[1402,2]","[1402,512]",int32,int64,float32,True,True,False,True,True,True,1401,0,False
2469004-B2,5x,data/yiyuan/patches_coords_5x/patches_256/2469004-B2.h5,data/yiyuan/features_biomedclip_5x/2469004-B2.h5,True,True,,True,True,True,173,173,173,0,0,"[173,2]","[173,2]","[173,512]",int32,int64,float32,True,True,False,True,True,True,173,0,False
2469004-B2,20x,data/yiyuan/patches_coords_20x/patches_256/2469004-B2.h5,data/yiyuan/features_biomedclip_20x/2469004-B2.h5,True,True,,True,True,True,2188,2188,2188,0,0,"[2188,2]","[2188,2]","[2188,512]",int32,int64,float32,True,True,False,True,True,True,2187,0,False
2469005-B2,5x,data/yiyuan/patches_coords_5x/patches_256/2469005-B2.h5,data/yiyuan/features_biomedclip_5x/2469005-B2.h5,True,True,,True,True,True,238,238,238,0,0,"[238,2]","[238,2]","[238,512]",int32,int64,float32,True,True,False,True,True,True,238,0,False
2469005-B2,20x,data/yiyuan/patches_coords_20x/patches_256/2469005-B2.h5,data/yiyuan/features_biomedclip_20x/2469005-B2.h5,True,True,,True,True,True,3361,3361,3361,0,0,"[3361,2]","[3361,2]","[3361,512]",int32,int64,float32,True,True,False,True,True,True,3361,0,False
2469007-B2,5x,data/yiyuan/patches_coords_5x/patches_256/2469007-B2.h5,data/yiyuan/features_biomedclip_5x/2469007-B2.h5,True,True,,True,True,True,157,157,157,0,0,"[157,2]","[157,2]","[157,512]",int32,int64,float32,True,True,False,True,True,True,157,0,False
2469007-B2,20x,data/yiyuan/patches_coords_20x/patches_256/2469007-B2.h5,data/yiyuan/features_biomedclip_20x/2469007-B2.h5,True,True,,True,True,True,2149,2149,2149,0,0,"[2149,2]","[2149,2]","[2149,512]",int32,int64,float32,True,True,False,True,True,True,2148,0,False
2469019-B2,5x,data/yiyuan/patches_coords_5x/patches_256/2469019-B2.h5,data/yiyuan/features_biomedclip_5x/2469019-B2.h5,True,True,,True,True,True,257,257,257,0,0,"[257,2]","[257,2]","[257,512]",int32,int64,float32,True,True,False,True,True,True,257,0,False
2469019-B2,20x,data/yiyuan/patches_coords_20x/patches_256/2469019-B2.h5,data/yiyuan/features_biomedclip_20x/2469019-B2.h5,True,True,,True,True,True,3594,3594,3594,0,0,"[3594,2]","[3594,2]","[3594,512]",int32,int64,float32,True,True,False,True,True,True,3593,0,False
2469023-B2,5x,data/yiyuan/patches_coords_5x/patches_256/2469023-B2.h5,data/yiyuan/features_biomedclip_5x/2469023-B2.h5,True,True,,True,True,True,173,173,173,0,0,"[173,2]","[173,2]","[173,512]",int32,int64,float32,True,True,False,True,True,True,173,0,False
2469023-B2,20x,data/yiyuan/patches_coords_20x/patches_256/2469023-B2.h5,data/yiyuan/features_biomedclip_20x/2469023-B2.h5,True,True,,True,True,True,2504,2504,2504,0,0,"[2504,2]","[2504,2]","[2504,512]",int32,int64,float32,True,True,False,True,True,True,2504,0,False
2469023-B4,5x,data/yiyuan/patches_coords_5x/patches_256/2469023-B4.h5,data/yiyuan/features_biomedclip_5x/2469023-B4.h5,True,True,,True,True,True,173,173,173,0,0,"[173,2]","[173,2]","[173,512]",int32,int64,float32,True,True,False,True,True,True,173,0,False
2469023-B4,20x,data/yiyuan/patches_coords_20x/patches_256/2469023-B4.h5,data/yiyuan/features_biomedclip_20x/2469023-B4.h5,True,True,,True,True,True,2349,2349,2349,0,0,"[2349,2]","[2349,2]","[2349,512]",int32,int64,float32,True,True,False,True,True,True,2349,0,False
2469024-B,5x,data/yiyuan/patches_coords_5x/patches_256/2469024-B.h5,data/yiyuan/features_biomedclip_5x/2469024-B.h5,True,True,,True,True,True,115,115,115,0,0,"[115,2]","[115,2]","[115,512]",int32,int64,float32,True,True,False,True,True,True,115,0,False
2469024-B,20x,data/yiyuan/patches_coords_20x/patches_256/2469024-B.h5,data/yiyuan/features_biomedclip_20x/2469024-B.h5,True,True,,True,True,True,1556,1556,1556,0,0,"[1556,2]","[1556,2]","[1556,512]",int32,int64,float32,True,True,False,True,True,True,1555,0,False
2469029-B2,5x,data/yiyuan/patches_coords_5x/patches_256/2469029-B2.h5,data/yiyuan/features_biomedclip_5x/2469029-B2.h5,True,True,,True,True,True,162,162,162,0,0,"[162,2]","[162,2]","[162,512]",int32,int64,float32,True,True,False,True,True,True,162,0,False
2469029-B2,20x,data/yiyuan/patches_coords_20x/patches_256/2469029-B2.h5,data/yiyuan/features_biomedclip_20x/2469029-B2.h5,True,True,,True,True,True,2168,2168,2168,0,0,"[2168,2]","[2168,2]","[2168,512]",int32,int64,float32,True,True,False,True,True,True,2168,0,False
2469033-B2,5x,data/yiyuan/patches_coords_5x/patches_256/2469033-B2.h5,data/yiyuan/features_biomedclip_5x/2469033-B2.h5,True,True,,True,True,True,79,79,79,0,0,"[79,2]","[79,2]","[79,512]",int32,int64,float32,True,True,False,True,True,True,79,0,False
2469033-B2,20x,data/yiyuan/patches_coords_20x/patches_256/2469033-B2.h5,data/yiyuan/features_biomedclip_20x/2469033-B2.h5,True,True,,True,True,True,1058,1058,1058,0,0,"[1058,2]","[1058,2]","[1058,512]",int32,int64,float32,True,True,False,True,True,True,1057,0,False
2469047-B2,5x,data/yiyuan/patches_coords_5x/patches_256/2469047-B2.h5,data/yiyuan/features_biomedclip_5x/2469047-B2.h5,True,True,,True,True,True,212,212,212,0,0,"[212,2]","[212,2]","[212,512]",int32,int64,float32,True,True,False,True,True,True,212,0,False
2469047-B2,20x,data/yiyuan/patches_coords_20x/patches_256/2469047-B2.h5,data/yiyuan/features_biomedclip_20x/2469047-B2.h5,True,True,,True,True,True,3009,3009,3009,0,0,"[3009,2]","[3009,2]","[3009,512]",int32,int64,float32,True,True,False,True,True,True,3006,0,False
2469072-B2,5x,data/yiyuan/patches_coords_5x/patches_256/2469072-B2.h5,data/yiyuan/features_biomedclip_5x/2469072-B2.h5,True,True,,True,True,True,203,203,203,0,0,"[203,2]","[203,2]","[203,512]",int32,int64,float32,True,True,False,True,True,True,203,0,False
2469072-B2,20x,data/yiyuan/patches_coords_20x/patches_256/2469072-B2.h5,data/yiyuan/features_biomedclip_20x/2469072-B2.h5,True,True,,True,True,True,2721,2721,2721,0,0,"[2721,2]","[2721,2]","[2721,512]",int32,int64,float32,True,True,False,True,True,True,2721,0,False
2469074-B2,5x,data/yiyuan/patches_coords_5x/patches_256/2469074-B2.h5,data/yiyuan/features_biomedclip_5x/2469074-B2.h5,True,True,,True,True,True,104,104,104,0,0,"[104,2]","[104,2]","[104,512]",int32,int64,float32,True,True,False,True,True,True,104,0,False
2469074-B2,20x,data/yiyuan/patches_coords_20x/patches_256/2469074-B2.h5,data/yiyuan/features_biomedclip_20x/2469074-B2.h5,True,True,,True,True,True,1517,1517,1517,0,0,"[1517,2]","[1517,2]","[1517,512]",int32,int64,float32,True,True,False,True,True,True,1516,0,False
2469110-B3,5x,data/yiyuan/patches_coords_5x/patches_256/2469110-B3.h5,data/yiyuan/features_biomedclip_5x/2469110-B3.h5,True,True,,True,True,True,189,189,189,0,0,"[189,2]","[189,2]","[189,512]",int32,int64,float32,True,True,False,True,True,True,189,0,False
2469110-B3,20x,data/yiyuan/patches_coords_20x/patches_256/2469110-B3.h5,data/yiyuan/features_biomedclip_20x/2469110-B3.h5,True,True,,True,True,True,2706,2706,2706,0,0,"[2706,2]","[2706,2]","[2706,512]",int32,int64,float32,True,True,False,True,True,True,2705,0,False
2469230-B,5x,data/yiyuan/patches_coords_5x/patches_256/2469230-B.h5,data/yiyuan/features_biomedclip_5x/2469230-B.h5,True,True,,True,True,True,319,319,319,0,0,"[319,2]","[319,2]","[319,512]",int32,int64,float32,True,True,False,True,True,True,319,0,False
2469230-B,20x,data/yiyuan/patches_coords_20x/patches_256/2469230-B.h5,data/yiyuan/features_biomedclip_20x/2469230-B.h5,True,True,,True,True,True,4468,4468,4468,0,0,"[4468,2]","[4468,2]","[4468,512]",int32,int64,float32,True,True,False,True,True,True,4466,0,False
2469256-B2,5x,data/yiyuan/patches_coords_5x/patches_256/2469256-B2.h5,data/yiyuan/features_biomedclip_5x/2469256-B2.h5,True,True,,True,True,True,195,195,195,0,0,"[195,2]","[195,2]","[195,512]",int32,int64,float32,True,True,False,True,True,True,195,0,False
2469256-B2,20x,data/yiyuan/patches_coords_20x/patches_256/2469256-B2.h5,data/yiyuan/features_biomedclip_20x/2469256-B2.h5,True,True,,True,True,True,2709,2709,2709,0,0,"[2709,2]","[2709,2]","[2709,512]",int32,int64,float32,True,True,False,True,True,True,2706,0,False
2469260-B3,5x,data/yiyuan/patches_coords_5x/patches_256/2469260-B3.h5,data/yiyuan/features_biomedclip_5x/2469260-B3.h5,True,True,,True,True,True,201,201,201,0,0,"[201,2]","[201,2]","[201,512]",int32,int64,float32,True,True,False,True,True,True,201,0,False
2469260-B3,20x,data/yiyuan/patches_coords_20x/patches_256/2469260-B3.h5,data/yiyuan/features_biomedclip_20x/2469260-B3.h5,True,True,,True,True,True,3062,3062,3062,0,0,"[3062,2]","[3062,2]","[3062,512]",int32,int64,float32,True,True,False,True,True,True,3062,0,False
2469496-B,5x,data/yiyuan/patches_coords_5x/patches_256/2469496-B.h5,data/yiyuan/features_biomedclip_5x/2469496-B.h5,True,True,,True,True,True,264,264,264,0,0,"[264,2]","[264,2]","[264,512]",int32,int64,float32,True,True,False,True,True,True,264,0,False
2469496-B,20x,data/yiyuan/patches_coords_20x/patches_256/2469496-B.h5,data/yiyuan/features_biomedclip_20x/2469496-B.h5,True,True,,True,True,True,3630,3630,3630,0,0,"[3630,2]","[3630,2]","[3630,512]",int32,int64,float32,True,True,False,True,True,True,3630,0,False
2469505-B2,5x,data/yiyuan/patches_coords_5x/patches_256/2469505-B2.h5,data/yiyuan/features_biomedclip_5x/2469505-B2.h5,True,True,,True,True,True,252,252,252,0,0,"[252,2]","[252,2]","[252,512]",int32,int64,float32,True,True,False,True,True,True,252,0,False
2469505-B2,20x,data/yiyuan/patches_coords_20x/patches_256/2469505-B2.h5,data/yiyuan/features_biomedclip_20x/2469505-B2.h5,True,True,,True,True,True,3503,3503,3503,0,0,"[3503,2]","[3503,2]","[3503,512]",int32,int64,float32,True,True,False,True,True,True,3502,0,False
2469515-B2,5x,data/yiyuan/patches_coords_5x/patches_256/2469515-B2.h5,data/yiyuan/features_biomedclip_5x/2469515-B2.h5,True,True,,True,True,True,83,83,83,0,0,"[83,2]","[83,2]","[83,512]",int32,int64,float32,True,True,False,True,True,True,83,0,False
2469515-B2,20x,data/yiyuan/patches_coords_20x/patches_256/2469515-B2.h5,data/yiyuan/features_biomedclip_20x/2469515-B2.h5,True,True,,True,True,True,1046,1046,1046,0,0,"[1046,2]","[1046,2]","[1046,512]",int32,int64,float32,True,True,False,True,True,True,1046,0,False
2469569-B2,5x,data/yiyuan/patches_coords_5x/patches_256/2469569-B2.h5,data/yiyuan/features_biomedclip_5x/2469569-B2.h5,True,True,,True,True,True,67,67,67,0,0,"[67,2]","[67,2]","[67,512]",int32,int64,float32,True,True,False,True,True,True,67,0,False
2469569-B2,20x,data/yiyuan/patches_coords_20x/patches_256/2469569-B2.h5,data/yiyuan/features_biomedclip_20x/2469569-B2.h5,True,True,,True,True,True,877,877,877,0,0,"[877,2]","[877,2]","[877,512]",int32,int64,float32,True,True,False,True,True,True,875,0,False
2469661-B,5x,data/yiyuan/patches_coords_5x/patches_256/2469661-B.h5,data/yiyuan/features_biomedclip_5x/2469661-B.h5,True,True,,True,True,True,94,94,94,0,0,"[94,2]","[94,2]","[94,512]",int32,int64,float32,True,True,False,True,True,True,93,0,False
2469661-B,20x,data/yiyuan/patches_coords_20x/patches_256/2469661-B.h5,data/yiyuan/features_biomedclip_20x/2469661-B.h5,True,True,,True,True,True,1184,1184,1184,0,0,"[1184,2]","[1184,2]","[1184,512]",int32,int64,float32,True,True,False,True,True,True,1183,0,False
2469693-B,5x,data/yiyuan/patches_coords_5x/patches_256/2469693-B.h5,data/yiyuan/features_biomedclip_5x/2469693-B.h5,True,True,,True,True,True,340,340,340,0,0,"[340,2]","[340,2]","[340,512]",int32,int64,float32,True,True,False,True,True,True,340,0,False
2469693-B,20x,data/yiyuan/patches_coords_20x/patches_256/2469693-B.h5,data/yiyuan/features_biomedclip_20x/2469693-B.h5,True,True,,True,True,True,4975,4975,4975,0,0,"[4975,2]","[4975,2]","[4975,512]",int32,int64,float32,True,True,False,True,True,True,4974,0,False
2469849-B2,5x,data/yiyuan/patches_coords_5x/patches_256/2469849-B2.h5,data/yiyuan/features_biomedclip_5x/2469849-B2.h5,True,True,,True,True,True,178,178,178,0,0,"[178,2]","[178,2]","[178,512]",int32,int64,float32,True,True,False,True,True,True,176,2,False
2469849-B2,20x,data/yiyuan/patches_coords_20x/patches_256/2469849-B2.h5,data/yiyuan/features_biomedclip_20x/2469849-B2.h5,True,True,,True,True,True,2512,2512,2512,0,0,"[2512,2]","[2512,2]","[2512,512]",int32,int64,float32,True,True,False,True,True,True,2509,0,False
2469916-B2,5x,data/yiyuan/patches_coords_5x/patches_256/2469916-B2.h5,data/yiyuan/features_biomedclip_5x/2469916-B2.h5,True,True,,True,True,True,225,225,225,0,0,"[225,2]","[225,2]","[225,512]",int32,int64,float32,True,True,False,True,True,True,224,0,False
2469916-B2,20x,data/yiyuan/patches_coords_20x/patches_256/2469916-B2.h5,data/yiyuan/features_biomedclip_20x/2469916-B2.h5,True,True,,True,True,True,2967,2967,2967,0,0,"[2967,2]","[2967,2]","[2967,512]",int32,int64,float32,True,True,False,True,True,True,2965,0,False
2469927-B2,5x,data/yiyuan/patches_coords_5x/patches_256/2469927-B2.h5,data/yiyuan/features_biomedclip_5x/2469927-B2.h5,True,True,,True,True,True,196,196,196,0,0,"[196,2]","[196,2]","[196,512]",int32,int64,float32,True,True,False,True,True,True,196,0,False
2469927-B2,20x,data/yiyuan/patches_coords_20x/patches_256/2469927-B2.h5,data/yiyuan/features_biomedclip_20x/2469927-B2.h5,True,True,,True,True,True,2593,2593,2593,0,0,"[2593,2]","[2593,2]","[2593,512]",int32,int64,float32,True,True,False,True,True,True,2591,0,False
2469963-B2,5x,data/yiyuan/patches_coords_5x/patches_256/2469963-B2.h5,data/yiyuan/features_biomedclip_5x/2469963-B2.h5,True,True,,True,True,True,275,275,275,0,0,"[275,2]","[275,2]","[275,512]",int32,int64,float32,True,True,False,True,True,True,275,0,False
2469963-B2,20x,data/yiyuan/patches_coords_20x/patches_256/2469963-B2.h5,data/yiyuan/features_biomedclip_20x/2469963-B2.h5,True,True,,True,True,True,4073,4073,4073,0,0,"[4073,2]","[4073,2]","[4073,512]",int32,int64,float32,True,True,False,True,True,True,4072,0,False
2469965-B2,5x,data/yiyuan/patches_coords_5x/patches_256/2469965-B2.h5,data/yiyuan/features_biomedclip_5x/2469965-B2.h5,True,True,,True,True,True,302,302,302,0,0,"[302,2]","[302,2]","[302,512]",int32,int64,float32,True,True,False,True,True,True,302,0,False
2469965-B2,20x,data/yiyuan/patches_coords_20x/patches_256/2469965-B2.h5,data/yiyuan/features_biomedclip_20x/2469965-B2.h5,True,True,,True,True,True,4290,4290,4290,0,0,"[4290,2]","[4290,2]","[4290,512]",int32,int64,float32,True,True,False,True,True,True,4290,0,False
2469969-B2,5x,data/yiyuan/patches_coords_5x/patches_256/2469969-B2.h5,data/yiyuan/features_biomedclip_5x/2469969-B2.h5,True,True,,True,True,True,176,176,176,0,0,"[176,2]","[176,2]","[176,512]",int32,int64,float32,True,True,False,True,True,True,176,0,False
2469969-B2,20x,data/yiyuan/patches_coords_20x/patches_256/2469969-B2.h5,data/yiyuan/features_biomedclip_20x/2469969-B2.h5,True,True,,True,True,True,2451,2451,2451,0,0,"[2451,2]","[2451,2]","[2451,512]",int32,int64,float32,True,True,False,True,True,True,2451,0,False
2470260-B,5x,data/yiyuan/patches_coords_5x/patches_256/2470260-B.h5,data/yiyuan/features_biomedclip_5x/2470260-B.h5,True,True,,True,True,True,287,287,287,0,0,"[287,2]","[287,2]","[287,512]",int32,int64,float32,True,True,False,True,True,True,287,0,False
2470260-B,20x,data/yiyuan/patches_coords_20x/patches_256/2470260-B.h5,data/yiyuan/features_biomedclip_20x/2470260-B.h5,True,True,,True,True,True,4280,4280,4280,0,0,"[4280,2]","[4280,2]","[4280,512]",int32,int64,float32,True,True,False,True,True,True,4280,0,False
2470270-B2,5x,data/yiyuan/patches_coords_5x/patches_256/2470270-B2.h5,data/yiyuan/features_biomedclip_5x/2470270-B2.h5,True,True,,True,True,True,176,176,176,0,0,"[176,2]","[176,2]","[176,512]",int32,int64,float32,True,True,False,True,True,True,176,0,False
2470270-B2,20x,data/yiyuan/patches_coords_20x/patches_256/2470270-B2.h5,data/yiyuan/features_biomedclip_20x/2470270-B2.h5,True,True,,True,True,True,2510,2510,2510,0,0,"[2510,2]","[2510,2]","[2510,512]",int32,int64,float32,True,True,False,True,True,True,2507,0,False
2470405-B2,5x,data/yiyuan/patches_coords_5x/patches_256/2470405-B2.h5,data/yiyuan/features_biomedclip_5x/2470405-B2.h5,True,True,,True,True,True,253,253,253,0,0,"[253,2]","[253,2]","[253,512]",int32,int64,float32,True,True,False,True,True,True,253,0,False
2470405-B2,20x,data/yiyuan/patches_coords_20x/patches_256/2470405-B2.h5,data/yiyuan/features_biomedclip_20x/2470405-B2.h5,True,True,,True,True,True,3708,3708,3708,0,0,"[3708,2]","[3708,2]","[3708,512]",int32,int64,float32,True,True,False,True,True,True,3706,0,False
2470647-B2,5x,data/yiyuan/patches_coords_5x/patches_256/2470647-B2.h5,data/yiyuan/features_biomedclip_5x/2470647-B2.h5,True,True,,True,True,True,318,318,318,0,0,"[318,2]","[318,2]","[318,512]",int32,int64,float32,True,True,False,True,True,True,318,0,False
2470647-B2,20x,data/yiyuan/patches_coords_20x/patches_256/2470647-B2.h5,data/yiyuan/features_biomedclip_20x/2470647-B2.h5,True,True,,True,True,True,4267,4267,4267,0,0,"[4267,2]","[4267,2]","[4267,512]",int32,int64,float32,True,True,False,True,True,True,4266,0,False
2470657-B3,5x,data/yiyuan/patches_coords_5x/patches_256/2470657-B3.h5,data/yiyuan/features_biomedclip_5x/2470657-B3.h5,True,True,,True,True,True,472,472,472,0,0,"[472,2]","[472,2]","[472,512]",int32,int64,float32,True,True,False,True,True,True,472,0,False
2470657-B3,20x,data/yiyuan/patches_coords_20x/patches_256/2470657-B3.h5,data/yiyuan/features_biomedclip_20x/2470657-B3.h5,True,True,,True,True,True,7128,7128,7128,0,0,"[7128,2]","[7128,2]","[7128,512]",int32,int64,float32,True,True,False,True,True,True,7128,0,False
2471072-B2,5x,data/yiyuan/patches_coords_5x/patches_256/2471072-B2.h5,data/yiyuan/features_biomedclip_5x/2471072-B2.h5,True,True,,True,True,True,263,263,263,0,0,"[263,2]","[263,2]","[263,512]",int32,int64,float32,True,True,False,True,True,True,263,0,False
2471072-B2,20x,data/yiyuan/patches_coords_20x/patches_256/2471072-B2.h5,data/yiyuan/features_biomedclip_20x/2471072-B2.h5,True,True,,True,True,True,3844,3844,3844,0,0,"[3844,2]","[3844,2]","[3844,512]",int32,int64,float32,True,True,False,True,True,True,3843,0,False
2471237-B2,5x,data/yiyuan/patches_coords_5x/patches_256/2471237-B2.h5,data/yiyuan/features_biomedclip_5x/2471237-B2.h5,True,True,,True,True,True,463,463,463,0,0,"[463,2]","[463,2]","[463,512]",int32,int64,float32,True,True,False,True,True,True,463,0,False
2471237-B2,20x,data/yiyuan/patches_coords_20x/patches_256/2471237-B2.h5,data/yiyuan/features_biomedclip_20x/2471237-B2.h5,True,True,,True,True,True,6815,6815,6815,0,0,"[6815,2]","[6815,2]","[6815,512]",int32,int64,float32,True,True,False,True,True,True,6815,0,False
2471442-B3,5x,data/yiyuan/patches_coords_5x/patches_256/2471442-B3.h5,data/yiyuan/features_biomedclip_5x/2471442-B3.h5,True,True,,True,True,True,261,261,261,0,0,"[261,2]","[261,2]","[261,512]",int32,int64,float32,True,True,False,True,True,True,261,0,False
2471442-B3,20x,data/yiyuan/patches_coords_20x/patches_256/2471442-B3.h5,data/yiyuan/features_biomedclip_20x/2471442-B3.h5,True,True,,True,True,True,3765,3765,3765,0,0,"[3765,2]","[3765,2]","[3765,512]",int32,int64,float32,True,True,False,True,True,True,3765,0,False
2471452-B2,5x,data/yiyuan/patches_coords_5x/patches_256/2471452-B2.h5,data/yiyuan/features_biomedclip_5x/2471452-B2.h5,True,True,,True,True,True,132,132,132,0,0,"[132,2]","[132,2]","[132,512]",int32,int64,float32,True,True,False,True,True,True,132,0,False
2471452-B2,20x,data/yiyuan/patches_coords_20x/patches_256/2471452-B2.h5,data/yiyuan/features_biomedclip_20x/2471452-B2.h5,True,True,,True,True,True,1772,1772,1772,0,0,"[1772,2]","[1772,2]","[1772,512]",int32,int64,float32,True,True,False,True,True,True,1772,0,False
2471595-B3,5x,data/yiyuan/patches_coords_5x/patches_256/2471595-B3.h5,data/yiyuan/features_biomedclip_5x/2471595-B3.h5,True,True,,True,True,True,321,321,321,0,0,"[321,2]","[321,2]","[321,512]",int32,int64,float32,True,True,False,True,True,True,321,0,False
2471595-B3,20x,data/yiyuan/patches_coords_20x/patches_256/2471595-B3.h5,data/yiyuan/features_biomedclip_20x/2471595-B3.h5,True,True,,True,True,True,4641,4641,4641,0,0,"[4641,2]","[4641,2]","[4641,512]",int32,int64,float32,True,True,False,True,True,True,4640,0,False
2471618-B3,5x,data/yiyuan/patches_coords_5x/patches_256/2471618-B3.h5,data/yiyuan/features_biomedclip_5x/2471618-B3.h5,True,True,,True,True,True,258,258,258,0,0,"[258,2]","[258,2]","[258,512]",int32,int64,float32,True,True,False,True,True,True,255,3,False
2471618-B3,20x,data/yiyuan/patches_coords_20x/patches_256/2471618-B3.h5,data/yiyuan/features_biomedclip_20x/2471618-B3.h5,True,True,,True,True,True,3840,3840,3840,0,0,"[3840,2]","[3840,2]","[3840,512]",int32,int64,float32,True,True,False,True,True,True,3840,0,False
2471884-B2,5x,data/yiyuan/patches_coords_5x/patches_256/2471884-B2.h5,data/yiyuan/features_biomedclip_5x/2471884-B2.h5,True,True,,True,True,True,140,140,140,0,0,"[140,2]","[140,2]","[140,512]",int32,int64,float32,True,True,False,True,True,True,140,0,False
2471884-B2,20x,data/yiyuan/patches_coords_20x/patches_256/2471884-B2.h5,data/yiyuan/features_biomedclip_20x/2471884-B2.h5,True,True,,True,True,True,1810,1810,1810,0,0,"[1810,2]","[1810,2]","[1810,512]",int32,int64,float32,True,True,False,True,True,True,1809,0,False
2471885-B2,5x,data/yiyuan/patches_coords_5x/patches_256/2471885-B2.h5,data/yiyuan/features_biomedclip_5x/2471885-B2.h5,True,True,,True,True,True,128,128,128,0,0,"[128,2]","[128,2]","[128,512]",int32,int64,float32,True,True,False,True,True,True,128,0,False
2471885-B2,20x,data/yiyuan/patches_coords_20x/patches_256/2471885-B2.h5,data/yiyuan/features_biomedclip_20x/2471885-B2.h5,True,True,,True,True,True,1739,1739,1739,0,0,"[1739,2]","[1739,2]","[1739,512]",int32,int64,float32,True,True,False,True,True,True,1739,0,False
2471887-B,5x,data/yiyuan/patches_coords_5x/patches_256/2471887-B.h5,data/yiyuan/features_biomedclip_5x/2471887-B.h5,True,True,,True,True,True,223,223,223,0,0,"[223,2]","[223,2]","[223,512]",int32,int64,float32,True,True,False,True,True,True,223,0,False
2471887-B,20x,data/yiyuan/patches_coords_20x/patches_256/2471887-B.h5,data/yiyuan/features_biomedclip_20x/2471887-B.h5,True,True,,True,True,True,3135,3135,3135,0,0,"[3135,2]","[3135,2]","[3135,512]",int32,int64,float32,True,True,False,True,True,True,3135,0,False
2471921-B2,5x,data/yiyuan/patches_coords_5x/patches_256/2471921-B2.h5,data/yiyuan/features_biomedclip_5x/2471921-B2.h5,True,True,,True,True,True,196,196,196,0,0,"[196,2]","[196,2]","[196,512]",int32,int64,float32,True,True,False,True,True,True,196,0,False
2471921-B2,20x,data/yiyuan/patches_coords_20x/patches_256/2471921-B2.h5,data/yiyuan/features_biomedclip_20x/2471921-B2.h5,True,True,,True,True,True,2810,2810,2810,0,0,"[2810,2]","[2810,2]","[2810,512]",int32,int64,float32,True,True,False,True,True,True,2810,0,False
2471957-B,5x,data/yiyuan/patches_coords_5x/patches_256/2471957-B.h5,data/yiyuan/features_biomedclip_5x/2471957-B.h5,True,True,,True,True,True,85,85,85,0,0,"[85,2]","[85,2]","[85,512]",int32,int64,float32,True,True,False,True,True,True,85,0,False
2471957-B,20x,data/yiyuan/patches_coords_20x/patches_256/2471957-B.h5,data/yiyuan/features_biomedclip_20x/2471957-B.h5,True,True,,True,True,True,1104,1104,1104,0,0,"[1104,2]","[1104,2]","[1104,512]",int32,int64,float32,True,True,False,True,True,True,1103,0,False
2471959-B2,5x,data/yiyuan/patches_coords_5x/patches_256/2471959-B2.h5,data/yiyuan/features_biomedclip_5x/2471959-B2.h5,True,True,,True,True,True,167,167,167,0,0,"[167,2]","[167,2]","[167,512]",int32,int64,float32,True,True,False,True,True,True,167,0,False
2471959-B2,20x,data/yiyuan/patches_coords_20x/patches_256/2471959-B2.h5,data/yiyuan/features_biomedclip_20x/2471959-B2.h5,True,True,,True,True,True,2280,2280,2280,0,0,"[2280,2]","[2280,2]","[2280,512]",int32,int64,float32,True,True,False,True,True,True,2280,0,False
2471963-B,5x,data/yiyuan/patches_coords_5x/patches_256/2471963-B.h5,data/yiyuan/features_biomedclip_5x/2471963-B.h5,True,True,,True,True,True,280,280,280,0,0,"[280,2]","[280,2]","[280,512]",int32,int64,float32,True,True,False,True,True,True,280,0,False
2471963-B,20x,data/yiyuan/patches_coords_20x/patches_256/2471963-B.h5,data/yiyuan/features_biomedclip_20x/2471963-B.h5,True,True,,True,True,True,3985,3985,3985,0,0,"[3985,2]","[3985,2]","[3985,512]",int32,int64,float32,True,True,False,True,True,True,3984,0,False
2472316-B7,5x,data/yiyuan/patches_coords_5x/patches_256/2472316-B7.h5,data/yiyuan/features_biomedclip_5x/2472316-B7.h5,True,True,,True,True,True,46,46,46,0,0,"[46,2]","[46,2]","[46,512]",int32,int64,float32,True,True,False,True,True,True,46,0,False
2472316-B7,20x,data/yiyuan/patches_coords_20x/patches_256/2472316-B7.h5,data/yiyuan/features_biomedclip_20x/2472316-B7.h5,True,True,,True,True,True,609,609,609,0,0,"[609,2]","[609,2]","[609,512]",int32,int64,float32,True,True,False,True,True,True,607,0,False
2472453-B2,5x,data/yiyuan/patches_coords_5x/patches_256/2472453-B2.h5,data/yiyuan/features_biomedclip_5x/2472453-B2.h5,True,True,,True,True,True,84,84,84,0,0,"[84,2]","[84,2]","[84,512]",int32,int64,float32,True,True,False,True,True,True,62,0,False
2472453-B2,20x,data/yiyuan/patches_coords_20x/patches_256/2472453-B2.h5,data/yiyuan/features_biomedclip_20x/2472453-B2.h5,True,True,,True,True,True,1089,1089,1089,0,0,"[1089,2]","[1089,2]","[1089,512]",int32,int64,float32,True,True,False,True,True,True,1089,0,False
2472465-B2,5x,data/yiyuan/patches_coords_5x/patches_256/2472465-B2.h5,data/yiyuan/features_biomedclip_5x/2472465-B2.h5,True,True,,True,True,True,249,249,249,0,0,"[249,2]","[249,2]","[249,512]",int32,int64,float32,True,True,False,True,True,True,249,0,False
2472465-B2,20x,data/yiyuan/patches_coords_20x/patches_256/2472465-B2.h5,data/yiyuan/features_biomedclip_20x/2472465-B2.h5,True,True,,True,True,True,3586,3586,3586,0,0,"[3586,2]","[3586,2]","[3586,512]",int32,int64,float32,True,True,False,True,True,True,3585,0,False
2472471-B2,5x,data/yiyuan/patches_coords_5x/patches_256/2472471-B2.h5,data/yiyuan/features_biomedclip_5x/2472471-B2.h5,True,True,,True,True,True,190,190,190,0,0,"[190,2]","[190,2]","[190,512]",int32,int64,float32,True,True,False,True,True,True,190,0,False
2472471-B2,20x,data/yiyuan/patches_coords_20x/patches_256/2472471-B2.h5,data/yiyuan/features_biomedclip_20x/2472471-B2.h5,True,True,,True,True,True,2694,2694,2694,0,0,"[2694,2]","[2694,2]","[2694,512]",int32,int64,float32,True,True,False,True,True,True,2694,0,False
2472481-B2,5x,data/yiyuan/patches_coords_5x/patches_256/2472481-B2.h5,data/yiyuan/features_biomedclip_5x/2472481-B2.h5,True,True,,True,True,True,155,155,155,0,0,"[155,2]","[155,2]","[155,512]",int32,int64,float32,True,True,False,True,True,True,155,0,False
2472481-B2,20x,data/yiyuan/patches_coords_20x/patches_256/2472481-B2.h5,data/yiyuan/features_biomedclip_20x/2472481-B2.h5,True,True,,True,True,True,2139,2139,2139,0,0,"[2139,2]","[2139,2]","[2139,512]",int32,int64,float32,True,True,False,True,True,True,2139,0,False
2472500-B2,5x,data/yiyuan/patches_coords_5x/patches_256/2472500-B2.h5,data/yiyuan/features_biomedclip_5x/2472500-B2.h5,True,True,,True,True,True,141,141,141,0,0,"[141,2]","[141,2]","[141,512]",int32,int64,float32,True,True,False,True,True,True,141,0,False
2472500-B2,20x,data/yiyuan/patches_coords_20x/patches_256/2472500-B2.h5,data/yiyuan/features_biomedclip_20x/2472500-B2.h5,True,True,,True,True,True,1962,1962,1962,0,0,"[1962,2]","[1962,2]","[1962,512]",int32,int64,float32,True,True,False,True,True,True,1961,0,False
2472505-B,5x,data/yiyuan/patches_coords_5x/patches_256/2472505-B.h5,data/yiyuan/features_biomedclip_5x/2472505-B.h5,True,True,,True,True,True,112,112,112,0,0,"[112,2]","[112,2]","[112,512]",int32,int64,float32,True,True,False,True,True,True,112,0,False
2472505-B,20x,data/yiyuan/patches_coords_20x/patches_256/2472505-B.h5,data/yiyuan/features_biomedclip_20x/2472505-B.h5,True,True,,True,True,True,1592,1592,1592,0,0,"[1592,2]","[1592,2]","[1592,512]",int32,int64,float32,True,True,False,True,True,True,1591,0,False
2472509-B4,5x,data/yiyuan/patches_coords_5x/patches_256/2472509-B4.h5,data/yiyuan/features_biomedclip_5x/2472509-B4.h5,True,True,,True,True,True,245,245,245,0,0,"[245,2]","[245,2]","[245,512]",int32,int64,float32,True,True,False,True,True,True,245,0,False
2472509-B4,20x,data/yiyuan/patches_coords_20x/patches_256/2472509-B4.h5,data/yiyuan/features_biomedclip_20x/2472509-B4.h5,True,True,,True,True,True,3499,3499,3499,0,0,"[3499,2]","[3499,2]","[3499,512]",int32,int64,float32,True,True,False,True,True,True,3497,0,False
2472509-B6,5x,data/yiyuan/patches_coords_5x/patches_256/2472509-B6.h5,data/yiyuan/features_biomedclip_5x/2472509-B6.h5,True,True,,True,True,True,461,461,461,0,0,"[461,2]","[461,2]","[461,512]",int32,int64,float32,True,True,False,True,True,True,459,0,False
2472509-B6,20x,data/yiyuan/patches_coords_20x/patches_256/2472509-B6.h5,data/yiyuan/features_biomedclip_20x/2472509-B6.h5,True,True,,True,True,True,6909,6909,6909,0,0,"[6909,2]","[6909,2]","[6909,512]",int32,int64,float32,True,True,False,True,True,True,6908,0,False
2473212-B4,5x,data/yiyuan/patches_coords_5x/patches_256/2473212-B4.h5,data/yiyuan/features_biomedclip_5x/2473212-B4.h5,True,True,,True,True,True,187,187,187,0,0,"[187,2]","[187,2]","[187,512]",int32,int64,float32,True,True,False,True,True,True,187,0,False
2473212-B4,20x,data/yiyuan/patches_coords_20x/patches_256/2473212-B4.h5,data/yiyuan/features_biomedclip_20x/2473212-B4.h5,True,True,,True,True,True,2489,2489,2489,0,0,"[2489,2]","[2489,2]","[2489,512]",int32,int64,float32,True,True,False,True,True,True,2488,0,False
2473218-B2,5x,data/yiyuan/patches_coords_5x/patches_256/2473218-B2.h5,data/yiyuan/features_biomedclip_5x/2473218-B2.h5,True,True,,True,True,True,321,321,321,0,0,"[321,2]","[321,2]","[321,512]",int32,int64,float32,True,True,False,True,True,True,321,0,False
2473218-B2,20x,data/yiyuan/patches_coords_20x/patches_256/2473218-B2.h5,data/yiyuan/features_biomedclip_20x/2473218-B2.h5,True,True,,True,True,True,4586,4586,4586,0,0,"[4586,2]","[4586,2]","[4586,512]",int32,int64,float32,True,True,False,True,True,True,4585,0,False
2473218-B3,5x,data/yiyuan/patches_coords_5x/patches_256/2473218-B3.h5,data/yiyuan/features_biomedclip_5x/2473218-B3.h5,True,True,,True,True,True,255,255,255,0,0,"[255,2]","[255,2]","[255,512]",int32,int64,float32,True,True,False,True,True,True,255,0,False
2473218-B3,20x,data/yiyuan/patches_coords_20x/patches_256/2473218-B3.h5,data/yiyuan/features_biomedclip_20x/2473218-B3.h5,True,True,,True,True,True,3592,3592,3592,0,0,"[3592,2]","[3592,2]","[3592,512]",int32,int64,float32,True,True,False,True,True,True,3591,0,False
2473228-B2,5x,data/yiyuan/patches_coords_5x/patches_256/2473228-B2.h5,data/yiyuan/features_biomedclip_5x/2473228-B2.h5,True,True,,True,True,True,188,188,188,0,0,"[188,2]","[188,2]","[188,512]",int32,int64,float32,True,True,False,True,True,True,188,0,False
2473228-B2,20x,data/yiyuan/patches_coords_20x/patches_256/2473228-B2.h5,data/yiyuan/features_biomedclip_20x/2473228-B2.h5,True,True,,True,True,True,2583,2583,2583,0,0,"[2583,2]","[2583,2]","[2583,512]",int32,int64,float32,True,True,False,True,True,True,2580,0,False
2473266-B,5x,data/yiyuan/patches_coords_5x/patches_256/2473266-B.h5,data/yiyuan/features_biomedclip_5x/2473266-B.h5,True,True,,True,True,True,201,201,201,0,0,"[201,2]","[201,2]","[201,512]",int32,int64,float32,True,True,False,True,True,True,201,0,False
2473266-B,20x,data/yiyuan/patches_coords_20x/patches_256/2473266-B.h5,data/yiyuan/features_biomedclip_20x/2473266-B.h5,True,True,,True,True,True,2728,2728,2728,0,0,"[2728,2]","[2728,2]","[2728,512]",int32,int64,float32,True,True,False,True,True,True,2728,0,False
2473272-B3,5x,data/yiyuan/patches_coords_5x/patches_256/2473272-B3.h5,data/yiyuan/features_biomedclip_5x/2473272-B3.h5,True,True,,True,True,True,247,247,247,0,0,"[247,2]","[247,2]","[247,512]",int32,int64,float32,True,True,False,True,True,True,247,0,False
2473272-B3,20x,data/yiyuan/patches_coords_20x/patches_256/2473272-B3.h5,data/yiyuan/features_biomedclip_20x/2473272-B3.h5,True,True,,True,True,True,3338,3338,3338,0,0,"[3338,2]","[3338,2]","[3338,512]",int32,int64,float32,True,True,False,True,True,True,3337,0,False
2473366-B2,5x,data/yiyuan/patches_coords_5x/patches_256/2473366-B2.h5,data/yiyuan/features_biomedclip_5x/2473366-B2.h5,True,True,,True,True,True,228,228,228,0,0,"[228,2]","[228,2]","[228,512]",int32,int64,float32,True,True,False,True,True,True,228,0,False
2473366-B2,20x,data/yiyuan/patches_coords_20x/patches_256/2473366-B2.h5,data/yiyuan/features_biomedclip_20x/2473366-B2.h5,True,True,,True,True,True,3002,3002,3002,0,0,"[3002,2]","[3002,2]","[3002,512]",int32,int64,float32,True,True,False,True,True,True,3001,0,False
2473394-B2,5x,data/yiyuan/patches_coords_5x/patches_256/2473394-B2.h5,data/yiyuan/features_biomedclip_5x/2473394-B2.h5,True,True,,True,True,True,295,295,295,0,0,"[295,2]","[295,2]","[295,512]",int32,int64,float32,True,True,False,True,True,True,292,0,False
2473394-B2,20x,data/yiyuan/patches_coords_20x/patches_256/2473394-B2.h5,data/yiyuan/features_biomedclip_20x/2473394-B2.h5,True,True,,True,True,True,4135,4135,4135,0,0,"[4135,2]","[4135,2]","[4135,512]",int32,int64,float32,True,True,False,True,True,True,4135,0,False
2473534-B2,5x,data/yiyuan/patches_coords_5x/patches_256/2473534-B2.h5,data/yiyuan/features_biomedclip_5x/2473534-B2.h5,True,True,,True,True,True,228,228,228,0,0,"[228,2]","[228,2]","[228,512]",int32,int64,float32,True,True,False,True,True,True,228,0,False
2473534-B2,20x,data/yiyuan/patches_coords_20x/patches_256/2473534-B2.h5,data/yiyuan/features_biomedclip_20x/2473534-B2.h5,True,True,,True,True,True,3213,3213,3213,0,0,"[3213,2]","[3213,2]","[3213,512]",int32,int64,float32,True,True,False,True,True,True,3211,0,False
2473545-B2,5x,data/yiyuan/patches_coords_5x/patches_256/2473545-B2.h5,data/yiyuan/features_biomedclip_5x/2473545-B2.h5,True,True,,True,True,True,422,422,422,0,0,"[422,2]","[422,2]","[422,512]",int32,int64,float32,True,True,False,True,True,True,422,0,False
2473545-B2,20x,data/yiyuan/patches_coords_20x/patches_256/2473545-B2.h5,data/yiyuan/features_biomedclip_20x/2473545-B2.h5,True,True,,True,True,True,6025,6025,6025,0,0,"[6025,2]","[6025,2]","[6025,512]",int32,int64,float32,True,True,False,True,True,True,6024,0,False
2473545-B3,5x,data/yiyuan/patches_coords_5x/patches_256/2473545-B3.h5,data/yiyuan/features_biomedclip_5x/2473545-B3.h5,True,True,,True,True,True,248,248,248,0,0,"[248,2]","[248,2]","[248,512]",int32,int64,float32,True,True,False,True,True,True,248,0,False
2473545-B3,20x,data/yiyuan/patches_coords_20x/patches_256/2473545-B3.h5,data/yiyuan/features_biomedclip_20x/2473545-B3.h5,True,True,,True,True,True,3653,3653,3653,0,0,"[3653,2]","[3653,2]","[3653,512]",int32,int64,float32,True,True,False,True,True,True,3653,0,False
2473549-B,5x,data/yiyuan/patches_coords_5x/patches_256/2473549-B.h5,data/yiyuan/features_biomedclip_5x/2473549-B.h5,True,True,,True,True,True,234,234,234,0,0,"[234,2]","[234,2]","[234,512]",int32,int64,float32,True,True,False,True,True,True,234,0,False
2473549-B,20x,data/yiyuan/patches_coords_20x/patches_256/2473549-B.h5,data/yiyuan/features_biomedclip_20x/2473549-B.h5,True,True,,True,True,True,3285,3285,3285,0,0,"[3285,2]","[3285,2]","[3285,512]",int32,int64,float32,True,True,False,True,True,True,3285,0,False
2473600-B3,5x,data/yiyuan/patches_coords_5x/patches_256/2473600-B3.h5,data/yiyuan/features_biomedclip_5x/2473600-B3.h5,True,True,,True,True,True,321,321,321,0,0,"[321,2]","[321,2]","[321,512]",int32,int64,float32,True,True,False,True,True,True,321,0,False
2473600-B3,20x,data/yiyuan/patches_coords_20x/patches_256/2473600-B3.h5,data/yiyuan/features_biomedclip_20x/2473600-B3.h5,True,True,,True,True,True,4559,4559,4559,0,0,"[4559,2]","[4559,2]","[4559,512]",int32,int64,float32,True,True,False,True,True,True,4558,0,False
2473608-B2,5x,data/yiyuan/patches_coords_5x/patches_256/2473608-B2.h5,data/yiyuan/features_biomedclip_5x/2473608-B2.h5,True,True,,True,True,True,299,299,299,0,0,"[299,2]","[299,2]","[299,512]",int32,int64,float32,True,True,False,True,True,True,299,0,False
2473608-B2,20x,data/yiyuan/patches_coords_20x/patches_256/2473608-B2.h5,data/yiyuan/features_biomedclip_20x/2473608-B2.h5,True,True,,True,True,True,4453,4453,4453,0,0,"[4453,2]","[4453,2]","[4453,512]",int32,int64,float32,True,True,False,True,True,True,4451,0,False
2473621-B3,5x,data/yiyuan/patches_coords_5x/patches_256/2473621-B3.h5,data/yiyuan/features_biomedclip_5x/2473621-B3.h5,True,True,,True,True,True,158,158,158,0,0,"[158,2]","[158,2]","[158,512]",int32,int64,float32,True,True,False,True,True,True,158,0,False
2473621-B3,20x,data/yiyuan/patches_coords_20x/patches_256/2473621-B3.h5,data/yiyuan/features_biomedclip_20x/2473621-B3.h5,True,True,,True,True,True,2107,2107,2107,0,0,"[2107,2]","[2107,2]","[2107,512]",int32,int64,float32,True,True,False,True,True,True,2106,0,False
2473623-B2,5x,data/yiyuan/patches_coords_5x/patches_256/2473623-B2.h5,data/yiyuan/features_biomedclip_5x/2473623-B2.h5,True,True,,True,True,True,73,73,73,0,0,"[73,2]","[73,2]","[73,512]",int32,int64,float32,True,True,False,True,True,True,73,0,False
2473623-B2,20x,data/yiyuan/patches_coords_20x/patches_256/2473623-B2.h5,data/yiyuan/features_biomedclip_20x/2473623-B2.h5,True,True,,True,True,True,947,947,947,0,0,"[947,2]","[947,2]","[947,512]",int32,int64,float32,True,True,False,True,True,True,945,0,False
2473738-B3,5x,data/yiyuan/patches_coords_5x/patches_256/2473738-B3.h5,data/yiyuan/features_biomedclip_5x/2473738-B3.h5,True,True,,True,True,True,264,264,264,0,0,"[264,2]","[264,2]","[264,512]",int32,int64,float32,True,True,False,True,True,True,264,0,False
2473738-B3,20x,data/yiyuan/patches_coords_20x/patches_256/2473738-B3.h5,data/yiyuan/features_biomedclip_20x/2473738-B3.h5,True,True,,True,True,True,3919,3919,3919,0,0,"[3919,2]","[3919,2]","[3919,512]",int32,int64,float32,True,True,False,True,True,True,3919,0,False
2474124-B2,5x,data/yiyuan/patches_coords_5x/patches_256/2474124-B2.h5,data/yiyuan/features_biomedclip_5x/2474124-B2.h5,True,True,,True,True,True,209,209,209,0,0,"[209,2]","[209,2]","[209,512]",int32,int64,float32,True,True,False,True,True,True,209,0,False
2474124-B2,20x,data/yiyuan/patches_coords_20x/patches_256/2474124-B2.h5,data/yiyuan/features_biomedclip_20x/2474124-B2.h5,True,True,,True,True,True,3104,3104,3104,0,0,"[3104,2]","[3104,2]","[3104,512]",int32,int64,float32,True,True,False,True,True,True,3104,0,False
2474140-B3,5x,data/yiyuan/patches_coords_5x/patches_256/2474140-B3.h5,data/yiyuan/features_biomedclip_5x/2474140-B3.h5,True,True,,True,True,True,227,227,227,0,0,"[227,2]","[227,2]","[227,512]",int32,int64,float32,True,True,False,True,True,True,227,0,False
2474140-B3,20x,data/yiyuan/patches_coords_20x/patches_256/2474140-B3.h5,data/yiyuan/features_biomedclip_20x/2474140-B3.h5,True,True,,True,True,True,3068,3068,3068,0,0,"[3068,2]","[3068,2]","[3068,512]",int32,int64,float32,True,True,False,True,True,True,3068,0,False
2474150-B3,5x,data/yiyuan/patches_coords_5x/patches_256/2474150-B3.h5,data/yiyuan/features_biomedclip_5x/2474150-B3.h5,True,True,,True,True,True,220,220,220,0,0,"[220,2]","[220,2]","[220,512]",int32,int64,float32,True,True,False,True,True,True,220,0,False
2474150-B3,20x,data/yiyuan/patches_coords_20x/patches_256/2474150-B3.h5,data/yiyuan/features_biomedclip_20x/2474150-B3.h5,True,True,,True,True,True,3180,3180,3180,0,0,"[3180,2]","[3180,2]","[3180,512]",int32,int64,float32,True,True,False,True,True,True,3180,0,False
2474188-B2,5x,data/yiyuan/patches_coords_5x/patches_256/2474188-B2.h5,data/yiyuan/features_biomedclip_5x/2474188-B2.h5,True,True,,True,True,True,317,317,317,0,0,"[317,2]","[317,2]","[317,512]",int32,int64,float32,True,True,False,True,True,True,317,0,False
2474188-B2,20x,data/yiyuan/patches_coords_20x/patches_256/2474188-B2.h5,data/yiyuan/features_biomedclip_20x/2474188-B2.h5,True,True,,True,True,True,4656,4656,4656,0,0,"[4656,2]","[4656,2]","[4656,512]",int32,int64,float32,True,True,False,True,True,True,4654,0,False
2474189-B7,5x,data/yiyuan/patches_coords_5x/patches_256/2474189-B7.h5,data/yiyuan/features_biomedclip_5x/2474189-B7.h5,True,True,,True,True,True,61,61,61,0,0,"[61,2]","[61,2]","[61,512]",int32,int64,float32,True,True,False,True,True,True,61,0,False
2474189-B7,20x,data/yiyuan/patches_coords_20x/patches_256/2474189-B7.h5,data/yiyuan/features_biomedclip_20x/2474189-B7.h5,True,True,,True,True,True,844,844,844,0,0,"[844,2]","[844,2]","[844,512]",int32,int64,float32,True,True,False,True,True,True,843,0,False
2474291-B2,5x,data/yiyuan/patches_coords_5x/patches_256/2474291-B2.h5,data/yiyuan/features_biomedclip_5x/2474291-B2.h5,True,True,,True,True,True,316,316,316,0,0,"[316,2]","[316,2]","[316,512]",int32,int64,float32,True,True,False,True,True,True,316,0,False
2474291-B2,20x,data/yiyuan/patches_coords_20x/patches_256/2474291-B2.h5,data/yiyuan/features_biomedclip_20x/2474291-B2.h5,True,True,,True,True,True,4662,4662,4662,0,0,"[4662,2]","[4662,2]","[4662,512]",int32,int64,float32,True,True,False,True,True,True,4662,0,False
2474337-B3,5x,data/yiyuan/patches_coords_5x/patches_256/2474337-B3.h5,data/yiyuan/features_biomedclip_5x/2474337-B3.h5,True,True,,True,True,True,301,301,301,0,0,"[301,2]","[301,2]","[301,512]",int32,int64,float32,True,True,False,True,True,True,301,0,False
2474337-B3,20x,data/yiyuan/patches_coords_20x/patches_256/2474337-B3.h5,data/yiyuan/features_biomedclip_20x/2474337-B3.h5,True,True,,True,True,True,4367,4367,4367,0,0,"[4367,2]","[4367,2]","[4367,512]",int32,int64,float32,True,True,False,True,True,True,4366,0,False
2474500-B2,5x,data/yiyuan/patches_coords_5x/patches_256/2474500-B2.h5,data/yiyuan/features_biomedclip_5x/2474500-B2.h5,True,True,,True,True,True,257,257,257,0,0,"[257,2]","[257,2]","[257,512]",int32,int64,float32,True,True,False,True,True,True,257,0,False
2474500-B2,20x,data/yiyuan/patches_coords_20x/patches_256/2474500-B2.h5,data/yiyuan/features_biomedclip_20x/2474500-B2.h5,True,True,,True,True,True,3784,3784,3784,0,0,"[3784,2]","[3784,2]","[3784,512]",int32,int64,float32,True,True,False,True,True,True,3783,0,False
2474612-B2,5x,data/yiyuan/patches_coords_5x/patches_256/2474612-B2.h5,data/yiyuan/features_biomedclip_5x/2474612-B2.h5,True,True,,True,True,True,268,268,268,0,0,"[268,2]","[268,2]","[268,512]",int32,int64,float32,True,True,False,True,True,True,268,0,False
2474612-B2,20x,data/yiyuan/patches_coords_20x/patches_256/2474612-B2.h5,data/yiyuan/features_biomedclip_20x/2474612-B2.h5,True,True,,True,True,True,3923,3923,3923,0,0,"[3923,2]","[3923,2]","[3923,512]",int32,int64,float32,True,True,False,True,True,True,3922,0,False
2474626-B2,5x,data/yiyuan/patches_coords_5x/patches_256/2474626-B2.h5,data/yiyuan/features_biomedclip_5x/2474626-B2.h5,True,True,,True,True,True,212,212,212,0,0,"[212,2]","[212,2]","[212,512]",int32,int64,float32,True,True,False,True,True,True,212,0,False
2474626-B2,20x,data/yiyuan/patches_coords_20x/patches_256/2474626-B2.h5,data/yiyuan/features_biomedclip_20x/2474626-B2.h5,True,True,,True,True,True,3019,3019,3019,0,0,"[3019,2]","[3019,2]","[3019,512]",int32,int64,float32,True,True,False,True,True,True,3018,0,False
2474631-B3,5x,data/yiyuan/patches_coords_5x/patches_256/2474631-B3.h5,data/yiyuan/features_biomedclip_5x/2474631-B3.h5,True,True,,True,True,True,293,293,293,0,0,"[293,2]","[293,2]","[293,512]",int32,int64,float32,True,True,False,True,True,True,293,0,False
2474631-B3,20x,data/yiyuan/patches_coords_20x/patches_256/2474631-B3.h5,data/yiyuan/features_biomedclip_20x/2474631-B3.h5,True,True,,True,True,True,4105,4105,4105,0,0,"[4105,2]","[4105,2]","[4105,512]",int32,int64,float32,True,True,False,True,True,True,4105,0,False
2474638-B3,5x,data/yiyuan/patches_coords_5x/patches_256/2474638-B3.h5,data/yiyuan/features_biomedclip_5x/2474638-B3.h5,True,True,,True,True,True,155,155,155,0,0,"[155,2]","[155,2]","[155,512]",int32,int64,float32,True,True,False,True,True,True,155,0,False
2474638-B3,20x,data/yiyuan/patches_coords_20x/patches_256/2474638-B3.h5,data/yiyuan/features_biomedclip_20x/2474638-B3.h5,True,True,,True,True,True,2249,2249,2249,0,0,"[2249,2]","[2249,2]","[2249,512]",int32,int64,float32,True,True,False,True,True,True,2245,0,False
2474704-B2,5x,data/yiyuan/patches_coords_5x/patches_256/2474704-B2.h5,data/yiyuan/features_biomedclip_5x/2474704-B2.h5,True,True,,True,True,True,144,144,144,0,0,"[144,2]","[144,2]","[144,512]",int32,int64,float32,True,True,False,True,True,True,122,0,False
2474704-B2,20x,data/yiyuan/patches_coords_20x/patches_256/2474704-B2.h5,data/yiyuan/features_biomedclip_20x/2474704-B2.h5,True,True,,True,True,True,2111,2111,2111,0,0,"[2111,2]","[2111,2]","[2111,512]",int32,int64,float32,True,True,False,True,True,True,2110,0,False
2474718-B4,5x,data/yiyuan/patches_coords_5x/patches_256/2474718-B4.h5,data/yiyuan/features_biomedclip_5x/2474718-B4.h5,True,True,,True,True,True,154,154,154,0,0,"[154,2]","[154,2]","[154,512]",int32,int64,float32,True,True,False,True,True,True,154,0,False
2474718-B4,20x,data/yiyuan/patches_coords_20x/patches_256/2474718-B4.h5,data/yiyuan/features_biomedclip_20x/2474718-B4.h5,True,True,,True,True,True,2123,2123,2123,0,0,"[2123,2]","[2123,2]","[2123,512]",int32,int64,float32,True,True,False,True,True,True,2123,0,False
2474721-B,5x,data/yiyuan/patches_coords_5x/patches_256/2474721-B.h5,data/yiyuan/features_biomedclip_5x/2474721-B.h5,True,True,,True,True,True,309,309,309,0,0,"[309,2]","[309,2]","[309,512]",int32,int64,float32,True,True,False,True,True,True,309,0,False
2474721-B,20x,data/yiyuan/patches_coords_20x/patches_256/2474721-B.h5,data/yiyuan/features_biomedclip_20x/2474721-B.h5,True,True,,True,True,True,4548,4548,4548,0,0,"[4548,2]","[4548,2]","[4548,512]",int32,int64,float32,True,True,False,True,True,True,4546,0,False
2474739-B2,5x,data/yiyuan/patches_coords_5x/patches_256/2474739-B2.h5,data/yiyuan/features_biomedclip_5x/2474739-B2.h5,True,True,,True,True,True,315,315,315,0,0,"[315,2]","[315,2]","[315,512]",int32,int64,float32,True,True,False,True,True,True,315,0,False
2474739-B2,20x,data/yiyuan/patches_coords_20x/patches_256/2474739-B2.h5,data/yiyuan/features_biomedclip_20x/2474739-B2.h5,True,True,,True,True,True,4727,4727,4727,0,0,"[4727,2]","[4727,2]","[4727,512]",int32,int64,float32,True,True,False,True,True,True,4727,0,False
2474901-B,5x,data/yiyuan/patches_coords_5x/patches_256/2474901-B.h5,data/yiyuan/features_biomedclip_5x/2474901-B.h5,True,True,,True,True,True,250,250,250,0,0,"[250,2]","[250,2]","[250,512]",int32,int64,float32,True,True,False,True,True,True,250,0,False
2474901-B,20x,data/yiyuan/patches_coords_20x/patches_256/2474901-B.h5,data/yiyuan/features_biomedclip_20x/2474901-B.h5,True,True,,True,True,True,3626,3626,3626,0,0,"[3626,2]","[3626,2]","[3626,512]",int32,int64,float32,True,True,False,True,True,True,3624,0,False
2475011-B2,5x,data/yiyuan/patches_coords_5x/patches_256/2475011-B2.h5,data/yiyuan/features_biomedclip_5x/2475011-B2.h5,True,True,,True,True,True,183,183,183,0,0,"[183,2]","[183,2]","[183,512]",int32,int64,float32,True,True,False,True,True,True,183,0,False
2475011-B2,20x,data/yiyuan/patches_coords_20x/patches_256/2475011-B2.h5,data/yiyuan/features_biomedclip_20x/2475011-B2.h5,True,True,,True,True,True,2646,2646,2646,0,0,"[2646,2]","[2646,2]","[2646,512]",int32,int64,float32,True,True,False,True,True,True,2645,0,False
2475022-B,5x,data/yiyuan/patches_coords_5x/patches_256/2475022-B.h5,data/yiyuan/features_biomedclip_5x/2475022-B.h5,True,True,,True,True,True,224,224,224,0,0,"[224,2]","[224,2]","[224,512]",int32,int64,float32,True,True,False,True,True,True,224,0,False
2475022-B,20x,data/yiyuan/patches_coords_20x/patches_256/2475022-B.h5,data/yiyuan/features_biomedclip_20x/2475022-B.h5,True,True,,True,True,True,3274,3274,3274,0,0,"[3274,2]","[3274,2]","[3274,512]",int32,int64,float32,True,True,False,True,True,True,3274,0,False
2475126-B2,5x,data/yiyuan/patches_coords_5x/patches_256/2475126-B2.h5,data/yiyuan/features_biomedclip_5x/2475126-B2.h5,True,True,,True,True,True,231,231,231,0,0,"[231,2]","[231,2]","[231,512]",int32,int64,float32,True,True,False,True,True,True,231,0,False
2475126-B2,20x,data/yiyuan/patches_coords_20x/patches_256/2475126-B2.h5,data/yiyuan/features_biomedclip_20x/2475126-B2.h5,True,True,,True,True,True,3334,3334,3334,0,0,"[3334,2]","[3334,2]","[3334,512]",int32,int64,float32,True,True,False,True,True,True,3334,0,False
2475159-B,5x,data/yiyuan/patches_coords_5x/patches_256/2475159-B.h5,data/yiyuan/features_biomedclip_5x/2475159-B.h5,True,True,,True,True,True,178,178,178,0,0,"[178,2]","[178,2]","[178,512]",int32,int64,float32,True,True,False,True,True,True,178,0,False
2475159-B,20x,data/yiyuan/patches_coords_20x/patches_256/2475159-B.h5,data/yiyuan/features_biomedclip_20x/2475159-B.h5,True,True,,True,True,True,2588,2588,2588,0,0,"[2588,2]","[2588,2]","[2588,512]",int32,int64,float32,True,True,False,True,True,True,2588,0,False
2475184-B2,5x,data/yiyuan/patches_coords_5x/patches_256/2475184-B2.h5,data/yiyuan/features_biomedclip_5x/2475184-B2.h5,True,True,,True,True,True,243,243,243,0,0,"[243,2]","[243,2]","[243,512]",int32,int64,float32,True,True,False,True,True,True,242,0,False
2475184-B2,20x,data/yiyuan/patches_coords_20x/patches_256/2475184-B2.h5,data/yiyuan/features_biomedclip_20x/2475184-B2.h5,True,True,,True,True,True,3242,3242,3242,0,0,"[3242,2]","[3242,2]","[3242,512]",int32,int64,float32,True,True,False,True,True,True,3240,0,False
2475349-B2,5x,data/yiyuan/patches_coords_5x/patches_256/2475349-B2.h5,data/yiyuan/features_biomedclip_5x/2475349-B2.h5,True,True,,True,True,True,132,132,132,0,0,"[132,2]","[132,2]","[132,512]",int32,int64,float32,True,True,False,True,True,True,132,0,False
2475349-B2,20x,data/yiyuan/patches_coords_20x/patches_256/2475349-B2.h5,data/yiyuan/features_biomedclip_20x/2475349-B2.h5,True,True,,True,True,True,1861,1861,1861,0,0,"[1861,2]","[1861,2]","[1861,512]",int32,int64,float32,True,True,False,True,True,True,1861,0,False
2476242-B2,5x,data/yiyuan/patches_coords_5x/patches_256/2476242-B2.h5,data/yiyuan/features_biomedclip_5x/2476242-B2.h5,True,True,,True,True,True,240,240,240,0,0,"[240,2]","[240,2]","[240,512]",int32,int64,float32,True,True,False,True,True,True,240,0,False
2476242-B2,20x,data/yiyuan/patches_coords_20x/patches_256/2476242-B2.h5,data/yiyuan/features_biomedclip_20x/2476242-B2.h5,True,True,,True,True,True,3500,3500,3500,0,0,"[3500,2]","[3500,2]","[3500,512]",int32,int64,float32,True,True,False,True,True,True,3498,0,False
2476250-B2,5x,data/yiyuan/patches_coords_5x/patches_256/2476250-B2.h5,data/yiyuan/features_biomedclip_5x/2476250-B2.h5,True,True,,True,True,True,79,79,79,0,0,"[79,2]","[79,2]","[79,512]",int32,int64,float32,True,True,False,True,True,True,48,0,False
2476250-B2,20x,data/yiyuan/patches_coords_20x/patches_256/2476250-B2.h5,data/yiyuan/features_biomedclip_20x/2476250-B2.h5,True,True,,True,True,True,1047,1047,1047,0,0,"[1047,2]","[1047,2]","[1047,512]",int32,int64,float32,True,True,False,True,True,True,1045,0,False
2476252-B2,5x,data/yiyuan/patches_coords_5x/patches_256/2476252-B2.h5,data/yiyuan/features_biomedclip_5x/2476252-B2.h5,True,True,,True,True,True,120,120,120,0,0,"[120,2]","[120,2]","[120,512]",int32,int64,float32,True,True,False,True,True,True,88,0,False
2476252-B2,20x,data/yiyuan/patches_coords_20x/patches_256/2476252-B2.h5,data/yiyuan/features_biomedclip_20x/2476252-B2.h5,True,True,,True,True,True,1594,1594,1594,0,0,"[1594,2]","[1594,2]","[1594,512]",int32,int64,float32,True,True,False,True,True,True,1593,0,False
2476295-B3,5x,data/yiyuan/patches_coords_5x/patches_256/2476295-B3.h5,data/yiyuan/features_biomedclip_5x/2476295-B3.h5,True,True,,True,True,True,249,249,249,0,0,"[249,2]","[249,2]","[249,512]",int32,int64,float32,True,True,False,True,True,True,249,0,False
2476295-B3,20x,data/yiyuan/patches_coords_20x/patches_256/2476295-B3.h5,data/yiyuan/features_biomedclip_20x/2476295-B3.h5,True,True,,True,True,True,3732,3732,3732,0,0,"[3732,2]","[3732,2]","[3732,512]",int32,int64,float32,True,True,False,True,True,True,3731,0,False
2476358-B2,5x,data/yiyuan/patches_coords_5x/patches_256/2476358-B2.h5,data/yiyuan/features_biomedclip_5x/2476358-B2.h5,True,True,,True,True,True,212,212,212,0,0,"[212,2]","[212,2]","[212,512]",int32,int64,float32,True,True,False,True,True,True,212,0,False
2476358-B2,20x,data/yiyuan/patches_coords_20x/patches_256/2476358-B2.h5,data/yiyuan/features_biomedclip_20x/2476358-B2.h5,True,True,,True,True,True,3078,3078,3078,0,0,"[3078,2]","[3078,2]","[3078,512]",int32,int64,float32,True,True,False,True,True,True,3078,0,False
2476376-B2,5x,data/yiyuan/patches_coords_5x/patches_256/2476376-B2.h5,data/yiyuan/features_biomedclip_5x/2476376-B2.h5,True,True,,True,True,True,262,262,262,0,0,"[262,2]","[262,2]","[262,512]",int32,int64,float32,True,True,False,True,True,True,262,0,False
2476376-B2,20x,data/yiyuan/patches_coords_20x/patches_256/2476376-B2.h5,data/yiyuan/features_biomedclip_20x/2476376-B2.h5,True,True,,True,True,True,3675,3675,3675,0,0,"[3675,2]","[3675,2]","[3675,512]",int32,int64,float32,True,True,False,True,True,True,3674,0,False
2476391-B2,5x,data/yiyuan/patches_coords_5x/patches_256/2476391-B2.h5,data/yiyuan/features_biomedclip_5x/2476391-B2.h5,True,True,,True,True,True,154,154,154,0,0,"[154,2]","[154,2]","[154,512]",int32,int64,float32,True,True,False,True,True,True,154,0,False
2476391-B2,20x,data/yiyuan/patches_coords_20x/patches_256/2476391-B2.h5,data/yiyuan/features_biomedclip_20x/2476391-B2.h5,True,True,,True,True,True,2214,2214,2214,0,0,"[2214,2]","[2214,2]","[2214,512]",int32,int64,float32,True,True,False,True,True,True,2214,0,False
2476681-B2,5x,data/yiyuan/patches_coords_5x/patches_256/2476681-B2.h5,data/yiyuan/features_biomedclip_5x/2476681-B2.h5,True,True,,True,True,True,172,172,172,0,0,"[172,2]","[172,2]","[172,512]",int32,int64,float32,True,True,False,True,True,True,172,0,False
2476681-B2,20x,data/yiyuan/patches_coords_20x/patches_256/2476681-B2.h5,data/yiyuan/features_biomedclip_20x/2476681-B2.h5,True,True,,True,True,True,2291,2291,2291,0,0,"[2291,2]","[2291,2]","[2291,512]",int32,int64,float32,True,True,False,True,True,True,2286,0,False
2476750-B,5x,data/yiyuan/patches_coords_5x/patches_256/2476750-B.h5,data/yiyuan/features_biomedclip_5x/2476750-B.h5,True,True,,True,True,True,320,320,320,0,0,"[320,2]","[320,2]","[320,512]",int64,int64,float32,True,True,False,True,True,True,320,0,False
2476750-B,20x,data/yiyuan/patches_coords_20x/patches_256/2476750-B.h5,data/yiyuan/features_biomedclip_20x/2476750-B.h5,True,True,,True,True,True,4596,4596,4596,0,0,"[4596,2]","[4596,2]","[4596,512]",int64,int64,float32,True,True,False,True,True,True,4595,0,False
2476834-B3,5x,data/yiyuan/patches_coords_5x/patches_256/2476834-B3.h5,data/yiyuan/features_biomedclip_5x/2476834-B3.h5,True,True,,True,True,True,303,303,303,0,0,"[303,2]","[303,2]","[303,512]",int32,int64,float32,True,True,False,True,True,True,303,0,False
2476834-B3,20x,data/yiyuan/patches_coords_20x/patches_256/2476834-B3.h5,data/yiyuan/features_biomedclip_20x/2476834-B3.h5,True,True,,True,True,True,4328,4328,4328,0,0,"[4328,2]","[4328,2]","[4328,512]",int32,int64,float32,True,True,False,True,True,True,4328,0,False
2476856-B2,5x,data/yiyuan/patches_coords_5x/patches_256/2476856-B2.h5,data/yiyuan/features_biomedclip_5x/2476856-B2.h5,True,True,,True,True,True,260,260,260,0,0,"[260,2]","[260,2]","[260,512]",int32,int64,float32,True,True,False,True,True,True,260,0,False
2476856-B2,20x,data/yiyuan/patches_coords_20x/patches_256/2476856-B2.h5,data/yiyuan/features_biomedclip_20x/2476856-B2.h5,True,True,,True,True,True,3535,3535,3535,0,0,"[3535,2]","[3535,2]","[3535,512]",int32,int64,float32,True,True,False,True,True,True,3535,0,False
2476983-B,5x,data/yiyuan/patches_coords_5x/patches_256/2476983-B.h5,data/yiyuan/features_biomedclip_5x/2476983-B.h5,True,True,,True,True,True,181,181,181,0,0,"[181,2]","[181,2]","[181,512]",int64,int64,float32,True,True,True,True,True,False,0,,True
2476983-B,20x,data/yiyuan/patches_coords_20x/patches_256/2476983-B.h5,data/yiyuan/features_biomedclip_20x/2476983-B.h5,True,True,,True,True,True,2273,2273,2273,0,0,"[2273,2]","[2273,2]","[2273,512]",int64,int64,float32,True,True,False,True,True,True,2273,0,False
2476984-B2,5x,data/yiyuan/patches_coords_5x/patches_256/2476984-B2.h5,data/yiyuan/features_biomedclip_5x/2476984-B2.h5,True,True,,True,True,True,79,79,79,0,0,"[79,2]","[79,2]","[79,512]",int32,int64,float32,True,True,False,True,True,True,79,0,False
2476984-B2,20x,data/yiyuan/patches_coords_20x/patches_256/2476984-B2.h5,data/yiyuan/features_biomedclip_20x/2476984-B2.h5,True,True,,True,True,True,1070,1070,1070,0,0,"[1070,2]","[1070,2]","[1070,512]",int32,int64,float32,True,True,False,True,True,True,1068,0,False
2477039-B,5x,data/yiyuan/patches_coords_5x/patches_256/2477039-B.h5,data/yiyuan/features_biomedclip_5x/2477039-B.h5,True,True,,True,True,True,247,247,247,0,0,"[247,2]","[247,2]","[247,512]",int64,int64,float32,True,True,True,True,True,False,0,,True
2477039-B,20x,data/yiyuan/patches_coords_20x/patches_256/2477039-B.h5,data/yiyuan/features_biomedclip_20x/2477039-B.h5,True,True,,True,True,True,3531,3531,3531,0,0,"[3531,2]","[3531,2]","[3531,512]",int64,int64,float32,True,True,False,True,True,True,3529,0,False
2477053-B3,5x,data/yiyuan/patches_coords_5x/patches_256/2477053-B3.h5,data/yiyuan/features_biomedclip_5x/2477053-B3.h5,True,True,,True,True,True,396,396,396,0,0,"[396,2]","[396,2]","[396,512]",int32,int64,float32,True,True,False,True,True,True,396,0,False
2477053-B3,20x,data/yiyuan/patches_coords_20x/patches_256/2477053-B3.h5,data/yiyuan/features_biomedclip_20x/2477053-B3.h5,True,True,,True,True,True,5849,5849,5849,0,0,"[5849,2]","[5849,2]","[5849,512]",int32,int64,float32,True,True,False,True,True,True,5849,0,False
2477058-B2,5x,data/yiyuan/patches_coords_5x/patches_256/2477058-B2.h5,data/yiyuan/features_biomedclip_5x/2477058-B2.h5,True,True,,True,True,True,224,224,224,0,0,"[224,2]","[224,2]","[224,512]",int32,int64,float32,True,True,False,True,True,True,224,0,False
2477058-B2,20x,data/yiyuan/patches_coords_20x/patches_256/2477058-B2.h5,data/yiyuan/features_biomedclip_20x/2477058-B2.h5,True,True,,True,True,True,3382,3382,3382,0,0,"[3382,2]","[3382,2]","[3382,512]",int32,int64,float32,True,True,False,True,True,True,3379,0,False
2477118-B3,5x,data/yiyuan/patches_coords_5x/patches_256/2477118-B3.h5,data/yiyuan/features_biomedclip_5x/2477118-B3.h5,True,True,,True,True,True,221,221,221,0,0,"[221,2]","[221,2]","[221,512]",int32,int64,float32,True,True,False,True,True,True,221,0,False
2477118-B3,20x,data/yiyuan/patches_coords_20x/patches_256/2477118-B3.h5,data/yiyuan/features_biomedclip_20x/2477118-B3.h5,True,True,,True,True,True,3195,3195,3195,0,0,"[3195,2]","[3195,2]","[3195,512]",int32,int64,float32,True,True,False,True,True,True,3195,0,False
2477118-B4,5x,data/yiyuan/patches_coords_5x/patches_256/2477118-B4.h5,data/yiyuan/features_biomedclip_5x/2477118-B4.h5,True,True,,True,True,True,167,167,167,0,0,"[167,2]","[167,2]","[167,512]",int32,int64,float32,True,True,False,True,True,True,167,0,False
2477118-B4,20x,data/yiyuan/patches_coords_20x/patches_256/2477118-B4.h5,data/yiyuan/features_biomedclip_20x/2477118-B4.h5,True,True,,True,True,True,2364,2364,2364,0,0,"[2364,2]","[2364,2]","[2364,512]",int32,int64,float32,True,True,False,True,True,True,2363,0,False
2477189-B2,5x,data/yiyuan/patches_coords_5x/patches_256/2477189-B2.h5,data/yiyuan/features_biomedclip_5x/2477189-B2.h5,True,True,,True,True,True,291,291,291,0,0,"[291,2]","[291,2]","[291,512]",int32,int64,float32,True,True,False,True,True,True,291,0,False
2477189-B2,20x,data/yiyuan/patches_coords_20x/patches_256/2477189-B2.h5,data/yiyuan/features_biomedclip_20x/2477189-B2.h5,True,True,,True,True,True,4316,4316,4316,0,0,"[4316,2]","[4316,2]","[4316,512]",int32,int64,float32,True,True,False,True,True,True,4313,0,False
2477189-B3,5x,data/yiyuan/patches_coords_5x/patches_256/2477189-B3.h5,data/yiyuan/features_biomedclip_5x/2477189-B3.h5,True,True,,True,True,True,129,129,129,0,0,"[129,2]","[129,2]","[129,512]",int32,int64,float32,True,True,False,True,True,True,129,0,False
2477189-B3,20x,data/yiyuan/patches_coords_20x/patches_256/2477189-B3.h5,data/yiyuan/features_biomedclip_20x/2477189-B3.h5,True,True,,True,True,True,1775,1775,1775,0,0,"[1775,2]","[1775,2]","[1775,512]",int32,int64,float32,True,True,False,True,True,True,1773,0,False
2477274-B3,5x,data/yiyuan/patches_coords_5x/patches_256/2477274-B3.h5,data/yiyuan/features_biomedclip_5x/2477274-B3.h5,True,True,,True,True,True,127,127,127,0,0,"[127,2]","[127,2]","[127,512]",int32,int64,float32,True,True,False,True,True,True,127,0,False
2477274-B3,20x,data/yiyuan/patches_coords_20x/patches_256/2477274-B3.h5,data/yiyuan/features_biomedclip_20x/2477274-B3.h5,True,True,,True,True,True,1675,1675,1675,0,0,"[1675,2]","[1675,2]","[1675,512]",int32,int64,float32,True,True,False,True,True,True,1675,0,False
2477285-B2,5x,data/yiyuan/patches_coords_5x/patches_256/2477285-B2.h5,data/yiyuan/features_biomedclip_5x/2477285-B2.h5,True,True,,True,True,True,221,221,221,0,0,"[221,2]","[221,2]","[221,512]",int32,int64,float32,True,True,False,True,True,True,221,0,False
2477285-B2,20x,data/yiyuan/patches_coords_20x/patches_256/2477285-B2.h5,data/yiyuan/features_biomedclip_20x/2477285-B2.h5,True,True,,True,True,True,3146,3146,3146,0,0,"[3146,2]","[3146,2]","[3146,512]",int32,int64,float32,True,True,False,True,True,True,3145,0,False
2477299-B2,5x,data/yiyuan/patches_coords_5x/patches_256/2477299-B2.h5,data/yiyuan/features_biomedclip_5x/2477299-B2.h5,True,True,,True,True,True,396,396,396,0,0,"[396,2]","[396,2]","[396,512]",int32,int64,float32,True,True,False,True,True,True,396,0,False
2477299-B2,20x,data/yiyuan/patches_coords_20x/patches_256/2477299-B2.h5,data/yiyuan/features_biomedclip_20x/2477299-B2.h5,True,True,,True,True,True,5990,5990,5990,0,0,"[5990,2]","[5990,2]","[5990,512]",int32,int64,float32,True,True,False,True,True,True,5988,0,False
2477473-B2,5x,data/yiyuan/patches_coords_5x/patches_256/2477473-B2.h5,data/yiyuan/features_biomedclip_5x/2477473-B2.h5,True,True,,True,True,True,280,280,280,0,0,"[280,2]","[280,2]","[280,512]",int32,int64,float32,True,True,False,True,True,True,280,0,False
2477473-B2,20x,data/yiyuan/patches_coords_20x/patches_256/2477473-B2.h5,data/yiyuan/features_biomedclip_20x/2477473-B2.h5,True,True,,True,True,True,4199,4199,4199,0,0,"[4199,2]","[4199,2]","[4199,512]",int32,int64,float32,True,True,False,True,True,True,4198,0,False
2477476-B2,5x,data/yiyuan/patches_coords_5x/patches_256/2477476-B2.h5,data/yiyuan/features_biomedclip_5x/2477476-B2.h5,True,True,,True,True,True,313,313,313,0,0,"[313,2]","[313,2]","[313,512]",int32,int64,float32,True,True,False,True,True,True,313,0,False
2477476-B2,20x,data/yiyuan/patches_coords_20x/patches_256/2477476-B2.h5,data/yiyuan/features_biomedclip_20x/2477476-B2.h5,True,True,,True,True,True,4584,4584,4584,0,0,"[4584,2]","[4584,2]","[4584,512]",int32,int64,float32,True,True,False,True,True,True,4581,0,False
2477541-B2,5x,data/yiyuan/patches_coords_5x/patches_256/2477541-B2.h5,data/yiyuan/features_biomedclip_5x/2477541-B2.h5,True,True,,True,True,True,141,141,141,0,0,"[141,2]","[141,2]","[141,512]",int32,int64,float32,True,True,False,True,True,True,141,0,False
2477541-B2,20x,data/yiyuan/patches_coords_20x/patches_256/2477541-B2.h5,data/yiyuan/features_biomedclip_20x/2477541-B2.h5,True,True,,True,True,True,1847,1847,1847,0,0,"[1847,2]","[1847,2]","[1847,512]",int32,int64,float32,True,True,False,True,True,True,1847,0,False
2477577-B3,5x,data/yiyuan/patches_coords_5x/patches_256/2477577-B3.h5,data/yiyuan/features_biomedclip_5x/2477577-B3.h5,True,True,,True,True,True,254,254,254,0,0,"[254,2]","[254,2]","[254,512]",int32,int64,float32,True,True,False,True,True,True,254,0,False
2477577-B3,20x,data/yiyuan/patches_coords_20x/patches_256/2477577-B3.h5,data/yiyuan/features_biomedclip_20x/2477577-B3.h5,True,True,,True,True,True,3569,3569,3569,0,0,"[3569,2]","[3569,2]","[3569,512]",int32,int64,float32,True,True,False,True,True,True,3568,0,False
2477668-B3,5x,data/yiyuan/patches_coords_5x/patches_256/2477668-B3.h5,data/yiyuan/features_biomedclip_5x/2477668-B3.h5,True,True,,True,True,True,316,316,316,0,0,"[316,2]","[316,2]","[316,512]",int32,int64,float32,True,True,False,True,True,True,316,0,False
2477668-B3,20x,data/yiyuan/patches_coords_20x/patches_256/2477668-B3.h5,data/yiyuan/features_biomedclip_20x/2477668-B3.h5,True,True,,True,True,True,4604,4604,4604,0,0,"[4604,2]","[4604,2]","[4604,512]",int32,int64,float32,True,True,False,True,True,True,4601,0,False
2477670-B2,5x,data/yiyuan/patches_coords_5x/patches_256/2477670-B2.h5,data/yiyuan/features_biomedclip_5x/2477670-B2.h5,True,True,,True,True,True,262,262,262,0,0,"[262,2]","[262,2]","[262,512]",int32,int64,float32,True,True,False,True,True,True,262,0,False
2477670-B2,20x,data/yiyuan/patches_coords_20x/patches_256/2477670-B2.h5,data/yiyuan/features_biomedclip_20x/2477670-B2.h5,True,True,,True,True,True,3685,3685,3685,0,0,"[3685,2]","[3685,2]","[3685,512]",int32,int64,float32,True,True,False,True,True,True,3682,0,False
2477695-B2,5x,data/yiyuan/patches_coords_5x/patches_256/2477695-B2.h5,data/yiyuan/features_biomedclip_5x/2477695-B2.h5,True,True,,True,True,True,305,305,305,0,0,"[305,2]","[305,2]","[305,512]",int32,int64,float32,True,True,False,True,True,True,305,0,False
2477695-B2,20x,data/yiyuan/patches_coords_20x/patches_256/2477695-B2.h5,data/yiyuan/features_biomedclip_20x/2477695-B2.h5,True,True,,True,True,True,4519,4519,4519,0,0,"[4519,2]","[4519,2]","[4519,512]",int32,int64,float32,True,True,False,True,True,True,4518,0,False
2477809-B3,5x,data/yiyuan/patches_coords_5x/patches_256/2477809-B3.h5,data/yiyuan/features_biomedclip_5x/2477809-B3.h5,True,True,,True,True,True,202,202,202,0,0,"[202,2]","[202,2]","[202,512]",int32,int64,float32,True,True,False,True,True,True,202,0,False
2477809-B3,20x,data/yiyuan/patches_coords_20x/patches_256/2477809-B3.h5,data/yiyuan/features_biomedclip_20x/2477809-B3.h5,True,True,,True,True,True,3004,3004,3004,0,0,"[3004,2]","[3004,2]","[3004,512]",int32,int64,float32,True,True,False,True,True,True,3003,0,False
2477814-B5,5x,data/yiyuan/patches_coords_5x/patches_256/2477814-B5.h5,data/yiyuan/features_biomedclip_5x/2477814-B5.h5,True,True,,True,True,True,143,143,143,0,0,"[143,2]","[143,2]","[143,512]",int32,int64,float32,True,True,False,True,True,True,143,0,False
2477814-B5,20x,data/yiyuan/patches_coords_20x/patches_256/2477814-B5.h5,data/yiyuan/features_biomedclip_20x/2477814-B5.h5,True,True,,True,True,True,2119,2119,2119,0,0,"[2119,2]","[2119,2]","[2119,512]",int32,int64,float32,True,True,False,True,True,True,2118,0,False
2477941-B2,5x,data/yiyuan/patches_coords_5x/patches_256/2477941-B2.h5,data/yiyuan/features_biomedclip_5x/2477941-B2.h5,True,True,,True,True,True,272,272,272,0,0,"[272,2]","[272,2]","[272,512]",int32,int64,float32,True,True,False,True,True,True,272,0,False
2477941-B2,20x,data/yiyuan/patches_coords_20x/patches_256/2477941-B2.h5,data/yiyuan/features_biomedclip_20x/2477941-B2.h5,True,True,,True,True,True,3942,3942,3942,0,0,"[3942,2]","[3942,2]","[3942,512]",int32,int64,float32,True,True,False,True,True,True,3941,0,False
2477949-B2,5x,data/yiyuan/patches_coords_5x/patches_256/2477949-B2.h5,data/yiyuan/features_biomedclip_5x/2477949-B2.h5,True,True,,True,True,True,188,188,188,0,0,"[188,2]","[188,2]","[188,512]",int32,int64,float32,True,True,False,True,True,True,188,0,False
2477949-B2,20x,data/yiyuan/patches_coords_20x/patches_256/2477949-B2.h5,data/yiyuan/features_biomedclip_20x/2477949-B2.h5,True,True,,True,True,True,2718,2718,2718,0,0,"[2718,2]","[2718,2]","[2718,512]",int32,int64,float32,True,True,False,True,True,True,2717,0,False
2477977-B3,5x,data/yiyuan/patches_coords_5x/patches_256/2477977-B3.h5,data/yiyuan/features_biomedclip_5x/2477977-B3.h5,True,True,,True,True,True,192,192,192,0,0,"[192,2]","[192,2]","[192,512]",int32,int64,float32,True,True,False,True,True,True,192,0,False
2477977-B3,20x,data/yiyuan/patches_coords_20x/patches_256/2477977-B3.h5,data/yiyuan/features_biomedclip_20x/2477977-B3.h5,True,True,,True,True,True,2568,2568,2568,0,0,"[2568,2]","[2568,2]","[2568,512]",int32,int64,float32,True,True,False,True,True,True,2567,0,False
2478091-B4,5x,data/yiyuan/patches_coords_5x/patches_256/2478091-B4.h5,data/yiyuan/features_biomedclip_5x/2478091-B4.h5,True,True,,True,True,True,273,273,273,0,0,"[273,2]","[273,2]","[273,512]",int32,int64,float32,True,True,False,True,True,True,273,0,False
2478091-B4,20x,data/yiyuan/patches_coords_20x/patches_256/2478091-B4.h5,data/yiyuan/features_biomedclip_20x/2478091-B4.h5,True,True,,True,True,True,4055,4055,4055,0,0,"[4055,2]","[4055,2]","[4055,512]",int32,int64,float32,True,True,False,True,True,True,4054,0,False
2481696-B4,5x,data/yiyuan/patches_coords_5x/patches_256/2481696-B4.h5,data/yiyuan/features_biomedclip_5x/2481696-B4.h5,True,True,,True,True,True,181,181,181,0,0,"[181,2]","[181,2]","[181,512]",int32,int64,float32,True,True,False,True,True,True,181,0,False
2481696-B4,20x,data/yiyuan/patches_coords_20x/patches_256/2481696-B4.h5,data/yiyuan/features_biomedclip_20x/2481696-B4.h5,True,True,,True,True,True,2513,2513,2513,0,0,"[2513,2]","[2513,2]","[2513,512]",int32,int64,float32,True,True,False,True,True,True,2512,0,False
2481703-B2,5x,data/yiyuan/patches_coords_5x/patches_256/2481703-B2.h5,data/yiyuan/features_biomedclip_5x/2481703-B2.h5,True,True,,True,True,True,237,237,237,0,0,"[237,2]","[237,2]","[237,512]",int32,int64,float32,True,True,False,True,True,True,237,0,False
2481703-B2,20x,data/yiyuan/patches_coords_20x/patches_256/2481703-B2.h5,data/yiyuan/features_biomedclip_20x/2481703-B2.h5,True,True,,True,True,True,3370,3370,3370,0,0,"[3370,2]","[3370,2]","[3370,512]",int32,int64,float32,True,True,False,True,True,True,3369,0,False
2481723-B2,5x,data/yiyuan/patches_coords_5x/patches_256/2481723-B2.h5,data/yiyuan/features_biomedclip_5x/2481723-B2.h5,True,True,,True,True,True,214,214,214,0,0,"[214,2]","[214,2]","[214,512]",int32,int64,float32,True,True,False,True,True,True,214,0,False
2481723-B2,20x,data/yiyuan/patches_coords_20x/patches_256/2481723-B2.h5,data/yiyuan/features_biomedclip_20x/2481723-B2.h5,True,True,,True,True,True,3045,3045,3045,0,0,"[3045,2]","[3045,2]","[3045,512]",int32,int64,float32,True,True,False,True,True,True,3044,0,False
2481750-B2,5x,data/yiyuan/patches_coords_5x/patches_256/2481750-B2.h5,data/yiyuan/features_biomedclip_5x/2481750-B2.h5,True,True,,True,True,True,248,248,248,0,0,"[248,2]","[248,2]","[248,512]",int32,int64,float32,True,True,False,True,True,True,248,0,False
2481750-B2,20x,data/yiyuan/patches_coords_20x/patches_256/2481750-B2.h5,data/yiyuan/features_biomedclip_20x/2481750-B2.h5,True,True,,True,True,True,3545,3545,3545,0,0,"[3545,2]","[3545,2]","[3545,512]",int32,int64,float32,True,True,False,True,True,True,3542,0,False
2482055-B2,5x,data/yiyuan/patches_coords_5x/patches_256/2482055-B2.h5,data/yiyuan/features_biomedclip_5x/2482055-B2.h5,True,True,,True,True,True,332,332,332,0,0,"[332,2]","[332,2]","[332,512]",int32,int64,float32,True,True,False,True,True,True,332,0,False
2482055-B2,20x,data/yiyuan/patches_coords_20x/patches_256/2482055-B2.h5,data/yiyuan/features_biomedclip_20x/2482055-B2.h5,True,True,,True,True,True,4895,4895,4895,0,0,"[4895,2]","[4895,2]","[4895,512]",int32,int64,float32,True,True,False,True,True,True,4895,0,False
2482056-B4,5x,data/yiyuan/patches_coords_5x/patches_256/2482056-B4.h5,data/yiyuan/features_biomedclip_5x/2482056-B4.h5,True,True,,True,True,True,223,223,223,0,0,"[223,2]","[223,2]","[223,512]",int32,int64,float32,True,True,False,True,True,True,223,0,False
2482056-B4,20x,data/yiyuan/patches_coords_20x/patches_256/2482056-B4.h5,data/yiyuan/features_biomedclip_20x/2482056-B4.h5,True,True,,True,True,True,3063,3063,3063,0,0,"[3063,2]","[3063,2]","[3063,512]",int32,int64,float32,True,True,False,True,True,True,3063,0,False
2482056-B9,5x,data/yiyuan/patches_coords_5x/patches_256/2482056-B9.h5,data/yiyuan/features_biomedclip_5x/2482056-B9.h5,True,True,,True,True,True,187,187,187,0,0,"[187,2]","[187,2]","[187,512]",int32,int64,float32,True,True,False,True,True,True,187,0,False
2482056-B9,20x,data/yiyuan/patches_coords_20x/patches_256/2482056-B9.h5,data/yiyuan/features_biomedclip_20x/2482056-B9.h5,True,True,,True,True,True,2621,2621,2621,0,0,"[2621,2]","[2621,2]","[2621,512]",int32,int64,float32,True,True,False,True,True,True,2620,0,False
2482461-B2,5x,data/yiyuan/patches_coords_5x/patches_256/2482461-B2.h5,data/yiyuan/features_biomedclip_5x/2482461-B2.h5,True,True,,True,True,True,266,266,266,0,0,"[266,2]","[266,2]","[266,512]",int32,int64,float32,True,True,False,True,True,True,266,0,False
2482461-B2,20x,data/yiyuan/patches_coords_20x/patches_256/2482461-B2.h5,data/yiyuan/features_biomedclip_20x/2482461-B2.h5,True,True,,True,True,True,3947,3947,3947,0,0,"[3947,2]","[3947,2]","[3947,512]",int32,int64,float32,True,True,False,True,True,True,3947,0,False
2482483-B2,5x,data/yiyuan/patches_coords_5x/patches_256/2482483-B2.h5,data/yiyuan/features_biomedclip_5x/2482483-B2.h5,True,True,,True,True,True,339,339,339,0,0,"[339,2]","[339,2]","[339,512]",int32,int64,float32,True,True,False,True,True,True,339,0,False
2482483-B2,20x,data/yiyuan/patches_coords_20x/patches_256/2482483-B2.h5,data/yiyuan/features_biomedclip_20x/2482483-B2.h5,True,True,,True,True,True,4942,4942,4942,0,0,"[4942,2]","[4942,2]","[4942,512]",int32,int64,float32,True,True,False,True,True,True,4940,0,False
2482607-B,5x,data/yiyuan/patches_coords_5x/patches_256/2482607-B.h5,data/yiyuan/features_biomedclip_5x/2482607-B.h5,True,True,,True,True,True,251,251,251,0,0,"[251,2]","[251,2]","[251,512]",int64,int64,float32,True,True,True,True,True,False,0,,True
2482607-B,20x,data/yiyuan/patches_coords_20x/patches_256/2482607-B.h5,data/yiyuan/features_biomedclip_20x/2482607-B.h5,True,True,,True,True,True,3517,3517,3517,0,0,"[3517,2]","[3517,2]","[3517,512]",int64,int64,float32,True,True,False,True,True,True,3516,0,False
2482886-B2,5x,data/yiyuan/patches_coords_5x/patches_256/2482886-B2.h5,data/yiyuan/features_biomedclip_5x/2482886-B2.h5,True,True,,True,True,True,299,299,299,0,0,"[299,2]","[299,2]","[299,512]",int32,int64,float32,True,True,False,True,True,True,299,0,False
2482886-B2,20x,data/yiyuan/patches_coords_20x/patches_256/2482886-B2.h5,data/yiyuan/features_biomedclip_20x/2482886-B2.h5,True,True,,True,True,True,4097,4097,4097,0,0,"[4097,2]","[4097,2]","[4097,512]",int32,int64,float32,True,True,False,True,True,True,4095,0,False
2482896-B2,5x,data/yiyuan/patches_coords_5x/patches_256/2482896-B2.h5,data/yiyuan/features_biomedclip_5x/2482896-B2.h5,True,True,,True,True,True,143,143,143,0,0,"[143,2]","[143,2]","[143,512]",int32,int64,float32,True,True,False,True,True,True,118,0,False
2482896-B2,20x,data/yiyuan/patches_coords_20x/patches_256/2482896-B2.h5,data/yiyuan/features_biomedclip_20x/2482896-B2.h5,True,True,,True,True,True,1878,1878,1878,0,0,"[1878,2]","[1878,2]","[1878,512]",int32,int64,float32,True,True,False,True,True,True,1878,0,False
2482947-B2,5x,data/yiyuan/patches_coords_5x/patches_256/2482947-B2.h5,data/yiyuan/features_biomedclip_5x/2482947-B2.h5,True,True,,True,True,True,148,148,148,0,0,"[148,2]","[148,2]","[148,512]",int32,int64,float32,True,True,False,True,True,True,148,0,False
2482947-B2,20x,data/yiyuan/patches_coords_20x/patches_256/2482947-B2.h5,data/yiyuan/features_biomedclip_20x/2482947-B2.h5,True,True,,True,True,True,2208,2208,2208,0,0,"[2208,2]","[2208,2]","[2208,512]",int32,int64,float32,True,True,False,True,True,True,2207,0,False
2482952-B2,5x,data/yiyuan/patches_coords_5x/patches_256/2482952-B2.h5,data/yiyuan/features_biomedclip_5x/2482952-B2.h5,True,True,,True,True,True,235,235,235,0,0,"[235,2]","[235,2]","[235,512]",int32,int64,float32,True,True,False,True,True,True,235,0,False
2482952-B2,20x,data/yiyuan/patches_coords_20x/patches_256/2482952-B2.h5,data/yiyuan/features_biomedclip_20x/2482952-B2.h5,True,True,,True,True,True,3325,3325,3325,0,0,"[3325,2]","[3325,2]","[3325,512]",int32,int64,float32,True,True,False,True,True,True,3323,0,False
2482956-B,5x,data/yiyuan/patches_coords_5x/patches_256/2482956-B.h5,data/yiyuan/features_biomedclip_5x/2482956-B.h5,True,True,,True,True,True,100,100,100,0,0,"[100,2]","[100,2]","[100,512]",int64,int64,float32,True,True,False,True,True,True,100,0,False
2482956-B,20x,data/yiyuan/patches_coords_20x/patches_256/2482956-B.h5,data/yiyuan/features_biomedclip_20x/2482956-B.h5,True,True,,True,True,True,1329,1329,1329,0,0,"[1329,2]","[1329,2]","[1329,512]",int64,int64,float32,True,True,False,True,True,True,1328,0,False
2482957-B2,5x,data/yiyuan/patches_coords_5x/patches_256/2482957-B2.h5,data/yiyuan/features_biomedclip_5x/2482957-B2.h5,True,True,,True,True,True,143,143,143,0,0,"[143,2]","[143,2]","[143,512]",int32,int64,float32,True,True,False,True,True,True,143,0,False
2482957-B2,20x,data/yiyuan/patches_coords_20x/patches_256/2482957-B2.h5,data/yiyuan/features_biomedclip_20x/2482957-B2.h5,True,True,,True,True,True,2109,2109,2109,0,0,"[2109,2]","[2109,2]","[2109,512]",int32,int64,float32,True,True,False,True,True,True,2107,0,False
2482962-B2,5x,data/yiyuan/patches_coords_5x/patches_256/2482962-B2.h5,data/yiyuan/features_biomedclip_5x/2482962-B2.h5,True,True,,True,True,True,105,105,105,0,0,"[105,2]","[105,2]","[105,512]",int32,int64,float32,True,True,False,True,True,True,105,0,False
2482962-B2,20x,data/yiyuan/patches_coords_20x/patches_256/2482962-B2.h5,data/yiyuan/features_biomedclip_20x/2482962-B2.h5,True,True,,True,True,True,1333,1333,1333,0,0,"[1333,2]","[1333,2]","[1333,512]",int32,int64,float32,True,True,False,True,True,True,1333,0,False
2482964-B2,5x,data/yiyuan/patches_coords_5x/patches_256/2482964-B2.h5,data/yiyuan/features_biomedclip_5x/2482964-B2.h5,True,True,,True,True,True,475,475,475,0,0,"[475,2]","[475,2]","[475,512]",int32,int64,float32,True,True,False,True,True,True,474,0,False
2482964-B2,20x,data/yiyuan/patches_coords_20x/patches_256/2482964-B2.h5,data/yiyuan/features_biomedclip_20x/2482964-B2.h5,True,True,,True,True,True,6988,6988,6988,0,0,"[6988,2]","[6988,2]","[6988,512]",int32,int64,float32,True,True,False,True,True,True,6987,0,False
2482969-B,5x,data/yiyuan/patches_coords_5x/patches_256/2482969-B.h5,data/yiyuan/features_biomedclip_5x/2482969-B.h5,True,True,,True,True,True,302,302,302,0,0,"[302,2]","[302,2]","[302,512]",int64,int64,float32,True,True,True,True,True,False,0,,True
2482969-B,20x,data/yiyuan/patches_coords_20x/patches_256/2482969-B.h5,data/yiyuan/features_biomedclip_20x/2482969-B.h5,True,True,,True,True,True,4318,4318,4318,0,0,"[4318,2]","[4318,2]","[4318,512]",int64,int64,float32,True,True,False,True,True,True,4315,0,False
2482992-B,5x,data/yiyuan/patches_coords_5x/patches_256/2482992-B.h5,data/yiyuan/features_biomedclip_5x/2482992-B.h5,True,True,,True,True,True,236,236,236,0,0,"[236,2]","[236,2]","[236,512]",int64,int64,float32,True,True,True,True,True,False,0,,True
2482992-B,20x,data/yiyuan/patches_coords_20x/patches_256/2482992-B.h5,data/yiyuan/features_biomedclip_20x/2482992-B.h5,True,True,,True,True,True,3302,3302,3302,0,0,"[3302,2]","[3302,2]","[3302,512]",int64,int64,float32,True,True,False,True,True,True,3299,0,False
2483014-B4,5x,data/yiyuan/patches_coords_5x/patches_256/2483014-B4.h5,data/yiyuan/features_biomedclip_5x/2483014-B4.h5,True,True,,True,True,True,281,281,281,0,0,"[281,2]","[281,2]","[281,512]",int32,int64,float32,True,True,False,True,True,True,106,141,False
2483014-B4,20x,data/yiyuan/patches_coords_20x/patches_256/2483014-B4.h5,data/yiyuan/features_biomedclip_20x/2483014-B4.h5,True,True,,True,True,True,3930,3930,3930,0,0,"[3930,2]","[3930,2]","[3930,512]",int32,int64,float32,True,True,False,True,True,True,3930,0,False
2483055-B2,5x,data/yiyuan/patches_coords_5x/patches_256/2483055-B2.h5,data/yiyuan/features_biomedclip_5x/2483055-B2.h5,True,True,,True,True,True,270,270,270,0,0,"[270,2]","[270,2]","[270,512]",int32,int64,float32,True,True,False,True,True,True,270,0,False
2483055-B2,20x,data/yiyuan/patches_coords_20x/patches_256/2483055-B2.h5,data/yiyuan/features_biomedclip_20x/2483055-B2.h5,True,True,,True,True,True,3762,3762,3762,0,0,"[3762,2]","[3762,2]","[3762,512]",int32,int64,float32,True,True,False,True,True,True,3762,0,False
2483211-B2,5x,data/yiyuan/patches_coords_5x/patches_256/2483211-B2.h5,data/yiyuan/features_biomedclip_5x/2483211-B2.h5,True,True,,True,True,True,288,288,288,0,0,"[288,2]","[288,2]","[288,512]",int32,int64,float32,True,True,False,True,True,True,288,0,False
2483211-B2,20x,data/yiyuan/patches_coords_20x/patches_256/2483211-B2.h5,data/yiyuan/features_biomedclip_20x/2483211-B2.h5,True,True,,True,True,True,4031,4031,4031,0,0,"[4031,2]","[4031,2]","[4031,512]",int32,int64,float32,True,True,False,True,True,True,4031,0,False
2483215-B5,5x,data/yiyuan/patches_coords_5x/patches_256/2483215-B5.h5,data/yiyuan/features_biomedclip_5x/2483215-B5.h5,True,True,,True,True,True,228,228,228,0,0,"[228,2]","[228,2]","[228,512]",int32,int64,float32,True,True,False,True,True,True,228,0,False
2483215-B5,20x,data/yiyuan/patches_coords_20x/patches_256/2483215-B5.h5,data/yiyuan/features_biomedclip_20x/2483215-B5.h5,True,True,,True,True,True,3269,3269,3269,0,0,"[3269,2]","[3269,2]","[3269,512]",int32,int64,float32,True,True,False,True,True,True,3269,0,False
2483215-B6,5x,data/yiyuan/patches_coords_5x/patches_256/2483215-B6.h5,data/yiyuan/features_biomedclip_5x/2483215-B6.h5,True,True,,True,True,True,315,315,315,0,0,"[315,2]","[315,2]","[315,512]",int32,int64,float32,True,True,False,True,True,True,315,0,False
2483215-B6,20x,data/yiyuan/patches_coords_20x/patches_256/2483215-B6.h5,data/yiyuan/features_biomedclip_20x/2483215-B6.h5,True,True,,True,True,True,4686,4686,4686,0,0,"[4686,2]","[4686,2]","[4686,512]",int32,int64,float32,True,True,False,True,True,True,4686,0,False
2483220-B1,5x,data/yiyuan/patches_coords_5x/patches_256/2483220-B1.h5,data/yiyuan/features_biomedclip_5x/2483220-B1.h5,True,True,,True,True,True,286,286,286,0,0,"[286,2]","[286,2]","[286,512]",int32,int64,float32,True,True,False,True,True,True,286,0,False
2483220-B1,20x,data/yiyuan/patches_coords_20x/patches_256/2483220-B1.h5,data/yiyuan/features_biomedclip_20x/2483220-B1.h5,True,True,,True,True,True,3900,3900,3900,0,0,"[3900,2]","[3900,2]","[3900,512]",int32,int64,float32,True,True,False,True,True,True,3900,0,False
2483363-B3,5x,data/yiyuan/patches_coords_5x/patches_256/2483363-B3.h5,data/yiyuan/features_biomedclip_5x/2483363-B3.h5,True,True,,True,True,True,349,349,349,0,0,"[349,2]","[349,2]","[349,512]",int32,int64,float32,True,True,False,True,True,True,349,0,False
2483363-B3,20x,data/yiyuan/patches_coords_20x/patches_256/2483363-B3.h5,data/yiyuan/features_biomedclip_20x/2483363-B3.h5,True,True,,True,True,True,5012,5012,5012,0,0,"[5012,2]","[5012,2]","[5012,512]",int32,int64,float32,True,True,False,True,True,True,5012,0,False
2483768-B4,5x,data/yiyuan/patches_coords_5x/patches_256/2483768-B4.h5,data/yiyuan/features_biomedclip_5x/2483768-B4.h5,True,True,,True,True,True,148,148,148,0,0,"[148,2]","[148,2]","[148,512]",int32,int64,float32,True,True,False,True,True,True,148,0,False
2483768-B4,20x,data/yiyuan/patches_coords_20x/patches_256/2483768-B4.h5,data/yiyuan/features_biomedclip_20x/2483768-B4.h5,True,True,,True,True,True,1903,1903,1903,0,0,"[1903,2]","[1903,2]","[1903,512]",int32,int64,float32,True,True,False,True,True,True,1900,0,False
2483846-B,5x,data/yiyuan/patches_coords_5x/patches_256/2483846-B.h5,data/yiyuan/features_biomedclip_5x/2483846-B.h5,True,True,,True,True,True,194,194,194,0,0,"[194,2]","[194,2]","[194,512]",int64,int64,float32,True,True,False,True,True,True,194,0,False
2483846-B,20x,data/yiyuan/patches_coords_20x/patches_256/2483846-B.h5,data/yiyuan/features_biomedclip_20x/2483846-B.h5,True,True,,True,True,True,2766,2766,2766,0,0,"[2766,2]","[2766,2]","[2766,512]",int64,int64,float32,True,True,False,True,True,True,2765,0,False
2483862-B2,5x,data/yiyuan/patches_coords_5x/patches_256/2483862-B2.h5,data/yiyuan/features_biomedclip_5x/2483862-B2.h5,True,True,,True,True,True,198,198,198,0,0,"[198,2]","[198,2]","[198,512]",int32,int64,float32,True,True,False,True,True,True,198,0,False
2483862-B2,20x,data/yiyuan/patches_coords_20x/patches_256/2483862-B2.h5,data/yiyuan/features_biomedclip_20x/2483862-B2.h5,True,True,,True,True,True,2674,2674,2674,0,0,"[2674,2]","[2674,2]","[2674,512]",int32,int64,float32,True,True,False,True,True,True,2674,0,False
2483868-B4,5x,data/yiyuan/patches_coords_5x/patches_256/2483868-B4.h5,data/yiyuan/features_biomedclip_5x/2483868-B4.h5,True,True,,True,True,True,244,244,244,0,0,"[244,2]","[244,2]","[244,512]",int32,int64,float32,True,True,False,True,True,True,244,0,False
2483868-B4,20x,data/yiyuan/patches_coords_20x/patches_256/2483868-B4.h5,data/yiyuan/features_biomedclip_20x/2483868-B4.h5,True,True,,True,True,True,3630,3630,3630,0,0,"[3630,2]","[3630,2]","[3630,512]",int32,int64,float32,True,True,False,True,True,True,3628,0,False
2483961-B3,5x,data/yiyuan/patches_coords_5x/patches_256/2483961-B3.h5,data/yiyuan/features_biomedclip_5x/2483961-B3.h5,True,True,,True,True,True,190,190,190,0,0,"[190,2]","[190,2]","[190,512]",int32,int64,float32,True,True,False,True,True,True,190,0,False
2483961-B3,20x,data/yiyuan/patches_coords_20x/patches_256/2483961-B3.h5,data/yiyuan/features_biomedclip_20x/2483961-B3.h5,True,True,,True,True,True,2652,2652,2652,0,0,"[2652,2]","[2652,2]","[2652,512]",int32,int64,float32,True,True,False,True,True,True,2652,0,False
2483973-B1,5x,data/yiyuan/patches_coords_5x/patches_256/2483973-B1.h5,data/yiyuan/features_biomedclip_5x/2483973-B1.h5,True,True,,True,True,True,300,300,300,0,0,"[300,2]","[300,2]","[300,512]",int32,int64,float32,True,True,False,True,True,True,300,0,False
2483973-B1,20x,data/yiyuan/patches_coords_20x/patches_256/2483973-B1.h5,data/yiyuan/features_biomedclip_20x/2483973-B1.h5,True,True,,True,True,True,4402,4402,4402,0,0,"[4402,2]","[4402,2]","[4402,512]",int32,int64,float32,True,True,False,True,True,True,4402,0,False
2483993-B2,5x,data/yiyuan/patches_coords_5x/patches_256/2483993-B2.h5,data/yiyuan/features_biomedclip_5x/2483993-B2.h5,True,True,,True,True,True,228,228,228,0,0,"[228,2]","[228,2]","[228,512]",int32,int64,float32,True,True,False,True,True,True,140,0,False
2483993-B2,20x,data/yiyuan/patches_coords_20x/patches_256/2483993-B2.h5,data/yiyuan/features_biomedclip_20x/2483993-B2.h5,True,True,,True,True,True,3420,3420,3420,0,0,"[3420,2]","[3420,2]","[3420,512]",int32,int64,float32,True,True,False,True,True,True,3419,0,False
2484004-B2,5x,data/yiyuan/patches_coords_5x/patches_256/2484004-B2.h5,data/yiyuan/features_biomedclip_5x/2484004-B2.h5,True,True,,True,True,True,309,309,309,0,0,"[309,2]","[309,2]","[309,512]",int32,int64,float32,True,True,False,True,True,True,309,0,False
2484004-B2,20x,data/yiyuan/patches_coords_20x/patches_256/2484004-B2.h5,data/yiyuan/features_biomedclip_20x/2484004-B2.h5,True,True,,True,True,True,4442,4442,4442,0,0,"[4442,2]","[4442,2]","[4442,512]",int32,int64,float32,True,True,False,True,True,True,4439,0,False
2484209-B2,5x,data/yiyuan/patches_coords_5x/patches_256/2484209-B2.h5,data/yiyuan/features_biomedclip_5x/2484209-B2.h5,True,True,,True,True,True,393,393,393,0,0,"[393,2]","[393,2]","[393,512]",int32,int64,float32,True,True,False,True,True,True,393,0,False
2484209-B2,20x,data/yiyuan/patches_coords_20x/patches_256/2484209-B2.h5,data/yiyuan/features_biomedclip_20x/2484209-B2.h5,True,True,,True,True,True,5862,5862,5862,0,0,"[5862,2]","[5862,2]","[5862,512]",int32,int64,float32,True,True,False,True,True,True,5861,0,False
2484220-B3,5x,data/yiyuan/patches_coords_5x/patches_256/2484220-B3.h5,data/yiyuan/features_biomedclip_5x/2484220-B3.h5,True,True,,True,True,True,378,378,378,0,0,"[378,2]","[378,2]","[378,512]",int32,int64,float32,True,True,False,True,True,True,378,0,False
2484220-B3,20x,data/yiyuan/patches_coords_20x/patches_256/2484220-B3.h5,data/yiyuan/features_biomedclip_20x/2484220-B3.h5,True,True,,True,True,True,5652,5652,5652,0,0,"[5652,2]","[5652,2]","[5652,512]",int32,int64,float32,True,True,False,True,True,True,5651,0,False
2484228-B,5x,data/yiyuan/patches_coords_5x/patches_256/2484228-B.h5,data/yiyuan/features_biomedclip_5x/2484228-B.h5,True,True,,True,True,True,467,467,467,0,0,"[467,2]","[467,2]","[467,512]",int64,int64,float32,True,True,False,True,True,True,465,0,False
2484228-B,20x,data/yiyuan/patches_coords_20x/patches_256/2484228-B.h5,data/yiyuan/features_biomedclip_20x/2484228-B.h5,True,True,,True,True,True,6897,6897,6897,0,0,"[6897,2]","[6897,2]","[6897,512]",int64,int64,float32,True,True,False,True,True,True,6897,0,False
2484301-B2,5x,data/yiyuan/patches_coords_5x/patches_256/2484301-B2.h5,data/yiyuan/features_biomedclip_5x/2484301-B2.h5,True,True,,True,True,True,254,254,254,0,0,"[254,2]","[254,2]","[254,512]",int32,int64,float32,True,True,False,True,True,True,254,0,False
2484301-B2,20x,data/yiyuan/patches_coords_20x/patches_256/2484301-B2.h5,data/yiyuan/features_biomedclip_20x/2484301-B2.h5,True,True,,True,True,True,3770,3770,3770,0,0,"[3770,2]","[3770,2]","[3770,512]",int32,int64,float32,True,True,False,True,True,True,3769,0,False
2484312-B2,5x,data/yiyuan/patches_coords_5x/patches_256/2484312-B2.h5,data/yiyuan/features_biomedclip_5x/2484312-B2.h5,True,True,,True,True,True,305,305,305,0,0,"[305,2]","[305,2]","[305,512]",int32,int64,float32,True,True,False,True,True,True,305,0,False
2484312-B2,20x,data/yiyuan/patches_coords_20x/patches_256/2484312-B2.h5,data/yiyuan/features_biomedclip_20x/2484312-B2.h5,True,True,,True,True,True,4562,4562,4562,0,0,"[4562,2]","[4562,2]","[4562,512]",int32,int64,float32,True,True,False,True,True,True,4559,0,False
2484463-B2,5x,data/yiyuan/patches_coords_5x/patches_256/2484463-B2.h5,data/yiyuan/features_biomedclip_5x/2484463-B2.h5,True,True,,True,True,True,219,219,219,0,0,"[219,2]","[219,2]","[219,512]",int32,int64,float32,True,True,False,True,True,True,219,0,False
2484463-B2,20x,data/yiyuan/patches_coords_20x/patches_256/2484463-B2.h5,data/yiyuan/features_biomedclip_20x/2484463-B2.h5,True,True,,True,True,True,3250,3250,3250,0,0,"[3250,2]","[3250,2]","[3250,512]",int32,int64,float32,True,True,False,True,True,True,3250,0,False
2484633-B2,5x,data/yiyuan/patches_coords_5x/patches_256/2484633-B2.h5,data/yiyuan/features_biomedclip_5x/2484633-B2.h5,True,True,,True,True,True,153,153,153,0,0,"[153,2]","[153,2]","[153,512]",int32,int64,float32,True,True,False,True,True,True,153,0,False
2484633-B2,20x,data/yiyuan/patches_coords_20x/patches_256/2484633-B2.h5,data/yiyuan/features_biomedclip_20x/2484633-B2.h5,True,True,,True,True,True,2125,2125,2125,0,0,"[2125,2]","[2125,2]","[2125,512]",int32,int64,float32,True,True,False,True,True,True,2124,0,False
2484727-B2,5x,data/yiyuan/patches_coords_5x/patches_256/2484727-B2.h5,data/yiyuan/features_biomedclip_5x/2484727-B2.h5,True,True,,True,True,True,145,145,145,0,0,"[145,2]","[145,2]","[145,512]",int32,int64,float32,True,True,False,True,True,True,145,0,False
2484727-B2,20x,data/yiyuan/patches_coords_20x/patches_256/2484727-B2.h5,data/yiyuan/features_biomedclip_20x/2484727-B2.h5,True,True,,True,True,True,2090,2090,2090,0,0,"[2090,2]","[2090,2]","[2090,512]",int32,int64,float32,True,True,False,True,True,True,2088,0,False
2484734-B4,5x,data/yiyuan/patches_coords_5x/patches_256/2484734-B4.h5,data/yiyuan/features_biomedclip_5x/2484734-B4.h5,True,True,,True,True,True,190,190,190,0,0,"[190,2]","[190,2]","[190,512]",int32,int64,float32,True,True,False,True,True,True,190,0,False
2484734-B4,20x,data/yiyuan/patches_coords_20x/patches_256/2484734-B4.h5,data/yiyuan/features_biomedclip_20x/2484734-B4.h5,True,True,,True,True,True,2582,2582,2582,0,0,"[2582,2]","[2582,2]","[2582,512]",int32,int64,float32,True,True,False,True,True,True,2581,0,False
2484734-B5,5x,data/yiyuan/patches_coords_5x/patches_256/2484734-B5.h5,data/yiyuan/features_biomedclip_5x/2484734-B5.h5,True,True,,True,True,True,97,97,97,0,0,"[97,2]","[97,2]","[97,512]",int32,int64,float32,True,True,False,True,True,True,91,0,False
2484734-B5,20x,data/yiyuan/patches_coords_20x/patches_256/2484734-B5.h5,data/yiyuan/features_biomedclip_20x/2484734-B5.h5,True,True,,True,True,True,1369,1369,1369,0,0,"[1369,2]","[1369,2]","[1369,512]",int32,int64,float32,True,True,False,True,True,True,1368,0,False
2484743-B4,5x,data/yiyuan/patches_coords_5x/patches_256/2484743-B4.h5,data/yiyuan/features_biomedclip_5x/2484743-B4.h5,True,True,,True,True,True,120,120,120,0,0,"[120,2]","[120,2]","[120,512]",int32,int64,float32,True,True,False,True,True,True,120,0,False
2484743-B4,20x,data/yiyuan/patches_coords_20x/patches_256/2484743-B4.h5,data/yiyuan/features_biomedclip_20x/2484743-B4.h5,True,True,,True,True,True,1729,1729,1729,0,0,"[1729,2]","[1729,2]","[1729,512]",int32,int64,float32,True,True,False,True,True,True,1727,0,False
2484771-B3,5x,data/yiyuan/patches_coords_5x/patches_256/2484771-B3.h5,data/yiyuan/features_biomedclip_5x/2484771-B3.h5,True,True,,True,True,True,95,95,95,0,0,"[95,2]","[95,2]","[95,512]",int32,int64,float32,True,True,False,True,True,True,95,0,False
2484771-B3,20x,data/yiyuan/patches_coords_20x/patches_256/2484771-B3.h5,data/yiyuan/features_biomedclip_20x/2484771-B3.h5,True,True,,True,True,True,1210,1210,1210,0,0,"[1210,2]","[1210,2]","[1210,512]",int32,int64,float32,True,True,False,True,True,True,1210,0,False
2484791-B3,5x,data/yiyuan/patches_coords_5x/patches_256/2484791-B3.h5,data/yiyuan/features_biomedclip_5x/2484791-B3.h5,True,True,,True,True,True,79,79,79,0,0,"[79,2]","[79,2]","[79,512]",int32,int64,float32,True,True,False,True,True,True,79,0,False
2484791-B3,20x,data/yiyuan/patches_coords_20x/patches_256/2484791-B3.h5,data/yiyuan/features_biomedclip_20x/2484791-B3.h5,True,True,,True,True,True,1067,1067,1067,0,0,"[1067,2]","[1067,2]","[1067,512]",int32,int64,float32,True,True,False,True,True,True,1066,0,False
2484883-B2,5x,data/yiyuan/patches_coords_5x/patches_256/2484883-B2.h5,data/yiyuan/features_biomedclip_5x/2484883-B2.h5,True,True,,True,True,True,258,258,258,0,0,"[258,2]","[258,2]","[258,512]",int32,int64,float32,True,True,False,True,True,True,258,0,False
2484883-B2,20x,data/yiyuan/patches_coords_20x/patches_256/2484883-B2.h5,data/yiyuan/features_biomedclip_20x/2484883-B2.h5,True,True,,True,True,True,3583,3583,3583,0,0,"[3583,2]","[3583,2]","[3583,512]",int32,int64,float32,True,True,False,True,True,True,3582,0,False
2485059-B2,5x,data/yiyuan/patches_coords_5x/patches_256/2485059-B2.h5,data/yiyuan/features_biomedclip_5x/2485059-B2.h5,True,True,,True,True,True,265,265,265,0,0,"[265,2]","[265,2]","[265,512]",int32,int64,float32,True,True,False,True,True,True,265,0,False
2485059-B2,20x,data/yiyuan/patches_coords_20x/patches_256/2485059-B2.h5,data/yiyuan/features_biomedclip_20x/2485059-B2.h5,True,True,,True,True,True,3915,3915,3915,0,0,"[3915,2]","[3915,2]","[3915,512]",int32,int64,float32,True,True,False,True,True,True,3914,0,False
2485259-B6,5x,data/yiyuan/patches_coords_5x/patches_256/2485259-B6.h5,data/yiyuan/features_biomedclip_5x/2485259-B6.h5,True,True,,True,True,True,174,174,174,0,0,"[174,2]","[174,2]","[174,512]",int32,int64,float32,True,True,False,True,True,True,174,0,False
2485259-B6,20x,data/yiyuan/patches_coords_20x/patches_256/2485259-B6.h5,data/yiyuan/features_biomedclip_20x/2485259-B6.h5,True,True,,True,True,True,2328,2328,2328,0,0,"[2328,2]","[2328,2]","[2328,512]",int32,int64,float32,True,True,False,True,True,True,2328,0,False
2485275-B2,5x,data/yiyuan/patches_coords_5x/patches_256/2485275-B2.h5,data/yiyuan/features_biomedclip_5x/2485275-B2.h5,True,True,,True,True,True,320,320,320,0,0,"[320,2]","[320,2]","[320,512]",int32,int64,float32,True,True,False,True,True,True,320,0,False
2485275-B2,20x,data/yiyuan/patches_coords_20x/patches_256/2485275-B2.h5,data/yiyuan/features_biomedclip_20x/2485275-B2.h5,True,True,,True,True,True,4591,4591,4591,0,0,"[4591,2]","[4591,2]","[4591,512]",int32,int64,float32,True,True,False,True,True,True,4589,0,False
2485303-B2,5x,data/yiyuan/patches_coords_5x/patches_256/2485303-B2.h5,data/yiyuan/features_biomedclip_5x/2485303-B2.h5,True,True,,True,True,True,247,247,247,0,0,"[247,2]","[247,2]","[247,512]",int32,int64,float32,True,True,False,True,True,True,247,0,False
2485303-B2,20x,data/yiyuan/patches_coords_20x/patches_256/2485303-B2.h5,data/yiyuan/features_biomedclip_20x/2485303-B2.h5,True,True,,True,True,True,3388,3388,3388,0,0,"[3388,2]","[3388,2]","[3388,512]",int32,int64,float32,True,True,False,True,True,True,3387,0,False
2485318-B2,5x,data/yiyuan/patches_coords_5x/patches_256/2485318-B2.h5,data/yiyuan/features_biomedclip_5x/2485318-B2.h5,True,True,,True,True,True,116,116,116,0,0,"[116,2]","[116,2]","[116,512]",int32,int64,float32,True,True,False,True,True,True,116,0,False
2485318-B2,20x,data/yiyuan/patches_coords_20x/patches_256/2485318-B2.h5,data/yiyuan/features_biomedclip_20x/2485318-B2.h5,True,True,,True,True,True,1626,1626,1626,0,0,"[1626,2]","[1626,2]","[1626,512]",int32,int64,float32,True,True,False,True,True,True,1624,0,False
2485322-B2,5x,data/yiyuan/patches_coords_5x/patches_256/2485322-B2.h5,data/yiyuan/features_biomedclip_5x/2485322-B2.h5,True,True,,True,True,True,95,95,95,0,0,"[95,2]","[95,2]","[95,512]",int32,int64,float32,True,True,False,True,True,True,95,0,False
2485322-B2,20x,data/yiyuan/patches_coords_20x/patches_256/2485322-B2.h5,data/yiyuan/features_biomedclip_20x/2485322-B2.h5,True,True,,True,True,True,1214,1214,1214,0,0,"[1214,2]","[1214,2]","[1214,512]",int32,int64,float32,True,True,False,True,True,True,1214,0,False
2485328-B2,5x,data/yiyuan/patches_coords_5x/patches_256/2485328-B2.h5,data/yiyuan/features_biomedclip_5x/2485328-B2.h5,True,True,,True,True,True,191,191,191,0,0,"[191,2]","[191,2]","[191,512]",int32,int64,float32,True,True,False,True,True,True,191,0,False
2485328-B2,20x,data/yiyuan/patches_coords_20x/patches_256/2485328-B2.h5,data/yiyuan/features_biomedclip_20x/2485328-B2.h5,True,True,,True,True,True,2630,2630,2630,0,0,"[2630,2]","[2630,2]","[2630,512]",int32,int64,float32,True,True,False,True,True,True,2629,0,False
2485517-B2,5x,data/yiyuan/patches_coords_5x/patches_256/2485517-B2.h5,data/yiyuan/features_biomedclip_5x/2485517-B2.h5,True,True,,True,True,True,84,84,84,0,0,"[84,2]","[84,2]","[84,512]",int32,int64,float32,True,True,False,True,True,True,80,4,False
2485517-B2,20x,data/yiyuan/patches_coords_20x/patches_256/2485517-B2.h5,data/yiyuan/features_biomedclip_20x/2485517-B2.h5,True,True,,True,True,True,1068,1068,1068,0,0,"[1068,2]","[1068,2]","[1068,512]",int32,int64,float32,True,True,False,True,True,True,1068,0,False
2485635-B2,5x,data/yiyuan/patches_coords_5x/patches_256/2485635-B2.h5,data/yiyuan/features_biomedclip_5x/2485635-B2.h5,True,True,,True,True,True,253,253,253,0,0,"[253,2]","[253,2]","[253,512]",int32,int64,float32,True,True,False,True,True,True,253,0,False
2485635-B2,20x,data/yiyuan/patches_coords_20x/patches_256/2485635-B2.h5,data/yiyuan/features_biomedclip_20x/2485635-B2.h5,True,True,,True,True,True,3774,3774,3774,0,0,"[3774,2]","[3774,2]","[3774,512]",int32,int64,float32,True,True,False,True,True,True,3773,0,False
2485803-B2,5x,data/yiyuan/patches_coords_5x/patches_256/2485803-B2.h5,data/yiyuan/features_biomedclip_5x/2485803-B2.h5,True,True,,True,True,True,519,519,519,0,0,"[519,2]","[519,2]","[519,512]",int32,int64,float32,True,True,False,True,True,True,518,0,False
2485803-B2,20x,data/yiyuan/patches_coords_20x/patches_256/2485803-B2.h5,data/yiyuan/features_biomedclip_20x/2485803-B2.h5,True,True,,True,True,True,7752,7752,7752,0,0,"[7752,2]","[7752,2]","[7752,512]",int32,int64,float32,True,True,False,True,True,True,7751,0,False
2485805-B,5x,data/yiyuan/patches_coords_5x/patches_256/2485805-B.h5,data/yiyuan/features_biomedclip_5x/2485805-B.h5,True,True,,True,True,True,362,362,362,0,0,"[362,2]","[362,2]","[362,512]",int64,int64,float32,True,True,False,True,True,True,362,0,False
2485805-B,20x,data/yiyuan/patches_coords_20x/patches_256/2485805-B.h5,data/yiyuan/features_biomedclip_20x/2485805-B.h5,True,True,,True,True,True,5106,5106,5106,0,0,"[5106,2]","[5106,2]","[5106,512]",int64,int64,float32,True,True,False,True,True,True,5106,0,False
2485969-B2,5x,data/yiyuan/patches_coords_5x/patches_256/2485969-B2.h5,data/yiyuan/features_biomedclip_5x/2485969-B2.h5,True,True,,True,True,True,403,403,403,0,0,"[403,2]","[403,2]","[403,512]",int32,int64,float32,True,True,False,True,True,True,347,0,False
2485969-B2,20x,data/yiyuan/patches_coords_20x/patches_256/2485969-B2.h5,data/yiyuan/features_biomedclip_20x/2485969-B2.h5,True,True,,True,True,True,5798,5798,5798,0,0,"[5798,2]","[5798,2]","[5798,512]",int32,int64,float32,True,True,False,True,True,True,5796,0,False
2486100-B,5x,data/yiyuan/patches_coords_5x/patches_256/2486100-B.h5,data/yiyuan/features_biomedclip_5x/2486100-B.h5,True,True,,True,True,True,280,280,280,0,0,"[280,2]","[280,2]","[280,512]",int64,int64,float32,True,True,False,True,True,True,280,0,False
2486100-B,20x,data/yiyuan/patches_coords_20x/patches_256/2486100-B.h5,data/yiyuan/features_biomedclip_20x/2486100-B.h5,True,True,,True,True,True,4110,4110,4110,0,0,"[4110,2]","[4110,2]","[4110,512]",int64,int64,float32,True,True,False,True,True,True,4109,0,False
2486104-B1,5x,data/yiyuan/patches_coords_5x/patches_256/2486104-B1.h5,data/yiyuan/features_biomedclip_5x/2486104-B1.h5,True,True,,True,True,True,111,111,111,0,0,"[111,2]","[111,2]","[111,512]",int32,int64,float32,True,True,False,True,True,True,111,0,False
2486104-B1,20x,data/yiyuan/patches_coords_20x/patches_256/2486104-B1.h5,data/yiyuan/features_biomedclip_20x/2486104-B1.h5,True,True,,True,True,True,1420,1420,1420,0,0,"[1420,2]","[1420,2]","[1420,512]",int32,int64,float32,True,True,False,True,True,True,1419,0,False
2486104-B2,5x,data/yiyuan/patches_coords_5x/patches_256/2486104-B2.h5,data/yiyuan/features_biomedclip_5x/2486104-B2.h5,True,True,,True,True,True,111,111,111,0,0,"[111,2]","[111,2]","[111,512]",int32,int64,float32,True,True,False,True,True,True,111,0,False
2486104-B2,20x,data/yiyuan/patches_coords_20x/patches_256/2486104-B2.h5,data/yiyuan/features_biomedclip_20x/2486104-B2.h5,True,True,,True,True,True,1527,1527,1527,0,0,"[1527,2]","[1527,2]","[1527,512]",int32,int64,float32,True,True,False,True,True,True,1526,0,False
2486165-B2,5x,data/yiyuan/patches_coords_5x/patches_256/2486165-B2.h5,data/yiyuan/features_biomedclip_5x/2486165-B2.h5,True,True,,True,True,True,247,247,247,0,0,"[247,2]","[247,2]","[247,512]",int32,int64,float32,True,True,False,True,True,True,247,0,False
2486165-B2,20x,data/yiyuan/patches_coords_20x/patches_256/2486165-B2.h5,data/yiyuan/features_biomedclip_20x/2486165-B2.h5,True,True,,True,True,True,3554,3554,3554,0,0,"[3554,2]","[3554,2]","[3554,512]",int32,int64,float32,True,True,False,True,True,True,3553,0,False
2486191-B,5x,data/yiyuan/patches_coords_5x/patches_256/2486191-B.h5,data/yiyuan/features_biomedclip_5x/2486191-B.h5,True,True,,True,True,True,252,252,252,0,0,"[252,2]","[252,2]","[252,512]",int64,int64,float32,True,True,False,True,True,True,252,0,False
2486191-B,20x,data/yiyuan/patches_coords_20x/patches_256/2486191-B.h5,data/yiyuan/features_biomedclip_20x/2486191-B.h5,True,True,,True,True,True,3667,3667,3667,0,0,"[3667,2]","[3667,2]","[3667,512]",int64,int64,float32,True,True,False,True,True,True,3667,0,False
2486197-B2,5x,data/yiyuan/patches_coords_5x/patches_256/2486197-B2.h5,data/yiyuan/features_biomedclip_5x/2486197-B2.h5,True,True,,True,True,True,256,256,256,0,0,"[256,2]","[256,2]","[256,512]",int32,int64,float32,True,True,False,True,True,True,256,0,False
2486197-B2,20x,data/yiyuan/patches_coords_20x/patches_256/2486197-B2.h5,data/yiyuan/features_biomedclip_20x/2486197-B2.h5,True,True,,True,True,True,3655,3655,3655,0,0,"[3655,2]","[3655,2]","[3655,512]",int32,int64,float32,True,True,False,True,True,True,3655,0,False
2486262-B4,5x,data/yiyuan/patches_coords_5x/patches_256/2486262-B4.h5,data/yiyuan/features_biomedclip_5x/2486262-B4.h5,True,True,,True,True,True,141,141,141,0,0,"[141,2]","[141,2]","[141,512]",int32,int64,float32,True,True,False,True,True,True,141,0,False
2486262-B4,20x,data/yiyuan/patches_coords_20x/patches_256/2486262-B4.h5,data/yiyuan/features_biomedclip_20x/2486262-B4.h5,True,True,,True,True,True,2018,2018,2018,0,0,"[2018,2]","[2018,2]","[2018,512]",int32,int64,float32,True,True,False,True,True,True,2017,0,False
2486653-B2,5x,data/yiyuan/patches_coords_5x/patches_256/2486653-B2.h5,data/yiyuan/features_biomedclip_5x/2486653-B2.h5,True,True,,True,True,True,244,244,244,0,0,"[244,2]","[244,2]","[244,512]",int32,int64,float32,True,True,False,True,True,True,228,0,False
2486653-B2,20x,data/yiyuan/patches_coords_20x/patches_256/2486653-B2.h5,data/yiyuan/features_biomedclip_20x/2486653-B2.h5,True,True,,True,True,True,3569,3569,3569,0,0,"[3569,2]","[3569,2]","[3569,512]",int32,int64,float32,True,True,False,True,True,True,3569,0,False
2486653-B3,5x,data/yiyuan/patches_coords_5x/patches_256/2486653-B3.h5,data/yiyuan/features_biomedclip_5x/2486653-B3.h5,True,True,,True,True,True,318,318,318,0,0,"[318,2]","[318,2]","[318,512]",int32,int64,float32,True,True,False,True,True,True,318,0,False
2486653-B3,20x,data/yiyuan/patches_coords_20x/patches_256/2486653-B3.h5,data/yiyuan/features_biomedclip_20x/2486653-B3.h5,True,True,,True,True,True,4719,4719,4719,0,0,"[4719,2]","[4719,2]","[4719,512]",int32,int64,float32,True,True,False,True,True,True,4718,0,False
2486687-B3,5x,data/yiyuan/patches_coords_5x/patches_256/2486687-B3.h5,data/yiyuan/features_biomedclip_5x/2486687-B3.h5,True,True,,True,True,True,211,211,211,0,0,"[211,2]","[211,2]","[211,512]",int32,int64,float32,True,True,False,True,True,True,211,0,False
2486687-B3,20x,data/yiyuan/patches_coords_20x/patches_256/2486687-B3.h5,data/yiyuan/features_biomedclip_20x/2486687-B3.h5,True,True,,True,True,True,3060,3060,3060,0,0,"[3060,2]","[3060,2]","[3060,512]",int32,int64,float32,True,True,False,True,True,True,3059,0,False
2486812-B2,5x,data/yiyuan/patches_coords_5x/patches_256/2486812-B2.h5,data/yiyuan/features_biomedclip_5x/2486812-B2.h5,True,True,,True,True,True,294,294,294,0,0,"[294,2]","[294,2]","[294,512]",int32,int64,float32,True,True,False,True,True,True,294,0,False
2486812-B2,20x,data/yiyuan/patches_coords_20x/patches_256/2486812-B2.h5,data/yiyuan/features_biomedclip_20x/2486812-B2.h5,True,True,,True,True,True,4161,4161,4161,0,0,"[4161,2]","[4161,2]","[4161,512]",int32,int64,float32,True,True,False,True,True,True,4161,0,False
2486813-B2,5x,data/yiyuan/patches_coords_5x/patches_256/2486813-B2.h5,data/yiyuan/features_biomedclip_5x/2486813-B2.h5,True,True,,True,True,True,108,108,108,0,0,"[108,2]","[108,2]","[108,512]",int32,int64,float32,True,True,False,True,True,True,108,0,False
2486813-B2,20x,data/yiyuan/patches_coords_20x/patches_256/2486813-B2.h5,data/yiyuan/features_biomedclip_20x/2486813-B2.h5,True,True,,True,True,True,1446,1446,1446,0,0,"[1446,2]","[1446,2]","[1446,512]",int32,int64,float32,True,True,False,True,True,True,1446,0,False
2486833-B2,5x,data/yiyuan/patches_coords_5x/patches_256/2486833-B2.h5,data/yiyuan/features_biomedclip_5x/2486833-B2.h5,True,True,,True,True,True,154,154,154,0,0,"[154,2]","[154,2]","[154,512]",int32,int64,float32,True,True,False,True,True,True,154,0,False
2486833-B2,20x,data/yiyuan/patches_coords_20x/patches_256/2486833-B2.h5,data/yiyuan/features_biomedclip_20x/2486833-B2.h5,True,True,,True,True,True,2205,2205,2205,0,0,"[2205,2]","[2205,2]","[2205,512]",int32,int64,float32,True,True,False,True,True,True,2202,0,False
2486845-B2,5x,data/yiyuan/patches_coords_5x/patches_256/2486845-B2.h5,data/yiyuan/features_biomedclip_5x/2486845-B2.h5,True,True,,True,True,True,154,154,154,0,0,"[154,2]","[154,2]","[154,512]",int32,int64,float32,True,True,False,True,True,True,154,0,False
2486845-B2,20x,data/yiyuan/patches_coords_20x/patches_256/2486845-B2.h5,data/yiyuan/features_biomedclip_20x/2486845-B2.h5,True,True,,True,True,True,2100,2100,2100,0,0,"[2100,2]","[2100,2]","[2100,512]",int32,int64,float32,True,True,False,True,True,True,2100,0,False
2486859-B2,5x,data/yiyuan/patches_coords_5x/patches_256/2486859-B2.h5,data/yiyuan/features_biomedclip_5x/2486859-B2.h5,True,True,,True,True,True,60,60,60,0,0,"[60,2]","[60,2]","[60,512]",int32,int64,float32,True,True,False,True,True,True,57,2,False
2486859-B2,20x,data/yiyuan/patches_coords_20x/patches_256/2486859-B2.h5,data/yiyuan/features_biomedclip_20x/2486859-B2.h5,True,True,,True,True,True,944,944,944,0,0,"[944,2]","[944,2]","[944,512]",int32,int64,float32,True,True,False,True,True,True,941,0,False
2487140-B2,5x,data/yiyuan/patches_coords_5x/patches_256/2487140-B2.h5,data/yiyuan/features_biomedclip_5x/2487140-B2.h5,True,True,,True,True,True,140,140,140,0,0,"[140,2]","[140,2]","[140,512]",int32,int64,float32,True,True,False,True,True,True,140,0,False
2487140-B2,20x,data/yiyuan/patches_coords_20x/patches_256/2487140-B2.h5,data/yiyuan/features_biomedclip_20x/2487140-B2.h5,True,True,,True,True,True,1907,1907,1907,0,0,"[1907,2]","[1907,2]","[1907,512]",int32,int64,float32,True,True,False,True,True,True,1906,0,False
2487143-B,5x,data/yiyuan/patches_coords_5x/patches_256/2487143-B.h5,data/yiyuan/features_biomedclip_5x/2487143-B.h5,True,True,,True,True,True,204,204,204,0,0,"[204,2]","[204,2]","[204,512]",int64,int64,float32,True,True,False,True,True,True,204,0,False
2487143-B,20x,data/yiyuan/patches_coords_20x/patches_256/2487143-B.h5,data/yiyuan/features_biomedclip_20x/2487143-B.h5,True,True,,True,True,True,2900,2900,2900,0,0,"[2900,2]","[2900,2]","[2900,512]",int64,int64,float32,True,True,False,True,True,True,2899,0,False
2487146-B2,5x,data/yiyuan/patches_coords_5x/patches_256/2487146-B2.h5,data/yiyuan/features_biomedclip_5x/2487146-B2.h5,True,True,,True,True,True,156,156,156,0,0,"[156,2]","[156,2]","[156,512]",int32,int64,float32,True,True,False,True,True,True,156,0,False
2487146-B2,20x,data/yiyuan/patches_coords_20x/patches_256/2487146-B2.h5,data/yiyuan/features_biomedclip_20x/2487146-B2.h5,True,True,,True,True,True,2196,2196,2196,0,0,"[2196,2]","[2196,2]","[2196,512]",int32,int64,float32,True,True,False,True,True,True,2196,0,False
2487237-B2,5x,data/yiyuan/patches_coords_5x/patches_256/2487237-B2.h5,data/yiyuan/features_biomedclip_5x/2487237-B2.h5,True,True,,True,True,True,191,191,191,0,0,"[191,2]","[191,2]","[191,512]",int32,int64,float32,True,True,False,True,True,True,191,0,False
2487237-B2,20x,data/yiyuan/patches_coords_20x/patches_256/2487237-B2.h5,data/yiyuan/features_biomedclip_20x/2487237-B2.h5,True,True,,True,True,True,2685,2685,2685,0,0,"[2685,2]","[2685,2]","[2685,512]",int32,int64,float32,True,True,False,True,True,True,2684,0,False
2487246-B2,5x,data/yiyuan/patches_coords_5x/patches_256/2487246-B2.h5,data/yiyuan/features_biomedclip_5x/2487246-B2.h5,True,True,,True,True,True,90,90,90,0,0,"[90,2]","[90,2]","[90,512]",int32,int64,float32,True,True,False,True,True,True,85,0,False
2487246-B2,20x,data/yiyuan/patches_coords_20x/patches_256/2487246-B2.h5,data/yiyuan/features_biomedclip_20x/2487246-B2.h5,True,True,,True,True,True,1227,1227,1227,0,0,"[1227,2]","[1227,2]","[1227,512]",int32,int64,float32,True,True,False,True,True,True,1225,0,False
2487274-B2,5x,data/yiyuan/patches_coords_5x/patches_256/2487274-B2.h5,data/yiyuan/features_biomedclip_5x/2487274-B2.h5,True,True,,True,True,True,197,197,197,0,0,"[197,2]","[197,2]","[197,512]",int32,int64,float32,True,True,False,True,True,True,197,0,False
2487274-B2,20x,data/yiyuan/patches_coords_20x/patches_256/2487274-B2.h5,data/yiyuan/features_biomedclip_20x/2487274-B2.h5,True,True,,True,True,True,2764,2764,2764,0,0,"[2764,2]","[2764,2]","[2764,512]",int32,int64,float32,True,True,False,True,True,True,2761,0,False
2487376-B2,5x,data/yiyuan/patches_coords_5x/patches_256/2487376-B2.h5,data/yiyuan/features_biomedclip_5x/2487376-B2.h5,True,True,,True,True,True,344,344,344,0,0,"[344,2]","[344,2]","[344,512]",int32,int64,float32,True,True,False,True,True,True,344,0,False
2487376-B2,20x,data/yiyuan/patches_coords_20x/patches_256/2487376-B2.h5,data/yiyuan/features_biomedclip_20x/2487376-B2.h5,True,True,,True,True,True,5115,5115,5115,0,0,"[5115,2]","[5115,2]","[5115,512]",int32,int64,float32,True,True,False,True,True,True,5114,0,False
2487388-B2,5x,data/yiyuan/patches_coords_5x/patches_256/2487388-B2.h5,data/yiyuan/features_biomedclip_5x/2487388-B2.h5,True,True,,True,True,True,239,239,239,0,0,"[239,2]","[239,2]","[239,512]",int32,int64,float32,True,True,False,True,True,True,239,0,False
2487388-B2,20x,data/yiyuan/patches_coords_20x/patches_256/2487388-B2.h5,data/yiyuan/features_biomedclip_20x/2487388-B2.h5,True,True,,True,True,True,3526,3526,3526,0,0,"[3526,2]","[3526,2]","[3526,512]",int32,int64,float32,True,True,False,True,True,True,3524,0,False
2487558-B2,5x,data/yiyuan/patches_coords_5x/patches_256/2487558-B2.h5,data/yiyuan/features_biomedclip_5x/2487558-B2.h5,True,True,,True,True,True,137,137,137,0,0,"[137,2]","[137,2]","[137,512]",int32,int64,float32,True,True,False,True,True,True,115,0,False
2487558-B2,20x,data/yiyuan/patches_coords_20x/patches_256/2487558-B2.h5,data/yiyuan/features_biomedclip_20x/2487558-B2.h5,True,True,,True,True,True,1895,1895,1895,0,0,"[1895,2]","[1895,2]","[1895,512]",int32,int64,float32,True,True,False,True,True,True,1894,0,False
2487651-B,5x,data/yiyuan/patches_coords_5x/patches_256/2487651-B.h5,data/yiyuan/features_biomedclip_5x/2487651-B.h5,True,True,,True,True,True,160,160,160,0,0,"[160,2]","[160,2]","[160,512]",int64,int64,float32,True,True,False,True,True,True,160,0,False
2487651-B,20x,data/yiyuan/patches_coords_20x/patches_256/2487651-B.h5,data/yiyuan/features_biomedclip_20x/2487651-B.h5,True,True,,True,True,True,2295,2295,2295,0,0,"[2295,2]","[2295,2]","[2295,512]",int64,int64,float32,True,True,False,True,True,True,2295,0,False
2487656-B4,5x,data/yiyuan/patches_coords_5x/patches_256/2487656-B4.h5,data/yiyuan/features_biomedclip_5x/2487656-B4.h5,True,True,,True,True,True,196,196,196,0,0,"[196,2]","[196,2]","[196,512]",int32,int64,float32,True,True,False,True,True,True,196,0,False
2487656-B4,20x,data/yiyuan/patches_coords_20x/patches_256/2487656-B4.h5,data/yiyuan/features_biomedclip_20x/2487656-B4.h5,True,True,,True,True,True,2661,2661,2661,0,0,"[2661,2]","[2661,2]","[2661,512]",int32,int64,float32,True,True,False,True,True,True,2661,0,False
2487664-B2,5x,data/yiyuan/patches_coords_5x/patches_256/2487664-B2.h5,data/yiyuan/features_biomedclip_5x/2487664-B2.h5,True,True,,True,True,True,126,126,126,0,0,"[126,2]","[126,2]","[126,512]",int32,int64,float32,True,True,False,True,True,True,126,0,False
2487664-B2,20x,data/yiyuan/patches_coords_20x/patches_256/2487664-B2.h5,data/yiyuan/features_biomedclip_20x/2487664-B2.h5,True,True,,True,True,True,1748,1748,1748,0,0,"[1748,2]","[1748,2]","[1748,512]",int32,int64,float32,True,True,False,True,True,True,1748,0,False
2487896-B2,5x,data/yiyuan/patches_coords_5x/patches_256/2487896-B2.h5,data/yiyuan/features_biomedclip_5x/2487896-B2.h5,True,True,,True,True,True,198,198,198,0,0,"[198,2]","[198,2]","[198,512]",int32,int64,float32,True,True,False,True,True,True,197,0,False
2487896-B2,20x,data/yiyuan/patches_coords_20x/patches_256/2487896-B2.h5,data/yiyuan/features_biomedclip_20x/2487896-B2.h5,True,True,,True,True,True,2495,2495,2495,0,0,"[2495,2]","[2495,2]","[2495,512]",int32,int64,float32,True,True,False,True,True,True,2493,0,False
2487935-B2,5x,data/yiyuan/patches_coords_5x/patches_256/2487935-B2.h5,data/yiyuan/features_biomedclip_5x/2487935-B2.h5,True,True,,True,True,True,236,236,236,0,0,"[236,2]","[236,2]","[236,512]",int32,int64,float32,True,True,False,True,True,True,236,0,False
2487935-B2,20x,data/yiyuan/patches_coords_20x/patches_256/2487935-B2.h5,data/yiyuan/features_biomedclip_20x/2487935-B2.h5,True,True,,True,True,True,3434,3434,3434,0,0,"[3434,2]","[3434,2]","[3434,512]",int32,int64,float32,True,True,False,True,True,True,3433,0,False
2487941-B2,5x,data/yiyuan/patches_coords_5x/patches_256/2487941-B2.h5,data/yiyuan/features_biomedclip_5x/2487941-B2.h5,True,True,,True,True,True,126,126,126,0,0,"[126,2]","[126,2]","[126,512]",int32,int64,float32,True,True,True,True,True,False,0,,True
2487941-B2,20x,data/yiyuan/patches_coords_20x/patches_256/2487941-B2.h5,data/yiyuan/features_biomedclip_20x/2487941-B2.h5,True,True,,True,True,True,1654,1654,1654,0,0,"[1654,2]","[1654,2]","[1654,512]",int32,int64,float32,True,True,False,True,True,True,1654,0,False
2488039-B2,5x,data/yiyuan/patches_coords_5x/patches_256/2488039-B2.h5,data/yiyuan/features_biomedclip_5x/2488039-B2.h5,True,True,,True,True,True,232,232,232,0,0,"[232,2]","[232,2]","[232,512]",int32,int64,float32,True,True,False,True,True,True,232,0,False
2488039-B2,20x,data/yiyuan/patches_coords_20x/patches_256/2488039-B2.h5,data/yiyuan/features_biomedclip_20x/2488039-B2.h5,True,True,,True,True,True,3196,3196,3196,0,0,"[3196,2]","[3196,2]","[3196,512]",int32,int64,float32,True,True,False,True,True,True,3194,0,False
2488044-B2,5x,data/yiyuan/patches_coords_5x/patches_256/2488044-B2.h5,data/yiyuan/features_biomedclip_5x/2488044-B2.h5,True,True,,True,True,True,298,298,298,0,0,"[298,2]","[298,2]","[298,512]",int32,int64,float32,True,True,False,True,True,True,298,0,False
2488044-B2,20x,data/yiyuan/patches_coords_20x/patches_256/2488044-B2.h5,data/yiyuan/features_biomedclip_20x/2488044-B2.h5,True,True,,True,True,True,4181,4181,4181,0,0,"[4181,2]","[4181,2]","[4181,512]",int32,int64,float32,True,True,False,True,True,True,4180,0,False
2488044-B3,5x,data/yiyuan/patches_coords_5x/patches_256/2488044-B3.h5,data/yiyuan/features_biomedclip_5x/2488044-B3.h5,True,True,,True,True,True,283,283,283,0,0,"[283,2]","[283,2]","[283,512]",int32,int64,float32,True,True,False,True,True,True,283,0,False
2488044-B3,20x,data/yiyuan/patches_coords_20x/patches_256/2488044-B3.h5,data/yiyuan/features_biomedclip_20x/2488044-B3.h5,True,True,,True,True,True,3998,3998,3998,0,0,"[3998,2]","[3998,2]","[3998,512]",int32,int64,float32,True,True,False,True,True,True,3998,0,False
2488050-B3,5x,data/yiyuan/patches_coords_5x/patches_256/2488050-B3.h5,data/yiyuan/features_biomedclip_5x/2488050-B3.h5,True,True,,True,True,True,243,243,243,0,0,"[243,2]","[243,2]","[243,512]",int32,int64,float32,True,True,False,True,True,True,243,0,False
2488050-B3,20x,data/yiyuan/patches_coords_20x/patches_256/2488050-B3.h5,data/yiyuan/features_biomedclip_20x/2488050-B3.h5,True,True,,True,True,True,3528,3528,3528,0,0,"[3528,2]","[3528,2]","[3528,512]",int32,int64,float32,True,True,False,True,True,True,3524,0,False
2488065-B3,5x,data/yiyuan/patches_coords_5x/patches_256/2488065-B3.h5,data/yiyuan/features_biomedclip_5x/2488065-B3.h5,True,True,,True,True,True,162,162,162,0,0,"[162,2]","[162,2]","[162,512]",int32,int64,float32,True,True,False,True,True,True,162,0,False
2488065-B3,20x,data/yiyuan/patches_coords_20x/patches_256/2488065-B3.h5,data/yiyuan/features_biomedclip_20x/2488065-B3.h5,True,True,,True,True,True,2276,2276,2276,0,0,"[2276,2]","[2276,2]","[2276,512]",int32,int64,float32,True,True,False,True,True,True,2275,0,False
2488320-B3,5x,data/yiyuan/patches_coords_5x/patches_256/2488320-B3.h5,data/yiyuan/features_biomedclip_5x/2488320-B3.h5,True,True,,True,True,True,121,121,121,0,0,"[121,2]","[121,2]","[121,512]",int32,int64,float32,True,True,False,True,True,True,121,0,False
2488320-B3,20x,data/yiyuan/patches_coords_20x/patches_256/2488320-B3.h5,data/yiyuan/features_biomedclip_20x/2488320-B3.h5,True,True,,True,True,True,1703,1703,1703,0,0,"[1703,2]","[1703,2]","[1703,512]",int32,int64,float32,True,True,False,True,True,True,1702,0,False
2488330-B2,5x,data/yiyuan/patches_coords_5x/patches_256/2488330-B2.h5,data/yiyuan/features_biomedclip_5x/2488330-B2.h5,True,True,,True,True,True,277,277,277,0,0,"[277,2]","[277,2]","[277,512]",int32,int64,float32,True,True,False,True,True,True,277,0,False
2488330-B2,20x,data/yiyuan/patches_coords_20x/patches_256/2488330-B2.h5,data/yiyuan/features_biomedclip_20x/2488330-B2.h5,True,True,,True,True,True,4011,4011,4011,0,0,"[4011,2]","[4011,2]","[4011,512]",int32,int64,float32,True,True,False,True,True,True,4010,0,False
2488344-B2,5x,data/yiyuan/patches_coords_5x/patches_256/2488344-B2.h5,data/yiyuan/features_biomedclip_5x/2488344-B2.h5,True,True,,True,True,True,143,143,143,0,0,"[143,2]","[143,2]","[143,512]",int32,int64,float32,True,True,False,True,True,True,143,0,False
2488344-B2,20x,data/yiyuan/patches_coords_20x/patches_256/2488344-B2.h5,data/yiyuan/features_biomedclip_20x/2488344-B2.h5,True,True,,True,True,True,2098,2098,2098,0,0,"[2098,2]","[2098,2]","[2098,512]",int32,int64,float32,True,True,False,True,True,True,2098,0,False
2488369-B2,5x,data/yiyuan/patches_coords_5x/patches_256/2488369-B2.h5,data/yiyuan/features_biomedclip_5x/2488369-B2.h5,True,True,,True,True,True,367,367,367,0,0,"[367,2]","[367,2]","[367,512]",int32,int64,float32,True,True,False,True,True,True,367,0,False
2488369-B2,20x,data/yiyuan/patches_coords_20x/patches_256/2488369-B2.h5,data/yiyuan/features_biomedclip_20x/2488369-B2.h5,True,True,,True,True,True,5365,5365,5365,0,0,"[5365,2]","[5365,2]","[5365,512]",int32,int64,float32,True,True,False,True,True,True,5364,0,False
2488475-B2,5x,data/yiyuan/patches_coords_5x/patches_256/2488475-B2.h5,data/yiyuan/features_biomedclip_5x/2488475-B2.h5,True,True,,True,True,True,138,138,138,0,0,"[138,2]","[138,2]","[138,512]",int32,int64,float32,True,True,False,True,True,True,106,0,False
2488475-B2,20x,data/yiyuan/patches_coords_20x/patches_256/2488475-B2.h5,data/yiyuan/features_biomedclip_20x/2488475-B2.h5,True,True,,True,True,True,1880,1880,1880,0,0,"[1880,2]","[1880,2]","[1880,512]",int32,int64,float32,True,True,False,True,True,True,1880,0,False
2488477-B2,5x,data/yiyuan/patches_coords_5x/patches_256/2488477-B2.h5,data/yiyuan/features_biomedclip_5x/2488477-B2.h5,True,True,,True,True,True,159,159,159,0,0,"[159,2]","[159,2]","[159,512]",int32,int64,float32,True,True,False,True,True,True,159,0,False
2488477-B2,20x,data/yiyuan/patches_coords_20x/patches_256/2488477-B2.h5,data/yiyuan/features_biomedclip_20x/2488477-B2.h5,True,True,,True,True,True,2259,2259,2259,0,0,"[2259,2]","[2259,2]","[2259,512]",int32,int64,float32,True,True,False,True,True,True,2257,0,False
2488767-B,5x,data/yiyuan/patches_coords_5x/patches_256/2488767-B.h5,data/yiyuan/features_biomedclip_5x/2488767-B.h5,True,True,,True,True,True,478,478,478,0,0,"[478,2]","[478,2]","[478,512]",int64,int64,float32,True,True,True,True,True,False,0,,True
2488767-B,20x,data/yiyuan/patches_coords_20x/patches_256/2488767-B.h5,data/yiyuan/features_biomedclip_20x/2488767-B.h5,True,True,,True,True,True,7110,7110,7110,0,0,"[7110,2]","[7110,2]","[7110,512]",int64,int64,float32,True,True,False,True,True,True,7108,0,False
2488769-B2,5x,data/yiyuan/patches_coords_5x/patches_256/2488769-B2.h5,data/yiyuan/features_biomedclip_5x/2488769-B2.h5,True,True,,True,True,True,161,161,161,0,0,"[161,2]","[161,2]","[161,512]",int32,int64,float32,True,True,False,True,True,True,161,0,False
2488769-B2,20x,data/yiyuan/patches_coords_20x/patches_256/2488769-B2.h5,data/yiyuan/features_biomedclip_20x/2488769-B2.h5,True,True,,True,True,True,2229,2229,2229,0,0,"[2229,2]","[2229,2]","[2229,512]",int32,int64,float32,True,True,False,True,True,True,2229,0,False
2488806-B2,5x,data/yiyuan/patches_coords_5x/patches_256/2488806-B2.h5,data/yiyuan/features_biomedclip_5x/2488806-B2.h5,True,True,,True,True,True,311,311,311,0,0,"[311,2]","[311,2]","[311,512]",int32,int64,float32,True,True,False,True,True,True,311,0,False
2488806-B2,20x,data/yiyuan/patches_coords_20x/patches_256/2488806-B2.h5,data/yiyuan/features_biomedclip_20x/2488806-B2.h5,True,True,,True,True,True,4653,4653,4653,0,0,"[4653,2]","[4653,2]","[4653,512]",int32,int64,float32,True,True,False,True,True,True,4652,0,False
2488916-B2,5x,data/yiyuan/patches_coords_5x/patches_256/2488916-B2.h5,data/yiyuan/features_biomedclip_5x/2488916-B2.h5,True,True,,True,True,True,463,463,463,0,0,"[463,2]","[463,2]","[463,512]",int32,int64,float32,True,True,False,True,True,True,462,0,False
2488916-B2,20x,data/yiyuan/patches_coords_20x/patches_256/2488916-B2.h5,data/yiyuan/features_biomedclip_20x/2488916-B2.h5,True,True,,True,True,True,6989,6989,6989,0,0,"[6989,2]","[6989,2]","[6989,512]",int32,int64,float32,True,True,False,True,True,True,6989,0,False
2488932-B4,5x,data/yiyuan/patches_coords_5x/patches_256/2488932-B4.h5,data/yiyuan/features_biomedclip_5x/2488932-B4.h5,True,True,,True,True,True,377,377,377,0,0,"[377,2]","[377,2]","[377,512]",int32,int64,float32,True,True,False,True,True,True,377,0,False
2488932-B4,20x,data/yiyuan/patches_coords_20x/patches_256/2488932-B4.h5,data/yiyuan/features_biomedclip_20x/2488932-B4.h5,True,True,,True,True,True,5478,5478,5478,0,0,"[5478,2]","[5478,2]","[5478,512]",int32,int64,float32,True,True,False,True,True,True,5477,0,False
2489131-B3,5x,data/yiyuan/patches_coords_5x/patches_256/2489131-B3.h5,data/yiyuan/features_biomedclip_5x/2489131-B3.h5,True,True,,True,True,True,55,55,55,0,0,"[55,2]","[55,2]","[55,512]",int32,int64,float32,True,True,False,True,True,True,31,0,False
2489131-B3,20x,data/yiyuan/patches_coords_20x/patches_256/2489131-B3.h5,data/yiyuan/features_biomedclip_20x/2489131-B3.h5,True,True,,True,True,True,803,803,803,0,0,"[803,2]","[803,2]","[803,512]",int32,int64,float32,True,True,False,True,True,True,803,0,False
2489137-B4,5x,data/yiyuan/patches_coords_5x/patches_256/2489137-B4.h5,data/yiyuan/features_biomedclip_5x/2489137-B4.h5,True,True,,True,True,True,358,358,358,0,0,"[358,2]","[358,2]","[358,512]",int32,int64,float32,True,True,False,True,True,True,358,0,False
2489137-B4,20x,data/yiyuan/patches_coords_20x/patches_256/2489137-B4.h5,data/yiyuan/features_biomedclip_20x/2489137-B4.h5,True,True,,True,True,True,5205,5205,5205,0,0,"[5205,2]","[5205,2]","[5205,512]",int32,int64,float32,True,True,False,True,True,True,5205,0,False
2489182-B2,5x,data/yiyuan/patches_coords_5x/patches_256/2489182-B2.h5,data/yiyuan/features_biomedclip_5x/2489182-B2.h5,True,True,,True,True,True,275,275,275,0,0,"[275,2]","[275,2]","[275,512]",int32,int64,float32,True,True,False,True,True,True,275,0,False
2489182-B2,20x,data/yiyuan/patches_coords_20x/patches_256/2489182-B2.h5,data/yiyuan/features_biomedclip_20x/2489182-B2.h5,True,True,,True,True,True,3726,3726,3726,0,0,"[3726,2]","[3726,2]","[3726,512]",int32,int64,float32,True,True,False,True,True,True,3726,0,False
2489203-B,5x,data/yiyuan/patches_coords_5x/patches_256/2489203-B.h5,data/yiyuan/features_biomedclip_5x/2489203-B.h5,True,True,,True,True,True,388,388,388,0,0,"[388,2]","[388,2]","[388,512]",int64,int64,float32,True,True,False,True,True,True,388,0,False
2489203-B,20x,data/yiyuan/patches_coords_20x/patches_256/2489203-B.h5,data/yiyuan/features_biomedclip_20x/2489203-B.h5,True,True,,True,True,True,5588,5588,5588,0,0,"[5588,2]","[5588,2]","[5588,512]",int64,int64,float32,True,True,False,True,True,True,5587,0,False
2489331-B2,5x,data/yiyuan/patches_coords_5x/patches_256/2489331-B2.h5,data/yiyuan/features_biomedclip_5x/2489331-B2.h5,True,True,,True,True,True,221,221,221,0,0,"[221,2]","[221,2]","[221,512]",int32,int64,float32,True,True,False,True,True,True,221,0,False
2489331-B2,20x,data/yiyuan/patches_coords_20x/patches_256/2489331-B2.h5,data/yiyuan/features_biomedclip_20x/2489331-B2.h5,True,True,,True,True,True,3091,3091,3091,0,0,"[3091,2]","[3091,2]","[3091,512]",int32,int64,float32,True,True,False,True,True,True,3090,0,False
25012148B4,5x,data/yiyuan/patches_coords_5x/patches_256/25012148B4.h5,data/yiyuan/features_biomedclip_5x/25012148B4.h5,True,True,,True,True,True,280,280,280,0,0,"[280,2]","[280,2]","[280,512]",int32,int64,float32,True,True,False,True,True,True,280,0,False
25012148B4,20x,data/yiyuan/patches_coords_20x/patches_256/25012148B4.h5,data/yiyuan/features_biomedclip_20x/25012148B4.h5,True,True,,True,True,True,4023,4023,4023,0,0,"[4023,2]","[4023,2]","[4023,512]",int32,int64,float32,True,True,False,True,True,True,4022,0,False
25012153B2,5x,data/yiyuan/patches_coords_5x/patches_256/25012153B2.h5,data/yiyuan/features_biomedclip_5x/25012153B2.h5,True,True,,True,True,True,216,216,216,0,0,"[216,2]","[216,2]","[216,512]",int32,int64,float32,True,True,False,True,True,True,216,0,False
25012153B2,20x,data/yiyuan/patches_coords_20x/patches_256/25012153B2.h5,data/yiyuan/features_biomedclip_20x/25012153B2.h5,True,True,,True,True,True,3047,3047,3047,0,0,"[3047,2]","[3047,2]","[3047,512]",int32,int64,float32,True,True,False,True,True,True,3046,0,False
25012170B4,5x,data/yiyuan/patches_coords_5x/patches_256/25012170B4.h5,data/yiyuan/features_biomedclip_5x/25012170B4.h5,True,True,,True,True,True,202,202,202,0,0,"[202,2]","[202,2]","[202,512]",int32,int64,float32,True,True,False,True,True,True,202,0,False
25012170B4,20x,data/yiyuan/patches_coords_20x/patches_256/25012170B4.h5,data/yiyuan/features_biomedclip_20x/25012170B4.h5,True,True,,True,True,True,2651,2651,2651,0,0,"[2651,2]","[2651,2]","[2651,512]",int32,int64,float32,True,True,False,True,True,True,2651,0,False
25012170B5,5x,data/yiyuan/patches_coords_5x/patches_256/25012170B5.h5,data/yiyuan/features_biomedclip_5x/25012170B5.h5,True,True,,True,True,True,271,271,271,0,0,"[271,2]","[271,2]","[271,512]",int32,int64,float32,True,True,False,True,True,True,271,0,False
25012170B5,20x,data/yiyuan/patches_coords_20x/patches_256/25012170B5.h5,data/yiyuan/features_biomedclip_20x/25012170B5.h5,True,True,,True,True,True,3902,3902,3902,0,0,"[3902,2]","[3902,2]","[3902,512]",int32,int64,float32,True,True,False,True,True,True,3901,0,False
25012175B4,5x,data/yiyuan/patches_coords_5x/patches_256/25012175B4.h5,data/yiyuan/features_biomedclip_5x/25012175B4.h5,True,True,,True,True,True,122,122,122,0,0,"[122,2]","[122,2]","[122,512]",int32,int64,float32,True,True,False,True,True,True,122,0,False
25012175B4,20x,data/yiyuan/patches_coords_20x/patches_256/25012175B4.h5,data/yiyuan/features_biomedclip_20x/25012175B4.h5,True,True,,True,True,True,1586,1586,1586,0,0,"[1586,2]","[1586,2]","[1586,512]",int32,int64,float32,True,True,False,True,True,True,1586,0,False
25012253B3,5x,data/yiyuan/patches_coords_5x/patches_256/25012253B3.h5,data/yiyuan/features_biomedclip_5x/25012253B3.h5,True,True,,True,True,True,101,101,101,0,0,"[101,2]","[101,2]","[101,512]",int32,int64,float32,True,True,False,True,True,True,101,0,False
25012253B3,20x,data/yiyuan/patches_coords_20x/patches_256/25012253B3.h5,data/yiyuan/features_biomedclip_20x/25012253B3.h5,True,True,,True,True,True,1418,1418,1418,0,0,"[1418,2]","[1418,2]","[1418,512]",int32,int64,float32,True,True,False,True,True,True,1417,0,False
25012485B2,5x,data/yiyuan/patches_coords_5x/patches_256/25012485B2.h5,data/yiyuan/features_biomedclip_5x/25012485B2.h5,True,True,,True,True,True,293,293,293,0,0,"[293,2]","[293,2]","[293,512]",int32,int64,float32,True,True,False,True,True,True,281,0,False
25012485B2,20x,data/yiyuan/patches_coords_20x/patches_256/25012485B2.h5,data/yiyuan/features_biomedclip_20x/25012485B2.h5,True,True,,True,True,True,4287,4287,4287,0,0,"[4287,2]","[4287,2]","[4287,512]",int32,int64,float32,True,True,False,True,True,True,4284,0,False
25012628B2,5x,data/yiyuan/patches_coords_5x/patches_256/25012628B2.h5,data/yiyuan/features_biomedclip_5x/25012628B2.h5,True,True,,True,True,True,173,173,173,0,0,"[173,2]","[173,2]","[173,512]",int32,int64,float32,True,True,False,True,True,True,173,0,False
25012628B2,20x,data/yiyuan/patches_coords_20x/patches_256/25012628B2.h5,data/yiyuan/features_biomedclip_20x/25012628B2.h5,True,True,,True,True,True,2487,2487,2487,0,0,"[2487,2]","[2487,2]","[2487,512]",int32,int64,float32,True,True,False,True,True,True,2486,0,False
25012760B2,5x,data/yiyuan/patches_coords_5x/patches_256/25012760B2.h5,data/yiyuan/features_biomedclip_5x/25012760B2.h5,True,True,,True,True,True,429,429,429,0,0,"[429,2]","[429,2]","[429,512]",int32,int64,float32,True,True,False,True,True,True,428,0,False
25012760B2,20x,data/yiyuan/patches_coords_20x/patches_256/25012760B2.h5,data/yiyuan/features_biomedclip_20x/25012760B2.h5,True,True,,True,True,True,6463,6463,6463,0,0,"[6463,2]","[6463,2]","[6463,512]",int32,int64,float32,True,True,False,True,True,True,6463,0,False
25012785B2,5x,data/yiyuan/patches_coords_5x/patches_256/25012785B2.h5,data/yiyuan/features_biomedclip_5x/25012785B2.h5,True,True,,True,True,True,349,349,349,0,0,"[349,2]","[349,2]","[349,512]",int32,int64,float32,True,True,False,True,True,True,349,0,False
25012785B2,20x,data/yiyuan/patches_coords_20x/patches_256/25012785B2.h5,data/yiyuan/features_biomedclip_20x/25012785B2.h5,True,True,,True,True,True,4855,4855,4855,0,0,"[4855,2]","[4855,2]","[4855,512]",int32,int64,float32,True,True,False,True,True,True,4855,0,False
25012915B2,5x,data/yiyuan/patches_coords_5x/patches_256/25012915B2.h5,data/yiyuan/features_biomedclip_5x/25012915B2.h5,True,True,,True,True,True,308,308,308,0,0,"[308,2]","[308,2]","[308,512]",int32,int64,float32,True,True,False,True,True,True,308,0,False
25012915B2,20x,data/yiyuan/patches_coords_20x/patches_256/25012915B2.h5,data/yiyuan/features_biomedclip_20x/25012915B2.h5,True,True,,True,True,True,4380,4380,4380,0,0,"[4380,2]","[4380,2]","[4380,512]",int32,int64,float32,True,True,False,True,True,True,4377,0,False
25012919B8,5x,data/yiyuan/patches_coords_5x/patches_256/25012919B8.h5,data/yiyuan/features_biomedclip_5x/25012919B8.h5,True,True,,True,True,True,210,210,210,0,0,"[210,2]","[210,2]","[210,512]",int32,int64,float32,True,True,False,True,True,True,210,0,False
25012919B8,20x,data/yiyuan/patches_coords_20x/patches_256/25012919B8.h5,data/yiyuan/features_biomedclip_20x/25012919B8.h5,True,True,,True,True,True,3023,3023,3023,0,0,"[3023,2]","[3023,2]","[3023,512]",int32,int64,float32,True,True,False,True,True,True,3022,0,False
25012919B9,5x,data/yiyuan/patches_coords_5x/patches_256/25012919B9.h5,data/yiyuan/features_biomedclip_5x/25012919B9.h5,True,True,,True,True,True,235,235,235,0,0,"[235,2]","[235,2]","[235,512]",int32,int64,float32,True,True,False,True,True,True,235,0,False
25012919B9,20x,data/yiyuan/patches_coords_20x/patches_256/25012919B9.h5,data/yiyuan/features_biomedclip_20x/25012919B9.h5,True,True,,True,True,True,3360,3360,3360,0,0,"[3360,2]","[3360,2]","[3360,512]",int32,int64,float32,True,True,False,True,True,True,3359,0,False
25013023B2,5x,data/yiyuan/patches_coords_5x/patches_256/25013023B2.h5,data/yiyuan/features_biomedclip_5x/25013023B2.h5,True,True,,True,True,True,352,352,352,0,0,"[352,2]","[352,2]","[352,512]",int32,int64,float32,True,True,False,True,True,True,352,0,False
25013023B2,20x,data/yiyuan/patches_coords_20x/patches_256/25013023B2.h5,data/yiyuan/features_biomedclip_20x/25013023B2.h5,True,True,,True,True,True,5101,5101,5101,0,0,"[5101,2]","[5101,2]","[5101,512]",int32,int64,float32,True,True,False,True,True,True,5101,0,False
25013062B3,5x,data/yiyuan/patches_coords_5x/patches_256/25013062B3.h5,data/yiyuan/features_biomedclip_5x/25013062B3.h5,True,True,,True,True,True,143,143,143,0,0,"[143,2]","[143,2]","[143,512]",int32,int64,float32,True,True,False,True,True,True,143,0,False
25013062B3,20x,data/yiyuan/patches_coords_20x/patches_256/25013062B3.h5,data/yiyuan/features_biomedclip_20x/25013062B3.h5,True,True,,True,True,True,2113,2113,2113,0,0,"[2113,2]","[2113,2]","[2113,512]",int32,int64,float32,True,True,False,True,True,True,2111,0,False
25013162B2,5x,data/yiyuan/patches_coords_5x/patches_256/25013162B2.h5,data/yiyuan/features_biomedclip_5x/25013162B2.h5,True,True,,True,True,True,177,177,177,0,0,"[177,2]","[177,2]","[177,512]",int32,int64,float32,True,True,False,True,True,True,172,0,False
25013162B2,20x,data/yiyuan/patches_coords_20x/patches_256/25013162B2.h5,data/yiyuan/features_biomedclip_20x/25013162B2.h5,True,True,,True,True,True,2510,2510,2510,0,0,"[2510,2]","[2510,2]","[2510,512]",int32,int64,float32,True,True,False,True,True,True,2509,0,False
25013189B2,5x,data/yiyuan/patches_coords_5x/patches_256/25013189B2.h5,data/yiyuan/features_biomedclip_5x/25013189B2.h5,True,True,,True,True,True,251,251,251,0,0,"[251,2]","[251,2]","[251,512]",int32,int64,float32,True,True,False,True,True,True,251,0,False
25013189B2,20x,data/yiyuan/patches_coords_20x/patches_256/25013189B2.h5,data/yiyuan/features_biomedclip_20x/25013189B2.h5,True,True,,True,True,True,3510,3510,3510,0,0,"[3510,2]","[3510,2]","[3510,512]",int32,int64,float32,True,True,False,True,True,True,3510,0,False
25013189B3,5x,data/yiyuan/patches_coords_5x/patches_256/25013189B3.h5,data/yiyuan/features_biomedclip_5x/25013189B3.h5,True,True,,True,True,True,250,250,250,0,0,"[250,2]","[250,2]","[250,512]",int32,int64,float32,True,True,False,True,True,True,250,0,False
25013189B3,20x,data/yiyuan/patches_coords_20x/patches_256/25013189B3.h5,data/yiyuan/features_biomedclip_20x/25013189B3.h5,True,True,,True,True,True,3468,3468,3468,0,0,"[3468,2]","[3468,2]","[3468,512]",int32,int64,float32,True,True,False,True,True,True,3468,0,False
25013352B2,5x,data/yiyuan/patches_coords_5x/patches_256/25013352B2.h5,data/yiyuan/features_biomedclip_5x/25013352B2.h5,True,True,,True,True,True,445,445,445,0,0,"[445,2]","[445,2]","[445,512]",int32,int64,float32,True,True,False,True,True,True,444,0,False
25013352B2,20x,data/yiyuan/patches_coords_20x/patches_256/25013352B2.h5,data/yiyuan/features_biomedclip_20x/25013352B2.h5,True,True,,True,True,True,6447,6447,6447,0,0,"[6447,2]","[6447,2]","[6447,512]",int32,int64,float32,True,True,False,True,True,True,6446,0,False
25013465B2,5x,data/yiyuan/patches_coords_5x/patches_256/25013465B2.h5,data/yiyuan/features_biomedclip_5x/25013465B2.h5,True,True,,True,True,True,347,347,347,0,0,"[347,2]","[347,2]","[347,512]",int32,int64,float32,True,True,False,True,True,True,347,0,False
25013465B2,20x,data/yiyuan/patches_coords_20x/patches_256/25013465B2.h5,data/yiyuan/features_biomedclip_20x/25013465B2.h5,True,True,,True,True,True,5209,5209,5209,0,0,"[5209,2]","[5209,2]","[5209,512]",int32,int64,float32,True,True,False,True,True,True,5208,0,False
25013871B6,5x,data/yiyuan/patches_coords_5x/patches_256/25013871B6.h5,data/yiyuan/features_biomedclip_5x/25013871B6.h5,True,True,,True,True,True,359,359,359,0,0,"[359,2]","[359,2]","[359,512]",int32,int64,float32,True,True,False,True,True,True,359,0,False
25013871B6,20x,data/yiyuan/patches_coords_20x/patches_256/25013871B6.h5,data/yiyuan/features_biomedclip_20x/25013871B6.h5,True,True,,True,True,True,5249,5249,5249,0,0,"[5249,2]","[5249,2]","[5249,512]",int32,int64,float32,True,True,False,True,True,True,5249,0,False
25013878B2,5x,data/yiyuan/patches_coords_5x/patches_256/25013878B2.h5,data/yiyuan/features_biomedclip_5x/25013878B2.h5,True,True,,True,True,True,265,265,265,0,0,"[265,2]","[265,2]","[265,512]",int32,int64,float32,True,True,False,True,True,True,264,1,False
25013878B2,20x,data/yiyuan/patches_coords_20x/patches_256/25013878B2.h5,data/yiyuan/features_biomedclip_20x/25013878B2.h5,True,True,,True,True,True,3613,3613,3613,0,0,"[3613,2]","[3613,2]","[3613,512]",int32,int64,float32,True,True,False,True,True,True,3613,0,False
25014124B2,5x,data/yiyuan/patches_coords_5x/patches_256/25014124B2.h5,data/yiyuan/features_biomedclip_5x/25014124B2.h5,True,True,,True,True,True,352,352,352,0,0,"[352,2]","[352,2]","[352,512]",int32,int64,float32,True,True,False,True,True,True,352,0,False
25014124B2,20x,data/yiyuan/patches_coords_20x/patches_256/25014124B2.h5,data/yiyuan/features_biomedclip_20x/25014124B2.h5,True,True,,True,True,True,5133,5133,5133,0,0,"[5133,2]","[5133,2]","[5133,512]",int32,int64,float32,True,True,False,True,True,True,5132,0,False
25014160B2,5x,data/yiyuan/patches_coords_5x/patches_256/25014160B2.h5,data/yiyuan/features_biomedclip_5x/25014160B2.h5,True,True,,True,True,True,168,168,168,0,0,"[168,2]","[168,2]","[168,512]",int32,int64,float32,True,True,False,True,True,True,168,0,False
25014160B2,20x,data/yiyuan/patches_coords_20x/patches_256/25014160B2.h5,data/yiyuan/features_biomedclip_20x/25014160B2.h5,True,True,,True,True,True,2297,2297,2297,0,0,"[2297,2]","[2297,2]","[2297,512]",int32,int64,float32,True,True,False,True,True,True,2296,0,False
25014217B2,5x,data/yiyuan/patches_coords_5x/patches_256/25014217B2.h5,data/yiyuan/features_biomedclip_5x/25014217B2.h5,True,True,,True,True,True,46,46,46,0,0,"[46,2]","[46,2]","[46,512]",int32,int64,float32,True,True,False,True,True,True,45,0,False
25014217B2,20x,data/yiyuan/patches_coords_20x/patches_256/25014217B2.h5,data/yiyuan/features_biomedclip_20x/25014217B2.h5,True,True,,True,True,True,571,571,571,0,0,"[571,2]","[571,2]","[571,512]",int32,int64,float32,True,True,False,True,True,True,571,0,False
25014217B3,5x,data/yiyuan/patches_coords_5x/patches_256/25014217B3.h5,data/yiyuan/features_biomedclip_5x/25014217B3.h5,True,True,,True,True,True,125,125,125,0,0,"[125,2]","[125,2]","[125,512]",int32,int64,float32,True,True,False,True,True,True,125,0,False
25014217B3,20x,data/yiyuan/patches_coords_20x/patches_256/25014217B3.h5,data/yiyuan/features_biomedclip_20x/25014217B3.h5,True,True,,True,True,True,1679,1679,1679,0,0,"[1679,2]","[1679,2]","[1679,512]",int32,int64,float32,True,True,False,True,True,True,1677,0,False
25014226B2,5x,data/yiyuan/patches_coords_5x/patches_256/25014226B2.h5,data/yiyuan/features_biomedclip_5x/25014226B2.h5,True,True,,True,True,True,236,236,236,0,0,"[236,2]","[236,2]","[236,512]",int32,int64,float32,True,True,False,True,True,True,236,0,False
25014226B2,20x,data/yiyuan/patches_coords_20x/patches_256/25014226B2.h5,data/yiyuan/features_biomedclip_20x/25014226B2.h5,True,True,,True,True,True,3314,3314,3314,0,0,"[3314,2]","[3314,2]","[3314,512]",int32,int64,float32,True,True,False,True,True,True,3314,0,False
25014265B2,5x,data/yiyuan/patches_coords_5x/patches_256/25014265B2.h5,data/yiyuan/features_biomedclip_5x/25014265B2.h5,True,True,,True,True,True,199,199,199,0,0,"[199,2]","[199,2]","[199,512]",int32,int64,float32,True,True,False,True,True,True,199,0,False
25014265B2,20x,data/yiyuan/patches_coords_20x/patches_256/25014265B2.h5,data/yiyuan/features_biomedclip_20x/25014265B2.h5,True,True,,True,True,True,2711,2711,2711,0,0,"[2711,2]","[2711,2]","[2711,512]",int32,int64,float32,True,True,False,True,True,True,2711,0,False
25014268B,5x,data/yiyuan/patches_coords_5x/patches_256/25014268B.h5,data/yiyuan/features_biomedclip_5x/25014268B.h5,True,True,,True,True,True,172,172,172,0,0,"[172,2]","[172,2]","[172,512]",int32,int64,float32,True,True,False,True,True,True,172,0,False
25014268B,20x,data/yiyuan/patches_coords_20x/patches_256/25014268B.h5,data/yiyuan/features_biomedclip_20x/25014268B.h5,True,True,,True,True,True,2332,2332,2332,0,0,"[2332,2]","[2332,2]","[2332,512]",int32,int64,float32,True,True,False,True,True,True,2331,0,False
25014311B2,5x,data/yiyuan/patches_coords_5x/patches_256/25014311B2.h5,data/yiyuan/features_biomedclip_5x/25014311B2.h5,True,True,,True,True,True,132,132,132,0,0,"[132,2]","[132,2]","[132,512]",int32,int64,float32,True,True,False,True,True,True,132,0,False
25014311B2,20x,data/yiyuan/patches_coords_20x/patches_256/25014311B2.h5,data/yiyuan/features_biomedclip_20x/25014311B2.h5,True,True,,True,True,True,1752,1752,1752,0,0,"[1752,2]","[1752,2]","[1752,512]",int32,int64,float32,True,True,False,True,True,True,1752,0,False
25014318B,5x,data/yiyuan/patches_coords_5x/patches_256/25014318B.h5,data/yiyuan/features_biomedclip_5x/25014318B.h5,True,True,,True,True,True,125,125,125,0,0,"[125,2]","[125,2]","[125,512]",int32,int64,float32,True,True,False,True,True,True,125,0,False
25014318B,20x,data/yiyuan/patches_coords_20x/patches_256/25014318B.h5,data/yiyuan/features_biomedclip_20x/25014318B.h5,True,True,,True,True,True,1708,1708,1708,0,0,"[1708,2]","[1708,2]","[1708,512]",int32,int64,float32,True,True,False,True,True,True,1707,0,False
25014684B,5x,data/yiyuan/patches_coords_5x/patches_256/25014684B.h5,data/yiyuan/features_biomedclip_5x/25014684B.h5,True,True,,True,True,True,400,400,400,0,0,"[400,2]","[400,2]","[400,512]",int32,int64,float32,True,True,False,True,True,True,400,0,False
25014684B,20x,data/yiyuan/patches_coords_20x/patches_256/25014684B.h5,data/yiyuan/features_biomedclip_20x/25014684B.h5,True,True,,True,True,True,5744,5744,5744,0,0,"[5744,2]","[5744,2]","[5744,512]",int32,int64,float32,True,True,False,True,True,True,5742,0,False
25015070B2,5x,data/yiyuan/patches_coords_5x/patches_256/25015070B2.h5,data/yiyuan/features_biomedclip_5x/25015070B2.h5,True,True,,True,True,True,218,218,218,0,0,"[218,2]","[218,2]","[218,512]",int32,int64,float32,True,True,False,True,True,True,218,0,False
25015070B2,20x,data/yiyuan/patches_coords_20x/patches_256/25015070B2.h5,data/yiyuan/features_biomedclip_20x/25015070B2.h5,True,True,,True,True,True,3053,3053,3053,0,0,"[3053,2]","[3053,2]","[3053,512]",int32,int64,float32,True,True,False,True,True,True,3051,0,False
25015087B2,5x,data/yiyuan/patches_coords_5x/patches_256/25015087B2.h5,data/yiyuan/features_biomedclip_5x/25015087B2.h5,True,True,,True,True,True,225,225,225,0,0,"[225,2]","[225,2]","[225,512]",int32,int64,float32,True,True,False,True,True,True,225,0,False
25015087B2,20x,data/yiyuan/patches_coords_20x/patches_256/25015087B2.h5,data/yiyuan/features_biomedclip_20x/25015087B2.h5,True,True,,True,True,True,3171,3171,3171,0,0,"[3171,2]","[3171,2]","[3171,512]",int32,int64,float32,True,True,False,True,True,True,3171,0,False
25015101B2,5x,data/yiyuan/patches_coords_5x/patches_256/25015101B2.h5,data/yiyuan/features_biomedclip_5x/25015101B2.h5,True,True,,True,True,True,205,205,205,0,0,"[205,2]","[205,2]","[205,512]",int32,int64,float32,True,True,False,True,True,True,205,0,False
25015101B2,20x,data/yiyuan/patches_coords_20x/patches_256/25015101B2.h5,data/yiyuan/features_biomedclip_20x/25015101B2.h5,True,True,,True,True,True,2961,2961,2961,0,0,"[2961,2]","[2961,2]","[2961,512]",int32,int64,float32,True,True,False,True,True,True,2960,0,False
25015103B2,5x,data/yiyuan/patches_coords_5x/patches_256/25015103B2.h5,data/yiyuan/features_biomedclip_5x/25015103B2.h5,True,True,,True,True,True,134,134,134,0,0,"[134,2]","[134,2]","[134,512]",int32,int64,float32,True,True,False,True,True,True,134,0,False
25015103B2,20x,data/yiyuan/patches_coords_20x/patches_256/25015103B2.h5,data/yiyuan/features_biomedclip_20x/25015103B2.h5,True,True,,True,True,True,1841,1841,1841,0,0,"[1841,2]","[1841,2]","[1841,512]",int32,int64,float32,True,True,False,True,True,True,1841,0,False
25015190B2,5x,data/yiyuan/patches_coords_5x/patches_256/25015190B2.h5,data/yiyuan/features_biomedclip_5x/25015190B2.h5,True,True,,True,True,True,241,241,241,0,0,"[241,2]","[241,2]","[241,512]",int32,int64,float32,True,True,False,True,True,True,241,0,False
25015190B2,20x,data/yiyuan/patches_coords_20x/patches_256/25015190B2.h5,data/yiyuan/features_biomedclip_20x/25015190B2.h5,True,True,,True,True,True,3479,3479,3479,0,0,"[3479,2]","[3479,2]","[3479,512]",int32,int64,float32,True,True,False,True,True,True,3478,0,False
25015204B2,5x,data/yiyuan/patches_coords_5x/patches_256/25015204B2.h5,data/yiyuan/features_biomedclip_5x/25015204B2.h5,True,True,,True,True,True,272,272,272,0,0,"[272,2]","[272,2]","[272,512]",int32,int64,float32,True,True,False,True,True,True,272,0,False
25015204B2,20x,data/yiyuan/patches_coords_20x/patches_256/25015204B2.h5,data/yiyuan/features_biomedclip_20x/25015204B2.h5,True,True,,True,True,True,4122,4122,4122,0,0,"[4122,2]","[4122,2]","[4122,512]",int32,int64,float32,True,True,False,True,True,True,4122,0,False
25015234B2,5x,data/yiyuan/patches_coords_5x/patches_256/25015234B2.h5,data/yiyuan/features_biomedclip_5x/25015234B2.h5,True,True,,True,True,True,214,214,214,0,0,"[214,2]","[214,2]","[214,512]",int32,int64,float32,True,True,False,True,True,True,214,0,False
25015234B2,20x,data/yiyuan/patches_coords_20x/patches_256/25015234B2.h5,data/yiyuan/features_biomedclip_20x/25015234B2.h5,True,True,,True,True,True,2869,2869,2869,0,0,"[2869,2]","[2869,2]","[2869,512]",int32,int64,float32,True,True,False,True,True,True,2867,0,False
25015408B3,5x,data/yiyuan/patches_coords_5x/patches_256/25015408B3.h5,data/yiyuan/features_biomedclip_5x/25015408B3.h5,True,True,,True,True,True,149,149,149,0,0,"[149,2]","[149,2]","[149,512]",int32,int64,float32,True,True,False,True,True,True,149,0,False
25015408B3,20x,data/yiyuan/patches_coords_20x/patches_256/25015408B3.h5,data/yiyuan/features_biomedclip_20x/25015408B3.h5,True,True,,True,True,True,2090,2090,2090,0,0,"[2090,2]","[2090,2]","[2090,512]",int32,int64,float32,True,True,False,True,True,True,2089,0,False
25015422B,5x,data/yiyuan/patches_coords_5x/patches_256/25015422B.h5,data/yiyuan/features_biomedclip_5x/25015422B.h5,True,True,,True,True,True,168,168,168,0,0,"[168,2]","[168,2]","[168,512]",int32,int64,float32,True,True,False,True,True,True,168,0,False
25015422B,20x,data/yiyuan/patches_coords_20x/patches_256/25015422B.h5,data/yiyuan/features_biomedclip_20x/25015422B.h5,True,True,,True,True,True,2324,2324,2324,0,0,"[2324,2]","[2324,2]","[2324,512]",int32,int64,float32,True,True,False,True,True,True,2322,0,False
25015425B2,5x,data/yiyuan/patches_coords_5x/patches_256/25015425B2.h5,data/yiyuan/features_biomedclip_5x/25015425B2.h5,True,True,,True,True,True,329,329,329,0,0,"[329,2]","[329,2]","[329,512]",int32,int64,float32,True,True,False,True,True,True,329,0,False
25015425B2,20x,data/yiyuan/patches_coords_20x/patches_256/25015425B2.h5,data/yiyuan/features_biomedclip_20x/25015425B2.h5,True,True,,True,True,True,4334,4334,4334,0,0,"[4334,2]","[4334,2]","[4334,512]",int32,int64,float32,True,True,False,True,True,True,4332,0,False
25015488B2,5x,data/yiyuan/patches_coords_5x/patches_256/25015488B2.h5,data/yiyuan/features_biomedclip_5x/25015488B2.h5,True,True,,True,True,True,183,183,183,0,0,"[183,2]","[183,2]","[183,512]",int32,int64,float32,True,True,False,True,True,True,183,0,False
25015488B2,20x,data/yiyuan/patches_coords_20x/patches_256/25015488B2.h5,data/yiyuan/features_biomedclip_20x/25015488B2.h5,True,True,,True,True,True,2604,2604,2604,0,0,"[2604,2]","[2604,2]","[2604,512]",int32,int64,float32,True,True,False,True,True,True,2603,0,False
25015495B3,5x,data/yiyuan/patches_coords_5x/patches_256/25015495B3.h5,data/yiyuan/features_biomedclip_5x/25015495B3.h5,True,True,,True,True,True,144,144,144,0,0,"[144,2]","[144,2]","[144,512]",int32,int64,float32,True,True,False,True,True,True,143,0,False
25015495B3,20x,data/yiyuan/patches_coords_20x/patches_256/25015495B3.h5,data/yiyuan/features_biomedclip_20x/25015495B3.h5,True,True,,True,True,True,2146,2146,2146,0,0,"[2146,2]","[2146,2]","[2146,512]",int32,int64,float32,True,True,False,True,True,True,2146,0,False
25015495B4,5x,data/yiyuan/patches_coords_5x/patches_256/25015495B4.h5,data/yiyuan/features_biomedclip_5x/25015495B4.h5,True,True,,True,True,True,219,219,219,0,0,"[219,2]","[219,2]","[219,512]",int32,int64,float32,True,True,False,True,True,True,219,0,False
25015495B4,20x,data/yiyuan/patches_coords_20x/patches_256/25015495B4.h5,data/yiyuan/features_biomedclip_20x/25015495B4.h5,True,True,,True,True,True,3259,3259,3259,0,0,"[3259,2]","[3259,2]","[3259,512]",int32,int64,float32,True,True,False,True,True,True,3259,0,False
25015607B2,5x,data/yiyuan/patches_coords_5x/patches_256/25015607B2.h5,data/yiyuan/features_biomedclip_5x/25015607B2.h5,True,True,,True,True,True,185,185,185,0,0,"[185,2]","[185,2]","[185,512]",int32,int64,float32,True,True,False,True,True,True,185,0,False
25015607B2,20x,data/yiyuan/patches_coords_20x/patches_256/25015607B2.h5,data/yiyuan/features_biomedclip_20x/25015607B2.h5,True,True,,True,True,True,2657,2657,2657,0,0,"[2657,2]","[2657,2]","[2657,512]",int32,int64,float32,True,True,False,True,True,True,2657,0,False
25015622B2,5x,data/yiyuan/patches_coords_5x/patches_256/25015622B2.h5,data/yiyuan/features_biomedclip_5x/25015622B2.h5,True,True,,True,True,True,289,289,289,0,0,"[289,2]","[289,2]","[289,512]",int32,int64,float32,True,True,False,True,True,True,289,0,False
25015622B2,20x,data/yiyuan/patches_coords_20x/patches_256/25015622B2.h5,data/yiyuan/features_biomedclip_20x/25015622B2.h5,True,True,,True,True,True,3802,3802,3802,0,0,"[3802,2]","[3802,2]","[3802,512]",int32,int64,float32,True,True,False,True,True,True,3802,0,False
25015625B2,5x,data/yiyuan/patches_coords_5x/patches_256/25015625B2.h5,data/yiyuan/features_biomedclip_5x/25015625B2.h5,True,True,,True,True,True,199,199,199,0,0,"[199,2]","[199,2]","[199,512]",int32,int64,float32,True,True,False,True,True,True,199,0,False
25015625B2,20x,data/yiyuan/patches_coords_20x/patches_256/25015625B2.h5,data/yiyuan/features_biomedclip_20x/25015625B2.h5,True,True,,True,True,True,2904,2904,2904,0,0,"[2904,2]","[2904,2]","[2904,512]",int32,int64,float32,True,True,False,True,True,True,2904,0,False
25015811B3,5x,data/yiyuan/patches_coords_5x/patches_256/25015811B3.h5,data/yiyuan/features_biomedclip_5x/25015811B3.h5,True,True,,True,True,True,114,114,114,0,0,"[114,2]","[114,2]","[114,512]",int32,int64,float32,True,True,False,True,True,True,114,0,False
25015811B3,20x,data/yiyuan/patches_coords_20x/patches_256/25015811B3.h5,data/yiyuan/features_biomedclip_20x/25015811B3.h5,True,True,,True,True,True,1417,1417,1417,0,0,"[1417,2]","[1417,2]","[1417,512]",int32,int64,float32,True,True,False,True,True,True,1417,0,False
25015811B4,5x,data/yiyuan/patches_coords_5x/patches_256/25015811B4.h5,data/yiyuan/features_biomedclip_5x/25015811B4.h5,True,True,,True,True,True,278,278,278,0,0,"[278,2]","[278,2]","[278,512]",int32,int64,float32,True,True,False,True,True,True,278,0,False
25015811B4,20x,data/yiyuan/patches_coords_20x/patches_256/25015811B4.h5,data/yiyuan/features_biomedclip_20x/25015811B4.h5,True,True,,True,True,True,3983,3983,3983,0,0,"[3983,2]","[3983,2]","[3983,512]",int32,int64,float32,True,True,False,True,True,True,3981,0,False
25015820B,5x,data/yiyuan/patches_coords_5x/patches_256/25015820B.h5,data/yiyuan/features_biomedclip_5x/25015820B.h5,True,True,,True,True,True,300,300,300,0,0,"[300,2]","[300,2]","[300,512]",int32,int64,float32,True,True,False,True,True,True,300,0,False
25015820B,20x,data/yiyuan/patches_coords_20x/patches_256/25015820B.h5,data/yiyuan/features_biomedclip_20x/25015820B.h5,True,True,,True,True,True,4362,4362,4362,0,0,"[4362,2]","[4362,2]","[4362,512]",int32,int64,float32,True,True,False,True,True,True,4360,0,False
25015863B2,5x,data/yiyuan/patches_coords_5x/patches_256/25015863B2.h5,data/yiyuan/features_biomedclip_5x/25015863B2.h5,True,True,,True,True,True,363,363,363,0,0,"[363,2]","[363,2]","[363,512]",int32,int64,float32,True,True,False,True,True,True,363,0,False
25015863B2,20x,data/yiyuan/patches_coords_20x/patches_256/25015863B2.h5,data/yiyuan/features_biomedclip_20x/25015863B2.h5,True,True,,True,True,True,5419,5419,5419,0,0,"[5419,2]","[5419,2]","[5419,512]",int32,int64,float32,True,True,False,True,True,True,5418,0,False
25015870B3,5x,data/yiyuan/patches_coords_5x/patches_256/25015870B3.h5,data/yiyuan/features_biomedclip_5x/25015870B3.h5,True,True,,True,True,True,180,180,180,0,0,"[180,2]","[180,2]","[180,512]",int32,int64,float32,True,True,False,True,True,True,180,0,False
25015870B3,20x,data/yiyuan/patches_coords_20x/patches_256/25015870B3.h5,data/yiyuan/features_biomedclip_20x/25015870B3.h5,True,True,,True,True,True,2419,2419,2419,0,0,"[2419,2]","[2419,2]","[2419,512]",int32,int64,float32,True,True,False,True,True,True,2419,0,False
25016077B2,5x,data/yiyuan/patches_coords_5x/patches_256/25016077B2.h5,data/yiyuan/features_biomedclip_5x/25016077B2.h5,True,True,,True,True,True,127,127,127,0,0,"[127,2]","[127,2]","[127,512]",int32,int64,float32,True,True,False,True,True,True,112,0,False
25016077B2,20x,data/yiyuan/patches_coords_20x/patches_256/25016077B2.h5,data/yiyuan/features_biomedclip_20x/25016077B2.h5,True,True,,True,True,True,1776,1776,1776,0,0,"[1776,2]","[1776,2]","[1776,512]",int32,int64,float32,True,True,False,True,True,True,1776,0,False
25016088B2,5x,data/yiyuan/patches_coords_5x/patches_256/25016088B2.h5,data/yiyuan/features_biomedclip_5x/25016088B2.h5,True,True,,True,True,True,228,228,228,0,0,"[228,2]","[228,2]","[228,512]",int32,int64,float32,True,True,False,True,True,True,228,0,False
25016088B2,20x,data/yiyuan/patches_coords_20x/patches_256/25016088B2.h5,data/yiyuan/features_biomedclip_20x/25016088B2.h5,True,True,,True,True,True,3359,3359,3359,0,0,"[3359,2]","[3359,2]","[3359,512]",int32,int64,float32,True,True,False,True,True,True,3359,0,False
25016772B2,5x,data/yiyuan/patches_coords_5x/patches_256/25016772B2.h5,data/yiyuan/features_biomedclip_5x/25016772B2.h5,True,True,,True,True,True,345,345,345,0,0,"[345,2]","[345,2]","[345,512]",int32,int64,float32,True,True,False,True,True,True,345,0,False
25016772B2,20x,data/yiyuan/patches_coords_20x/patches_256/25016772B2.h5,data/yiyuan/features_biomedclip_20x/25016772B2.h5,True,True,,True,True,True,4967,4967,4967,0,0,"[4967,2]","[4967,2]","[4967,512]",int32,int64,float32,True,True,False,True,True,True,4966,0,False
25016785B2,5x,data/yiyuan/patches_coords_5x/patches_256/25016785B2.h5,data/yiyuan/features_biomedclip_5x/25016785B2.h5,True,True,,True,True,True,420,420,420,0,0,"[420,2]","[420,2]","[420,512]",int32,int64,float32,True,True,False,True,True,True,419,0,False
25016785B2,20x,data/yiyuan/patches_coords_20x/patches_256/25016785B2.h5,data/yiyuan/features_biomedclip_20x/25016785B2.h5,True,True,,True,True,True,6163,6163,6163,0,0,"[6163,2]","[6163,2]","[6163,512]",int32,int64,float32,True,True,False,True,True,True,6163,0,False
25016801B2,5x,data/yiyuan/patches_coords_5x/patches_256/25016801B2.h5,data/yiyuan/features_biomedclip_5x/25016801B2.h5,True,True,,True,True,True,370,370,370,0,0,"[370,2]","[370,2]","[370,512]",int32,int64,float32,True,True,False,True,True,True,370,0,False
25016801B2,20x,data/yiyuan/patches_coords_20x/patches_256/25016801B2.h5,data/yiyuan/features_biomedclip_20x/25016801B2.h5,True,True,,True,True,True,5448,5448,5448,0,0,"[5448,2]","[5448,2]","[5448,512]",int32,int64,float32,True,True,False,True,True,True,5447,0,False
25016829B2,5x,data/yiyuan/patches_coords_5x/patches_256/25016829B2.h5,data/yiyuan/features_biomedclip_5x/25016829B2.h5,True,True,,True,True,True,201,201,201,0,0,"[201,2]","[201,2]","[201,512]",int32,int64,float32,True,True,False,True,True,True,201,0,False
25016829B2,20x,data/yiyuan/patches_coords_20x/patches_256/25016829B2.h5,data/yiyuan/features_biomedclip_20x/25016829B2.h5,True,True,,True,True,True,2897,2897,2897,0,0,"[2897,2]","[2897,2]","[2897,512]",int32,int64,float32,True,True,False,True,True,True,2893,0,False
25016903B4,5x,data/yiyuan/patches_coords_5x/patches_256/25016903B4.h5,data/yiyuan/features_biomedclip_5x/25016903B4.h5,True,True,,True,True,True,274,274,274,0,0,"[274,2]","[274,2]","[274,512]",int32,int64,float32,True,True,False,True,True,True,274,0,False
25016903B4,20x,data/yiyuan/patches_coords_20x/patches_256/25016903B4.h5,data/yiyuan/features_biomedclip_20x/25016903B4.h5,True,True,,True,True,True,3930,3930,3930,0,0,"[3930,2]","[3930,2]","[3930,512]",int32,int64,float32,True,True,False,True,True,True,3930,0,False
25016905B4,5x,data/yiyuan/patches_coords_5x/patches_256/25016905B4.h5,data/yiyuan/features_biomedclip_5x/25016905B4.h5,True,True,,True,True,True,165,165,165,0,0,"[165,2]","[165,2]","[165,512]",int32,int64,float32,True,True,False,True,True,True,165,0,False
25016905B4,20x,data/yiyuan/patches_coords_20x/patches_256/25016905B4.h5,data/yiyuan/features_biomedclip_20x/25016905B4.h5,True,True,,True,True,True,2378,2378,2378,0,0,"[2378,2]","[2378,2]","[2378,512]",int32,int64,float32,True,True,False,True,True,True,2377,0,False
25016915B2,5x,data/yiyuan/patches_coords_5x/patches_256/25016915B2.h5,data/yiyuan/features_biomedclip_5x/25016915B2.h5,True,True,,True,True,True,193,193,193,0,0,"[193,2]","[193,2]","[193,512]",int32,int64,float32,True,True,False,True,True,True,193,0,False
25016915B2,20x,data/yiyuan/patches_coords_20x/patches_256/25016915B2.h5,data/yiyuan/features_biomedclip_20x/25016915B2.h5,True,True,,True,True,True,2497,2497,2497,0,0,"[2497,2]","[2497,2]","[2497,512]",int32,int64,float32,True,True,False,True,True,True,2495,0,False
25016926B2,5x,data/yiyuan/patches_coords_5x/patches_256/25016926B2.h5,data/yiyuan/features_biomedclip_5x/25016926B2.h5,True,True,,True,True,True,292,292,292,0,0,"[292,2]","[292,2]","[292,512]",int32,int64,float32,True,True,False,True,True,True,292,0,False
25016926B2,20x,data/yiyuan/patches_coords_20x/patches_256/25016926B2.h5,data/yiyuan/features_biomedclip_20x/25016926B2.h5,True,True,,True,True,True,4024,4024,4024,0,0,"[4024,2]","[4024,2]","[4024,512]",int32,int64,float32,True,True,False,True,True,True,4024,0,False
25017089B2,5x,data/yiyuan/patches_coords_5x/patches_256/25017089B2.h5,data/yiyuan/features_biomedclip_5x/25017089B2.h5,True,True,,True,True,True,308,308,308,0,0,"[308,2]","[308,2]","[308,512]",int32,int64,float32,True,True,False,True,True,True,308,0,False
25017089B2,20x,data/yiyuan/patches_coords_20x/patches_256/25017089B2.h5,data/yiyuan/features_biomedclip_20x/25017089B2.h5,True,True,,True,True,True,4519,4519,4519,0,0,"[4519,2]","[4519,2]","[4519,512]",int32,int64,float32,True,True,False,True,True,True,4518,0,False
25017211B2,5x,data/yiyuan/patches_coords_5x/patches_256/25017211B2.h5,data/yiyuan/features_biomedclip_5x/25017211B2.h5,True,True,,True,True,True,264,264,264,0,0,"[264,2]","[264,2]","[264,512]",int32,int64,float32,True,True,False,True,True,True,264,0,False
25017211B2,20x,data/yiyuan/patches_coords_20x/patches_256/25017211B2.h5,data/yiyuan/features_biomedclip_20x/25017211B2.h5,True,True,,True,True,True,3869,3869,3869,0,0,"[3869,2]","[3869,2]","[3869,512]",int32,int64,float32,True,True,False,True,True,True,3869,0,False
25017218B3,5x,data/yiyuan/patches_coords_5x/patches_256/25017218B3.h5,data/yiyuan/features_biomedclip_5x/25017218B3.h5,True,True,,True,True,True,157,157,157,0,0,"[157,2]","[157,2]","[157,512]",int32,int64,float32,True,True,False,True,True,True,157,0,False
25017218B3,20x,data/yiyuan/patches_coords_20x/patches_256/25017218B3.h5,data/yiyuan/features_biomedclip_20x/25017218B3.h5,True,True,,True,True,True,1970,1970,1970,0,0,"[1970,2]","[1970,2]","[1970,512]",int32,int64,float32,True,True,False,True,True,True,1970,0,False
25017220B2,5x,data/yiyuan/patches_coords_5x/patches_256/25017220B2.h5,data/yiyuan/features_biomedclip_5x/25017220B2.h5,True,True,,True,True,True,259,259,259,0,0,"[259,2]","[259,2]","[259,512]",int32,int64,float32,True,True,False,True,True,True,258,0,False
25017220B2,20x,data/yiyuan/patches_coords_20x/patches_256/25017220B2.h5,data/yiyuan/features_biomedclip_20x/25017220B2.h5,True,True,,True,True,True,3397,3397,3397,0,0,"[3397,2]","[3397,2]","[3397,512]",int32,int64,float32,True,True,False,True,True,True,3397,0,False
25017227B2,5x,data/yiyuan/patches_coords_5x/patches_256/25017227B2.h5,data/yiyuan/features_biomedclip_5x/25017227B2.h5,True,True,,True,True,True,314,314,314,0,0,"[314,2]","[314,2]","[314,512]",int32,int64,float32,True,True,False,True,True,True,314,0,False
25017227B2,20x,data/yiyuan/patches_coords_20x/patches_256/25017227B2.h5,data/yiyuan/features_biomedclip_20x/25017227B2.h5,True,True,,True,True,True,4567,4567,4567,0,0,"[4567,2]","[4567,2]","[4567,512]",int32,int64,float32,True,True,False,True,True,True,4567,0,False
25017242B2,5x,data/yiyuan/patches_coords_5x/patches_256/25017242B2.h5,data/yiyuan/features_biomedclip_5x/25017242B2.h5,True,True,,True,True,True,279,279,279,0,0,"[279,2]","[279,2]","[279,512]",int32,int64,float32,True,True,False,True,True,True,279,0,False
25017242B2,20x,data/yiyuan/patches_coords_20x/patches_256/25017242B2.h5,data/yiyuan/features_biomedclip_20x/25017242B2.h5,True,True,,True,True,True,4033,4033,4033,0,0,"[4033,2]","[4033,2]","[4033,512]",int32,int64,float32,True,True,False,True,True,True,4032,0,False
25017320B2,5x,data/yiyuan/patches_coords_5x/patches_256/25017320B2.h5,data/yiyuan/features_biomedclip_5x/25017320B2.h5,True,True,,True,True,True,283,283,283,0,0,"[283,2]","[283,2]","[283,512]",int32,int64,float32,True,True,False,True,True,True,283,0,False
25017320B2,20x,data/yiyuan/patches_coords_20x/patches_256/25017320B2.h5,data/yiyuan/features_biomedclip_20x/25017320B2.h5,True,True,,True,True,True,4129,4129,4129,0,0,"[4129,2]","[4129,2]","[4129,512]",int32,int64,float32,True,True,False,True,True,True,4127,0,False
25017322B2,5x,data/yiyuan/patches_coords_5x/patches_256/25017322B2.h5,data/yiyuan/features_biomedclip_5x/25017322B2.h5,True,True,,True,True,True,333,333,333,0,0,"[333,2]","[333,2]","[333,512]",int32,int64,float32,True,True,False,True,True,True,329,4,False
25017322B2,20x,data/yiyuan/patches_coords_20x/patches_256/25017322B2.h5,data/yiyuan/features_biomedclip_20x/25017322B2.h5,True,True,,True,True,True,4954,4954,4954,0,0,"[4954,2]","[4954,2]","[4954,512]",int32,int64,float32,True,True,False,True,True,True,4954,0,False
25017338B3,5x,data/yiyuan/patches_coords_5x/patches_256/25017338B3.h5,data/yiyuan/features_biomedclip_5x/25017338B3.h5,True,True,,True,True,True,309,309,309,0,0,"[309,2]","[309,2]","[309,512]",int32,int64,float32,True,True,False,True,True,True,309,0,False
25017338B3,20x,data/yiyuan/patches_coords_20x/patches_256/25017338B3.h5,data/yiyuan/features_biomedclip_20x/25017338B3.h5,True,True,,True,True,True,4511,4511,4511,0,0,"[4511,2]","[4511,2]","[4511,512]",int32,int64,float32,True,True,False,True,True,True,4509,0,False
25017341B4,5x,data/yiyuan/patches_coords_5x/patches_256/25017341B4.h5,data/yiyuan/features_biomedclip_5x/25017341B4.h5,True,True,,True,True,True,108,108,108,0,0,"[108,2]","[108,2]","[108,512]",int32,int64,float32,True,True,False,True,True,True,108,0,False
25017341B4,20x,data/yiyuan/patches_coords_20x/patches_256/25017341B4.h5,data/yiyuan/features_biomedclip_20x/25017341B4.h5,True,True,,True,True,True,1485,1485,1485,0,0,"[1485,2]","[1485,2]","[1485,512]",int32,int64,float32,True,True,False,True,True,True,1485,0,False
25017354B5,5x,data/yiyuan/patches_coords_5x/patches_256/25017354B5.h5,data/yiyuan/features_biomedclip_5x/25017354B5.h5,True,True,,True,True,True,119,119,119,0,0,"[119,2]","[119,2]","[119,512]",int32,int64,float32,True,True,False,True,True,True,113,0,False
25017354B5,20x,data/yiyuan/patches_coords_20x/patches_256/25017354B5.h5,data/yiyuan/features_biomedclip_20x/25017354B5.h5,True,True,,True,True,True,1549,1549,1549,0,0,"[1549,2]","[1549,2]","[1549,512]",int32,int64,float32,True,True,False,True,True,True,1549,0,False
25017355B1,5x,data/yiyuan/patches_coords_5x/patches_256/25017355B1.h5,data/yiyuan/features_biomedclip_5x/25017355B1.h5,True,True,,True,True,True,321,321,321,0,0,"[321,2]","[321,2]","[321,512]",int32,int64,float32,True,True,False,True,True,True,321,0,False
25017355B1,20x,data/yiyuan/patches_coords_20x/patches_256/25017355B1.h5,data/yiyuan/features_biomedclip_20x/25017355B1.h5,True,True,,True,True,True,4467,4467,4467,0,0,"[4467,2]","[4467,2]","[4467,512]",int32,int64,float32,True,True,False,True,True,True,4467,0,False
25017372B2,5x,data/yiyuan/patches_coords_5x/patches_256/25017372B2.h5,data/yiyuan/features_biomedclip_5x/25017372B2.h5,True,True,,True,True,True,152,152,152,0,0,"[152,2]","[152,2]","[152,512]",int32,int64,float32,True,True,False,True,True,True,152,0,False
25017372B2,20x,data/yiyuan/patches_coords_20x/patches_256/25017372B2.h5,data/yiyuan/features_biomedclip_20x/25017372B2.h5,True,True,,True,True,True,1867,1867,1867,0,0,"[1867,2]","[1867,2]","[1867,512]",int32,int64,float32,True,True,False,True,True,True,1867,0,False
25017383B2,5x,data/yiyuan/patches_coords_5x/patches_256/25017383B2.h5,data/yiyuan/features_biomedclip_5x/25017383B2.h5,True,True,,True,True,True,174,174,174,0,0,"[174,2]","[174,2]","[174,512]",int32,int64,float32,True,True,False,True,True,True,174,0,False
25017383B2,20x,data/yiyuan/patches_coords_20x/patches_256/25017383B2.h5,data/yiyuan/features_biomedclip_20x/25017383B2.h5,True,True,,True,True,True,2570,2570,2570,0,0,"[2570,2]","[2570,2]","[2570,512]",int32,int64,float32,True,True,False,True,True,True,2570,0,False
25017515B2,5x,data/yiyuan/patches_coords_5x/patches_256/25017515B2.h5,data/yiyuan/features_biomedclip_5x/25017515B2.h5,True,True,,True,True,True,412,412,412,0,0,"[412,2]","[412,2]","[412,512]",int32,int64,float32,True,True,False,True,True,True,408,0,False
25017515B2,20x,data/yiyuan/patches_coords_20x/patches_256/25017515B2.h5,data/yiyuan/features_biomedclip_20x/25017515B2.h5,True,True,,True,True,True,6028,6028,6028,0,0,"[6028,2]","[6028,2]","[6028,512]",int32,int64,float32,True,True,False,True,True,True,6026,0,False
25017518B2,5x,data/yiyuan/patches_coords_5x/patches_256/25017518B2.h5,data/yiyuan/features_biomedclip_5x/25017518B2.h5,True,True,,True,True,True,328,328,328,0,0,"[328,2]","[328,2]","[328,512]",int32,int64,float32,True,True,False,True,True,True,328,0,False
25017518B2,20x,data/yiyuan/patches_coords_20x/patches_256/25017518B2.h5,data/yiyuan/features_biomedclip_20x/25017518B2.h5,True,True,,True,True,True,4794,4794,4794,0,0,"[4794,2]","[4794,2]","[4794,512]",int32,int64,float32,True,True,False,True,True,True,4794,0,False
25017538B4,5x,data/yiyuan/patches_coords_5x/patches_256/25017538B4.h5,data/yiyuan/features_biomedclip_5x/25017538B4.h5,True,True,,True,True,True,226,226,226,0,0,"[226,2]","[226,2]","[226,512]",int32,int64,float32,True,True,False,True,True,True,226,0,False
25017538B4,20x,data/yiyuan/patches_coords_20x/patches_256/25017538B4.h5,data/yiyuan/features_biomedclip_20x/25017538B4.h5,True,True,,True,True,True,3081,3081,3081,0,0,"[3081,2]","[3081,2]","[3081,512]",int32,int64,float32,True,True,False,True,True,True,3081,0,False
25017539B2,5x,data/yiyuan/patches_coords_5x/patches_256/25017539B2.h5,data/yiyuan/features_biomedclip_5x/25017539B2.h5,True,True,,True,True,True,275,275,275,0,0,"[275,2]","[275,2]","[275,512]",int32,int64,float32,True,True,False,True,True,True,275,0,False
25017539B2,20x,data/yiyuan/patches_coords_20x/patches_256/25017539B2.h5,data/yiyuan/features_biomedclip_20x/25017539B2.h5,True,True,,True,True,True,4009,4009,4009,0,0,"[4009,2]","[4009,2]","[4009,512]",int32,int64,float32,True,True,False,True,True,True,4006,0,False
25017539B3,5x,data/yiyuan/patches_coords_5x/patches_256/25017539B3.h5,data/yiyuan/features_biomedclip_5x/25017539B3.h5,True,True,,True,True,True,333,333,333,0,0,"[333,2]","[333,2]","[333,512]",int32,int64,float32,True,True,False,True,True,True,333,0,False
25017539B3,20x,data/yiyuan/patches_coords_20x/patches_256/25017539B3.h5,data/yiyuan/features_biomedclip_20x/25017539B3.h5,True,True,,True,True,True,4823,4823,4823,0,0,"[4823,2]","[4823,2]","[4823,512]",int32,int64,float32,True,True,False,True,True,True,4822,0,False
25017589B6,5x,data/yiyuan/patches_coords_5x/patches_256/25017589B6.h5,data/yiyuan/features_biomedclip_5x/25017589B6.h5,True,True,,True,True,True,153,153,153,0,0,"[153,2]","[153,2]","[153,512]",int32,int64,float32,True,True,False,True,True,True,126,0,False
25017589B6,20x,data/yiyuan/patches_coords_20x/patches_256/25017589B6.h5,data/yiyuan/features_biomedclip_20x/25017589B6.h5,True,True,,True,True,True,2176,2176,2176,0,0,"[2176,2]","[2176,2]","[2176,512]",int32,int64,float32,True,True,False,True,True,True,2175,0,False
25017711B,5x,data/yiyuan/patches_coords_5x/patches_256/25017711B.h5,data/yiyuan/features_biomedclip_5x/25017711B.h5,True,True,,True,True,True,384,384,384,0,0,"[384,2]","[384,2]","[384,512]",int32,int64,float32,True,True,False,True,True,True,384,0,False
25017711B,20x,data/yiyuan/patches_coords_20x/patches_256/25017711B.h5,data/yiyuan/features_biomedclip_20x/25017711B.h5,True,True,,True,True,True,5679,5679,5679,0,0,"[5679,2]","[5679,2]","[5679,512]",int32,int64,float32,True,True,False,True,True,True,5677,0,False
25017716B2,5x,data/yiyuan/patches_coords_5x/patches_256/25017716B2.h5,data/yiyuan/features_biomedclip_5x/25017716B2.h5,True,True,,True,True,True,218,218,218,0,0,"[218,2]","[218,2]","[218,512]",int32,int64,float32,True,True,False,True,True,True,218,0,False
25017716B2,20x,data/yiyuan/patches_coords_20x/patches_256/25017716B2.h5,data/yiyuan/features_biomedclip_20x/25017716B2.h5,True,True,,True,True,True,3169,3169,3169,0,0,"[3169,2]","[3169,2]","[3169,512]",int32,int64,float32,True,True,False,True,True,True,3169,0,False
25017718B2,5x,data/yiyuan/patches_coords_5x/patches_256/25017718B2.h5,data/yiyuan/features_biomedclip_5x/25017718B2.h5,True,True,,True,True,True,214,214,214,0,0,"[214,2]","[214,2]","[214,512]",int32,int64,float32,True,True,False,True,True,True,214,0,False
25017718B2,20x,data/yiyuan/patches_coords_20x/patches_256/25017718B2.h5,data/yiyuan/features_biomedclip_20x/25017718B2.h5,True,True,,True,True,True,3188,3188,3188,0,0,"[3188,2]","[3188,2]","[3188,512]",int32,int64,float32,True,True,False,True,True,True,3187,0,False
25017738B2,5x,data/yiyuan/patches_coords_5x/patches_256/25017738B2.h5,data/yiyuan/features_biomedclip_5x/25017738B2.h5,True,True,,True,True,True,334,334,334,0,0,"[334,2]","[334,2]","[334,512]",int32,int64,float32,True,True,False,True,True,True,334,0,False
25017738B2,20x,data/yiyuan/patches_coords_20x/patches_256/25017738B2.h5,data/yiyuan/features_biomedclip_20x/25017738B2.h5,True,True,,True,True,True,4902,4902,4902,0,0,"[4902,2]","[4902,2]","[4902,512]",int32,int64,float32,True,True,False,True,True,True,4902,0,False
25017748B2,5x,data/yiyuan/patches_coords_5x/patches_256/25017748B2.h5,data/yiyuan/features_biomedclip_5x/25017748B2.h5,True,True,,True,True,True,192,192,192,0,0,"[192,2]","[192,2]","[192,512]",int32,int64,float32,True,True,False,True,True,True,192,0,False
25017748B2,20x,data/yiyuan/patches_coords_20x/patches_256/25017748B2.h5,data/yiyuan/features_biomedclip_20x/25017748B2.h5,True,True,,True,True,True,2671,2671,2671,0,0,"[2671,2]","[2671,2]","[2671,512]",int32,int64,float32,True,True,False,True,True,True,2671,0,False
25017767B2,5x,data/yiyuan/patches_coords_5x/patches_256/25017767B2.h5,data/yiyuan/features_biomedclip_5x/25017767B2.h5,True,True,,True,True,True,210,210,210,0,0,"[210,2]","[210,2]","[210,512]",int32,int64,float32,True,True,False,True,True,True,210,0,False
25017767B2,20x,data/yiyuan/patches_coords_20x/patches_256/25017767B2.h5,data/yiyuan/features_biomedclip_20x/25017767B2.h5,True,True,,True,True,True,2984,2984,2984,0,0,"[2984,2]","[2984,2]","[2984,512]",int32,int64,float32,True,True,False,True,True,True,2983,0,False
25017932B2,5x,data/yiyuan/patches_coords_5x/patches_256/25017932B2.h5,data/yiyuan/features_biomedclip_5x/25017932B2.h5,True,True,,True,True,True,93,93,93,0,0,"[93,2]","[93,2]","[93,512]",int32,int64,float32,True,True,False,True,True,True,93,0,False
25017932B2,20x,data/yiyuan/patches_coords_20x/patches_256/25017932B2.h5,data/yiyuan/features_biomedclip_20x/25017932B2.h5,True,True,,True,True,True,1261,1261,1261,0,0,"[1261,2]","[1261,2]","[1261,512]",int32,int64,float32,True,True,False,True,True,True,1259,0,False
25017948B3,5x,data/yiyuan/patches_coords_5x/patches_256/25017948B3.h5,data/yiyuan/features_biomedclip_5x/25017948B3.h5,True,True,,True,True,True,288,288,288,0,0,"[288,2]","[288,2]","[288,512]",int32,int64,float32,True,True,False,True,True,True,288,0,False
25017948B3,20x,data/yiyuan/patches_coords_20x/patches_256/25017948B3.h5,data/yiyuan/features_biomedclip_20x/25017948B3.h5,True,True,,True,True,True,4183,4183,4183,0,0,"[4183,2]","[4183,2]","[4183,512]",int32,int64,float32,True,True,False,True,True,True,4183,0,False
25018002B2,5x,data/yiyuan/patches_coords_5x/patches_256/25018002B2.h5,data/yiyuan/features_biomedclip_5x/25018002B2.h5,True,True,,True,True,True,249,249,249,0,0,"[249,2]","[249,2]","[249,512]",int32,int64,float32,True,True,False,True,True,True,249,0,False
25018002B2,20x,data/yiyuan/patches_coords_20x/patches_256/25018002B2.h5,data/yiyuan/features_biomedclip_20x/25018002B2.h5,True,True,,True,True,True,3688,3688,3688,0,0,"[3688,2]","[3688,2]","[3688,512]",int32,int64,float32,True,True,False,True,True,True,3686,0,False
25018050B2,5x,data/yiyuan/patches_coords_5x/patches_256/25018050B2.h5,data/yiyuan/features_biomedclip_5x/25018050B2.h5,True,True,,True,True,True,195,195,195,0,0,"[195,2]","[195,2]","[195,512]",int32,int64,float32,True,True,False,True,True,True,195,0,False
25018050B2,20x,data/yiyuan/patches_coords_20x/patches_256/25018050B2.h5,data/yiyuan/features_biomedclip_20x/25018050B2.h5,True,True,,True,True,True,2805,2805,2805,0,0,"[2805,2]","[2805,2]","[2805,512]",int32,int64,float32,True,True,False,True,True,True,2805,0,False
25018453B2,5x,data/yiyuan/patches_coords_5x/patches_256/25018453B2.h5,data/yiyuan/features_biomedclip_5x/25018453B2.h5,True,True,,True,True,True,168,168,168,0,0,"[168,2]","[168,2]","[168,512]",int32,int64,float32,True,True,False,True,True,True,168,0,False
25018453B2,20x,data/yiyuan/patches_coords_20x/patches_256/25018453B2.h5,data/yiyuan/features_biomedclip_20x/25018453B2.h5,True,True,,True,True,True,2250,2250,2250,0,0,"[2250,2]","[2250,2]","[2250,512]",int32,int64,float32,True,True,False,True,True,True,2248,0,False
25018457B2,5x,data/yiyuan/patches_coords_5x/patches_256/25018457B2.h5,data/yiyuan/features_biomedclip_5x/25018457B2.h5,True,True,,True,True,True,282,282,282,0,0,"[282,2]","[282,2]","[282,512]",int32,int64,float32,True,True,False,True,True,True,282,0,False
25018457B2,20x,data/yiyuan/patches_coords_20x/patches_256/25018457B2.h5,data/yiyuan/features_biomedclip_20x/25018457B2.h5,True,True,,True,True,True,4148,4148,4148,0,0,"[4148,2]","[4148,2]","[4148,512]",int32,int64,float32,True,True,False,True,True,True,4148,0,False
25018571B2,5x,data/yiyuan/patches_coords_5x/patches_256/25018571B2.h5,data/yiyuan/features_biomedclip_5x/25018571B2.h5,True,True,,True,True,True,339,339,339,0,0,"[339,2]","[339,2]","[339,512]",int32,int64,float32,True,True,False,True,True,True,339,0,False
25018571B2,20x,data/yiyuan/patches_coords_20x/patches_256/25018571B2.h5,data/yiyuan/features_biomedclip_20x/25018571B2.h5,True,True,,True,True,True,4925,4925,4925,0,0,"[4925,2]","[4925,2]","[4925,512]",int32,int64,float32,True,True,False,True,True,True,4924,0,False
25018910B2,5x,data/yiyuan/patches_coords_5x/patches_256/25018910B2.h5,data/yiyuan/features_biomedclip_5x/25018910B2.h5,True,True,,True,True,True,145,145,145,0,0,"[145,2]","[145,2]","[145,512]",int32,int64,float32,True,True,False,True,True,True,112,0,False
25018910B2,20x,data/yiyuan/patches_coords_20x/patches_256/25018910B2.h5,data/yiyuan/features_biomedclip_20x/25018910B2.h5,True,True,,True,True,True,2088,2088,2088,0,0,"[2088,2]","[2088,2]","[2088,512]",int32,int64,float32,True,True,False,True,True,True,2087,0,False
25019081B3,5x,data/yiyuan/patches_coords_5x/patches_256/25019081B3.h5,data/yiyuan/features_biomedclip_5x/25019081B3.h5,True,True,,True,True,True,301,301,301,0,0,"[301,2]","[301,2]","[301,512]",int32,int64,float32,True,True,False,True,True,True,301,0,False
25019081B3,20x,data/yiyuan/patches_coords_20x/patches_256/25019081B3.h5,data/yiyuan/features_biomedclip_20x/25019081B3.h5,True,True,,True,True,True,4444,4444,4444,0,0,"[4444,2]","[4444,2]","[4444,512]",int32,int64,float32,True,True,False,True,True,True,4443,0,False
25019102B4,5x,data/yiyuan/patches_coords_5x/patches_256/25019102B4.h5,data/yiyuan/features_biomedclip_5x/25019102B4.h5,True,True,,True,True,True,312,312,312,0,0,"[312,2]","[312,2]","[312,512]",int32,int64,float32,True,True,False,True,True,True,312,0,False
25019102B4,20x,data/yiyuan/patches_coords_20x/patches_256/25019102B4.h5,data/yiyuan/features_biomedclip_20x/25019102B4.h5,True,True,,True,True,True,4517,4517,4517,0,0,"[4517,2]","[4517,2]","[4517,512]",int32,int64,float32,True,True,False,True,True,True,4516,0,False
25019107B,5x,data/yiyuan/patches_coords_5x/patches_256/25019107B.h5,data/yiyuan/features_biomedclip_5x/25019107B.h5,True,True,,True,True,True,235,235,235,0,0,"[235,2]","[235,2]","[235,512]",int32,int64,float32,True,True,False,True,True,True,235,0,False
25019107B,20x,data/yiyuan/patches_coords_20x/patches_256/25019107B.h5,data/yiyuan/features_biomedclip_20x/25019107B.h5,True,True,,True,True,True,3417,3417,3417,0,0,"[3417,2]","[3417,2]","[3417,512]",int32,int64,float32,True,True,False,True,True,True,3415,0,False
25019283B2,5x,data/yiyuan/patches_coords_5x/patches_256/25019283B2.h5,data/yiyuan/features_biomedclip_5x/25019283B2.h5,True,True,,True,True,True,166,166,166,0,0,"[166,2]","[166,2]","[166,512]",int32,int64,float32,True,True,False,True,True,True,166,0,False
25019283B2,20x,data/yiyuan/patches_coords_20x/patches_256/25019283B2.h5,data/yiyuan/features_biomedclip_20x/25019283B2.h5,True,True,,True,True,True,2178,2178,2178,0,0,"[2178,2]","[2178,2]","[2178,512]",int32,int64,float32,True,True,False,True,True,True,2177,0,False
25019284B2,5x,data/yiyuan/patches_coords_5x/patches_256/25019284B2.h5,data/yiyuan/features_biomedclip_5x/25019284B2.h5,True,True,,True,True,True,244,244,244,0,0,"[244,2]","[244,2]","[244,512]",int32,int64,float32,True,True,False,True,True,True,244,0,False
25019284B2,20x,data/yiyuan/patches_coords_20x/patches_256/25019284B2.h5,data/yiyuan/features_biomedclip_20x/25019284B2.h5,True,True,,True,True,True,3526,3526,3526,0,0,"[3526,2]","[3526,2]","[3526,512]",int32,int64,float32,True,True,False,True,True,True,3524,0,False
25019352B2,5x,data/yiyuan/patches_coords_5x/patches_256/25019352B2.h5,data/yiyuan/features_biomedclip_5x/25019352B2.h5,True,True,,True,True,True,232,232,232,0,0,"[232,2]","[232,2]","[232,512]",int32,int64,float32,True,True,False,True,True,True,232,0,False
25019352B2,20x,data/yiyuan/patches_coords_20x/patches_256/25019352B2.h5,data/yiyuan/features_biomedclip_20x/25019352B2.h5,True,True,,True,True,True,3152,3152,3152,0,0,"[3152,2]","[3152,2]","[3152,512]",int32,int64,float32,True,True,False,True,True,True,3151,0,False
25019376B2,5x,data/yiyuan/patches_coords_5x/patches_256/25019376B2.h5,data/yiyuan/features_biomedclip_5x/25019376B2.h5,True,True,,True,True,True,412,412,412,0,0,"[412,2]","[412,2]","[412,512]",int32,int64,float32,True,True,False,True,True,True,410,0,False
25019376B2,20x,data/yiyuan/patches_coords_20x/patches_256/25019376B2.h5,data/yiyuan/features_biomedclip_20x/25019376B2.h5,True,True,,True,True,True,6083,6083,6083,0,0,"[6083,2]","[6083,2]","[6083,512]",int32,int64,float32,True,True,False,True,True,True,6081,0,False
25019379B,5x,data/yiyuan/patches_coords_5x/patches_256/25019379B.h5,data/yiyuan/features_biomedclip_5x/25019379B.h5,True,True,,True,True,True,219,219,219,0,0,"[219,2]","[219,2]","[219,512]",int32,int64,float32,True,True,False,True,True,True,219,0,False
25019379B,20x,data/yiyuan/patches_coords_20x/patches_256/25019379B.h5,data/yiyuan/features_biomedclip_20x/25019379B.h5,True,True,,True,True,True,3103,3103,3103,0,0,"[3103,2]","[3103,2]","[3103,512]",int32,int64,float32,True,True,False,True,True,True,3103,0,False
25019384B2,5x,data/yiyuan/patches_coords_5x/patches_256/25019384B2.h5,data/yiyuan/features_biomedclip_5x/25019384B2.h5,True,True,,True,True,True,226,226,226,0,0,"[226,2]","[226,2]","[226,512]",int32,int64,float32,True,True,False,True,True,True,226,0,False
25019384B2,20x,data/yiyuan/patches_coords_20x/patches_256/25019384B2.h5,data/yiyuan/features_biomedclip_20x/25019384B2.h5,True,True,,True,True,True,3241,3241,3241,0,0,"[3241,2]","[3241,2]","[3241,512]",int32,int64,float32,True,True,False,True,True,True,3238,0,False
25019457B2,5x,data/yiyuan/patches_coords_5x/patches_256/25019457B2.h5,data/yiyuan/features_biomedclip_5x/25019457B2.h5,True,True,,True,True,True,192,192,192,0,0,"[192,2]","[192,2]","[192,512]",int32,int64,float32,True,True,False,True,True,True,192,0,False
25019457B2,20x,data/yiyuan/patches_coords_20x/patches_256/25019457B2.h5,data/yiyuan/features_biomedclip_20x/25019457B2.h5,True,True,,True,True,True,2629,2629,2629,0,0,"[2629,2]","[2629,2]","[2629,512]",int32,int64,float32,True,True,False,True,True,True,2628,0,False
25019468B2,5x,data/yiyuan/patches_coords_5x/patches_256/25019468B2.h5,data/yiyuan/features_biomedclip_5x/25019468B2.h5,True,True,,True,True,True,185,185,185,0,0,"[185,2]","[185,2]","[185,512]",int32,int64,float32,True,True,False,True,True,True,185,0,False
25019468B2,20x,data/yiyuan/patches_coords_20x/patches_256/25019468B2.h5,data/yiyuan/features_biomedclip_20x/25019468B2.h5,True,True,,True,True,True,2556,2556,2556,0,0,"[2556,2]","[2556,2]","[2556,512]",int32,int64,float32,True,True,False,True,True,True,2556,0,False
25019508B4,5x,data/yiyuan/patches_coords_5x/patches_256/25019508B4.h5,data/yiyuan/features_biomedclip_5x/25019508B4.h5,True,True,,True,True,True,178,178,178,0,0,"[178,2]","[178,2]","[178,512]",int32,int64,float32,True,True,False,True,True,True,178,0,False
25019508B4,20x,data/yiyuan/patches_coords_20x/patches_256/25019508B4.h5,data/yiyuan/features_biomedclip_20x/25019508B4.h5,True,True,,True,True,True,2594,2594,2594,0,0,"[2594,2]","[2594,2]","[2594,512]",int32,int64,float32,True,True,False,True,True,True,2593,0,False
25019621B2,5x,data/yiyuan/patches_coords_5x/patches_256/25019621B2.h5,data/yiyuan/features_biomedclip_5x/25019621B2.h5,True,True,,True,True,True,124,124,124,0,0,"[124,2]","[124,2]","[124,512]",int32,int64,float32,True,True,False,True,True,True,124,0,False
25019621B2,20x,data/yiyuan/patches_coords_20x/patches_256/25019621B2.h5,data/yiyuan/features_biomedclip_20x/25019621B2.h5,True,True,,True,True,True,1765,1765,1765,0,0,"[1765,2]","[1765,2]","[1765,512]",int32,int64,float32,True,True,False,True,True,True,1763,0,False
25019621B4,5x,data/yiyuan/patches_coords_5x/patches_256/25019621B4.h5,data/yiyuan/features_biomedclip_5x/25019621B4.h5,True,True,,True,True,True,181,181,181,0,0,"[181,2]","[181,2]","[181,512]",int32,int64,float32,True,True,False,True,True,True,142,0,False
25019621B4,20x,data/yiyuan/patches_coords_20x/patches_256/25019621B4.h5,data/yiyuan/features_biomedclip_20x/25019621B4.h5,True,True,,True,True,True,2623,2623,2623,0,0,"[2623,2]","[2623,2]","[2623,512]",int32,int64,float32,True,True,False,True,True,True,2622,0,False
25019716B2,5x,data/yiyuan/patches_coords_5x/patches_256/25019716B2.h5,data/yiyuan/features_biomedclip_5x/25019716B2.h5,True,True,,True,True,True,186,186,186,0,0,"[186,2]","[186,2]","[186,512]",int32,int64,float32,True,True,False,True,True,True,186,0,False
25019716B2,20x,data/yiyuan/patches_coords_20x/patches_256/25019716B2.h5,data/yiyuan/features_biomedclip_20x/25019716B2.h5,True,True,,True,True,True,2594,2594,2594,0,0,"[2594,2]","[2594,2]","[2594,512]",int32,int64,float32,True,True,False,True,True,True,2592,0,False
25019773B3,5x,data/yiyuan/patches_coords_5x/patches_256/25019773B3.h5,data/yiyuan/features_biomedclip_5x/25019773B3.h5,True,True,,True,True,True,139,139,139,0,0,"[139,2]","[139,2]","[139,512]",int32,int64,float32,True,True,False,True,True,True,119,0,False
25019773B3,20x,data/yiyuan/patches_coords_20x/patches_256/25019773B3.h5,data/yiyuan/features_biomedclip_20x/25019773B3.h5,True,True,,True,True,True,1993,1993,1993,0,0,"[1993,2]","[1993,2]","[1993,512]",int32,int64,float32,True,True,False,True,True,True,1992,0,False
25019776B2,5x,data/yiyuan/patches_coords_5x/patches_256/25019776B2.h5,data/yiyuan/features_biomedclip_5x/25019776B2.h5,True,True,,True,True,True,287,287,287,0,0,"[287,2]","[287,2]","[287,512]",int32,int64,float32,True,True,False,True,True,True,287,0,False
25019776B2,20x,data/yiyuan/patches_coords_20x/patches_256/25019776B2.h5,data/yiyuan/features_biomedclip_20x/25019776B2.h5,True,True,,True,True,True,4229,4229,4229,0,0,"[4229,2]","[4229,2]","[4229,512]",int32,int64,float32,True,True,False,True,True,True,4226,0,False
25019790B2,5x,data/yiyuan/patches_coords_5x/patches_256/25019790B2.h5,data/yiyuan/features_biomedclip_5x/25019790B2.h5,True,True,,True,True,True,438,438,438,0,0,"[438,2]","[438,2]","[438,512]",int32,int64,float32,True,True,False,True,True,True,438,0,False
25019790B2,20x,data/yiyuan/patches_coords_20x/patches_256/25019790B2.h5,data/yiyuan/features_biomedclip_20x/25019790B2.h5,True,True,,True,True,True,6505,6505,6505,0,0,"[6505,2]","[6505,2]","[6505,512]",int32,int64,float32,True,True,False,True,True,True,6504,0,False
25019806B2,5x,data/yiyuan/patches_coords_5x/patches_256/25019806B2.h5,data/yiyuan/features_biomedclip_5x/25019806B2.h5,True,True,,True,True,True,220,220,220,0,0,"[220,2]","[220,2]","[220,512]",int32,int64,float32,True,True,False,True,True,True,220,0,False
25019806B2,20x,data/yiyuan/patches_coords_20x/patches_256/25019806B2.h5,data/yiyuan/features_biomedclip_20x/25019806B2.h5,True,True,,True,True,True,3141,3141,3141,0,0,"[3141,2]","[3141,2]","[3141,512]",int32,int64,float32,True,True,False,True,True,True,3141,0,False
25020257B2,5x,data/yiyuan/patches_coords_5x/patches_256/25020257B2.h5,data/yiyuan/features_biomedclip_5x/25020257B2.h5,True,True,,True,True,True,287,287,287,0,0,"[287,2]","[287,2]","[287,512]",int32,int64,float32,True,True,False,True,True,True,287,0,False
25020257B2,20x,data/yiyuan/patches_coords_20x/patches_256/25020257B2.h5,data/yiyuan/features_biomedclip_20x/25020257B2.h5,True,True,,True,True,True,4243,4243,4243,0,0,"[4243,2]","[4243,2]","[4243,512]",int32,int64,float32,True,True,False,True,True,True,4242,0,False
25020263B2,5x,data/yiyuan/patches_coords_5x/patches_256/25020263B2.h5,data/yiyuan/features_biomedclip_5x/25020263B2.h5,True,True,,True,True,True,348,348,348,0,0,"[348,2]","[348,2]","[348,512]",int32,int64,float32,True,True,False,True,True,True,348,0,False
25020263B2,20x,data/yiyuan/patches_coords_20x/patches_256/25020263B2.h5,data/yiyuan/features_biomedclip_20x/25020263B2.h5,True,True,,True,True,True,4827,4827,4827,0,0,"[4827,2]","[4827,2]","[4827,512]",int32,int64,float32,True,True,False,True,True,True,4827,0,False
25020282B2,5x,data/yiyuan/patches_coords_5x/patches_256/25020282B2.h5,data/yiyuan/features_biomedclip_5x/25020282B2.h5,True,True,,True,True,True,342,342,342,0,0,"[342,2]","[342,2]","[342,512]",int32,int64,float32,True,True,False,True,True,True,342,0,False
25020282B2,20x,data/yiyuan/patches_coords_20x/patches_256/25020282B2.h5,data/yiyuan/features_biomedclip_20x/25020282B2.h5,True,True,,True,True,True,5158,5158,5158,0,0,"[5158,2]","[5158,2]","[5158,512]",int32,int64,float32,True,True,False,True,True,True,5156,0,False
25020291B2,5x,data/yiyuan/patches_coords_5x/patches_256/25020291B2.h5,data/yiyuan/features_biomedclip_5x/25020291B2.h5,True,True,,True,True,True,159,159,159,0,0,"[159,2]","[159,2]","[159,512]",int32,int64,float32,True,True,False,True,True,True,159,0,False
25020291B2,20x,data/yiyuan/patches_coords_20x/patches_256/25020291B2.h5,data/yiyuan/features_biomedclip_20x/25020291B2.h5,True,True,,True,True,True,2136,2136,2136,0,0,"[2136,2]","[2136,2]","[2136,512]",int32,int64,float32,True,True,False,True,True,True,2135,0,False
25020573B3,5x,data/yiyuan/patches_coords_5x/patches_256/25020573B3.h5,data/yiyuan/features_biomedclip_5x/25020573B3.h5,True,True,,True,True,True,286,286,286,0,0,"[286,2]","[286,2]","[286,512]",int32,int64,float32,True,True,False,True,True,True,286,0,False
25020573B3,20x,data/yiyuan/patches_coords_20x/patches_256/25020573B3.h5,data/yiyuan/features_biomedclip_20x/25020573B3.h5,True,True,,True,True,True,4278,4278,4278,0,0,"[4278,2]","[4278,2]","[4278,512]",int32,int64,float32,True,True,False,True,True,True,4276,0,False
25020714B2,5x,data/yiyuan/patches_coords_5x/patches_256/25020714B2.h5,data/yiyuan/features_biomedclip_5x/25020714B2.h5,True,True,,True,True,True,515,515,515,0,0,"[515,2]","[515,2]","[515,512]",int32,int64,float32,True,True,False,True,True,True,515,0,False
25020714B2,20x,data/yiyuan/patches_coords_20x/patches_256/25020714B2.h5,data/yiyuan/features_biomedclip_20x/25020714B2.h5,True,True,,True,True,True,7718,7718,7718,0,0,"[7718,2]","[7718,2]","[7718,512]",int32,int64,float32,True,True,False,True,True,True,7718,0,False
25020717B2,5x,data/yiyuan/patches_coords_5x/patches_256/25020717B2.h5,data/yiyuan/features_biomedclip_5x/25020717B2.h5,True,True,,True,True,True,219,219,219,0,0,"[219,2]","[219,2]","[219,512]",int32,int64,float32,True,True,False,True,True,True,219,0,False
25020717B2,20x,data/yiyuan/patches_coords_20x/patches_256/25020717B2.h5,data/yiyuan/features_biomedclip_20x/25020717B2.h5,True,True,,True,True,True,3029,3029,3029,0,0,"[3029,2]","[3029,2]","[3029,512]",int32,int64,float32,True,True,False,True,True,True,3027,0,False
25020760B3,5x,data/yiyuan/patches_coords_5x/patches_256/25020760B3.h5,data/yiyuan/features_biomedclip_5x/25020760B3.h5,True,True,,True,True,True,319,319,319,0,0,"[319,2]","[319,2]","[319,512]",int32,int64,float32,True,True,False,True,True,True,319,0,False
25020760B3,20x,data/yiyuan/patches_coords_20x/patches_256/25020760B3.h5,data/yiyuan/features_biomedclip_20x/25020760B3.h5,True,True,,True,True,True,4559,4559,4559,0,0,"[4559,2]","[4559,2]","[4559,512]",int32,int64,float32,True,True,False,True,True,True,4558,0,False
25021120B4,5x,data/yiyuan/patches_coords_5x/patches_256/25021120B4.h5,data/yiyuan/features_biomedclip_5x/25021120B4.h5,True,True,,True,True,True,281,281,281,0,0,"[281,2]","[281,2]","[281,512]",int32,int64,float32,True,True,False,True,True,True,281,0,False
25021120B4,20x,data/yiyuan/patches_coords_20x/patches_256/25021120B4.h5,data/yiyuan/features_biomedclip_20x/25021120B4.h5,True,True,,True,True,True,4056,4056,4056,0,0,"[4056,2]","[4056,2]","[4056,512]",int32,int64,float32,True,True,False,True,True,True,4056,0,False
25021164B2,5x,data/yiyuan/patches_coords_5x/patches_256/25021164B2.h5,data/yiyuan/features_biomedclip_5x/25021164B2.h5,True,True,,True,True,True,355,355,355,0,0,"[355,2]","[355,2]","[355,512]",int32,int64,float32,True,True,False,True,True,True,355,0,False
25021164B2,20x,data/yiyuan/patches_coords_20x/patches_256/25021164B2.h5,data/yiyuan/features_biomedclip_20x/25021164B2.h5,True,True,,True,True,True,5257,5257,5257,0,0,"[5257,2]","[5257,2]","[5257,512]",int32,int64,float32,True,True,False,True,True,True,5253,0,False
25021171B2,5x,data/yiyuan/patches_coords_5x/patches_256/25021171B2.h5,data/yiyuan/features_biomedclip_5x/25021171B2.h5,True,True,,True,True,True,136,136,136,0,0,"[136,2]","[136,2]","[136,512]",int32,int64,float32,True,True,False,True,True,True,100,36,False
25021171B2,20x,data/yiyuan/patches_coords_20x/patches_256/25021171B2.h5,data/yiyuan/features_biomedclip_20x/25021171B2.h5,True,True,,True,True,True,1875,1875,1875,0,0,"[1875,2]","[1875,2]","[1875,512]",int32,int64,float32,True,True,False,True,True,True,1875,0,False
25021197B2,5x,data/yiyuan/patches_coords_5x/patches_256/25021197B2.h5,data/yiyuan/features_biomedclip_5x/25021197B2.h5,True,True,,True,True,True,228,228,228,0,0,"[228,2]","[228,2]","[228,512]",int32,int64,float32,True,True,False,True,True,True,228,0,False
25021197B2,20x,data/yiyuan/patches_coords_20x/patches_256/25021197B2.h5,data/yiyuan/features_biomedclip_20x/25021197B2.h5,True,True,,True,True,True,3106,3106,3106,0,0,"[3106,2]","[3106,2]","[3106,512]",int32,int64,float32,True,True,False,True,True,True,3105,0,False
25021260B2,5x,data/yiyuan/patches_coords_5x/patches_256/25021260B2.h5,data/yiyuan/features_biomedclip_5x/25021260B2.h5,True,True,,True,True,True,260,260,260,0,0,"[260,2]","[260,2]","[260,512]",int32,int64,float32,True,True,False,True,True,True,260,0,False
25021260B2,20x,data/yiyuan/patches_coords_20x/patches_256/25021260B2.h5,data/yiyuan/features_biomedclip_20x/25021260B2.h5,True,True,,True,True,True,3839,3839,3839,0,0,"[3839,2]","[3839,2]","[3839,512]",int32,int64,float32,True,True,False,True,True,True,3838,0,False
25021291B2,5x,data/yiyuan/patches_coords_5x/patches_256/25021291B2.h5,data/yiyuan/features_biomedclip_5x/25021291B2.h5,True,True,,True,True,True,267,267,267,0,0,"[267,2]","[267,2]","[267,512]",int32,int64,float32,True,True,False,True,True,True,267,0,False
25021291B2,20x,data/yiyuan/patches_coords_20x/patches_256/25021291B2.h5,data/yiyuan/features_biomedclip_20x/25021291B2.h5,True,True,,True,True,True,3862,3862,3862,0,0,"[3862,2]","[3862,2]","[3862,512]",int32,int64,float32,True,True,False,True,True,True,3862,0,False
25021419B1,5x,data/yiyuan/patches_coords_5x/patches_256/25021419B1.h5,data/yiyuan/features_biomedclip_5x/25021419B1.h5,True,True,,True,True,True,317,317,317,0,0,"[317,2]","[317,2]","[317,512]",int32,int64,float32,True,True,False,True,True,True,317,0,False
25021419B1,20x,data/yiyuan/patches_coords_20x/patches_256/25021419B1.h5,data/yiyuan/features_biomedclip_20x/25021419B1.h5,True,True,,True,True,True,4554,4554,4554,0,0,"[4554,2]","[4554,2]","[4554,512]",int32,int64,float32,True,True,False,True,True,True,4553,0,False
25021474B,5x,data/yiyuan/patches_coords_5x/patches_256/25021474B.h5,data/yiyuan/features_biomedclip_5x/25021474B.h5,True,True,,True,True,True,171,171,171,0,0,"[171,2]","[171,2]","[171,512]",int32,int64,float32,True,True,False,True,True,True,171,0,False
25021474B,20x,data/yiyuan/patches_coords_20x/patches_256/25021474B.h5,data/yiyuan/features_biomedclip_20x/25021474B.h5,True,True,,True,True,True,2233,2233,2233,0,0,"[2233,2]","[2233,2]","[2233,512]",int32,int64,float32,True,True,False,True,True,True,2232,0,False
25021481B2,5x,data/yiyuan/patches_coords_5x/patches_256/25021481B2.h5,data/yiyuan/features_biomedclip_5x/25021481B2.h5,True,True,,True,True,True,170,170,170,0,0,"[170,2]","[170,2]","[170,512]",int32,int64,float32,True,True,False,True,True,True,170,0,False
25021481B2,20x,data/yiyuan/patches_coords_20x/patches_256/25021481B2.h5,data/yiyuan/features_biomedclip_20x/25021481B2.h5,True,True,,True,True,True,2451,2451,2451,0,0,"[2451,2]","[2451,2]","[2451,512]",int32,int64,float32,True,True,False,True,True,True,2450,0,False
25021538B2,5x,data/yiyuan/patches_coords_5x/patches_256/25021538B2.h5,data/yiyuan/features_biomedclip_5x/25021538B2.h5,True,True,,True,True,True,269,269,269,0,0,"[269,2]","[269,2]","[269,512]",int32,int64,float32,True,True,False,True,True,True,269,0,False
25021538B2,20x,data/yiyuan/patches_coords_20x/patches_256/25021538B2.h5,data/yiyuan/features_biomedclip_20x/25021538B2.h5,True,True,,True,True,True,3677,3677,3677,0,0,"[3677,2]","[3677,2]","[3677,512]",int32,int64,float32,True,True,False,True,True,True,3677,0,False
25021554B2,5x,data/yiyuan/patches_coords_5x/patches_256/25021554B2.h5,data/yiyuan/features_biomedclip_5x/25021554B2.h5,True,True,,True,True,True,270,270,270,0,0,"[270,2]","[270,2]","[270,512]",int32,int64,float32,True,True,False,True,True,True,270,0,False
25021554B2,20x,data/yiyuan/patches_coords_20x/patches_256/25021554B2.h5,data/yiyuan/features_biomedclip_20x/25021554B2.h5,True,True,,True,True,True,3937,3937,3937,0,0,"[3937,2]","[3937,2]","[3937,512]",int32,int64,float32,True,True,False,True,True,True,3936,0,False
25021575B4,5x,data/yiyuan/patches_coords_5x/patches_256/25021575B4.h5,data/yiyuan/features_biomedclip_5x/25021575B4.h5,True,True,,True,True,True,95,95,95,0,0,"[95,2]","[95,2]","[95,512]",int32,int64,float32,True,True,False,True,True,True,95,0,False
25021575B4,20x,data/yiyuan/patches_coords_20x/patches_256/25021575B4.h5,data/yiyuan/features_biomedclip_20x/25021575B4.h5,True,True,,True,True,True,1255,1255,1255,0,0,"[1255,2]","[1255,2]","[1255,512]",int32,int64,float32,True,True,False,True,True,True,1253,0,False
25021622B4,5x,data/yiyuan/patches_coords_5x/patches_256/25021622B4.h5,data/yiyuan/features_biomedclip_5x/25021622B4.h5,True,True,,True,True,True,139,139,139,0,0,"[139,2]","[139,2]","[139,512]",int32,int64,float32,True,True,False,True,True,True,139,0,False
25021622B4,20x,data/yiyuan/patches_coords_20x/patches_256/25021622B4.h5,data/yiyuan/features_biomedclip_20x/25021622B4.h5,True,True,,True,True,True,1976,1976,1976,0,0,"[1976,2]","[1976,2]","[1976,512]",int32,int64,float32,True,True,False,True,True,True,1976,0,False
25021640B3,5x,data/yiyuan/patches_coords_5x/patches_256/25021640B3.h5,data/yiyuan/features_biomedclip_5x/25021640B3.h5,True,True,,True,True,True,392,392,392,0,0,"[392,2]","[392,2]","[392,512]",int32,int64,float32,True,True,False,True,True,True,392,0,False
25021640B3,20x,data/yiyuan/patches_coords_20x/patches_256/25021640B3.h5,data/yiyuan/features_biomedclip_20x/25021640B3.h5,True,True,,True,True,True,5874,5874,5874,0,0,"[5874,2]","[5874,2]","[5874,512]",int32,int64,float32,True,True,False,True,True,True,5873,0,False
25021658B3,5x,data/yiyuan/patches_coords_5x/patches_256/25021658B3.h5,data/yiyuan/features_biomedclip_5x/25021658B3.h5,True,True,,True,True,True,245,245,245,0,0,"[245,2]","[245,2]","[245,512]",int32,int64,float32,True,True,False,True,True,True,245,0,False
25021658B3,20x,data/yiyuan/patches_coords_20x/patches_256/25021658B3.h5,data/yiyuan/features_biomedclip_20x/25021658B3.h5,True,True,,True,True,True,3291,3291,3291,0,0,"[3291,2]","[3291,2]","[3291,512]",int32,int64,float32,True,True,False,True,True,True,3289,0,False
25021662B2,5x,data/yiyuan/patches_coords_5x/patches_256/25021662B2.h5,data/yiyuan/features_biomedclip_5x/25021662B2.h5,True,True,,True,True,True,243,243,243,0,0,"[243,2]","[243,2]","[243,512]",int32,int64,float32,True,True,False,True,True,True,243,0,False
25021662B2,20x,data/yiyuan/patches_coords_20x/patches_256/25021662B2.h5,data/yiyuan/features_biomedclip_20x/25021662B2.h5,True,True,,True,True,True,3524,3524,3524,0,0,"[3524,2]","[3524,2]","[3524,512]",int32,int64,float32,True,True,False,True,True,True,3524,0,False
25021667B2,5x,data/yiyuan/patches_coords_5x/patches_256/25021667B2.h5,data/yiyuan/features_biomedclip_5x/25021667B2.h5,True,True,,True,True,True,244,244,244,0,0,"[244,2]","[244,2]","[244,512]",int32,int64,float32,True,True,False,True,True,True,244,0,False
25021667B2,20x,data/yiyuan/patches_coords_20x/patches_256/25021667B2.h5,data/yiyuan/features_biomedclip_20x/25021667B2.h5,True,True,,True,True,True,3355,3355,3355,0,0,"[3355,2]","[3355,2]","[3355,512]",int32,int64,float32,True,True,False,True,True,True,3354,0,False
25021668B2,5x,data/yiyuan/patches_coords_5x/patches_256/25021668B2.h5,data/yiyuan/features_biomedclip_5x/25021668B2.h5,True,True,,True,True,True,174,174,174,0,0,"[174,2]","[174,2]","[174,512]",int32,int64,float32,True,True,False,True,True,True,174,0,False
25021668B2,20x,data/yiyuan/patches_coords_20x/patches_256/25021668B2.h5,data/yiyuan/features_biomedclip_20x/25021668B2.h5,True,True,,True,True,True,2528,2528,2528,0,0,"[2528,2]","[2528,2]","[2528,512]",int32,int64,float32,True,True,False,True,True,True,2526,0,False
25021893B2,5x,data/yiyuan/patches_coords_5x/patches_256/25021893B2.h5,data/yiyuan/features_biomedclip_5x/25021893B2.h5,True,True,,True,True,True,317,317,317,0,0,"[317,2]","[317,2]","[317,512]",int32,int64,float32,True,True,False,True,True,True,317,0,False
25021893B2,20x,data/yiyuan/patches_coords_20x/patches_256/25021893B2.h5,data/yiyuan/features_biomedclip_20x/25021893B2.h5,True,True,,True,True,True,4645,4645,4645,0,0,"[4645,2]","[4645,2]","[4645,512]",int32,int64,float32,True,True,False,True,True,True,4642,0,False
25021894B2,5x,data/yiyuan/patches_coords_5x/patches_256/25021894B2.h5,data/yiyuan/features_biomedclip_5x/25021894B2.h5,True,True,,True,True,True,250,250,250,0,0,"[250,2]","[250,2]","[250,512]",int32,int64,float32,True,True,False,True,True,True,250,0,False
25021894B2,20x,data/yiyuan/patches_coords_20x/patches_256/25021894B2.h5,data/yiyuan/features_biomedclip_20x/25021894B2.h5,True,True,,True,True,True,3640,3640,3640,0,0,"[3640,2]","[3640,2]","[3640,512]",int32,int64,float32,True,True,False,True,True,True,3640,0,False
25021894B3,5x,data/yiyuan/patches_coords_5x/patches_256/25021894B3.h5,data/yiyuan/features_biomedclip_5x/25021894B3.h5,True,True,,True,True,True,195,195,195,0,0,"[195,2]","[195,2]","[195,512]",int32,int64,float32,True,True,False,True,True,True,195,0,False
25021894B3,20x,data/yiyuan/patches_coords_20x/patches_256/25021894B3.h5,data/yiyuan/features_biomedclip_20x/25021894B3.h5,True,True,,True,True,True,2791,2791,2791,0,0,"[2791,2]","[2791,2]","[2791,512]",int32,int64,float32,True,True,False,True,True,True,2791,0,False
25021901B2,5x,data/yiyuan/patches_coords_5x/patches_256/25021901B2.h5,data/yiyuan/features_biomedclip_5x/25021901B2.h5,True,True,,True,True,True,318,318,318,0,0,"[318,2]","[318,2]","[318,512]",int32,int64,float32,True,True,False,True,True,True,318,0,False
25021901B2,20x,data/yiyuan/patches_coords_20x/patches_256/25021901B2.h5,data/yiyuan/features_biomedclip_20x/25021901B2.h5,True,True,,True,True,True,4812,4812,4812,0,0,"[4812,2]","[4812,2]","[4812,512]",int32,int64,float32,True,True,False,True,True,True,4809,0,False
25021911B2,5x,data/yiyuan/patches_coords_5x/patches_256/25021911B2.h5,data/yiyuan/features_biomedclip_5x/25021911B2.h5,True,True,,True,True,True,299,299,299,0,0,"[299,2]","[299,2]","[299,512]",int32,int64,float32,True,True,False,True,True,True,299,0,False
25021911B2,20x,data/yiyuan/patches_coords_20x/patches_256/25021911B2.h5,data/yiyuan/features_biomedclip_20x/25021911B2.h5,True,True,,True,True,True,4120,4120,4120,0,0,"[4120,2]","[4120,2]","[4120,512]",int32,int64,float32,True,True,False,True,True,True,4120,0,False
25021918B4,5x,data/yiyuan/patches_coords_5x/patches_256/25021918B4.h5,data/yiyuan/features_biomedclip_5x/25021918B4.h5,True,True,,True,True,True,288,288,288,0,0,"[288,2]","[288,2]","[288,512]",int32,int64,float32,True,True,False,True,True,True,288,0,False
25021918B4,20x,data/yiyuan/patches_coords_20x/patches_256/25021918B4.h5,data/yiyuan/features_biomedclip_20x/25021918B4.h5,True,True,,True,True,True,4212,4212,4212,0,0,"[4212,2]","[4212,2]","[4212,512]",int32,int64,float32,True,True,False,True,True,True,4212,0,False
25021973B2,5x,data/yiyuan/patches_coords_5x/patches_256/25021973B2.h5,data/yiyuan/features_biomedclip_5x/25021973B2.h5,True,True,,True,True,True,273,273,273,0,0,"[273,2]","[273,2]","[273,512]",int32,int64,float32,True,True,False,True,True,True,273,0,False
25021973B2,20x,data/yiyuan/patches_coords_20x/patches_256/25021973B2.h5,data/yiyuan/features_biomedclip_20x/25021973B2.h5,True,True,,True,True,True,3837,3837,3837,0,0,"[3837,2]","[3837,2]","[3837,512]",int32,int64,float32,True,True,False,True,True,True,3835,0,False
25022019B2,5x,data/yiyuan/patches_coords_5x/patches_256/25022019B2.h5,data/yiyuan/features_biomedclip_5x/25022019B2.h5,True,True,,True,True,True,112,112,112,0,0,"[112,2]","[112,2]","[112,512]",int32,int64,float32,True,True,False,True,True,True,108,0,False
25022019B2,20x,data/yiyuan/patches_coords_20x/patches_256/25022019B2.h5,data/yiyuan/features_biomedclip_20x/25022019B2.h5,True,True,,True,True,True,1494,1494,1494,0,0,"[1494,2]","[1494,2]","[1494,512]",int32,int64,float32,True,True,False,True,True,True,1491,0,False
25022038B2,5x,data/yiyuan/patches_coords_5x/patches_256/25022038B2.h5,data/yiyuan/features_biomedclip_5x/25022038B2.h5,True,True,,True,True,True,111,111,111,0,0,"[111,2]","[111,2]","[111,512]",int32,int64,float32,True,True,False,True,True,True,102,0,False
25022038B2,20x,data/yiyuan/patches_coords_20x/patches_256/25022038B2.h5,data/yiyuan/features_biomedclip_20x/25022038B2.h5,True,True,,True,True,True,1581,1581,1581,0,0,"[1581,2]","[1581,2]","[1581,512]",int32,int64,float32,True,True,False,True,True,True,1581,0,False
25022262B2,5x,data/yiyuan/patches_coords_5x/patches_256/25022262B2.h5,data/yiyuan/features_biomedclip_5x/25022262B2.h5,True,True,,True,True,True,242,242,242,0,0,"[242,2]","[242,2]","[242,512]",int32,int64,float32,True,True,False,True,True,True,242,0,False
25022262B2,20x,data/yiyuan/patches_coords_20x/patches_256/25022262B2.h5,data/yiyuan/features_biomedclip_20x/25022262B2.h5,True,True,,True,True,True,3520,3520,3520,0,0,"[3520,2]","[3520,2]","[3520,512]",int32,int64,float32,True,True,False,True,True,True,3520,0,False
25022278B2,5x,data/yiyuan/patches_coords_5x/patches_256/25022278B2.h5,data/yiyuan/features_biomedclip_5x/25022278B2.h5,True,True,,True,True,True,201,201,201,0,0,"[201,2]","[201,2]","[201,512]",int32,int64,float32,True,True,False,True,True,True,201,0,False
25022278B2,20x,data/yiyuan/patches_coords_20x/patches_256/25022278B2.h5,data/yiyuan/features_biomedclip_20x/25022278B2.h5,True,True,,True,True,True,2839,2839,2839,0,0,"[2839,2]","[2839,2]","[2839,512]",int32,int64,float32,True,True,False,True,True,True,2838,0,False
25022330B2,5x,data/yiyuan/patches_coords_5x/patches_256/25022330B2.h5,data/yiyuan/features_biomedclip_5x/25022330B2.h5,True,True,,True,True,True,269,269,269,0,0,"[269,2]","[269,2]","[269,512]",int32,int64,float32,True,True,False,True,True,True,269,0,False
25022330B2,20x,data/yiyuan/patches_coords_20x/patches_256/25022330B2.h5,data/yiyuan/features_biomedclip_20x/25022330B2.h5,True,True,,True,True,True,3644,3644,3644,0,0,"[3644,2]","[3644,2]","[3644,512]",int32,int64,float32,True,True,False,True,True,True,3644,0,False
25022343B3,5x,data/yiyuan/patches_coords_5x/patches_256/25022343B3.h5,data/yiyuan/features_biomedclip_5x/25022343B3.h5,True,True,,True,True,True,268,268,268,0,0,"[268,2]","[268,2]","[268,512]",int32,int64,float32,True,True,False,True,True,True,268,0,False
25022343B3,20x,data/yiyuan/patches_coords_20x/patches_256/25022343B3.h5,data/yiyuan/features_biomedclip_20x/25022343B3.h5,True,True,,True,True,True,3850,3850,3850,0,0,"[3850,2]","[3850,2]","[3850,512]",int32,int64,float32,True,True,False,True,True,True,3850,0,False
25022354B2,5x,data/yiyuan/patches_coords_5x/patches_256/25022354B2.h5,data/yiyuan/features_biomedclip_5x/25022354B2.h5,True,True,,True,True,True,312,312,312,0,0,"[312,2]","[312,2]","[312,512]",int32,int64,float32,True,True,False,True,True,True,312,0,False
25022354B2,20x,data/yiyuan/patches_coords_20x/patches_256/25022354B2.h5,data/yiyuan/features_biomedclip_20x/25022354B2.h5,True,True,,True,True,True,4538,4538,4538,0,0,"[4538,2]","[4538,2]","[4538,512]",int32,int64,float32,True,True,False,True,True,True,4538,0,False
25022406B2,5x,data/yiyuan/patches_coords_5x/patches_256/25022406B2.h5,data/yiyuan/features_biomedclip_5x/25022406B2.h5,True,True,,True,True,True,217,217,217,0,0,"[217,2]","[217,2]","[217,512]",int32,int64,float32,True,True,False,True,True,True,217,0,False
25022406B2,20x,data/yiyuan/patches_coords_20x/patches_256/25022406B2.h5,data/yiyuan/features_biomedclip_20x/25022406B2.h5,True,True,,True,True,True,3157,3157,3157,0,0,"[3157,2]","[3157,2]","[3157,512]",int32,int64,float32,True,True,False,True,True,True,3156,0,False
25023016B6,5x,data/yiyuan/patches_coords_5x/patches_256/25023016B6.h5,data/yiyuan/features_biomedclip_5x/25023016B6.h5,True,True,,True,True,True,362,362,362,0,0,"[362,2]","[362,2]","[362,512]",int32,int64,float32,True,True,False,True,True,True,362,0,False
25023016B6,20x,data/yiyuan/patches_coords_20x/patches_256/25023016B6.h5,data/yiyuan/features_biomedclip_20x/25023016B6.h5,True,True,,True,True,True,5337,5337,5337,0,0,"[5337,2]","[5337,2]","[5337,512]",int32,int64,float32,True,True,False,True,True,True,5337,0,False
25023184B2,5x,data/yiyuan/patches_coords_5x/patches_256/25023184B2.h5,data/yiyuan/features_biomedclip_5x/25023184B2.h5,True,True,,True,True,True,394,394,394,0,0,"[394,2]","[394,2]","[394,512]",int32,int64,float32,True,True,False,True,True,True,394,0,False
25023184B2,20x,data/yiyuan/patches_coords_20x/patches_256/25023184B2.h5,data/yiyuan/features_biomedclip_20x/25023184B2.h5,True,True,,True,True,True,5792,5792,5792,0,0,"[5792,2]","[5792,2]","[5792,512]",int32,int64,float32,True,True,False,True,True,True,5790,0,False
25023573B,5x,data/yiyuan/patches_coords_5x/patches_256/25023573B.h5,data/yiyuan/features_biomedclip_5x/25023573B.h5,True,True,,True,True,True,191,191,191,0,0,"[191,2]","[191,2]","[191,512]",int32,int64,float32,True,True,False,True,True,True,187,0,False
25023573B,20x,data/yiyuan/patches_coords_20x/patches_256/25023573B.h5,data/yiyuan/features_biomedclip_20x/25023573B.h5,True,True,,True,True,True,2681,2681,2681,0,0,"[2681,2]","[2681,2]","[2681,512]",int32,int64,float32,True,True,False,True,True,True,2679,0,False
25023590B3,5x,data/yiyuan/patches_coords_5x/patches_256/25023590B3.h5,data/yiyuan/features_biomedclip_5x/25023590B3.h5,True,True,,True,True,True,222,222,222,0,0,"[222,2]","[222,2]","[222,512]",int32,int64,float32,True,True,False,True,True,True,222,0,False
25023590B3,20x,data/yiyuan/patches_coords_20x/patches_256/25023590B3.h5,data/yiyuan/features_biomedclip_20x/25023590B3.h5,True,True,,True,True,True,2995,2995,2995,0,0,"[2995,2]","[2995,2]","[2995,512]",int32,int64,float32,True,True,False,True,True,True,2994,0,False
25023590B4,5x,data/yiyuan/patches_coords_5x/patches_256/25023590B4.h5,data/yiyuan/features_biomedclip_5x/25023590B4.h5,True,True,,True,True,True,166,166,166,0,0,"[166,2]","[166,2]","[166,512]",int32,int64,float32,True,True,False,True,True,True,164,2,False
25023590B4,20x,data/yiyuan/patches_coords_20x/patches_256/25023590B4.h5,data/yiyuan/features_biomedclip_20x/25023590B4.h5,True,True,,True,True,True,2256,2256,2256,0,0,"[2256,2]","[2256,2]","[2256,512]",int32,int64,float32,True,True,False,True,True,True,2255,0,False
25023687B2,5x,data/yiyuan/patches_coords_5x/patches_256/25023687B2.h5,data/yiyuan/features_biomedclip_5x/25023687B2.h5,True,True,,True,True,True,234,234,234,0,0,"[234,2]","[234,2]","[234,512]",int32,int64,float32,True,True,False,True,True,True,234,0,False
25023687B2,20x,data/yiyuan/patches_coords_20x/patches_256/25023687B2.h5,data/yiyuan/features_biomedclip_20x/25023687B2.h5,True,True,,True,True,True,3293,3293,3293,0,0,"[3293,2]","[3293,2]","[3293,512]",int32,int64,float32,True,True,False,True,True,True,3293,0,False
25023690B3,5x,data/yiyuan/patches_coords_5x/patches_256/25023690B3.h5,data/yiyuan/features_biomedclip_5x/25023690B3.h5,True,True,,True,True,True,170,170,170,0,0,"[170,2]","[170,2]","[170,512]",int32,int64,float32,True,True,False,True,True,True,170,0,False
25023690B3,20x,data/yiyuan/patches_coords_20x/patches_256/25023690B3.h5,data/yiyuan/features_biomedclip_20x/25023690B3.h5,True,True,,True,True,True,2315,2315,2315,0,0,"[2315,2]","[2315,2]","[2315,512]",int32,int64,float32,True,True,False,True,True,True,2314,0,False
25023814B,5x,data/yiyuan/patches_coords_5x/patches_256/25023814B.h5,data/yiyuan/features_biomedclip_5x/25023814B.h5,True,True,,True,True,True,287,287,287,0,0,"[287,2]","[287,2]","[287,512]",int32,int64,float32,True,True,False,True,True,True,287,0,False
25023814B,20x,data/yiyuan/patches_coords_20x/patches_256/25023814B.h5,data/yiyuan/features_biomedclip_20x/25023814B.h5,True,True,,True,True,True,4032,4032,4032,0,0,"[4032,2]","[4032,2]","[4032,512]",int32,int64,float32,True,True,False,True,True,True,4032,0,False
25023869B3,5x,data/yiyuan/patches_coords_5x/patches_256/25023869B3.h5,data/yiyuan/features_biomedclip_5x/25023869B3.h5,True,True,,True,True,True,136,136,136,0,0,"[136,2]","[136,2]","[136,512]",int32,int64,float32,True,True,False,True,True,True,136,0,False
25023869B3,20x,data/yiyuan/patches_coords_20x/patches_256/25023869B3.h5,data/yiyuan/features_biomedclip_20x/25023869B3.h5,True,True,,True,True,True,1964,1964,1964,0,0,"[1964,2]","[1964,2]","[1964,512]",int32,int64,float32,True,True,False,True,True,True,1961,0,False
25023869B4,5x,data/yiyuan/patches_coords_5x/patches_256/25023869B4.h5,data/yiyuan/features_biomedclip_5x/25023869B4.h5,True,True,,True,True,True,202,202,202,0,0,"[202,2]","[202,2]","[202,512]",int32,int64,float32,True,True,False,True,True,True,202,0,False
25023869B4,20x,data/yiyuan/patches_coords_20x/patches_256/25023869B4.h5,data/yiyuan/features_biomedclip_20x/25023869B4.h5,True,True,,True,True,True,2761,2761,2761,0,0,"[2761,2]","[2761,2]","[2761,512]",int32,int64,float32,True,True,False,True,True,True,2761,0,False
25023930B2,5x,data/yiyuan/patches_coords_5x/patches_256/25023930B2.h5,data/yiyuan/features_biomedclip_5x/25023930B2.h5,True,True,,True,True,True,138,138,138,0,0,"[138,2]","[138,2]","[138,512]",int32,int64,float32,True,True,False,True,True,True,138,0,False
25023930B2,20x,data/yiyuan/patches_coords_20x/patches_256/25023930B2.h5,data/yiyuan/features_biomedclip_20x/25023930B2.h5,True,True,,True,True,True,1892,1892,1892,0,0,"[1892,2]","[1892,2]","[1892,512]",int32,int64,float32,True,True,False,True,True,True,1892,0,False
25023934B2,5x,data/yiyuan/patches_coords_5x/patches_256/25023934B2.h5,data/yiyuan/features_biomedclip_5x/25023934B2.h5,True,True,,True,True,True,359,359,359,0,0,"[359,2]","[359,2]","[359,512]",int32,int64,float32,True,True,False,True,True,True,359,0,False
25023934B2,20x,data/yiyuan/patches_coords_20x/patches_256/25023934B2.h5,data/yiyuan/features_biomedclip_20x/25023934B2.h5,True,True,,True,True,True,5427,5427,5427,0,0,"[5427,2]","[5427,2]","[5427,512]",int32,int64,float32,True,True,False,True,True,True,5426,0,False
25023936B2,5x,data/yiyuan/patches_coords_5x/patches_256/25023936B2.h5,data/yiyuan/features_biomedclip_5x/25023936B2.h5,True,True,,True,True,True,235,235,235,0,0,"[235,2]","[235,2]","[235,512]",int32,int64,float32,True,True,False,True,True,True,235,0,False
25023936B2,20x,data/yiyuan/patches_coords_20x/patches_256/25023936B2.h5,data/yiyuan/features_biomedclip_20x/25023936B2.h5,True,True,,True,True,True,3380,3380,3380,0,0,"[3380,2]","[3380,2]","[3380,512]",int32,int64,float32,True,True,False,True,True,True,3379,0,False
25023977B2,5x,data/yiyuan/patches_coords_5x/patches_256/25023977B2.h5,data/yiyuan/features_biomedclip_5x/25023977B2.h5,True,True,,True,True,True,200,200,200,0,0,"[200,2]","[200,2]","[200,512]",int32,int64,float32,True,True,False,True,True,True,200,0,False
25023977B2,20x,data/yiyuan/patches_coords_20x/patches_256/25023977B2.h5,data/yiyuan/features_biomedclip_20x/25023977B2.h5,True,True,,True,True,True,2514,2514,2514,0,0,"[2514,2]","[2514,2]","[2514,512]",int32,int64,float32,True,True,False,True,True,True,2514,0,False
25024142B2,5x,data/yiyuan/patches_coords_5x/patches_256/25024142B2.h5,data/yiyuan/features_biomedclip_5x/25024142B2.h5,True,True,,True,True,True,131,131,131,0,0,"[131,2]","[131,2]","[131,512]",int32,int64,float32,True,True,False,True,True,True,131,0,False
25024142B2,20x,data/yiyuan/patches_coords_20x/patches_256/25024142B2.h5,data/yiyuan/features_biomedclip_20x/25024142B2.h5,True,True,,True,True,True,1713,1713,1713,0,0,"[1713,2]","[1713,2]","[1713,512]",int32,int64,float32,True,True,False,True,True,True,1712,0,False
25024243B2,5x,data/yiyuan/patches_coords_5x/patches_256/25024243B2.h5,data/yiyuan/features_biomedclip_5x/25024243B2.h5,True,True,,True,True,True,281,281,281,0,0,"[281,2]","[281,2]","[281,512]",int32,int64,float32,True,True,False,True,True,True,281,0,False
25024243B2,20x,data/yiyuan/patches_coords_20x/patches_256/25024243B2.h5,data/yiyuan/features_biomedclip_20x/25024243B2.h5,True,True,,True,True,True,4146,4146,4146,0,0,"[4146,2]","[4146,2]","[4146,512]",int32,int64,float32,True,True,False,True,True,True,4146,0,False
25024302B4,5x,data/yiyuan/patches_coords_5x/patches_256/25024302B4.h5,data/yiyuan/features_biomedclip_5x/25024302B4.h5,True,True,,True,True,True,166,166,166,0,0,"[166,2]","[166,2]","[166,512]",int32,int64,float32,True,True,False,True,True,True,166,0,False
25024302B4,20x,data/yiyuan/patches_coords_20x/patches_256/25024302B4.h5,data/yiyuan/features_biomedclip_20x/25024302B4.h5,True,True,,True,True,True,2287,2287,2287,0,0,"[2287,2]","[2287,2]","[2287,512]",int32,int64,float32,True,True,False,True,True,True,2287,0,False
25024310B3,5x,data/yiyuan/patches_coords_5x/patches_256/25024310B3.h5,data/yiyuan/features_biomedclip_5x/25024310B3.h5,True,True,,True,True,True,405,405,405,0,0,"[405,2]","[405,2]","[405,512]",int32,int64,float32,True,True,False,True,True,True,405,0,False
25024310B3,20x,data/yiyuan/patches_coords_20x/patches_256/25024310B3.h5,data/yiyuan/features_biomedclip_20x/25024310B3.h5,True,True,,True,True,True,5984,5984,5984,0,0,"[5984,2]","[5984,2]","[5984,512]",int32,int64,float32,True,True,False,True,True,True,5983,0,False
25024431B,5x,data/yiyuan/patches_coords_5x/patches_256/25024431B.h5,data/yiyuan/features_biomedclip_5x/25024431B.h5,True,True,,True,True,True,196,196,196,0,0,"[196,2]","[196,2]","[196,512]",int32,int64,float32,True,True,False,True,True,True,196,0,False
25024431B,20x,data/yiyuan/patches_coords_20x/patches_256/25024431B.h5,data/yiyuan/features_biomedclip_20x/25024431B.h5,True,True,,True,True,True,2750,2750,2750,0,0,"[2750,2]","[2750,2]","[2750,512]",int32,int64,float32,True,True,False,True,True,True,2749,0,False
25024688B2,5x,data/yiyuan/patches_coords_5x/patches_256/25024688B2.h5,data/yiyuan/features_biomedclip_5x/25024688B2.h5,True,True,,True,True,True,171,171,171,0,0,"[171,2]","[171,2]","[171,512]",int32,int64,float32,True,True,False,True,True,True,171,0,False
25024688B2,20x,data/yiyuan/patches_coords_20x/patches_256/25024688B2.h5,data/yiyuan/features_biomedclip_20x/25024688B2.h5,True,True,,True,True,True,2465,2465,2465,0,0,"[2465,2]","[2465,2]","[2465,512]",int32,int64,float32,True,True,False,True,True,True,2465,0,False
25024698B4,5x,data/yiyuan/patches_coords_5x/patches_256/25024698B4.h5,data/yiyuan/features_biomedclip_5x/25024698B4.h5,True,True,,True,True,True,311,311,311,0,0,"[311,2]","[311,2]","[311,512]",int32,int64,float32,True,True,False,True,True,True,311,0,False
25024698B4,20x,data/yiyuan/patches_coords_20x/patches_256/25024698B4.h5,data/yiyuan/features_biomedclip_20x/25024698B4.h5,True,True,,True,True,True,4574,4574,4574,0,0,"[4574,2]","[4574,2]","[4574,512]",int32,int64,float32,True,True,False,True,True,True,4572,0,False
25024709B2,5x,data/yiyuan/patches_coords_5x/patches_256/25024709B2.h5,data/yiyuan/features_biomedclip_5x/25024709B2.h5,True,True,,True,True,True,239,239,239,0,0,"[239,2]","[239,2]","[239,512]",int32,int64,float32,True,True,False,True,True,True,239,0,False
25024709B2,20x,data/yiyuan/patches_coords_20x/patches_256/25024709B2.h5,data/yiyuan/features_biomedclip_20x/25024709B2.h5,True,True,,True,True,True,3587,3587,3587,0,0,"[3587,2]","[3587,2]","[3587,512]",int32,int64,float32,True,True,False,True,True,True,3586,0,False
25024732B2,5x,data/yiyuan/patches_coords_5x/patches_256/25024732B2.h5,data/yiyuan/features_biomedclip_5x/25024732B2.h5,True,True,,True,True,True,192,192,192,0,0,"[192,2]","[192,2]","[192,512]",int32,int64,float32,True,True,False,True,True,True,192,0,False
25024732B2,20x,data/yiyuan/patches_coords_20x/patches_256/25024732B2.h5,data/yiyuan/features_biomedclip_20x/25024732B2.h5,True,True,,True,True,True,2729,2729,2729,0,0,"[2729,2]","[2729,2]","[2729,512]",int32,int64,float32,True,True,False,True,True,True,2729,0,False
25024855B3,5x,data/yiyuan/patches_coords_5x/patches_256/25024855B3.h5,data/yiyuan/features_biomedclip_5x/25024855B3.h5,True,True,,True,True,True,126,126,126,0,0,"[126,2]","[126,2]","[126,512]",int32,int64,float32,True,True,False,True,True,True,126,0,False
25024855B3,20x,data/yiyuan/patches_coords_20x/patches_256/25024855B3.h5,data/yiyuan/features_biomedclip_20x/25024855B3.h5,True,True,,True,True,True,1763,1763,1763,0,0,"[1763,2]","[1763,2]","[1763,512]",int32,int64,float32,True,True,False,True,True,True,1763,0,False
25024878B3,5x,data/yiyuan/patches_coords_5x/patches_256/25024878B3.h5,data/yiyuan/features_biomedclip_5x/25024878B3.h5,True,True,,True,True,True,324,324,324,0,0,"[324,2]","[324,2]","[324,512]",int32,int64,float32,True,True,False,True,True,True,324,0,False
25024878B3,20x,data/yiyuan/patches_coords_20x/patches_256/25024878B3.h5,data/yiyuan/features_biomedclip_20x/25024878B3.h5,True,True,,True,True,True,4685,4685,4685,0,0,"[4685,2]","[4685,2]","[4685,512]",int32,int64,float32,True,True,False,True,True,True,4683,0,False
25024982B2,5x,data/yiyuan/patches_coords_5x/patches_256/25024982B2.h5,data/yiyuan/features_biomedclip_5x/25024982B2.h5,True,True,,True,True,True,261,261,261,0,0,"[261,2]","[261,2]","[261,512]",int32,int64,float32,True,True,False,True,True,True,261,0,False
25024982B2,20x,data/yiyuan/patches_coords_20x/patches_256/25024982B2.h5,data/yiyuan/features_biomedclip_20x/25024982B2.h5,True,True,,True,True,True,3821,3821,3821,0,0,"[3821,2]","[3821,2]","[3821,512]",int32,int64,float32,True,True,False,True,True,True,3821,0,False
25024983B2,5x,data/yiyuan/patches_coords_5x/patches_256/25024983B2.h5,data/yiyuan/features_biomedclip_5x/25024983B2.h5,True,True,,True,True,True,291,291,291,0,0,"[291,2]","[291,2]","[291,512]",int32,int64,float32,True,True,False,True,True,True,291,0,False
25024983B2,20x,data/yiyuan/patches_coords_20x/patches_256/25024983B2.h5,data/yiyuan/features_biomedclip_20x/25024983B2.h5,True,True,,True,True,True,4255,4255,4255,0,0,"[4255,2]","[4255,2]","[4255,512]",int32,int64,float32,True,True,False,True,True,True,4254,0,False
25025083B2,5x,data/yiyuan/patches_coords_5x/patches_256/25025083B2.h5,data/yiyuan/features_biomedclip_5x/25025083B2.h5,True,True,,True,True,True,217,217,217,0,0,"[217,2]","[217,2]","[217,512]",int32,int64,float32,True,True,False,True,True,True,217,0,False
25025083B2,20x,data/yiyuan/patches_coords_20x/patches_256/25025083B2.h5,data/yiyuan/features_biomedclip_20x/25025083B2.h5,True,True,,True,True,True,3283,3283,3283,0,0,"[3283,2]","[3283,2]","[3283,512]",int32,int64,float32,True,True,False,True,True,True,3282,0,False
25025096B2,5x,data/yiyuan/patches_coords_5x/patches_256/25025096B2.h5,data/yiyuan/features_biomedclip_5x/25025096B2.h5,True,True,,True,True,True,330,330,330,0,0,"[330,2]","[330,2]","[330,512]",int32,int64,float32,True,True,False,True,True,True,330,0,False
25025096B2,20x,data/yiyuan/patches_coords_20x/patches_256/25025096B2.h5,data/yiyuan/features_biomedclip_20x/25025096B2.h5,True,True,,True,True,True,4868,4868,4868,0,0,"[4868,2]","[4868,2]","[4868,512]",int32,int64,float32,True,True,False,True,True,True,4868,0,False
25025102B2,5x,data/yiyuan/patches_coords_5x/patches_256/25025102B2.h5,data/yiyuan/features_biomedclip_5x/25025102B2.h5,True,True,,True,True,True,401,401,401,0,0,"[401,2]","[401,2]","[401,512]",int32,int64,float32,True,True,False,True,True,True,401,0,False
25025102B2,20x,data/yiyuan/patches_coords_20x/patches_256/25025102B2.h5,data/yiyuan/features_biomedclip_20x/25025102B2.h5,True,True,,True,True,True,5777,5777,5777,0,0,"[5777,2]","[5777,2]","[5777,512]",int32,int64,float32,True,True,False,True,True,True,5775,0,False
25025109B2,5x,data/yiyuan/patches_coords_5x/patches_256/25025109B2.h5,data/yiyuan/features_biomedclip_5x/25025109B2.h5,True,True,,True,True,True,359,359,359,0,0,"[359,2]","[359,2]","[359,512]",int32,int64,float32,True,True,False,True,True,True,359,0,False
25025109B2,20x,data/yiyuan/patches_coords_20x/patches_256/25025109B2.h5,data/yiyuan/features_biomedclip_20x/25025109B2.h5,True,True,,True,True,True,5272,5272,5272,0,0,"[5272,2]","[5272,2]","[5272,512]",int32,int64,float32,True,True,False,True,True,True,5271,0,False
25025240B,5x,data/yiyuan/patches_coords_5x/patches_256/25025240B.h5,data/yiyuan/features_biomedclip_5x/25025240B.h5,True,True,,True,True,True,146,146,146,0,0,"[146,2]","[146,2]","[146,512]",int32,int64,float32,True,True,False,True,True,True,146,0,False
25025240B,20x,data/yiyuan/patches_coords_20x/patches_256/25025240B.h5,data/yiyuan/features_biomedclip_20x/25025240B.h5,True,True,,True,True,True,2110,2110,2110,0,0,"[2110,2]","[2110,2]","[2110,512]",int32,int64,float32,True,True,False,True,True,True,2109,0,False
25025245B2,5x,data/yiyuan/patches_coords_5x/patches_256/25025245B2.h5,data/yiyuan/features_biomedclip_5x/25025245B2.h5,True,True,,True,True,True,247,247,247,0,0,"[247,2]","[247,2]","[247,512]",int32,int64,float32,True,True,False,True,True,True,247,0,False
25025245B2,20x,data/yiyuan/patches_coords_20x/patches_256/25025245B2.h5,data/yiyuan/features_biomedclip_20x/25025245B2.h5,True,True,,True,True,True,3596,3596,3596,0,0,"[3596,2]","[3596,2]","[3596,512]",int32,int64,float32,True,True,False,True,True,True,3596,0,False
25025251B,5x,data/yiyuan/patches_coords_5x/patches_256/25025251B.h5,data/yiyuan/features_biomedclip_5x/25025251B.h5,True,True,,True,True,True,206,206,206,0,0,"[206,2]","[206,2]","[206,512]",int32,int64,float32,True,True,False,True,True,True,206,0,False
25025251B,20x,data/yiyuan/patches_coords_20x/patches_256/25025251B.h5,data/yiyuan/features_biomedclip_20x/25025251B.h5,True,True,,True,True,True,2941,2941,2941,0,0,"[2941,2]","[2941,2]","[2941,512]",int32,int64,float32,True,True,False,True,True,True,2941,0,False
25025262B2,5x,data/yiyuan/patches_coords_5x/patches_256/25025262B2.h5,data/yiyuan/features_biomedclip_5x/25025262B2.h5,True,True,,True,True,True,196,196,196,0,0,"[196,2]","[196,2]","[196,512]",int32,int64,float32,True,True,False,True,True,True,196,0,False
25025262B2,20x,data/yiyuan/patches_coords_20x/patches_256/25025262B2.h5,data/yiyuan/features_biomedclip_20x/25025262B2.h5,True,True,,True,True,True,2904,2904,2904,0,0,"[2904,2]","[2904,2]","[2904,512]",int32,int64,float32,True,True,False,True,True,True,2903,0,False
25025297B,5x,data/yiyuan/patches_coords_5x/patches_256/25025297B.h5,data/yiyuan/features_biomedclip_5x/25025297B.h5,True,True,,True,True,True,310,310,310,0,0,"[310,2]","[310,2]","[310,512]",int32,int64,float32,True,True,False,True,True,True,310,0,False
25025297B,20x,data/yiyuan/patches_coords_20x/patches_256/25025297B.h5,data/yiyuan/features_biomedclip_20x/25025297B.h5,True,True,,True,True,True,4651,4651,4651,0,0,"[4651,2]","[4651,2]","[4651,512]",int32,int64,float32,True,True,False,True,True,True,4650,0,False
25025298B2,5x,data/yiyuan/patches_coords_5x/patches_256/25025298B2.h5,data/yiyuan/features_biomedclip_5x/25025298B2.h5,True,True,,True,True,True,386,386,386,0,0,"[386,2]","[386,2]","[386,512]",int32,int64,float32,True,True,False,True,True,True,386,0,False
25025298B2,20x,data/yiyuan/patches_coords_20x/patches_256/25025298B2.h5,data/yiyuan/features_biomedclip_20x/25025298B2.h5,True,True,,True,True,True,5726,5726,5726,0,0,"[5726,2]","[5726,2]","[5726,512]",int32,int64,float32,True,True,False,True,True,True,5725,0,False
25025506B,5x,data/yiyuan/patches_coords_5x/patches_256/25025506B.h5,data/yiyuan/features_biomedclip_5x/25025506B.h5,True,True,,True,True,True,218,218,218,0,0,"[218,2]","[218,2]","[218,512]",int32,int64,float32,True,True,False,True,True,True,218,0,False
25025506B,20x,data/yiyuan/patches_coords_20x/patches_256/25025506B.h5,data/yiyuan/features_biomedclip_20x/25025506B.h5,True,True,,True,True,True,3046,3046,3046,0,0,"[3046,2]","[3046,2]","[3046,512]",int32,int64,float32,True,True,False,True,True,True,3045,0,False
25025509B2,5x,data/yiyuan/patches_coords_5x/patches_256/25025509B2.h5,data/yiyuan/features_biomedclip_5x/25025509B2.h5,True,True,,True,True,True,229,229,229,0,0,"[229,2]","[229,2]","[229,512]",int32,int64,float32,True,True,False,True,True,True,229,0,False
25025509B2,20x,data/yiyuan/patches_coords_20x/patches_256/25025509B2.h5,data/yiyuan/features_biomedclip_20x/25025509B2.h5,True,True,,True,True,True,3442,3442,3442,0,0,"[3442,2]","[3442,2]","[3442,512]",int32,int64,float32,True,True,False,True,True,True,3441,0,False
25025510B1,5x,data/yiyuan/patches_coords_5x/patches_256/25025510B1.h5,data/yiyuan/features_biomedclip_5x/25025510B1.h5,True,True,,True,True,True,336,336,336,0,0,"[336,2]","[336,2]","[336,512]",int32,int64,float32,True,True,False,True,True,True,336,0,False
25025510B1,20x,data/yiyuan/patches_coords_20x/patches_256/25025510B1.h5,data/yiyuan/features_biomedclip_20x/25025510B1.h5,True,True,,True,True,True,5062,5062,5062,0,0,"[5062,2]","[5062,2]","[5062,512]",int32,int64,float32,True,True,False,True,True,True,5061,0,False
25025510B3,5x,data/yiyuan/patches_coords_5x/patches_256/25025510B3.h5,data/yiyuan/features_biomedclip_5x/25025510B3.h5,True,True,,True,True,True,325,325,325,0,0,"[325,2]","[325,2]","[325,512]",int32,int64,float32,True,True,False,True,True,True,325,0,False
25025510B3,20x,data/yiyuan/patches_coords_20x/patches_256/25025510B3.h5,data/yiyuan/features_biomedclip_20x/25025510B3.h5,True,True,,True,True,True,4841,4841,4841,0,0,"[4841,2]","[4841,2]","[4841,512]",int32,int64,float32,True,True,False,True,True,True,4841,0,False
25025567B3,5x,data/yiyuan/patches_coords_5x/patches_256/25025567B3.h5,data/yiyuan/features_biomedclip_5x/25025567B3.h5,True,True,,True,True,True,287,287,287,0,0,"[287,2]","[287,2]","[287,512]",int32,int64,float32,True,True,False,True,True,True,287,0,False
25025567B3,20x,data/yiyuan/patches_coords_20x/patches_256/25025567B3.h5,data/yiyuan/features_biomedclip_20x/25025567B3.h5,True,True,,True,True,True,4188,4188,4188,0,0,"[4188,2]","[4188,2]","[4188,512]",int32,int64,float32,True,True,False,True,True,True,4188,0,False
25025570B2,5x,data/yiyuan/patches_coords_5x/patches_256/25025570B2.h5,data/yiyuan/features_biomedclip_5x/25025570B2.h5,True,True,,True,True,True,422,422,422,0,0,"[422,2]","[422,2]","[422,512]",int32,int64,float32,True,True,False,True,True,True,420,0,False
25025570B2,20x,data/yiyuan/patches_coords_20x/patches_256/25025570B2.h5,data/yiyuan/features_biomedclip_20x/25025570B2.h5,True,True,,True,True,True,6303,6303,6303,0,0,"[6303,2]","[6303,2]","[6303,512]",int32,int64,float32,True,True,False,True,True,True,6302,0,False
25025575B2,5x,data/yiyuan/patches_coords_5x/patches_256/25025575B2.h5,data/yiyuan/features_biomedclip_5x/25025575B2.h5,True,True,,True,True,True,385,385,385,0,0,"[385,2]","[385,2]","[385,512]",int32,int64,float32,True,True,False,True,True,True,385,0,False
25025575B2,20x,data/yiyuan/patches_coords_20x/patches_256/25025575B2.h5,data/yiyuan/features_biomedclip_20x/25025575B2.h5,True,True,,True,True,True,5776,5776,5776,0,0,"[5776,2]","[5776,2]","[5776,512]",int32,int64,float32,True,True,False,True,True,True,5775,0,False
25025602B2,5x,data/yiyuan/patches_coords_5x/patches_256/25025602B2.h5,data/yiyuan/features_biomedclip_5x/25025602B2.h5,True,True,,True,True,True,506,506,506,0,0,"[506,2]","[506,2]","[506,512]",int32,int64,float32,True,True,False,True,True,True,505,0,False
25025602B2,20x,data/yiyuan/patches_coords_20x/patches_256/25025602B2.h5,data/yiyuan/features_biomedclip_20x/25025602B2.h5,True,True,,True,True,True,7540,7540,7540,0,0,"[7540,2]","[7540,2]","[7540,512]",int32,int64,float32,True,True,False,True,True,True,7540,0,False
25025675B2,5x,data/yiyuan/patches_coords_5x/patches_256/25025675B2.h5,data/yiyuan/features_biomedclip_5x/25025675B2.h5,True,True,,True,True,True,310,310,310,0,0,"[310,2]","[310,2]","[310,512]",int32,int64,float32,True,True,False,True,True,True,310,0,False
25025675B2,20x,data/yiyuan/patches_coords_20x/patches_256/25025675B2.h5,data/yiyuan/features_biomedclip_20x/25025675B2.h5,True,True,,True,True,True,4414,4414,4414,0,0,"[4414,2]","[4414,2]","[4414,512]",int32,int64,float32,True,True,False,True,True,True,4414,0,False
25025788B2,5x,data/yiyuan/patches_coords_5x/patches_256/25025788B2.h5,data/yiyuan/features_biomedclip_5x/25025788B2.h5,True,True,,True,True,True,445,445,445,0,0,"[445,2]","[445,2]","[445,512]",int32,int64,float32,True,True,False,True,True,True,445,0,False
25025788B2,20x,data/yiyuan/patches_coords_20x/patches_256/25025788B2.h5,data/yiyuan/features_biomedclip_20x/25025788B2.h5,True,True,,True,True,True,6674,6674,6674,0,0,"[6674,2]","[6674,2]","[6674,512]",int32,int64,float32,True,True,False,True,True,True,6671,0,False
25025953B2,5x,data/yiyuan/patches_coords_5x/patches_256/25025953B2.h5,data/yiyuan/features_biomedclip_5x/25025953B2.h5,True,True,,True,True,True,410,410,410,0,0,"[410,2]","[410,2]","[410,512]",int32,int64,float32,True,True,False,True,True,True,408,0,False
25025953B2,20x,data/yiyuan/patches_coords_20x/patches_256/25025953B2.h5,data/yiyuan/features_biomedclip_20x/25025953B2.h5,True,True,,True,True,True,5950,5950,5950,0,0,"[5950,2]","[5950,2]","[5950,512]",int32,int64,float32,True,True,False,True,True,True,5949,0,False
25025960B2,5x,data/yiyuan/patches_coords_5x/patches_256/25025960B2.h5,data/yiyuan/features_biomedclip_5x/25025960B2.h5,True,True,,True,True,True,195,195,195,0,0,"[195,2]","[195,2]","[195,512]",int32,int64,float32,True,True,False,True,True,True,195,0,False
25025960B2,20x,data/yiyuan/patches_coords_20x/patches_256/25025960B2.h5,data/yiyuan/features_biomedclip_20x/25025960B2.h5,True,True,,True,True,True,2649,2649,2649,0,0,"[2649,2]","[2649,2]","[2649,512]",int32,int64,float32,True,True,False,True,True,True,2647,0,False
25026075B2,5x,data/yiyuan/patches_coords_5x/patches_256/25026075B2.h5,data/yiyuan/features_biomedclip_5x/25026075B2.h5,True,True,,True,True,True,196,196,196,0,0,"[196,2]","[196,2]","[196,512]",int32,int64,float32,True,True,False,True,True,True,196,0,False
25026075B2,20x,data/yiyuan/patches_coords_20x/patches_256/25026075B2.h5,data/yiyuan/features_biomedclip_20x/25026075B2.h5,True,True,,True,True,True,2883,2883,2883,0,0,"[2883,2]","[2883,2]","[2883,512]",int32,int64,float32,True,True,False,True,True,True,2881,0,False
25026081B2,5x,data/yiyuan/patches_coords_5x/patches_256/25026081B2.h5,data/yiyuan/features_biomedclip_5x/25026081B2.h5,True,True,,True,True,True,240,240,240,0,0,"[240,2]","[240,2]","[240,512]",int32,int64,float32,True,True,False,True,True,True,240,0,False
25026081B2,20x,data/yiyuan/patches_coords_20x/patches_256/25026081B2.h5,data/yiyuan/features_biomedclip_20x/25026081B2.h5,True,True,,True,True,True,3397,3397,3397,0,0,"[3397,2]","[3397,2]","[3397,512]",int32,int64,float32,True,True,False,True,True,True,3397,0,False
25026103B3,5x,data/yiyuan/patches_coords_5x/patches_256/25026103B3.h5,data/yiyuan/features_biomedclip_5x/25026103B3.h5,True,True,,True,True,True,174,174,174,0,0,"[174,2]","[174,2]","[174,512]",int32,int64,float32,True,True,False,True,True,True,174,0,False
25026103B3,20x,data/yiyuan/patches_coords_20x/patches_256/25026103B3.h5,data/yiyuan/features_biomedclip_20x/25026103B3.h5,True,True,,True,True,True,2557,2557,2557,0,0,"[2557,2]","[2557,2]","[2557,512]",int32,int64,float32,True,True,False,True,True,True,2557,0,False
25026163B,5x,data/yiyuan/patches_coords_5x/patches_256/25026163B.h5,data/yiyuan/features_biomedclip_5x/25026163B.h5,True,True,,True,True,True,336,336,336,0,0,"[336,2]","[336,2]","[336,512]",int32,int64,float32,True,True,False,True,True,True,336,0,False
25026163B,20x,data/yiyuan/patches_coords_20x/patches_256/25026163B.h5,data/yiyuan/features_biomedclip_20x/25026163B.h5,True,True,,True,True,True,4868,4868,4868,0,0,"[4868,2]","[4868,2]","[4868,512]",int32,int64,float32,True,True,False,True,True,True,4866,0,False
25026180B2,5x,data/yiyuan/patches_coords_5x/patches_256/25026180B2.h5,data/yiyuan/features_biomedclip_5x/25026180B2.h5,True,True,,True,True,True,415,415,415,0,0,"[415,2]","[415,2]","[415,512]",int32,int64,float32,True,True,False,True,True,True,415,0,False
25026180B2,20x,data/yiyuan/patches_coords_20x/patches_256/25026180B2.h5,data/yiyuan/features_biomedclip_20x/25026180B2.h5,True,True,,True,True,True,6279,6279,6279,0,0,"[6279,2]","[6279,2]","[6279,512]",int32,int64,float32,True,True,False,True,True,True,6278,0,False
25026254B2,5x,data/yiyuan/patches_coords_5x/patches_256/25026254B2.h5,data/yiyuan/features_biomedclip_5x/25026254B2.h5,True,True,,True,True,True,379,379,379,0,0,"[379,2]","[379,2]","[379,512]",int32,int64,float32,True,True,False,True,True,True,379,0,False
25026254B2,20x,data/yiyuan/patches_coords_20x/patches_256/25026254B2.h5,data/yiyuan/features_biomedclip_20x/25026254B2.h5,True,True,,True,True,True,5696,5696,5696,0,0,"[5696,2]","[5696,2]","[5696,512]",int32,int64,float32,True,True,False,True,True,True,5696,0,False
25026291B2,5x,data/yiyuan/patches_coords_5x/patches_256/25026291B2.h5,data/yiyuan/features_biomedclip_5x/25026291B2.h5,True,True,,True,True,True,450,450,450,0,0,"[450,2]","[450,2]","[450,512]",int32,int64,float32,True,True,False,True,True,True,448,0,False
25026291B2,20x,data/yiyuan/patches_coords_20x/patches_256/25026291B2.h5,data/yiyuan/features_biomedclip_20x/25026291B2.h5,True,True,,True,True,True,6838,6838,6838,0,0,"[6838,2]","[6838,2]","[6838,512]",int32,int64,float32,True,True,False,True,True,True,6836,0,False
25026669B2,5x,data/yiyuan/patches_coords_5x/patches_256/25026669B2.h5,data/yiyuan/features_biomedclip_5x/25026669B2.h5,True,True,,True,True,True,233,233,233,0,0,"[233,2]","[233,2]","[233,512]",int32,int64,float32,True,True,False,True,True,True,233,0,False
25026669B2,20x,data/yiyuan/patches_coords_20x/patches_256/25026669B2.h5,data/yiyuan/features_biomedclip_20x/25026669B2.h5,True,True,,True,True,True,3176,3176,3176,0,0,"[3176,2]","[3176,2]","[3176,512]",int32,int64,float32,True,True,False,True,True,True,3173,0,False
25026740B2,5x,data/yiyuan/patches_coords_5x/patches_256/25026740B2.h5,data/yiyuan/features_biomedclip_5x/25026740B2.h5,True,True,,True,True,True,333,333,333,0,0,"[333,2]","[333,2]","[333,512]",int32,int64,float32,True,True,False,True,True,True,333,0,False
25026740B2,20x,data/yiyuan/patches_coords_20x/patches_256/25026740B2.h5,data/yiyuan/features_biomedclip_20x/25026740B2.h5,True,True,,True,True,True,4969,4969,4969,0,0,"[4969,2]","[4969,2]","[4969,512]",int32,int64,float32,True,True,False,True,True,True,4968,0,False
25026798B2,5x,data/yiyuan/patches_coords_5x/patches_256/25026798B2.h5,data/yiyuan/features_biomedclip_5x/25026798B2.h5,True,True,,True,True,True,410,410,410,0,0,"[410,2]","[410,2]","[410,512]",int32,int64,float32,True,True,False,True,True,True,408,0,False
25026798B2,20x,data/yiyuan/patches_coords_20x/patches_256/25026798B2.h5,data/yiyuan/features_biomedclip_20x/25026798B2.h5,True,True,,True,True,True,5921,5921,5921,0,0,"[5921,2]","[5921,2]","[5921,512]",int32,int64,float32,True,True,False,True,True,True,5920,0,False
25027122B2,5x,data/yiyuan/patches_coords_5x/patches_256/25027122B2.h5,data/yiyuan/features_biomedclip_5x/25027122B2.h5,True,True,,True,True,True,247,247,247,0,0,"[247,2]","[247,2]","[247,512]",int32,int64,float32,True,True,False,True,True,True,247,0,False
25027122B2,20x,data/yiyuan/patches_coords_20x/patches_256/25027122B2.h5,data/yiyuan/features_biomedclip_20x/25027122B2.h5,True,True,,True,True,True,3580,3580,3580,0,0,"[3580,2]","[3580,2]","[3580,512]",int32,int64,float32,True,True,False,True,True,True,3580,0,False
25027135B3,5x,data/yiyuan/patches_coords_5x/patches_256/25027135B3.h5,data/yiyuan/features_biomedclip_5x/25027135B3.h5,True,True,,True,True,True,196,196,196,0,0,"[196,2]","[196,2]","[196,512]",int32,int64,float32,True,True,False,True,True,True,196,0,False
25027135B3,20x,data/yiyuan/patches_coords_20x/patches_256/25027135B3.h5,data/yiyuan/features_biomedclip_20x/25027135B3.h5,True,True,,True,True,True,2843,2843,2843,0,0,"[2843,2]","[2843,2]","[2843,512]",int32,int64,float32,True,True,False,True,True,True,2840,0,False
25027167B2,5x,data/yiyuan/patches_coords_5x/patches_256/25027167B2.h5,data/yiyuan/features_biomedclip_5x/25027167B2.h5,True,True,,True,True,True,239,239,239,0,0,"[239,2]","[239,2]","[239,512]",int32,int64,float32,True,True,False,True,True,True,239,0,False
25027167B2,20x,data/yiyuan/patches_coords_20x/patches_256/25027167B2.h5,data/yiyuan/features_biomedclip_20x/25027167B2.h5,True,True,,True,True,True,3488,3488,3488,0,0,"[3488,2]","[3488,2]","[3488,512]",int32,int64,float32,True,True,False,True,True,True,3485,0,False
25027290B2,5x,data/yiyuan/patches_coords_5x/patches_256/25027290B2.h5,data/yiyuan/features_biomedclip_5x/25027290B2.h5,True,True,,True,True,True,420,420,420,0,0,"[420,2]","[420,2]","[420,512]",int32,int64,float32,True,True,False,True,True,True,420,0,False
25027290B2,20x,data/yiyuan/patches_coords_20x/patches_256/25027290B2.h5,data/yiyuan/features_biomedclip_20x/25027290B2.h5,True,True,,True,True,True,6087,6087,6087,0,0,"[6087,2]","[6087,2]","[6087,512]",int32,int64,float32,True,True,False,True,True,True,6086,0,False
25012148B3,5x,data/yiyuan/patches_coords_5x/patches_256/25012148B3.h5,data/yiyuan/features_biomedclip_5x/25012148B3.h5,True,True,,True,True,True,239,239,239,0,0,"[239,2]","[239,2]","[239,512]",int32,int64,float32,True,True,False,True,True,True,239,0,False
25012148B3,20x,data/yiyuan/patches_coords_20x/patches_256/25012148B3.h5,data/yiyuan/features_biomedclip_20x/25012148B3.h5,True,True,,True,True,True,3493,3493,3493,0,0,"[3493,2]","[3493,2]","[3493,512]",int32,int64,float32,True,True,False,True,True,True,3492,0,False
25017073B2,5x,data/yiyuan/patches_coords_5x/patches_256/25017073B2.h5,data/yiyuan/features_biomedclip_5x/25017073B2.h5,True,True,,True,True,True,148,148,148,0,0,"[148,2]","[148,2]","[148,512]",int32,int64,float32,True,True,False,True,True,True,148,0,False
25017073B2,20x,data/yiyuan/patches_coords_20x/patches_256/25017073B2.h5,data/yiyuan/features_biomedclip_20x/25017073B2.h5,True,True,,True,True,True,2194,2194,2194,0,0,"[2194,2]","[2194,2]","[2194,512]",int32,int64,float32,True,True,False,True,True,True,2193,0,False
25018584B,5x,data/yiyuan/patches_coords_5x/patches_256/25018584B.h5,data/yiyuan/features_biomedclip_5x/25018584B.h5,True,True,,True,True,True,246,246,246,0,0,"[246,2]","[246,2]","[246,512]",int32,int64,float32,True,True,False,True,True,True,246,0,False
25018584B,20x,data/yiyuan/patches_coords_20x/patches_256/25018584B.h5,data/yiyuan/features_biomedclip_20x/25018584B.h5,True,True,,True,True,True,3393,3393,3393,0,0,"[3393,2]","[3393,2]","[3393,512]",int32,int64,float32,True,True,False,True,True,True,3393,0,False
25018592B,5x,data/yiyuan/patches_coords_5x/patches_256/25018592B.h5,data/yiyuan/features_biomedclip_5x/25018592B.h5,True,True,,True,True,True,98,98,98,0,0,"[98,2]","[98,2]","[98,512]",int32,int64,float32,True,True,False,True,True,True,72,0,False
25018592B,20x,data/yiyuan/patches_coords_20x/patches_256/25018592B.h5,data/yiyuan/features_biomedclip_20x/25018592B.h5,True,True,,True,True,True,1359,1359,1359,0,0,"[1359,2]","[1359,2]","[1359,512]",int32,int64,float32,True,True,False,True,True,True,1359,0,False
2490526B3,5x,data/yiyuan/patches_coords_5x/patches_256/2490526B3.h5,data/yiyuan/features_biomedclip_5x/2490526B3.h5,True,True,,True,True,True,201,201,201,0,0,"[201,2]","[201,2]","[201,512]",int32,int64,float32,True,True,False,True,True,True,201,0,False
2490526B3,20x,data/yiyuan/patches_coords_20x/patches_256/2490526B3.h5,data/yiyuan/features_biomedclip_20x/2490526B3.h5,True,True,,True,True,True,2774,2774,2774,0,0,"[2774,2]","[2774,2]","[2774,512]",int32,int64,float32,True,True,False,True,True,True,2773,0,False
2490547B2,5x,data/yiyuan/patches_coords_5x/patches_256/2490547B2.h5,data/yiyuan/features_biomedclip_5x/2490547B2.h5,True,True,,True,True,True,189,189,189,0,0,"[189,2]","[189,2]","[189,512]",int32,int64,float32,True,True,False,True,True,True,189,0,False
2490547B2,20x,data/yiyuan/patches_coords_20x/patches_256/2490547B2.h5,data/yiyuan/features_biomedclip_20x/2490547B2.h5,True,True,,True,True,True,2521,2521,2521,0,0,"[2521,2]","[2521,2]","[2521,512]",int32,int64,float32,True,True,False,True,True,True,2521,0,False
2490750B4,5x,data/yiyuan/patches_coords_5x/patches_256/2490750B4.h5,data/yiyuan/features_biomedclip_5x/2490750B4.h5,True,True,,True,True,True,79,79,79,0,0,"[79,2]","[79,2]","[79,512]",int32,int64,float32,True,True,False,True,True,True,79,0,False
2490750B4,20x,data/yiyuan/patches_coords_20x/patches_256/2490750B4.h5,data/yiyuan/features_biomedclip_20x/2490750B4.h5,True,True,,True,True,True,1097,1097,1097,0,0,"[1097,2]","[1097,2]","[1097,512]",int32,int64,float32,True,True,False,True,True,True,1095,0,False
2490820B2,5x,data/yiyuan/patches_coords_5x/patches_256/2490820B2.h5,data/yiyuan/features_biomedclip_5x/2490820B2.h5,True,True,,True,True,True,133,133,133,0,0,"[133,2]","[133,2]","[133,512]",int32,int64,float32,True,True,False,True,True,True,133,0,False
2490820B2,20x,data/yiyuan/patches_coords_20x/patches_256/2490820B2.h5,data/yiyuan/features_biomedclip_20x/2490820B2.h5,True,True,,True,True,True,1812,1812,1812,0,0,"[1812,2]","[1812,2]","[1812,512]",int32,int64,float32,True,True,False,True,True,True,1809,0,False
2490820B3,5x,data/yiyuan/patches_coords_5x/patches_256/2490820B3.h5,data/yiyuan/features_biomedclip_5x/2490820B3.h5,True,True,,True,True,True,134,134,134,0,0,"[134,2]","[134,2]","[134,512]",int32,int64,float32,True,True,False,True,True,True,130,0,False
2490820B3,20x,data/yiyuan/patches_coords_20x/patches_256/2490820B3.h5,data/yiyuan/features_biomedclip_20x/2490820B3.h5,True,True,,True,True,True,1844,1844,1844,0,0,"[1844,2]","[1844,2]","[1844,512]",int32,int64,float32,True,True,False,True,True,True,1844,0,False
2490837B2,5x,data/yiyuan/patches_coords_5x/patches_256/2490837B2.h5,data/yiyuan/features_biomedclip_5x/2490837B2.h5,True,True,,True,True,True,209,209,209,0,0,"[209,2]","[209,2]","[209,512]",int32,int64,float32,True,True,False,True,True,True,209,0,False
2490837B2,20x,data/yiyuan/patches_coords_20x/patches_256/2490837B2.h5,data/yiyuan/features_biomedclip_20x/2490837B2.h5,True,True,,True,True,True,2909,2909,2909,0,0,"[2909,2]","[2909,2]","[2909,512]",int32,int64,float32,True,True,False,True,True,True,2908,0,False
2490844B1,5x,data/yiyuan/patches_coords_5x/patches_256/2490844B1.h5,data/yiyuan/features_biomedclip_5x/2490844B1.h5,True,True,,True,True,True,265,265,265,0,0,"[265,2]","[265,2]","[265,512]",int32,int64,float32,True,True,False,True,True,True,265,0,False
2490844B1,20x,data/yiyuan/patches_coords_20x/patches_256/2490844B1.h5,data/yiyuan/features_biomedclip_20x/2490844B1.h5,True,True,,True,True,True,3668,3668,3668,0,0,"[3668,2]","[3668,2]","[3668,512]",int32,int64,float32,True,True,False,True,True,True,3668,0,False
2490860B2,5x,data/yiyuan/patches_coords_5x/patches_256/2490860B2.h5,data/yiyuan/features_biomedclip_5x/2490860B2.h5,True,True,,True,True,True,291,291,291,0,0,"[291,2]","[291,2]","[291,512]",int32,int64,float32,True,True,False,True,True,True,291,0,False
2490860B2,20x,data/yiyuan/patches_coords_20x/patches_256/2490860B2.h5,data/yiyuan/features_biomedclip_20x/2490860B2.h5,True,True,,True,True,True,4208,4208,4208,0,0,"[4208,2]","[4208,2]","[4208,512]",int32,int64,float32,True,True,False,True,True,True,4207,0,False
2490963B2,5x,data/yiyuan/patches_coords_5x/patches_256/2490963B2.h5,data/yiyuan/features_biomedclip_5x/2490963B2.h5,True,True,,True,True,True,258,258,258,0,0,"[258,2]","[258,2]","[258,512]",int32,int64,float32,True,True,False,True,True,True,258,0,False
2490963B2,20x,data/yiyuan/patches_coords_20x/patches_256/2490963B2.h5,data/yiyuan/features_biomedclip_20x/2490963B2.h5,True,True,,True,True,True,3611,3611,3611,0,0,"[3611,2]","[3611,2]","[3611,512]",int32,int64,float32,True,True,False,True,True,True,3610,0,False
2490964B2,5x,data/yiyuan/patches_coords_5x/patches_256/2490964B2.h5,data/yiyuan/features_biomedclip_5x/2490964B2.h5,True,True,,True,True,True,113,113,113,0,0,"[113,2]","[113,2]","[113,512]",int32,int64,float32,True,True,False,True,True,True,113,0,False
2490964B2,20x,data/yiyuan/patches_coords_20x/patches_256/2490964B2.h5,data/yiyuan/features_biomedclip_20x/2490964B2.h5,True,True,,True,True,True,1439,1439,1439,0,0,"[1439,2]","[1439,2]","[1439,512]",int32,int64,float32,True,True,False,True,True,True,1438,0,False
2490972B8,5x,data/yiyuan/patches_coords_5x/patches_256/2490972B8.h5,data/yiyuan/features_biomedclip_5x/2490972B8.h5,True,True,,True,True,True,191,191,191,0,0,"[191,2]","[191,2]","[191,512]",int32,int64,float32,True,True,False,True,True,True,191,0,False
2490972B8,20x,data/yiyuan/patches_coords_20x/patches_256/2490972B8.h5,data/yiyuan/features_biomedclip_20x/2490972B8.h5,True,True,,True,True,True,2801,2801,2801,0,0,"[2801,2]","[2801,2]","[2801,512]",int32,int64,float32,True,True,False,True,True,True,2801,0,False
2490978B2,5x,data/yiyuan/patches_coords_5x/patches_256/2490978B2.h5,data/yiyuan/features_biomedclip_5x/2490978B2.h5,True,True,,True,True,True,138,138,138,0,0,"[138,2]","[138,2]","[138,512]",int32,int64,float32,True,True,False,True,True,True,138,0,False
2490978B2,20x,data/yiyuan/patches_coords_20x/patches_256/2490978B2.h5,data/yiyuan/features_biomedclip_20x/2490978B2.h5,True,True,,True,True,True,1934,1934,1934,0,0,"[1934,2]","[1934,2]","[1934,512]",int32,int64,float32,True,True,False,True,True,True,1934,0,False
2491131B2,5x,data/yiyuan/patches_coords_5x/patches_256/2491131B2.h5,data/yiyuan/features_biomedclip_5x/2491131B2.h5,True,True,,True,True,True,264,264,264,0,0,"[264,2]","[264,2]","[264,512]",int32,int64,float32,True,True,False,True,True,True,264,0,False
2491131B2,20x,data/yiyuan/patches_coords_20x/patches_256/2491131B2.h5,data/yiyuan/features_biomedclip_20x/2491131B2.h5,True,True,,True,True,True,3875,3875,3875,0,0,"[3875,2]","[3875,2]","[3875,512]",int32,int64,float32,True,True,False,True,True,True,3872,0,False
2491191B2,5x,data/yiyuan/patches_coords_5x/patches_256/2491191B2.h5,data/yiyuan/features_biomedclip_5x/2491191B2.h5,True,True,,True,True,True,223,223,223,0,0,"[223,2]","[223,2]","[223,512]",int32,int64,float32,True,True,False,True,True,True,223,0,False
2491191B2,20x,data/yiyuan/patches_coords_20x/patches_256/2491191B2.h5,data/yiyuan/features_biomedclip_20x/2491191B2.h5,True,True,,True,True,True,3305,3305,3305,0,0,"[3305,2]","[3305,2]","[3305,512]",int32,int64,float32,True,True,False,True,True,True,3305,0,False
2491191B3,5x,data/yiyuan/patches_coords_5x/patches_256/2491191B3.h5,data/yiyuan/features_biomedclip_5x/2491191B3.h5,True,True,,True,True,True,315,315,315,0,0,"[315,2]","[315,2]","[315,512]",int32,int64,float32,True,True,False,True,True,True,315,0,False
2491191B3,20x,data/yiyuan/patches_coords_20x/patches_256/2491191B3.h5,data/yiyuan/features_biomedclip_20x/2491191B3.h5,True,True,,True,True,True,4558,4558,4558,0,0,"[4558,2]","[4558,2]","[4558,512]",int32,int64,float32,True,True,False,True,True,True,4558,0,False
2491226B2,5x,data/yiyuan/patches_coords_5x/patches_256/2491226B2.h5,data/yiyuan/features_biomedclip_5x/2491226B2.h5,True,True,,True,True,True,193,193,193,0,0,"[193,2]","[193,2]","[193,512]",int32,int64,float32,True,True,False,True,True,True,193,0,False
2491226B2,20x,data/yiyuan/patches_coords_20x/patches_256/2491226B2.h5,data/yiyuan/features_biomedclip_20x/2491226B2.h5,True,True,,True,True,True,2680,2680,2680,0,0,"[2680,2]","[2680,2]","[2680,512]",int32,int64,float32,True,True,False,True,True,True,2679,0,False
2491275B2,5x,data/yiyuan/patches_coords_5x/patches_256/2491275B2.h5,data/yiyuan/features_biomedclip_5x/2491275B2.h5,True,True,,True,True,True,214,214,214,0,0,"[214,2]","[214,2]","[214,512]",int32,int64,float32,True,True,False,True,True,True,214,0,False
2491275B2,20x,data/yiyuan/patches_coords_20x/patches_256/2491275B2.h5,data/yiyuan/features_biomedclip_20x/2491275B2.h5,True,True,,True,True,True,3062,3062,3062,0,0,"[3062,2]","[3062,2]","[3062,512]",int32,int64,float32,True,True,False,True,True,True,3059,0,False
2491560B2,5x,data/yiyuan/patches_coords_5x/patches_256/2491560B2.h5,data/yiyuan/features_biomedclip_5x/2491560B2.h5,True,True,,True,True,True,128,128,128,0,0,"[128,2]","[128,2]","[128,512]",int32,int64,float32,True,True,False,True,True,True,127,0,False
2491560B2,20x,data/yiyuan/patches_coords_20x/patches_256/2491560B2.h5,data/yiyuan/features_biomedclip_20x/2491560B2.h5,True,True,,True,True,True,1611,1611,1611,0,0,"[1611,2]","[1611,2]","[1611,512]",int32,int64,float32,True,True,False,True,True,True,1611,0,False
25001929B3,5x,data/yiyuan/patches_coords_5x/patches_256/25001929B3.h5,data/yiyuan/features_biomedclip_5x/25001929B3.h5,True,True,,True,True,True,179,179,179,0,0,"[179,2]","[179,2]","[179,512]",int32,int64,float32,True,True,False,True,True,True,179,0,False
25001929B3,20x,data/yiyuan/patches_coords_20x/patches_256/25001929B3.h5,data/yiyuan/features_biomedclip_20x/25001929B3.h5,True,True,,True,True,True,2411,2411,2411,0,0,"[2411,2]","[2411,2]","[2411,512]",int32,int64,float32,True,True,False,True,True,True,2411,0,False
25001939B2,5x,data/yiyuan/patches_coords_5x/patches_256/25001939B2.h5,data/yiyuan/features_biomedclip_5x/25001939B2.h5,True,True,,True,True,True,241,241,241,0,0,"[241,2]","[241,2]","[241,512]",int32,int64,float32,True,True,False,True,True,True,241,0,False
25001939B2,20x,data/yiyuan/patches_coords_20x/patches_256/25001939B2.h5,data/yiyuan/features_biomedclip_20x/25001939B2.h5,True,True,,True,True,True,3385,3385,3385,0,0,"[3385,2]","[3385,2]","[3385,512]",int32,int64,float32,True,True,False,True,True,True,3384,0,False
25001965B2,5x,data/yiyuan/patches_coords_5x/patches_256/25001965B2.h5,data/yiyuan/features_biomedclip_5x/25001965B2.h5,True,True,,True,True,True,150,150,150,0,0,"[150,2]","[150,2]","[150,512]",int32,int64,float32,True,True,False,True,True,True,150,0,False
25001965B2,20x,data/yiyuan/patches_coords_20x/patches_256/25001965B2.h5,data/yiyuan/features_biomedclip_20x/25001965B2.h5,True,True,,True,True,True,2014,2014,2014,0,0,"[2014,2]","[2014,2]","[2014,512]",int32,int64,float32,True,True,False,True,True,True,2014,0,False
25001966B2,5x,data/yiyuan/patches_coords_5x/patches_256/25001966B2.h5,data/yiyuan/features_biomedclip_5x/25001966B2.h5,True,True,,True,True,True,259,259,259,0,0,"[259,2]","[259,2]","[259,512]",int32,int64,float32,True,True,False,True,True,True,259,0,False
25001966B2,20x,data/yiyuan/patches_coords_20x/patches_256/25001966B2.h5,data/yiyuan/features_biomedclip_20x/25001966B2.h5,True,True,,True,True,True,3708,3708,3708,0,0,"[3708,2]","[3708,2]","[3708,512]",int32,int64,float32,True,True,False,True,True,True,3707,0,False
25002073B3,5x,data/yiyuan/patches_coords_5x/patches_256/25002073B3.h5,data/yiyuan/features_biomedclip_5x/25002073B3.h5,True,True,,True,True,True,172,172,172,0,0,"[172,2]","[172,2]","[172,512]",int32,int64,float32,True,True,False,True,True,True,172,0,False
25002073B3,20x,data/yiyuan/patches_coords_20x/patches_256/25002073B3.h5,data/yiyuan/features_biomedclip_20x/25002073B3.h5,True,True,,True,True,True,2331,2331,2331,0,0,"[2331,2]","[2331,2]","[2331,512]",int32,int64,float32,True,True,False,True,True,True,2329,0,False
25002238B,5x,data/yiyuan/patches_coords_5x/patches_256/25002238B.h5,data/yiyuan/features_biomedclip_5x/25002238B.h5,True,True,,True,True,True,343,343,343,0,0,"[343,2]","[343,2]","[343,512]",int32,int64,float32,True,True,False,True,True,True,343,0,False
25002238B,20x,data/yiyuan/patches_coords_20x/patches_256/25002238B.h5,data/yiyuan/features_biomedclip_20x/25002238B.h5,True,True,,True,True,True,4907,4907,4907,0,0,"[4907,2]","[4907,2]","[4907,512]",int32,int64,float32,True,True,False,True,True,True,4904,0,False
25002328B2,5x,data/yiyuan/patches_coords_5x/patches_256/25002328B2.h5,data/yiyuan/features_biomedclip_5x/25002328B2.h5,True,True,,True,True,True,87,87,87,0,0,"[87,2]","[87,2]","[87,512]",int32,int64,float32,True,True,False,True,True,True,87,0,False
25002328B2,20x,data/yiyuan/patches_coords_20x/patches_256/25002328B2.h5,data/yiyuan/features_biomedclip_20x/25002328B2.h5,True,True,,True,True,True,1120,1120,1120,0,0,"[1120,2]","[1120,2]","[1120,512]",int32,int64,float32,True,True,False,True,True,True,1120,0,False
25002329B2,5x,data/yiyuan/patches_coords_5x/patches_256/25002329B2.h5,data/yiyuan/features_biomedclip_5x/25002329B2.h5,True,True,,True,True,True,252,252,252,0,0,"[252,2]","[252,2]","[252,512]",int32,int64,float32,True,True,False,True,True,True,252,0,False
25002329B2,20x,data/yiyuan/patches_coords_20x/patches_256/25002329B2.h5,data/yiyuan/features_biomedclip_20x/25002329B2.h5,True,True,,True,True,True,3519,3519,3519,0,0,"[3519,2]","[3519,2]","[3519,512]",int32,int64,float32,True,True,False,True,True,True,3516,0,False
25002366B6,5x,data/yiyuan/patches_coords_5x/patches_256/25002366B6.h5,data/yiyuan/features_biomedclip_5x/25002366B6.h5,True,True,,True,True,True,246,246,246,0,0,"[246,2]","[246,2]","[246,512]",int32,int64,float32,True,True,False,True,True,True,246,0,False
25002366B6,20x,data/yiyuan/patches_coords_20x/patches_256/25002366B6.h5,data/yiyuan/features_biomedclip_20x/25002366B6.h5,True,True,,True,True,True,3546,3546,3546,0,0,"[3546,2]","[3546,2]","[3546,512]",int32,int64,float32,True,True,False,True,True,True,3545,0,False
25002388B2,5x,data/yiyuan/patches_coords_5x/patches_256/25002388B2.h5,data/yiyuan/features_biomedclip_5x/25002388B2.h5,True,True,,True,True,True,109,109,109,0,0,"[109,2]","[109,2]","[109,512]",int32,int64,float32,True,True,False,True,True,True,109,0,False
25002388B2,20x,data/yiyuan/patches_coords_20x/patches_256/25002388B2.h5,data/yiyuan/features_biomedclip_20x/25002388B2.h5,True,True,,True,True,True,1373,1373,1373,0,0,"[1373,2]","[1373,2]","[1373,512]",int32,int64,float32,True,True,False,True,True,True,1372,0,False
25002391B2,5x,data/yiyuan/patches_coords_5x/patches_256/25002391B2.h5,data/yiyuan/features_biomedclip_5x/25002391B2.h5,True,True,,True,True,True,220,220,220,0,0,"[220,2]","[220,2]","[220,512]",int32,int64,float32,True,True,False,True,True,True,220,0,False
25002391B2,20x,data/yiyuan/patches_coords_20x/patches_256/25002391B2.h5,data/yiyuan/features_biomedclip_20x/25002391B2.h5,True,True,,True,True,True,3101,3101,3101,0,0,"[3101,2]","[3101,2]","[3101,512]",int32,int64,float32,True,True,False,True,True,True,3100,0,False
25002472B2,5x,data/yiyuan/patches_coords_5x/patches_256/25002472B2.h5,data/yiyuan/features_biomedclip_5x/25002472B2.h5,True,True,,True,True,True,363,363,363,0,0,"[363,2]","[363,2]","[363,512]",int32,int64,float32,True,True,False,True,True,True,363,0,False
25002472B2,20x,data/yiyuan/patches_coords_20x/patches_256/25002472B2.h5,data/yiyuan/features_biomedclip_20x/25002472B2.h5,True,True,,True,True,True,5416,5416,5416,0,0,"[5416,2]","[5416,2]","[5416,512]",int32,int64,float32,True,True,False,True,True,True,5415,0,False
25002496B2,5x,data/yiyuan/patches_coords_5x/patches_256/25002496B2.h5,data/yiyuan/features_biomedclip_5x/25002496B2.h5,True,True,,True,True,True,109,109,109,0,0,"[109,2]","[109,2]","[109,512]",int32,int64,float32,True,True,False,True,True,True,107,0,False
25002496B2,20x,data/yiyuan/patches_coords_20x/patches_256/25002496B2.h5,data/yiyuan/features_biomedclip_20x/25002496B2.h5,True,True,,True,True,True,1437,1437,1437,0,0,"[1437,2]","[1437,2]","[1437,512]",int32,int64,float32,True,True,False,True,True,True,1436,0,False
25002504B2,5x,data/yiyuan/patches_coords_5x/patches_256/25002504B2.h5,data/yiyuan/features_biomedclip_5x/25002504B2.h5,True,True,,True,True,True,346,346,346,0,0,"[346,2]","[346,2]","[346,512]",int32,int64,float32,True,True,False,True,True,True,346,0,False
25002504B2,20x,data/yiyuan/patches_coords_20x/patches_256/25002504B2.h5,data/yiyuan/features_biomedclip_20x/25002504B2.h5,True,True,,True,True,True,5058,5058,5058,0,0,"[5058,2]","[5058,2]","[5058,512]",int32,int64,float32,True,True,False,True,True,True,5058,0,False
25002663B5,5x,data/yiyuan/patches_coords_5x/patches_256/25002663B5.h5,data/yiyuan/features_biomedclip_5x/25002663B5.h5,True,True,,True,True,True,341,341,341,0,0,"[341,2]","[341,2]","[341,512]",int32,int64,float32,True,True,False,True,True,True,341,0,False
25002663B5,20x,data/yiyuan/patches_coords_20x/patches_256/25002663B5.h5,data/yiyuan/features_biomedclip_20x/25002663B5.h5,True,True,,True,True,True,5073,5073,5073,0,0,"[5073,2]","[5073,2]","[5073,512]",int32,int64,float32,True,True,False,True,True,True,5073,0,False
25002744B2,5x,data/yiyuan/patches_coords_5x/patches_256/25002744B2.h5,data/yiyuan/features_biomedclip_5x/25002744B2.h5,True,True,,True,True,True,195,195,195,0,0,"[195,2]","[195,2]","[195,512]",int32,int64,float32,True,True,False,True,True,True,195,0,False
25002744B2,20x,data/yiyuan/patches_coords_20x/patches_256/25002744B2.h5,data/yiyuan/features_biomedclip_20x/25002744B2.h5,True,True,,True,True,True,2776,2776,2776,0,0,"[2776,2]","[2776,2]","[2776,512]",int32,int64,float32,True,True,False,True,True,True,2776,0,False
25002788B2,5x,data/yiyuan/patches_coords_5x/patches_256/25002788B2.h5,data/yiyuan/features_biomedclip_5x/25002788B2.h5,True,True,,True,True,True,211,211,211,0,0,"[211,2]","[211,2]","[211,512]",int32,int64,float32,True,True,False,True,True,True,211,0,False
25002788B2,20x,data/yiyuan/patches_coords_20x/patches_256/25002788B2.h5,data/yiyuan/features_biomedclip_20x/25002788B2.h5,True,True,,True,True,True,3013,3013,3013,0,0,"[3013,2]","[3013,2]","[3013,512]",int32,int64,float32,True,True,False,True,True,True,3011,0,False
25002789B2,5x,data/yiyuan/patches_coords_5x/patches_256/25002789B2.h5,data/yiyuan/features_biomedclip_5x/25002789B2.h5,True,True,,True,True,True,249,249,249,0,0,"[249,2]","[249,2]","[249,512]",int32,int64,float32,True,True,False,True,True,True,249,0,False
25002789B2,20x,data/yiyuan/patches_coords_20x/patches_256/25002789B2.h5,data/yiyuan/features_biomedclip_20x/25002789B2.h5,True,True,,True,True,True,3576,3576,3576,0,0,"[3576,2]","[3576,2]","[3576,512]",int32,int64,float32,True,True,False,True,True,True,3575,0,False
25002801B1,5x,data/yiyuan/patches_coords_5x/patches_256/25002801B1.h5,data/yiyuan/features_biomedclip_5x/25002801B1.h5,True,True,,True,True,True,168,168,168,0,0,"[168,2]","[168,2]","[168,512]",int32,int64,float32,True,True,False,True,True,True,168,0,False
25002801B1,20x,data/yiyuan/patches_coords_20x/patches_256/25002801B1.h5,data/yiyuan/features_biomedclip_20x/25002801B1.h5,True,True,,True,True,True,2401,2401,2401,0,0,"[2401,2]","[2401,2]","[2401,512]",int32,int64,float32,True,True,False,True,True,True,2401,0,False
25002804B2,5x,data/yiyuan/patches_coords_5x/patches_256/25002804B2.h5,data/yiyuan/features_biomedclip_5x/25002804B2.h5,True,True,,True,True,True,333,333,333,0,0,"[333,2]","[333,2]","[333,512]",int32,int64,float32,True,True,False,True,True,True,333,0,False
25002804B2,20x,data/yiyuan/patches_coords_20x/patches_256/25002804B2.h5,data/yiyuan/features_biomedclip_20x/25002804B2.h5,True,True,,True,True,True,4763,4763,4763,0,0,"[4763,2]","[4763,2]","[4763,512]",int32,int64,float32,True,True,False,True,True,True,4762,0,False
25002897B2,5x,data/yiyuan/patches_coords_5x/patches_256/25002897B2.h5,data/yiyuan/features_biomedclip_5x/25002897B2.h5,True,True,,True,True,True,177,177,177,0,0,"[177,2]","[177,2]","[177,512]",int32,int64,float32,True,True,False,True,True,True,177,0,False
25002897B2,20x,data/yiyuan/patches_coords_20x/patches_256/25002897B2.h5,data/yiyuan/features_biomedclip_20x/25002897B2.h5,True,True,,True,True,True,2569,2569,2569,0,0,"[2569,2]","[2569,2]","[2569,512]",int32,int64,float32,True,True,False,True,True,True,2568,0,False
25002898B2,5x,data/yiyuan/patches_coords_5x/patches_256/25002898B2.h5,data/yiyuan/features_biomedclip_5x/25002898B2.h5,True,True,,True,True,True,105,105,105,0,0,"[105,2]","[105,2]","[105,512]",int32,int64,float32,True,True,False,True,True,True,77,16,False
25002898B2,20x,data/yiyuan/patches_coords_20x/patches_256/25002898B2.h5,data/yiyuan/features_biomedclip_20x/25002898B2.h5,True,True,,True,True,True,1484,1484,1484,0,0,"[1484,2]","[1484,2]","[1484,512]",int32,int64,float32,True,True,False,True,True,True,1484,0,False
25002906B2,5x,data/yiyuan/patches_coords_5x/patches_256/25002906B2.h5,data/yiyuan/features_biomedclip_5x/25002906B2.h5,True,True,,True,True,True,186,186,186,0,0,"[186,2]","[186,2]","[186,512]",int32,int64,float32,True,True,False,True,True,True,186,0,False
25002906B2,20x,data/yiyuan/patches_coords_20x/patches_256/25002906B2.h5,data/yiyuan/features_biomedclip_20x/25002906B2.h5,True,True,,True,True,True,2697,2697,2697,0,0,"[2697,2]","[2697,2]","[2697,512]",int32,int64,float32,True,True,False,True,True,True,2697,0,False
25002907B3,5x,data/yiyuan/patches_coords_5x/patches_256/25002907B3.h5,data/yiyuan/features_biomedclip_5x/25002907B3.h5,True,True,,True,True,True,189,189,189,0,0,"[189,2]","[189,2]","[189,512]",int32,int64,float32,True,True,False,True,True,True,189,0,False
25002907B3,20x,data/yiyuan/patches_coords_20x/patches_256/25002907B3.h5,data/yiyuan/features_biomedclip_20x/25002907B3.h5,True,True,,True,True,True,2681,2681,2681,0,0,"[2681,2]","[2681,2]","[2681,512]",int32,int64,float32,True,True,False,True,True,True,2679,0,False
25003038B2,5x,data/yiyuan/patches_coords_5x/patches_256/25003038B2.h5,data/yiyuan/features_biomedclip_5x/25003038B2.h5,True,True,,True,True,True,392,392,392,0,0,"[392,2]","[392,2]","[392,512]",int32,int64,float32,True,True,False,True,True,True,392,0,False
25003038B2,20x,data/yiyuan/patches_coords_20x/patches_256/25003038B2.h5,data/yiyuan/features_biomedclip_20x/25003038B2.h5,True,True,,True,True,True,5702,5702,5702,0,0,"[5702,2]","[5702,2]","[5702,512]",int32,int64,float32,True,True,False,True,True,True,5701,0,False
25009124B2,5x,data/yiyuan/patches_coords_5x/patches_256/25009124B2.h5,data/yiyuan/features_biomedclip_5x/25009124B2.h5,True,True,,True,True,True,223,223,223,0,0,"[223,2]","[223,2]","[223,512]",int32,int64,float32,True,True,False,True,True,True,223,0,False
25009124B2,20x,data/yiyuan/patches_coords_20x/patches_256/25009124B2.h5,data/yiyuan/features_biomedclip_20x/25009124B2.h5,True,True,,True,True,True,3331,3331,3331,0,0,"[3331,2]","[3331,2]","[3331,512]",int32,int64,float32,True,True,False,True,True,True,3331,0,False
25009148B3,5x,data/yiyuan/patches_coords_5x/patches_256/25009148B3.h5,data/yiyuan/features_biomedclip_5x/25009148B3.h5,True,True,,True,True,True,176,176,176,0,0,"[176,2]","[176,2]","[176,512]",int32,int64,float32,True,True,False,True,True,True,176,0,False
25009148B3,20x,data/yiyuan/patches_coords_20x/patches_256/25009148B3.h5,data/yiyuan/features_biomedclip_20x/25009148B3.h5,True,True,,True,True,True,2470,2470,2470,0,0,"[2470,2]","[2470,2]","[2470,512]",int32,int64,float32,True,True,False,True,True,True,2470,0,False
25009148B4,5x,data/yiyuan/patches_coords_5x/patches_256/25009148B4.h5,data/yiyuan/features_biomedclip_5x/25009148B4.h5,True,True,,True,True,True,124,124,124,0,0,"[124,2]","[124,2]","[124,512]",int32,int64,float32,True,True,False,True,True,True,93,0,False
25009148B4,20x,data/yiyuan/patches_coords_20x/patches_256/25009148B4.h5,data/yiyuan/features_biomedclip_20x/25009148B4.h5,True,True,,True,True,True,1748,1748,1748,0,0,"[1748,2]","[1748,2]","[1748,512]",int32,int64,float32,True,True,False,True,True,True,1747,0,False
25009294B2,5x,data/yiyuan/patches_coords_5x/patches_256/25009294B2.h5,data/yiyuan/features_biomedclip_5x/25009294B2.h5,True,True,,True,True,True,210,210,210,0,0,"[210,2]","[210,2]","[210,512]",int32,int64,float32,True,True,False,True,True,True,210,0,False
25009294B2,20x,data/yiyuan/patches_coords_20x/patches_256/25009294B2.h5,data/yiyuan/features_biomedclip_20x/25009294B2.h5,True,True,,True,True,True,3106,3106,3106,0,0,"[3106,2]","[3106,2]","[3106,512]",int32,int64,float32,True,True,False,True,True,True,3106,0,False
25009297B,5x,data/yiyuan/patches_coords_5x/patches_256/25009297B.h5,data/yiyuan/features_biomedclip_5x/25009297B.h5,True,True,,True,True,True,344,344,344,0,0,"[344,2]","[344,2]","[344,512]",int32,int64,float32,True,True,False,True,True,True,344,0,False
25009297B,20x,data/yiyuan/patches_coords_20x/patches_256/25009297B.h5,data/yiyuan/features_biomedclip_20x/25009297B.h5,True,True,,True,True,True,5102,5102,5102,0,0,"[5102,2]","[5102,2]","[5102,512]",int32,int64,float32,True,True,False,True,True,True,5101,0,False
25009367B2,5x,data/yiyuan/patches_coords_5x/patches_256/25009367B2.h5,data/yiyuan/features_biomedclip_5x/25009367B2.h5,True,True,,True,True,True,252,252,252,0,0,"[252,2]","[252,2]","[252,512]",int32,int64,float32,True,True,False,True,True,True,252,0,False
25009367B2,20x,data/yiyuan/patches_coords_20x/patches_256/25009367B2.h5,data/yiyuan/features_biomedclip_20x/25009367B2.h5,True,True,,True,True,True,3738,3738,3738,0,0,"[3738,2]","[3738,2]","[3738,512]",int32,int64,float32,True,True,False,True,True,True,3738,0,False
25009529B2,5x,data/yiyuan/patches_coords_5x/patches_256/25009529B2.h5,data/yiyuan/features_biomedclip_5x/25009529B2.h5,True,True,,True,True,True,170,170,170,0,0,"[170,2]","[170,2]","[170,512]",int32,int64,float32,True,True,False,True,True,True,157,0,False
25009529B2,20x,data/yiyuan/patches_coords_20x/patches_256/25009529B2.h5,data/yiyuan/features_biomedclip_20x/25009529B2.h5,True,True,,True,True,True,2464,2464,2464,0,0,"[2464,2]","[2464,2]","[2464,512]",int32,int64,float32,True,True,False,True,True,True,2463,0,False
25009539B3,5x,data/yiyuan/patches_coords_5x/patches_256/25009539B3.h5,data/yiyuan/features_biomedclip_5x/25009539B3.h5,True,True,,True,True,True,222,222,222,0,0,"[222,2]","[222,2]","[222,512]",int32,int64,float32,True,True,False,True,True,True,222,0,False
25009539B3,20x,data/yiyuan/patches_coords_20x/patches_256/25009539B3.h5,data/yiyuan/features_biomedclip_20x/25009539B3.h5,True,True,,True,True,True,3086,3086,3086,0,0,"[3086,2]","[3086,2]","[3086,512]",int32,int64,float32,True,True,False,True,True,True,3085,0,False
25009578B4,5x,data/yiyuan/patches_coords_5x/patches_256/25009578B4.h5,data/yiyuan/features_biomedclip_5x/25009578B4.h5,True,True,,True,True,True,287,287,287,0,0,"[287,2]","[287,2]","[287,512]",int32,int64,float32,True,True,False,True,True,True,287,0,False
25009578B4,20x,data/yiyuan/patches_coords_20x/patches_256/25009578B4.h5,data/yiyuan/features_biomedclip_20x/25009578B4.h5,True,True,,True,True,True,4092,4092,4092,0,0,"[4092,2]","[4092,2]","[4092,512]",int32,int64,float32,True,True,False,True,True,True,4092,0,False
25009747B,5x,data/yiyuan/patches_coords_5x/patches_256/25009747B.h5,data/yiyuan/features_biomedclip_5x/25009747B.h5,True,True,,True,True,True,293,293,293,0,0,"[293,2]","[293,2]","[293,512]",int32,int64,float32,True,True,False,True,True,True,292,1,False
25009747B,20x,data/yiyuan/patches_coords_20x/patches_256/25009747B.h5,data/yiyuan/features_biomedclip_20x/25009747B.h5,True,True,,True,True,True,4150,4150,4150,0,0,"[4150,2]","[4150,2]","[4150,512]",int32,int64,float32,True,True,False,True,True,True,4150,0,False
25009756B2,5x,data/yiyuan/patches_coords_5x/patches_256/25009756B2.h5,data/yiyuan/features_biomedclip_5x/25009756B2.h5,True,True,,True,True,True,236,236,236,0,0,"[236,2]","[236,2]","[236,512]",int32,int64,float32,True,True,False,True,True,True,236,0,False
25009756B2,20x,data/yiyuan/patches_coords_20x/patches_256/25009756B2.h5,data/yiyuan/features_biomedclip_20x/25009756B2.h5,True,True,,True,True,True,3381,3381,3381,0,0,"[3381,2]","[3381,2]","[3381,512]",int32,int64,float32,True,True,False,True,True,True,3381,0,False
25015064B,5x,data/yiyuan/patches_coords_5x/patches_256/25015064B.h5,data/yiyuan/features_biomedclip_5x/25015064B.h5,True,True,,True,True,True,74,74,74,0,0,"[74,2]","[74,2]","[74,512]",int32,int64,float32,True,True,False,True,True,True,74,0,False
25015064B,20x,data/yiyuan/patches_coords_20x/patches_256/25015064B.h5,data/yiyuan/features_biomedclip_20x/25015064B.h5,True,True,,True,True,True,1022,1022,1022,0,0,"[1022,2]","[1022,2]","[1022,512]",int32,int64,float32,True,True,False,True,True,True,1022,0,False
2460615-B4,5x,data/yiyuan/patches_coords_5x/patches_256/2460615-B4.h5,data/yiyuan/features_biomedclip_5x/2460615-B4.h5,True,True,,True,True,True,157,157,157,0,0,"[157,2]","[157,2]","[157,512]",int32,int64,float32,True,True,False,True,True,True,157,0,False
2460615-B4,20x,data/yiyuan/patches_coords_20x/patches_256/2460615-B4.h5,data/yiyuan/features_biomedclip_20x/2460615-B4.h5,True,True,,True,True,True,2071,2071,2071,0,0,"[2071,2]","[2071,2]","[2071,512]",int32,int64,float32,True,True,False,True,True,True,2069,0,False
2460943-B3,5x,data/yiyuan/patches_coords_5x/patches_256/2460943-B3.h5,data/yiyuan/features_biomedclip_5x/2460943-B3.h5,True,True,,True,True,True,98,98,98,0,0,"[98,2]","[98,2]","[98,512]",int32,int64,float32,True,True,False,True,True,True,98,0,False
2460943-B3,20x,data/yiyuan/patches_coords_20x/patches_256/2460943-B3.h5,data/yiyuan/features_biomedclip_20x/2460943-B3.h5,True,True,,True,True,True,1349,1349,1349,0,0,"[1349,2]","[1349,2]","[1349,512]",int32,int64,float32,True,True,False,True,True,True,1347,0,False
2462468-B2,5x,data/yiyuan/patches_coords_5x/patches_256/2462468-B2.h5,data/yiyuan/features_biomedclip_5x/2462468-B2.h5,True,True,,True,True,True,197,197,197,0,0,"[197,2]","[197,2]","[197,512]",int32,int64,float32,True,True,False,True,True,True,194,0,False
2462468-B2,20x,data/yiyuan/patches_coords_20x/patches_256/2462468-B2.h5,data/yiyuan/features_biomedclip_20x/2462468-B2.h5,True,True,,True,True,True,2686,2686,2686,0,0,"[2686,2]","[2686,2]","[2686,512]",int32,int64,float32,True,True,False,True,True,True,2684,0,False
2462609-B2,5x,data/yiyuan/patches_coords_5x/patches_256/2462609-B2.h5,data/yiyuan/features_biomedclip_5x/2462609-B2.h5,True,True,,True,True,True,61,61,61,0,0,"[61,2]","[61,2]","[61,512]",int32,int64,float32,True,True,False,True,True,True,61,0,False
2462609-B2,20x,data/yiyuan/patches_coords_20x/patches_256/2462609-B2.h5,data/yiyuan/features_biomedclip_20x/2462609-B2.h5,True,True,,True,True,True,821,821,821,0,0,"[821,2]","[821,2]","[821,512]",int32,int64,float32,True,True,False,True,True,True,820,0,False
2462939-B,5x,data/yiyuan/patches_coords_5x/patches_256/2462939-B.h5,data/yiyuan/features_biomedclip_5x/2462939-B.h5,True,True,,True,True,True,99,99,99,0,0,"[99,2]","[99,2]","[99,512]",int32,int64,float32,True,True,False,True,True,True,78,0,False
2462939-B,20x,data/yiyuan/patches_coords_20x/patches_256/2462939-B.h5,data/yiyuan/features_biomedclip_20x/2462939-B.h5,True,True,,True,True,True,1451,1451,1451,0,0,"[1451,2]","[1451,2]","[1451,512]",int32,int64,float32,True,True,False,True,True,True,1449,0,False
2463367-B2,5x,data/yiyuan/patches_coords_5x/patches_256/2463367-B2.h5,data/yiyuan/features_biomedclip_5x/2463367-B2.h5,True,True,,True,True,True,301,301,301,0,0,"[301,2]","[301,2]","[301,512]",int32,int64,float32,True,True,False,True,True,True,301,0,False
2463367-B2,20x,data/yiyuan/patches_coords_20x/patches_256/2463367-B2.h5,data/yiyuan/features_biomedclip_20x/2463367-B2.h5,True,True,,True,True,True,4380,4380,4380,0,0,"[4380,2]","[4380,2]","[4380,512]",int32,int64,float32,True,True,False,True,True,True,4380,0,False
2476286-B2,5x,data/yiyuan/patches_coords_5x/patches_256/2476286-B2.h5,data/yiyuan/features_biomedclip_5x/2476286-B2.h5,True,True,,True,True,True,302,302,302,0,0,"[302,2]","[302,2]","[302,512]",int32,int64,float32,True,True,False,True,True,True,302,0,False
2476286-B2,20x,data/yiyuan/patches_coords_20x/patches_256/2476286-B2.h5,data/yiyuan/features_biomedclip_20x/2476286-B2.h5,True,True,,True,True,True,4315,4315,4315,0,0,"[4315,2]","[4315,2]","[4315,512]",int32,int64,float32,True,True,False,True,True,True,4315,0,False
2476299-B2,5x,data/yiyuan/patches_coords_5x/patches_256/2476299-B2.h5,data/yiyuan/features_biomedclip_5x/2476299-B2.h5,True,True,,True,True,True,227,227,227,0,0,"[227,2]","[227,2]","[227,512]",int32,int64,float32,True,True,False,True,True,True,227,0,False
2476299-B2,20x,data/yiyuan/patches_coords_20x/patches_256/2476299-B2.h5,data/yiyuan/features_biomedclip_20x/2476299-B2.h5,True,True,,True,True,True,3089,3089,3089,0,0,"[3089,2]","[3089,2]","[3089,512]",int32,int64,float32,True,True,False,True,True,True,3089,0,False
2476693-B3,5x,data/yiyuan/patches_coords_5x/patches_256/2476693-B3.h5,data/yiyuan/features_biomedclip_5x/2476693-B3.h5,True,True,,True,True,True,220,220,220,0,0,"[220,2]","[220,2]","[220,512]",int32,int64,float32,True,True,False,True,True,True,220,0,False
2476693-B3,20x,data/yiyuan/patches_coords_20x/patches_256/2476693-B3.h5,data/yiyuan/features_biomedclip_20x/2476693-B3.h5,True,True,,True,True,True,3003,3003,3003,0,0,"[3003,2]","[3003,2]","[3003,512]",int32,int64,float32,True,True,False,True,True,True,3003,0,False
2477926-B4,5x,data/yiyuan/patches_coords_5x/patches_256/2477926-B4.h5,data/yiyuan/features_biomedclip_5x/2477926-B4.h5,True,True,,True,True,True,156,156,156,0,0,"[156,2]","[156,2]","[156,512]",int32,int64,float32,True,True,False,True,True,True,156,0,False
2477926-B4,20x,data/yiyuan/patches_coords_20x/patches_256/2477926-B4.h5,data/yiyuan/features_biomedclip_20x/2477926-B4.h5,True,True,,True,True,True,2143,2143,2143,0,0,"[2143,2]","[2143,2]","[2143,512]",int32,int64,float32,True,True,False,True,True,True,2143,0,False
2482111-B2,5x,data/yiyuan/patches_coords_5x/patches_256/2482111-B2.h5,data/yiyuan/features_biomedclip_5x/2482111-B2.h5,True,True,,True,True,True,424,424,424,0,0,"[424,2]","[424,2]","[424,512]",int32,int64,float32,True,True,False,True,True,True,424,0,False
2482111-B2,20x,data/yiyuan/patches_coords_20x/patches_256/2482111-B2.h5,data/yiyuan/features_biomedclip_20x/2482111-B2.h5,True,True,,True,True,True,6180,6180,6180,0,0,"[6180,2]","[6180,2]","[6180,512]",int32,int64,float32,True,True,False,True,True,True,6179,0,False
2482883-B2,5x,data/yiyuan/patches_coords_5x/patches_256/2482883-B2.h5,data/yiyuan/features_biomedclip_5x/2482883-B2.h5,True,True,,True,True,True,390,390,390,0,0,"[390,2]","[390,2]","[390,512]",int32,int64,float32,True,True,False,True,True,True,378,0,False
2482883-B2,20x,data/yiyuan/patches_coords_20x/patches_256/2482883-B2.h5,data/yiyuan/features_biomedclip_20x/2482883-B2.h5,True,True,,True,True,True,5651,5651,5651,0,0,"[5651,2]","[5651,2]","[5651,512]",int32,int64,float32,True,True,False,True,True,True,5651,0,False
2483073-B3,5x,data/yiyuan/patches_coords_5x/patches_256/2483073-B3.h5,data/yiyuan/features_biomedclip_5x/2483073-B3.h5,True,True,,True,True,True,231,231,231,0,0,"[231,2]","[231,2]","[231,512]",int32,int64,float32,True,True,False,True,True,True,231,0,False
2483073-B3,20x,data/yiyuan/patches_coords_20x/patches_256/2483073-B3.h5,data/yiyuan/features_biomedclip_20x/2483073-B3.h5,True,True,,True,True,True,3203,3203,3203,0,0,"[3203,2]","[3203,2]","[3203,512]",int32,int64,float32,True,True,False,True,True,True,3202,0,False
2483850-B2,5x,data/yiyuan/patches_coords_5x/patches_256/2483850-B2.h5,data/yiyuan/features_biomedclip_5x/2483850-B2.h5,True,True,,True,True,True,163,163,163,0,0,"[163,2]","[163,2]","[163,512]",int32,int64,float32,True,True,False,True,True,True,163,0,False
2483850-B2,20x,data/yiyuan/patches_coords_20x/patches_256/2483850-B2.h5,data/yiyuan/features_biomedclip_20x/2483850-B2.h5,True,True,,True,True,True,2419,2419,2419,0,0,"[2419,2]","[2419,2]","[2419,512]",int32,int64,float32,True,True,False,True,True,True,2417,0,False
2484660-B2,5x,data/yiyuan/patches_coords_5x/patches_256/2484660-B2.h5,data/yiyuan/features_biomedclip_5x/2484660-B2.h5,True,True,,True,True,True,201,201,201,0,0,"[201,2]","[201,2]","[201,512]",int32,int64,float32,True,True,False,True,True,True,201,0,False
2484660-B2,20x,data/yiyuan/patches_coords_20x/patches_256/2484660-B2.h5,data/yiyuan/features_biomedclip_20x/2484660-B2.h5,True,True,,True,True,True,2946,2946,2946,0,0,"[2946,2]","[2946,2]","[2946,512]",int32,int64,float32,True,True,False,True,True,True,2945,0,False
2484791-B2,5x,data/yiyuan/patches_coords_5x/patches_256/2484791-B2.h5,data/yiyuan/features_biomedclip_5x/2484791-B2.h5,True,True,,True,True,True,206,206,206,0,0,"[206,2]","[206,2]","[206,512]",int32,int64,float32,True,True,False,True,True,True,206,0,False
2484791-B2,20x,data/yiyuan/patches_coords_20x/patches_256/2484791-B2.h5,data/yiyuan/features_biomedclip_20x/2484791-B2.h5,True,True,,True,True,True,2771,2771,2771,0,0,"[2771,2]","[2771,2]","[2771,512]",int32,int64,float32,True,True,False,True,True,True,2769,0,False
2484862-B3,5x,data/yiyuan/patches_coords_5x/patches_256/2484862-B3.h5,data/yiyuan/features_biomedclip_5x/2484862-B3.h5,True,True,,True,True,True,236,236,236,0,0,"[236,2]","[236,2]","[236,512]",int32,int64,float32,True,True,False,True,True,True,236,0,False
2484862-B3,20x,data/yiyuan/patches_coords_20x/patches_256/2484862-B3.h5,data/yiyuan/features_biomedclip_20x/2484862-B3.h5,True,True,,True,True,True,3317,3317,3317,0,0,"[3317,2]","[3317,2]","[3317,512]",int32,int64,float32,True,True,False,True,True,True,3315,0,False
2485164-B2,5x,data/yiyuan/patches_coords_5x/patches_256/2485164-B2.h5,data/yiyuan/features_biomedclip_5x/2485164-B2.h5,True,True,,True,True,True,146,146,146,0,0,"[146,2]","[146,2]","[146,512]",int32,int64,float32,True,True,False,True,True,True,146,0,False
2485164-B2,20x,data/yiyuan/patches_coords_20x/patches_256/2485164-B2.h5,data/yiyuan/features_biomedclip_20x/2485164-B2.h5,True,True,,True,True,True,2004,2004,2004,0,0,"[2004,2]","[2004,2]","[2004,512]",int32,int64,float32,True,True,False,True,True,True,2003,0,False
2485276-B3,5x,data/yiyuan/patches_coords_5x/patches_256/2485276-B3.h5,data/yiyuan/features_biomedclip_5x/2485276-B3.h5,True,True,,True,True,True,147,147,147,0,0,"[147,2]","[147,2]","[147,512]",int32,int64,float32,True,True,False,True,True,True,147,0,False
2485276-B3,20x,data/yiyuan/patches_coords_20x/patches_256/2485276-B3.h5,data/yiyuan/features_biomedclip_20x/2485276-B3.h5,True,True,,True,True,True,1711,1711,1711,0,0,"[1711,2]","[1711,2]","[1711,512]",int32,int64,float32,True,True,False,True,True,True,1710,0,False
2485473-B2,5x,data/yiyuan/patches_coords_5x/patches_256/2485473-B2.h5,data/yiyuan/features_biomedclip_5x/2485473-B2.h5,True,True,,True,True,True,263,263,263,0,0,"[263,2]","[263,2]","[263,512]",int32,int64,float32,True,True,False,True,True,True,263,0,False
2485473-B2,20x,data/yiyuan/patches_coords_20x/patches_256/2485473-B2.h5,data/yiyuan/features_biomedclip_20x/2485473-B2.h5,True,True,,True,True,True,3743,3743,3743,0,0,"[3743,2]","[3743,2]","[3743,512]",int32,int64,float32,True,True,False,True,True,True,3743,0,False
2485536-B2,5x,data/yiyuan/patches_coords_5x/patches_256/2485536-B2.h5,data/yiyuan/features_biomedclip_5x/2485536-B2.h5,True,True,,True,True,True,192,192,192,0,0,"[192,2]","[192,2]","[192,512]",int32,int64,float32,True,True,False,True,True,True,191,0,False
2485536-B2,20x,data/yiyuan/patches_coords_20x/patches_256/2485536-B2.h5,data/yiyuan/features_biomedclip_20x/2485536-B2.h5,True,True,,True,True,True,2655,2655,2655,0,0,"[2655,2]","[2655,2]","[2655,512]",int32,int64,float32,True,True,False,True,True,True,2652,0,False
2485632-B,5x,data/yiyuan/patches_coords_5x/patches_256/2485632-B.h5,data/yiyuan/features_biomedclip_5x/2485632-B.h5,True,True,,True,True,True,149,149,149,0,0,"[149,2]","[149,2]","[149,512]",int64,int64,float32,True,True,True,True,True,False,0,,True
2485632-B,20x,data/yiyuan/patches_coords_20x/patches_256/2485632-B.h5,data/yiyuan/features_biomedclip_20x/2485632-B.h5,True,True,,True,True,True,2029,2029,2029,0,0,"[2029,2]","[2029,2]","[2029,512]",int64,int64,float32,True,True,False,True,True,True,2027,0,False
2486102-B2,5x,data/yiyuan/patches_coords_5x/patches_256/2486102-B2.h5,data/yiyuan/features_biomedclip_5x/2486102-B2.h5,True,True,,True,True,True,77,77,77,0,0,"[77,2]","[77,2]","[77,512]",int32,int64,float32,True,True,False,True,True,True,77,0,False
2486102-B2,20x,data/yiyuan/patches_coords_20x/patches_256/2486102-B2.h5,data/yiyuan/features_biomedclip_20x/2486102-B2.h5,True,True,,True,True,True,984,984,984,0,0,"[984,2]","[984,2]","[984,512]",int32,int64,float32,True,True,False,True,True,True,982,0,False
2487043-B,5x,data/yiyuan/patches_coords_5x/patches_256/2487043-B.h5,data/yiyuan/features_biomedclip_5x/2487043-B.h5,True,True,,True,True,True,109,109,109,0,0,"[109,2]","[109,2]","[109,512]",int64,int64,float32,True,True,True,True,True,False,0,,True
2487043-B,20x,data/yiyuan/patches_coords_20x/patches_256/2487043-B.h5,data/yiyuan/features_biomedclip_20x/2487043-B.h5,True,True,,True,True,True,1513,1513,1513,0,0,"[1513,2]","[1513,2]","[1513,512]",int64,int64,float32,True,True,False,True,True,True,1513,0,False
2487053-B2,5x,data/yiyuan/patches_coords_5x/patches_256/2487053-B2.h5,data/yiyuan/features_biomedclip_5x/2487053-B2.h5,True,True,,True,True,True,202,202,202,0,0,"[202,2]","[202,2]","[202,512]",int32,int64,float32,True,True,False,True,True,True,202,0,False
2487053-B2,20x,data/yiyuan/patches_coords_20x/patches_256/2487053-B2.h5,data/yiyuan/features_biomedclip_20x/2487053-B2.h5,True,True,,True,True,True,2933,2933,2933,0,0,"[2933,2]","[2933,2]","[2933,512]",int32,int64,float32,True,True,False,True,True,True,2933,0,False
2487063-B2,5x,data/yiyuan/patches_coords_5x/patches_256/2487063-B2.h5,data/yiyuan/features_biomedclip_5x/2487063-B2.h5,True,True,,True,True,True,121,121,121,0,0,"[121,2]","[121,2]","[121,512]",int32,int64,float32,True,True,False,True,True,True,121,0,False
2487063-B2,20x,data/yiyuan/patches_coords_20x/patches_256/2487063-B2.h5,data/yiyuan/features_biomedclip_20x/2487063-B2.h5,True,True,,True,True,True,1409,1409,1409,0,0,"[1409,2]","[1409,2]","[1409,512]",int32,int64,float32,True,True,False,True,True,True,1408,0,False
2487518-B,5x,data/yiyuan/patches_coords_5x/patches_256/2487518-B.h5,data/yiyuan/features_biomedclip_5x/2487518-B.h5,True,True,,True,True,True,91,91,91,0,0,"[91,2]","[91,2]","[91,512]",int64,int64,float32,True,True,True,True,True,False,0,,True
2487518-B,20x,data/yiyuan/patches_coords_20x/patches_256/2487518-B.h5,data/yiyuan/features_biomedclip_20x/2487518-B.h5,True,True,,True,True,True,1281,1281,1281,0,0,"[1281,2]","[1281,2]","[1281,512]",int64,int64,float32,True,True,False,True,True,True,1280,0,False
2487567-B2,5x,data/yiyuan/patches_coords_5x/patches_256/2487567-B2.h5,data/yiyuan/features_biomedclip_5x/2487567-B2.h5,True,True,,True,True,True,103,103,103,0,0,"[103,2]","[103,2]","[103,512]",int32,int64,float32,True,True,False,True,True,True,103,0,False
2487567-B2,20x,data/yiyuan/patches_coords_20x/patches_256/2487567-B2.h5,data/yiyuan/features_biomedclip_20x/2487567-B2.h5,True,True,,True,True,True,1480,1480,1480,0,0,"[1480,2]","[1480,2]","[1480,512]",int32,int64,float32,True,True,False,True,True,True,1480,0,False
2488040-B,5x,data/yiyuan/patches_coords_5x/patches_256/2488040-B.h5,data/yiyuan/features_biomedclip_5x/2488040-B.h5,True,True,,True,True,True,256,256,256,0,0,"[256,2]","[256,2]","[256,512]",int64,int64,float32,True,True,True,True,True,False,0,,True
2488040-B,20x,data/yiyuan/patches_coords_20x/patches_256/2488040-B.h5,data/yiyuan/features_biomedclip_20x/2488040-B.h5,True,True,,True,True,True,3714,3714,3714,0,0,"[3714,2]","[3714,2]","[3714,512]",int64,int64,float32,True,True,False,True,True,True,3713,0,False
2488302-B2,5x,data/yiyuan/patches_coords_5x/patches_256/2488302-B2.h5,data/yiyuan/features_biomedclip_5x/2488302-B2.h5,True,True,,True,True,True,244,244,244,0,0,"[244,2]","[244,2]","[244,512]",int32,int64,float32,True,True,False,True,True,True,244,0,False
2488302-B2,20x,data/yiyuan/patches_coords_20x/patches_256/2488302-B2.h5,data/yiyuan/features_biomedclip_20x/2488302-B2.h5,True,True,,True,True,True,3415,3415,3415,0,0,"[3415,2]","[3415,2]","[3415,512]",int32,int64,float32,True,True,False,True,True,True,3413,0,False
2488335-B,5x,data/yiyuan/patches_coords_5x/patches_256/2488335-B.h5,data/yiyuan/features_biomedclip_5x/2488335-B.h5,True,True,,True,True,True,358,358,358,0,0,"[358,2]","[358,2]","[358,512]",int64,int64,float32,True,True,True,True,True,False,0,,True
2488335-B,20x,data/yiyuan/patches_coords_20x/patches_256/2488335-B.h5,data/yiyuan/features_biomedclip_20x/2488335-B.h5,True,True,,True,True,True,5092,5092,5092,0,0,"[5092,2]","[5092,2]","[5092,512]",int64,int64,float32,True,True,False,True,True,True,5092,0,False
2488960-B2,5x,data/yiyuan/patches_coords_5x/patches_256/2488960-B2.h5,data/yiyuan/features_biomedclip_5x/2488960-B2.h5,True,True,,True,True,True,221,221,221,0,0,"[221,2]","[221,2]","[221,512]",int32,int64,float32,True,True,False,True,True,True,221,0,False
2488960-B2,20x,data/yiyuan/patches_coords_20x/patches_256/2488960-B2.h5,data/yiyuan/features_biomedclip_20x/2488960-B2.h5,True,True,,True,True,True,3331,3331,3331,0,0,"[3331,2]","[3331,2]","[3331,512]",int32,int64,float32,True,True,False,True,True,True,3330,0,False
2488987-B2,5x,data/yiyuan/patches_coords_5x/patches_256/2488987-B2.h5,data/yiyuan/features_biomedclip_5x/2488987-B2.h5,True,True,,True,True,True,262,262,262,0,0,"[262,2]","[262,2]","[262,512]",int32,int64,float32,True,True,False,True,True,True,262,0,False
2488987-B2,20x,data/yiyuan/patches_coords_20x/patches_256/2488987-B2.h5,data/yiyuan/features_biomedclip_20x/2488987-B2.h5,True,True,,True,True,True,3617,3617,3617,0,0,"[3617,2]","[3617,2]","[3617,512]",int32,int64,float32,True,True,False,True,True,True,3617,0,False
25012737B4,5x,data/yiyuan/patches_coords_5x/patches_256/25012737B4.h5,data/yiyuan/features_biomedclip_5x/25012737B4.h5,True,True,,True,True,True,122,122,122,0,0,"[122,2]","[122,2]","[122,512]",int32,int64,float32,True,True,False,True,True,True,122,0,False
25012737B4,20x,data/yiyuan/patches_coords_20x/patches_256/25012737B4.h5,data/yiyuan/features_biomedclip_20x/25012737B4.h5,True,True,,True,True,True,1619,1619,1619,0,0,"[1619,2]","[1619,2]","[1619,512]",int32,int64,float32,True,True,False,True,True,True,1618,0,False
25013062B2,5x,data/yiyuan/patches_coords_5x/patches_256/25013062B2.h5,data/yiyuan/features_biomedclip_5x/25013062B2.h5,True,True,,True,True,True,99,99,99,0,0,"[99,2]","[99,2]","[99,512]",int32,int64,float32,True,True,False,True,True,True,95,0,False
25013062B2,20x,data/yiyuan/patches_coords_20x/patches_256/25013062B2.h5,data/yiyuan/features_biomedclip_20x/25013062B2.h5,True,True,,True,True,True,1277,1277,1277,0,0,"[1277,2]","[1277,2]","[1277,512]",int32,int64,float32,True,True,False,True,True,True,1276,0,False
25013189B4,5x,data/yiyuan/patches_coords_5x/patches_256/25013189B4.h5,data/yiyuan/features_biomedclip_5x/25013189B4.h5,True,True,,True,True,True,119,119,119,0,0,"[119,2]","[119,2]","[119,512]",int32,int64,float32,True,True,False,True,True,True,101,0,False
25013189B4,20x,data/yiyuan/patches_coords_20x/patches_256/25013189B4.h5,data/yiyuan/features_biomedclip_20x/25013189B4.h5,True,True,,True,True,True,1672,1672,1672,0,0,"[1672,2]","[1672,2]","[1672,512]",int32,int64,float32,True,True,False,True,True,True,1671,0,False
25013629B6,5x,data/yiyuan/patches_coords_5x/patches_256/25013629B6.h5,data/yiyuan/features_biomedclip_5x/25013629B6.h5,True,True,,True,True,True,375,375,375,0,0,"[375,2]","[375,2]","[375,512]",int32,int64,float32,True,True,False,True,True,True,375,0,False
25013629B6,20x,data/yiyuan/patches_coords_20x/patches_256/25013629B6.h5,data/yiyuan/features_biomedclip_20x/25013629B6.h5,True,True,,True,True,True,5266,5266,5266,0,0,"[5266,2]","[5266,2]","[5266,512]",int32,int64,float32,True,True,False,True,True,True,5266,0,False
25013977B2,5x,data/yiyuan/patches_coords_5x/patches_256/25013977B2.h5,data/yiyuan/features_biomedclip_5x/25013977B2.h5,True,True,,True,True,True,340,340,340,0,0,"[340,2]","[340,2]","[340,512]",int32,int64,float32,True,True,False,True,True,True,340,0,False
25013977B2,20x,data/yiyuan/patches_coords_20x/patches_256/25013977B2.h5,data/yiyuan/features_biomedclip_20x/25013977B2.h5,True,True,,True,True,True,5069,5069,5069,0,0,"[5069,2]","[5069,2]","[5069,512]",int32,int64,float32,True,True,False,True,True,True,5067,0,False
25014298B2,5x,data/yiyuan/patches_coords_5x/patches_256/25014298B2.h5,data/yiyuan/features_biomedclip_5x/25014298B2.h5,True,True,,True,True,True,83,83,83,0,0,"[83,2]","[83,2]","[83,512]",int32,int64,float32,True,True,False,True,True,True,83,0,False
25014298B2,20x,data/yiyuan/patches_coords_20x/patches_256/25014298B2.h5,data/yiyuan/features_biomedclip_20x/25014298B2.h5,True,True,,True,True,True,1181,1181,1181,0,0,"[1181,2]","[1181,2]","[1181,512]",int32,int64,float32,True,True,False,True,True,True,1181,0,False
25014627B3,5x,data/yiyuan/patches_coords_5x/patches_256/25014627B3.h5,data/yiyuan/features_biomedclip_5x/25014627B3.h5,True,True,,True,True,True,147,147,147,0,0,"[147,2]","[147,2]","[147,512]",int32,int64,float32,True,True,False,True,True,True,147,0,False
25014627B3,20x,data/yiyuan/patches_coords_20x/patches_256/25014627B3.h5,data/yiyuan/features_biomedclip_20x/25014627B3.h5,True,True,,True,True,True,1862,1862,1862,0,0,"[1862,2]","[1862,2]","[1862,512]",int32,int64,float32,True,True,False,True,True,True,1862,0,False
25015052B3,5x,data/yiyuan/patches_coords_5x/patches_256/25015052B3.h5,data/yiyuan/features_biomedclip_5x/25015052B3.h5,True,True,,True,True,True,280,280,280,0,0,"[280,2]","[280,2]","[280,512]",int32,int64,float32,True,True,False,True,True,True,280,0,False
25015052B3,20x,data/yiyuan/patches_coords_20x/patches_256/25015052B3.h5,data/yiyuan/features_biomedclip_20x/25015052B3.h5,True,True,,True,True,True,4110,4110,4110,0,0,"[4110,2]","[4110,2]","[4110,512]",int32,int64,float32,True,True,False,True,True,True,4110,0,False
25015191B2,5x,data/yiyuan/patches_coords_5x/patches_256/25015191B2.h5,data/yiyuan/features_biomedclip_5x/25015191B2.h5,True,True,,True,True,True,201,201,201,0,0,"[201,2]","[201,2]","[201,512]",int32,int64,float32,True,True,False,True,True,True,201,0,False
25015191B2,20x,data/yiyuan/patches_coords_20x/patches_256/25015191B2.h5,data/yiyuan/features_biomedclip_20x/25015191B2.h5,True,True,,True,True,True,2780,2780,2780,0,0,"[2780,2]","[2780,2]","[2780,512]",int32,int64,float32,True,True,False,True,True,True,2778,0,False
25015191B3,5x,data/yiyuan/patches_coords_5x/patches_256/25015191B3.h5,data/yiyuan/features_biomedclip_5x/25015191B3.h5,True,True,,True,True,True,149,149,149,0,0,"[149,2]","[149,2]","[149,512]",int32,int64,float32,True,True,False,True,True,True,149,0,False
25015191B3,20x,data/yiyuan/patches_coords_20x/patches_256/25015191B3.h5,data/yiyuan/features_biomedclip_20x/25015191B3.h5,True,True,,True,True,True,2172,2172,2172,0,0,"[2172,2]","[2172,2]","[2172,512]",int32,int64,float32,True,True,False,True,True,True,2169,0,False
25015215B2,5x,data/yiyuan/patches_coords_5x/patches_256/25015215B2.h5,data/yiyuan/features_biomedclip_5x/25015215B2.h5,True,True,,True,True,True,145,145,145,0,0,"[145,2]","[145,2]","[145,512]",int32,int64,float32,True,True,False,True,True,True,145,0,False
25015215B2,20x,data/yiyuan/patches_coords_20x/patches_256/25015215B2.h5,data/yiyuan/features_biomedclip_20x/25015215B2.h5,True,True,,True,True,True,1991,1991,1991,0,0,"[1991,2]","[1991,2]","[1991,512]",int32,int64,float32,True,True,False,True,True,True,1989,0,False
25015421B3,5x,data/yiyuan/patches_coords_5x/patches_256/25015421B3.h5,data/yiyuan/features_biomedclip_5x/25015421B3.h5,True,True,,True,True,True,302,302,302,0,0,"[302,2]","[302,2]","[302,512]",int32,int64,float32,True,True,False,True,True,True,302,0,False
25015421B3,20x,data/yiyuan/patches_coords_20x/patches_256/25015421B3.h5,data/yiyuan/features_biomedclip_20x/25015421B3.h5,True,True,,True,True,True,4479,4479,4479,0,0,"[4479,2]","[4479,2]","[4479,512]",int32,int64,float32,True,True,False,True,True,True,4479,0,False
25015471B,5x,data/yiyuan/patches_coords_5x/patches_256/25015471B.h5,data/yiyuan/features_biomedclip_5x/25015471B.h5,True,True,,True,True,True,388,388,388,0,0,"[388,2]","[388,2]","[388,512]",int32,int64,float32,True,True,False,True,True,True,388,0,False
25015471B,20x,data/yiyuan/patches_coords_20x/patches_256/25015471B.h5,data/yiyuan/features_biomedclip_20x/25015471B.h5,True,True,,True,True,True,5827,5827,5827,0,0,"[5827,2]","[5827,2]","[5827,512]",int32,int64,float32,True,True,False,True,True,True,5825,0,False
25015496B,5x,data/yiyuan/patches_coords_5x/patches_256/25015496B.h5,data/yiyuan/features_biomedclip_5x/25015496B.h5,True,True,,True,True,True,99,99,99,0,0,"[99,2]","[99,2]","[99,512]",int32,int64,float32,True,True,False,True,True,True,96,0,False
25015496B,20x,data/yiyuan/patches_coords_20x/patches_256/25015496B.h5,data/yiyuan/features_biomedclip_20x/25015496B.h5,True,True,,True,True,True,1195,1195,1195,0,0,"[1195,2]","[1195,2]","[1195,512]",int32,int64,float32,True,True,False,True,True,True,1194,0,False
25015594B2,5x,data/yiyuan/patches_coords_5x/patches_256/25015594B2.h5,data/yiyuan/features_biomedclip_5x/25015594B2.h5,True,True,,True,True,True,162,162,162,0,0,"[162,2]","[162,2]","[162,512]",int32,int64,float32,True,True,False,True,True,True,162,0,False
25015594B2,20x,data/yiyuan/patches_coords_20x/patches_256/25015594B2.h5,data/yiyuan/features_biomedclip_20x/25015594B2.h5,True,True,,True,True,True,2247,2247,2247,0,0,"[2247,2]","[2247,2]","[2247,512]",int32,int64,float32,True,True,False,True,True,True,2246,0,False
25015608B2,5x,data/yiyuan/patches_coords_5x/patches_256/25015608B2.h5,data/yiyuan/features_biomedclip_5x/25015608B2.h5,True,True,,True,True,True,206,206,206,0,0,"[206,2]","[206,2]","[206,512]",int32,int64,float32,True,True,False,True,True,True,206,0,False
25015608B2,20x,data/yiyuan/patches_coords_20x/patches_256/25015608B2.h5,data/yiyuan/features_biomedclip_20x/25015608B2.h5,True,True,,True,True,True,2952,2952,2952,0,0,"[2952,2]","[2952,2]","[2952,512]",int32,int64,float32,True,True,False,True,True,True,2952,0,False
25015640B3,5x,data/yiyuan/patches_coords_5x/patches_256/25015640B3.h5,data/yiyuan/features_biomedclip_5x/25015640B3.h5,True,True,,True,True,True,144,144,144,0,0,"[144,2]","[144,2]","[144,512]",int32,int64,float32,True,True,False,True,True,True,144,0,False
25015640B3,20x,data/yiyuan/patches_coords_20x/patches_256/25015640B3.h5,data/yiyuan/features_biomedclip_20x/25015640B3.h5,True,True,,True,True,True,1971,1971,1971,0,0,"[1971,2]","[1971,2]","[1971,512]",int32,int64,float32,True,True,False,True,True,True,1971,0,False
25015640B5,5x,data/yiyuan/patches_coords_5x/patches_256/25015640B5.h5,data/yiyuan/features_biomedclip_5x/25015640B5.h5,True,True,,True,True,True,126,126,126,0,0,"[126,2]","[126,2]","[126,512]",int32,int64,float32,True,True,False,True,True,True,126,0,False
25015640B5,20x,data/yiyuan/patches_coords_20x/patches_256/25015640B5.h5,data/yiyuan/features_biomedclip_20x/25015640B5.h5,True,True,,True,True,True,1768,1768,1768,0,0,"[1768,2]","[1768,2]","[1768,512]",int32,int64,float32,True,True,False,True,True,True,1767,0,False
25015784B2,5x,data/yiyuan/patches_coords_5x/patches_256/25015784B2.h5,data/yiyuan/features_biomedclip_5x/25015784B2.h5,True,True,,True,True,True,51,51,51,0,0,"[51,2]","[51,2]","[51,512]",int32,int64,float32,True,True,False,True,True,True,51,0,False
25015784B2,20x,data/yiyuan/patches_coords_20x/patches_256/25015784B2.h5,data/yiyuan/features_biomedclip_20x/25015784B2.h5,True,True,,True,True,True,658,658,658,0,0,"[658,2]","[658,2]","[658,512]",int32,int64,float32,True,True,False,True,True,True,656,0,False
25015798B2,5x,data/yiyuan/patches_coords_5x/patches_256/25015798B2.h5,data/yiyuan/features_biomedclip_5x/25015798B2.h5,True,True,,True,True,True,36,36,36,0,0,"[36,2]","[36,2]","[36,512]",int32,int64,float32,True,True,False,True,True,True,13,23,False
25015798B2,20x,data/yiyuan/patches_coords_20x/patches_256/25015798B2.h5,data/yiyuan/features_biomedclip_20x/25015798B2.h5,True,True,,True,True,True,432,432,432,0,0,"[432,2]","[432,2]","[432,512]",int32,int64,float32,True,True,False,True,True,True,432,0,False
25015867B2,5x,data/yiyuan/patches_coords_5x/patches_256/25015867B2.h5,data/yiyuan/features_biomedclip_5x/25015867B2.h5,True,True,,True,True,True,173,173,173,0,0,"[173,2]","[173,2]","[173,512]",int32,int64,float32,True,True,False,True,True,True,166,0,False
25015867B2,20x,data/yiyuan/patches_coords_20x/patches_256/25015867B2.h5,data/yiyuan/features_biomedclip_20x/25015867B2.h5,True,True,,True,True,True,2343,2343,2343,0,0,"[2343,2]","[2343,2]","[2343,512]",int32,int64,float32,True,True,False,True,True,True,2342,0,False
25016027B,5x,data/yiyuan/patches_coords_5x/patches_256/25016027B.h5,data/yiyuan/features_biomedclip_5x/25016027B.h5,True,True,,True,True,True,172,172,172,0,0,"[172,2]","[172,2]","[172,512]",int32,int64,float32,True,True,False,True,True,True,172,0,False
25016027B,20x,data/yiyuan/patches_coords_20x/patches_256/25016027B.h5,data/yiyuan/features_biomedclip_20x/25016027B.h5,True,True,,True,True,True,2444,2444,2444,0,0,"[2444,2]","[2444,2]","[2444,512]",int32,int64,float32,True,True,False,True,True,True,2443,0,False
25016031B2,5x,data/yiyuan/patches_coords_5x/patches_256/25016031B2.h5,data/yiyuan/features_biomedclip_5x/25016031B2.h5,True,True,,True,True,True,240,240,240,0,0,"[240,2]","[240,2]","[240,512]",int32,int64,float32,True,True,False,True,True,True,240,0,False
25016031B2,20x,data/yiyuan/patches_coords_20x/patches_256/25016031B2.h5,data/yiyuan/features_biomedclip_20x/25016031B2.h5,True,True,,True,True,True,3474,3474,3474,0,0,"[3474,2]","[3474,2]","[3474,512]",int32,int64,float32,True,True,False,True,True,True,3473,0,False
25016827B2,5x,data/yiyuan/patches_coords_5x/patches_256/25016827B2.h5,data/yiyuan/features_biomedclip_5x/25016827B2.h5,True,True,,True,True,True,277,277,277,0,0,"[277,2]","[277,2]","[277,512]",int32,int64,float32,True,True,False,True,True,True,277,0,False
25016827B2,20x,data/yiyuan/patches_coords_20x/patches_256/25016827B2.h5,data/yiyuan/features_biomedclip_20x/25016827B2.h5,True,True,,True,True,True,3978,3978,3978,0,0,"[3978,2]","[3978,2]","[3978,512]",int32,int64,float32,True,True,False,True,True,True,3978,0,False
25017341B3,5x,data/yiyuan/patches_coords_5x/patches_256/25017341B3.h5,data/yiyuan/features_biomedclip_5x/25017341B3.h5,True,True,,True,True,True,119,119,119,0,0,"[119,2]","[119,2]","[119,512]",int32,int64,float32,True,True,False,True,True,True,79,0,False
25017341B3,20x,data/yiyuan/patches_coords_20x/patches_256/25017341B3.h5,data/yiyuan/features_biomedclip_20x/25017341B3.h5,True,True,,True,True,True,1641,1641,1641,0,0,"[1641,2]","[1641,2]","[1641,512]",int32,int64,float32,True,True,False,True,True,True,1640,0,False
25017342B2,5x,data/yiyuan/patches_coords_5x/patches_256/25017342B2.h5,data/yiyuan/features_biomedclip_5x/25017342B2.h5,True,True,,True,True,True,133,133,133,0,0,"[133,2]","[133,2]","[133,512]",int32,int64,float32,True,True,False,True,True,True,114,0,False
25017342B2,20x,data/yiyuan/patches_coords_20x/patches_256/25017342B2.h5,data/yiyuan/features_biomedclip_20x/25017342B2.h5,True,True,,True,True,True,1906,1906,1906,0,0,"[1906,2]","[1906,2]","[1906,512]",int32,int64,float32,True,True,False,True,True,True,1906,0,False
25017355B4,5x,data/yiyuan/patches_coords_5x/patches_256/25017355B4.h5,data/yiyuan/features_biomedclip_5x/25017355B4.h5,True,True,,True,True,True,142,142,142,0,0,"[142,2]","[142,2]","[142,512]",int32,int64,float32,True,True,False,True,True,True,142,0,False
25017355B4,20x,data/yiyuan/patches_coords_20x/patches_256/25017355B4.h5,data/yiyuan/features_biomedclip_20x/25017355B4.h5,True,True,,True,True,True,1808,1808,1808,0,0,"[1808,2]","[1808,2]","[1808,512]",int32,int64,float32,True,True,False,True,True,True,1806,0,False
25017499B,5x,data/yiyuan/patches_coords_5x/patches_256/25017499B.h5,data/yiyuan/features_biomedclip_5x/25017499B.h5,True,True,,True,True,True,42,42,42,0,0,"[42,2]","[42,2]","[42,512]",int32,int64,float32,True,True,False,True,True,True,42,0,False
25017499B,20x,data/yiyuan/patches_coords_20x/patches_256/25017499B.h5,data/yiyuan/features_biomedclip_20x/25017499B.h5,True,True,,True,True,True,597,597,597,0,0,"[597,2]","[597,2]","[597,512]",int32,int64,float32,True,True,False,True,True,True,596,0,False
25017500B,5x,data/yiyuan/patches_coords_5x/patches_256/25017500B.h5,data/yiyuan/features_biomedclip_5x/25017500B.h5,True,True,,True,True,True,36,36,36,0,0,"[36,2]","[36,2]","[36,512]",int32,int64,float32,True,True,False,True,True,True,32,0,False
25017500B,20x,data/yiyuan/patches_coords_20x/patches_256/25017500B.h5,data/yiyuan/features_biomedclip_20x/25017500B.h5,True,True,,True,True,True,489,489,489,0,0,"[489,2]","[489,2]","[489,512]",int32,int64,float32,True,True,False,True,True,True,489,0,False
25017592B3,5x,data/yiyuan/patches_coords_5x/patches_256/25017592B3.h5,data/yiyuan/features_biomedclip_5x/25017592B3.h5,True,True,,True,True,True,97,97,97,0,0,"[97,2]","[97,2]","[97,512]",int32,int64,float32,True,True,False,True,True,True,80,0,False
25017592B3,20x,data/yiyuan/patches_coords_20x/patches_256/25017592B3.h5,data/yiyuan/features_biomedclip_20x/25017592B3.h5,True,True,,True,True,True,1178,1178,1178,0,0,"[1178,2]","[1178,2]","[1178,512]",int32,int64,float32,True,True,False,True,True,True,1177,0,False
25017730B2,5x,data/yiyuan/patches_coords_5x/patches_256/25017730B2.h5,data/yiyuan/features_biomedclip_5x/25017730B2.h5,True,True,,True,True,True,153,153,153,0,0,"[153,2]","[153,2]","[153,512]",int32,int64,float32,True,True,False,True,True,True,153,0,False
25017730B2,20x,data/yiyuan/patches_coords_20x/patches_256/25017730B2.h5,data/yiyuan/features_biomedclip_20x/25017730B2.h5,True,True,,True,True,True,2270,2270,2270,0,0,"[2270,2]","[2270,2]","[2270,512]",int32,int64,float32,True,True,False,True,True,True,2269,0,False
25017739B2,5x,data/yiyuan/patches_coords_5x/patches_256/25017739B2.h5,data/yiyuan/features_biomedclip_5x/25017739B2.h5,True,True,,True,True,True,281,281,281,0,0,"[281,2]","[281,2]","[281,512]",int32,int64,float32,True,True,False,True,True,True,281,0,False
25017739B2,20x,data/yiyuan/patches_coords_20x/patches_256/25017739B2.h5,data/yiyuan/features_biomedclip_20x/25017739B2.h5,True,True,,True,True,True,4162,4162,4162,0,0,"[4162,2]","[4162,2]","[4162,512]",int32,int64,float32,True,True,False,True,True,True,4161,0,False
25017923B,5x,data/yiyuan/patches_coords_5x/patches_256/25017923B.h5,data/yiyuan/features_biomedclip_5x/25017923B.h5,True,True,,True,True,True,119,119,119,0,0,"[119,2]","[119,2]","[119,512]",int32,int64,float32,True,True,False,True,True,True,119,0,False
25017923B,20x,data/yiyuan/patches_coords_20x/patches_256/25017923B.h5,data/yiyuan/features_biomedclip_20x/25017923B.h5,True,True,,True,True,True,1532,1532,1532,0,0,"[1532,2]","[1532,2]","[1532,512]",int32,int64,float32,True,True,False,True,True,True,1532,0,False
25017930B,5x,data/yiyuan/patches_coords_5x/patches_256/25017930B.h5,data/yiyuan/features_biomedclip_5x/25017930B.h5,True,True,,True,True,True,115,115,115,0,0,"[115,2]","[115,2]","[115,512]",int32,int64,float32,True,True,False,True,True,True,115,0,False
25017930B,20x,data/yiyuan/patches_coords_20x/patches_256/25017930B.h5,data/yiyuan/features_biomedclip_20x/25017930B.h5,True,True,,True,True,True,1492,1492,1492,0,0,"[1492,2]","[1492,2]","[1492,512]",int32,int64,float32,True,True,False,True,True,True,1490,0,False
25018478B2,5x,data/yiyuan/patches_coords_5x/patches_256/25018478B2.h5,data/yiyuan/features_biomedclip_5x/25018478B2.h5,True,True,,True,True,True,229,229,229,0,0,"[229,2]","[229,2]","[229,512]",int32,int64,float32,True,True,False,True,True,True,229,0,False
25018478B2,20x,data/yiyuan/patches_coords_20x/patches_256/25018478B2.h5,data/yiyuan/features_biomedclip_20x/25018478B2.h5,True,True,,True,True,True,3256,3256,3256,0,0,"[3256,2]","[3256,2]","[3256,512]",int32,int64,float32,True,True,False,True,True,True,3255,0,False
25018956B3,5x,data/yiyuan/patches_coords_5x/patches_256/25018956B3.h5,data/yiyuan/features_biomedclip_5x/25018956B3.h5,True,True,,True,True,True,108,108,108,0,0,"[108,2]","[108,2]","[108,512]",int32,int64,float32,True,True,False,True,True,True,96,0,False
25018956B3,20x,data/yiyuan/patches_coords_20x/patches_256/25018956B3.h5,data/yiyuan/features_biomedclip_20x/25018956B3.h5,True,True,,True,True,True,1526,1526,1526,0,0,"[1526,2]","[1526,2]","[1526,512]",int32,int64,float32,True,True,False,True,True,True,1524,0,False
25019094B8,5x,data/yiyuan/patches_coords_5x/patches_256/25019094B8.h5,data/yiyuan/features_biomedclip_5x/25019094B8.h5,True,True,,True,True,True,265,265,265,0,0,"[265,2]","[265,2]","[265,512]",int32,int64,float32,True,True,False,True,True,True,265,0,False
25019094B8,20x,data/yiyuan/patches_coords_20x/patches_256/25019094B8.h5,data/yiyuan/features_biomedclip_20x/25019094B8.h5,True,True,,True,True,True,3900,3900,3900,0,0,"[3900,2]","[3900,2]","[3900,512]",int32,int64,float32,True,True,False,True,True,True,3899,0,False
25019273B,5x,data/yiyuan/patches_coords_5x/patches_256/25019273B.h5,data/yiyuan/features_biomedclip_5x/25019273B.h5,True,True,,True,True,True,379,379,379,0,0,"[379,2]","[379,2]","[379,512]",int32,int64,float32,True,True,False,True,True,True,379,0,False
25019273B,20x,data/yiyuan/patches_coords_20x/patches_256/25019273B.h5,data/yiyuan/features_biomedclip_20x/25019273B.h5,True,True,,True,True,True,5410,5410,5410,0,0,"[5410,2]","[5410,2]","[5410,512]",int32,int64,float32,True,True,False,True,True,True,5410,0,False
25019294B1,5x,data/yiyuan/patches_coords_5x/patches_256/25019294B1.h5,data/yiyuan/features_biomedclip_5x/25019294B1.h5,True,True,,True,True,True,35,35,35,0,0,"[35,2]","[35,2]","[35,512]",int32,int64,float32,True,True,False,True,True,True,35,0,False
25019294B1,20x,data/yiyuan/patches_coords_20x/patches_256/25019294B1.h5,data/yiyuan/features_biomedclip_20x/25019294B1.h5,True,True,,True,True,True,453,453,453,0,0,"[453,2]","[453,2]","[453,512]",int32,int64,float32,True,True,False,True,True,True,453,0,False
25019294B2,5x,data/yiyuan/patches_coords_5x/patches_256/25019294B2.h5,data/yiyuan/features_biomedclip_5x/25019294B2.h5,True,True,,True,True,True,38,38,38,0,0,"[38,2]","[38,2]","[38,512]",int32,int64,float32,True,True,False,True,True,True,38,0,False
25019294B2,20x,data/yiyuan/patches_coords_20x/patches_256/25019294B2.h5,data/yiyuan/features_biomedclip_20x/25019294B2.h5,True,True,,True,True,True,464,464,464,0,0,"[464,2]","[464,2]","[464,512]",int32,int64,float32,True,True,False,True,True,True,462,0,False
25019335B6,5x,data/yiyuan/patches_coords_5x/patches_256/25019335B6.h5,data/yiyuan/features_biomedclip_5x/25019335B6.h5,True,True,,True,True,True,150,150,150,0,0,"[150,2]","[150,2]","[150,512]",int32,int64,float32,True,True,False,True,True,True,126,0,False
25019335B6,20x,data/yiyuan/patches_coords_20x/patches_256/25019335B6.h5,data/yiyuan/features_biomedclip_20x/25019335B6.h5,True,True,,True,True,True,1992,1992,1992,0,0,"[1992,2]","[1992,2]","[1992,512]",int32,int64,float32,True,True,False,True,True,True,1991,0,False
25019339B2,5x,data/yiyuan/patches_coords_5x/patches_256/25019339B2.h5,data/yiyuan/features_biomedclip_5x/25019339B2.h5,True,True,,True,True,True,227,227,227,0,0,"[227,2]","[227,2]","[227,512]",int32,int64,float32,True,True,False,True,True,True,227,0,False
25019339B2,20x,data/yiyuan/patches_coords_20x/patches_256/25019339B2.h5,data/yiyuan/features_biomedclip_20x/25019339B2.h5,True,True,,True,True,True,3354,3354,3354,0,0,"[3354,2]","[3354,2]","[3354,512]",int32,int64,float32,True,True,False,True,True,True,3352,0,False
25019339B3,5x,data/yiyuan/patches_coords_5x/patches_256/25019339B3.h5,data/yiyuan/features_biomedclip_5x/25019339B3.h5,True,True,,True,True,True,211,211,211,0,0,"[211,2]","[211,2]","[211,512]",int32,int64,float32,True,True,False,True,True,True,211,0,False
25019339B3,20x,data/yiyuan/patches_coords_20x/patches_256/25019339B3.h5,data/yiyuan/features_biomedclip_20x/25019339B3.h5,True,True,,True,True,True,3018,3018,3018,0,0,"[3018,2]","[3018,2]","[3018,512]",int32,int64,float32,True,True,False,True,True,True,3017,0,False
25019474B2,5x,data/yiyuan/patches_coords_5x/patches_256/25019474B2.h5,data/yiyuan/features_biomedclip_5x/25019474B2.h5,True,True,,True,True,True,251,251,251,0,0,"[251,2]","[251,2]","[251,512]",int32,int64,float32,True,True,False,True,True,True,251,0,False
25019474B2,20x,data/yiyuan/patches_coords_20x/patches_256/25019474B2.h5,data/yiyuan/features_biomedclip_20x/25019474B2.h5,True,True,,True,True,True,3619,3619,3619,0,0,"[3619,2]","[3619,2]","[3619,512]",int32,int64,float32,True,True,False,True,True,True,3617,0,False
25019503B,5x,data/yiyuan/patches_coords_5x/patches_256/25019503B.h5,data/yiyuan/features_biomedclip_5x/25019503B.h5,True,True,,True,True,True,109,109,109,0,0,"[109,2]","[109,2]","[109,512]",int32,int64,float32,True,True,False,True,True,True,42,58,False
25019503B,20x,data/yiyuan/patches_coords_20x/patches_256/25019503B.h5,data/yiyuan/features_biomedclip_20x/25019503B.h5,True,True,,True,True,True,1589,1589,1589,0,0,"[1589,2]","[1589,2]","[1589,512]",int32,int64,float32,True,True,False,True,True,True,1589,0,False
25019629B2,5x,data/yiyuan/patches_coords_5x/patches_256/25019629B2.h5,data/yiyuan/features_biomedclip_5x/25019629B2.h5,True,True,,True,True,True,166,166,166,0,0,"[166,2]","[166,2]","[166,512]",int32,int64,float32,True,True,False,True,True,True,166,0,False
25019629B2,20x,data/yiyuan/patches_coords_20x/patches_256/25019629B2.h5,data/yiyuan/features_biomedclip_20x/25019629B2.h5,True,True,,True,True,True,2187,2187,2187,0,0,"[2187,2]","[2187,2]","[2187,512]",int32,int64,float32,True,True,False,True,True,True,2186,0,False
25019675B2,5x,data/yiyuan/patches_coords_5x/patches_256/25019675B2.h5,data/yiyuan/features_biomedclip_5x/25019675B2.h5,True,True,,True,True,True,172,172,172,0,0,"[172,2]","[172,2]","[172,512]",int32,int64,float32,True,True,False,True,True,True,168,0,False
25019675B2,20x,data/yiyuan/patches_coords_20x/patches_256/25019675B2.h5,data/yiyuan/features_biomedclip_20x/25019675B2.h5,True,True,,True,True,True,2526,2526,2526,0,0,"[2526,2]","[2526,2]","[2526,512]",int32,int64,float32,True,True,False,True,True,True,2525,0,False
25019705B2,5x,data/yiyuan/patches_coords_5x/patches_256/25019705B2.h5,data/yiyuan/features_biomedclip_5x/25019705B2.h5,True,True,,True,True,True,276,276,276,0,0,"[276,2]","[276,2]","[276,512]",int32,int64,float32,True,True,False,True,True,True,276,0,False
25019705B2,20x,data/yiyuan/patches_coords_20x/patches_256/25019705B2.h5,data/yiyuan/features_biomedclip_20x/25019705B2.h5,True,True,,True,True,True,4073,4073,4073,0,0,"[4073,2]","[4073,2]","[4073,512]",int32,int64,float32,True,True,False,True,True,True,4073,0,False
25020232B,5x,data/yiyuan/patches_coords_5x/patches_256/25020232B.h5,data/yiyuan/features_biomedclip_5x/25020232B.h5,True,True,,True,True,True,341,341,341,0,0,"[341,2]","[341,2]","[341,512]",int32,int64,float32,True,True,False,True,True,True,341,0,False
25020232B,20x,data/yiyuan/patches_coords_20x/patches_256/25020232B.h5,data/yiyuan/features_biomedclip_20x/25020232B.h5,True,True,,True,True,True,4933,4933,4933,0,0,"[4933,2]","[4933,2]","[4933,512]",int32,int64,float32,True,True,False,True,True,True,4930,0,False
25020353B2,5x,data/yiyuan/patches_coords_5x/patches_256/25020353B2.h5,data/yiyuan/features_biomedclip_5x/25020353B2.h5,True,True,,True,True,True,94,94,94,0,0,"[94,2]","[94,2]","[94,512]",int32,int64,float32,True,True,False,True,True,True,94,0,False
25020353B2,20x,data/yiyuan/patches_coords_20x/patches_256/25020353B2.h5,data/yiyuan/features_biomedclip_20x/25020353B2.h5,True,True,,True,True,True,1279,1279,1279,0,0,"[1279,2]","[1279,2]","[1279,512]",int32,int64,float32,True,True,False,True,True,True,1279,0,False
25020556B4,5x,data/yiyuan/patches_coords_5x/patches_256/25020556B4.h5,data/yiyuan/features_biomedclip_5x/25020556B4.h5,True,True,,True,True,True,152,152,152,0,0,"[152,2]","[152,2]","[152,512]",int32,int64,float32,True,True,False,True,True,True,55,0,False
25020556B4,20x,data/yiyuan/patches_coords_20x/patches_256/25020556B4.h5,data/yiyuan/features_biomedclip_20x/25020556B4.h5,True,True,,True,True,True,2208,2208,2208,0,0,"[2208,2]","[2208,2]","[2208,512]",int32,int64,float32,True,True,False,True,True,True,2207,0,False
25020714B4,5x,data/yiyuan/patches_coords_5x/patches_256/25020714B4.h5,data/yiyuan/features_biomedclip_5x/25020714B4.h5,True,True,,True,True,True,340,340,340,0,0,"[340,2]","[340,2]","[340,512]",int32,int64,float32,True,True,False,True,True,True,340,0,False
25020714B4,20x,data/yiyuan/patches_coords_20x/patches_256/25020714B4.h5,data/yiyuan/features_biomedclip_20x/25020714B4.h5,True,True,,True,True,True,4936,4936,4936,0,0,"[4936,2]","[4936,2]","[4936,512]",int32,int64,float32,True,True,False,True,True,True,4935,0,False
25020799B3,5x,data/yiyuan/patches_coords_5x/patches_256/25020799B3.h5,data/yiyuan/features_biomedclip_5x/25020799B3.h5,True,True,,True,True,True,324,324,324,0,0,"[324,2]","[324,2]","[324,512]",int32,int64,float32,True,True,False,True,True,True,324,0,False
25020799B3,20x,data/yiyuan/patches_coords_20x/patches_256/25020799B3.h5,data/yiyuan/features_biomedclip_20x/25020799B3.h5,True,True,,True,True,True,4645,4645,4645,0,0,"[4645,2]","[4645,2]","[4645,512]",int32,int64,float32,True,True,False,True,True,True,4645,0,False
25020799B5,5x,data/yiyuan/patches_coords_5x/patches_256/25020799B5.h5,data/yiyuan/features_biomedclip_5x/25020799B5.h5,True,True,,True,True,True,282,282,282,0,0,"[282,2]","[282,2]","[282,512]",int32,int64,float32,True,True,False,True,True,True,282,0,False
25020799B5,20x,data/yiyuan/patches_coords_20x/patches_256/25020799B5.h5,data/yiyuan/features_biomedclip_20x/25020799B5.h5,True,True,,True,True,True,3920,3920,3920,0,0,"[3920,2]","[3920,2]","[3920,512]",int32,int64,float32,True,True,False,True,True,True,3920,0,False
25021196B2,5x,data/yiyuan/patches_coords_5x/patches_256/25021196B2.h5,data/yiyuan/features_biomedclip_5x/25021196B2.h5,True,True,,True,True,True,120,120,120,0,0,"[120,2]","[120,2]","[120,512]",int32,int64,float32,True,True,False,True,True,True,120,0,False
25021196B2,20x,data/yiyuan/patches_coords_20x/patches_256/25021196B2.h5,data/yiyuan/features_biomedclip_20x/25021196B2.h5,True,True,,True,True,True,1453,1453,1453,0,0,"[1453,2]","[1453,2]","[1453,512]",int32,int64,float32,True,True,False,True,True,True,1451,0,False
25021277B3,5x,data/yiyuan/patches_coords_5x/patches_256/25021277B3.h5,data/yiyuan/features_biomedclip_5x/25021277B3.h5,True,True,,True,True,True,121,121,121,0,0,"[121,2]","[121,2]","[121,512]",int32,int64,float32,True,True,False,True,True,True,121,0,False
25021277B3,20x,data/yiyuan/patches_coords_20x/patches_256/25021277B3.h5,data/yiyuan/features_biomedclip_20x/25021277B3.h5,True,True,,True,True,True,1635,1635,1635,0,0,"[1635,2]","[1635,2]","[1635,512]",int32,int64,float32,True,True,False,True,True,True,1635,0,False
25021277B4,5x,data/yiyuan/patches_coords_5x/patches_256/25021277B4.h5,data/yiyuan/features_biomedclip_5x/25021277B4.h5,True,True,,True,True,True,89,89,89,0,0,"[89,2]","[89,2]","[89,512]",int32,int64,float32,True,True,False,True,True,True,89,0,False
25021277B4,20x,data/yiyuan/patches_coords_20x/patches_256/25021277B4.h5,data/yiyuan/features_biomedclip_20x/25021277B4.h5,True,True,,True,True,True,1059,1059,1059,0,0,"[1059,2]","[1059,2]","[1059,512]",int32,int64,float32,True,True,False,True,True,True,1058,0,False
25021421B2,5x,data/yiyuan/patches_coords_5x/patches_256/25021421B2.h5,data/yiyuan/features_biomedclip_5x/25021421B2.h5,True,True,,True,True,True,337,337,337,0,0,"[337,2]","[337,2]","[337,512]",int32,int64,float32,True,True,False,True,True,True,337,0,False
25021421B2,20x,data/yiyuan/patches_coords_20x/patches_256/25021421B2.h5,data/yiyuan/features_biomedclip_20x/25021421B2.h5,True,True,,True,True,True,4940,4940,4940,0,0,"[4940,2]","[4940,2]","[4940,512]",int32,int64,float32,True,True,False,True,True,True,4938,0,False
25021487B,5x,data/yiyuan/patches_coords_5x/patches_256/25021487B.h5,data/yiyuan/features_biomedclip_5x/25021487B.h5,True,True,,True,True,True,240,240,240,0,0,"[240,2]","[240,2]","[240,512]",int32,int64,float32,True,True,False,True,True,True,240,0,False
25021487B,20x,data/yiyuan/patches_coords_20x/patches_256/25021487B.h5,data/yiyuan/features_biomedclip_20x/25021487B.h5,True,True,,True,True,True,3366,3366,3366,0,0,"[3366,2]","[3366,2]","[3366,512]",int32,int64,float32,True,True,False,True,True,True,3363,0,False
25021555B2,5x,data/yiyuan/patches_coords_5x/patches_256/25021555B2.h5,data/yiyuan/features_biomedclip_5x/25021555B2.h5,True,True,,True,True,True,56,56,56,0,0,"[56,2]","[56,2]","[56,512]",int32,int64,float32,True,True,False,True,True,True,35,0,False
25021555B2,20x,data/yiyuan/patches_coords_20x/patches_256/25021555B2.h5,data/yiyuan/features_biomedclip_20x/25021555B2.h5,True,True,,True,True,True,654,654,654,0,0,"[654,2]","[654,2]","[654,512]",int32,int64,float32,True,True,False,True,True,True,654,0,False
25021558B2,5x,data/yiyuan/patches_coords_5x/patches_256/25021558B2.h5,data/yiyuan/features_biomedclip_5x/25021558B2.h5,True,True,,True,True,True,79,79,79,0,0,"[79,2]","[79,2]","[79,512]",int32,int64,float32,True,True,False,True,True,True,70,0,False
25021558B2,20x,data/yiyuan/patches_coords_20x/patches_256/25021558B2.h5,data/yiyuan/features_biomedclip_20x/25021558B2.h5,True,True,,True,True,True,1047,1047,1047,0,0,"[1047,2]","[1047,2]","[1047,512]",int32,int64,float32,True,True,False,True,True,True,1046,0,False
25021665B2,5x,data/yiyuan/patches_coords_5x/patches_256/25021665B2.h5,data/yiyuan/features_biomedclip_5x/25021665B2.h5,True,True,,True,True,True,167,167,167,0,0,"[167,2]","[167,2]","[167,512]",int32,int64,float32,True,True,False,True,True,True,167,0,False
25021665B2,20x,data/yiyuan/patches_coords_20x/patches_256/25021665B2.h5,data/yiyuan/features_biomedclip_20x/25021665B2.h5,True,True,,True,True,True,1990,1990,1990,0,0,"[1990,2]","[1990,2]","[1990,512]",int32,int64,float32,True,True,False,True,True,True,1986,0,False
25021665B3,5x,data/yiyuan/patches_coords_5x/patches_256/25021665B3.h5,data/yiyuan/features_biomedclip_5x/25021665B3.h5,True,True,,True,True,True,242,242,242,0,0,"[242,2]","[242,2]","[242,512]",int32,int64,float32,True,True,False,True,True,True,240,0,False
25021665B3,20x,data/yiyuan/patches_coords_20x/patches_256/25021665B3.h5,data/yiyuan/features_biomedclip_20x/25021665B3.h5,True,True,,True,True,True,2896,2896,2896,0,0,"[2896,2]","[2896,2]","[2896,512]",int32,int64,float32,True,True,False,True,True,True,2895,0,False
25021672B,5x,data/yiyuan/patches_coords_5x/patches_256/25021672B.h5,data/yiyuan/features_biomedclip_5x/25021672B.h5,True,True,,True,True,True,73,73,73,0,0,"[73,2]","[73,2]","[73,512]",int32,int64,float32,True,True,False,True,True,True,54,0,False
25021672B,20x,data/yiyuan/patches_coords_20x/patches_256/25021672B.h5,data/yiyuan/features_biomedclip_20x/25021672B.h5,True,True,,True,True,True,987,987,987,0,0,"[987,2]","[987,2]","[987,512]",int32,int64,float32,True,True,False,True,True,True,986,0,False
25021735B5,5x,data/yiyuan/patches_coords_5x/patches_256/25021735B5.h5,data/yiyuan/features_biomedclip_5x/25021735B5.h5,True,True,,True,True,True,156,156,156,0,0,"[156,2]","[156,2]","[156,512]",int32,int64,float32,True,True,False,True,True,True,156,0,False
25021735B5,20x,data/yiyuan/patches_coords_20x/patches_256/25021735B5.h5,data/yiyuan/features_biomedclip_20x/25021735B5.h5,True,True,,True,True,True,2142,2142,2142,0,0,"[2142,2]","[2142,2]","[2142,512]",int32,int64,float32,True,True,False,True,True,True,2140,0,False
25021890B4,5x,data/yiyuan/patches_coords_5x/patches_256/25021890B4.h5,data/yiyuan/features_biomedclip_5x/25021890B4.h5,True,True,,True,True,True,106,106,106,0,0,"[106,2]","[106,2]","[106,512]",int32,int64,float32,True,True,False,True,True,True,73,0,False
25021890B4,20x,data/yiyuan/patches_coords_20x/patches_256/25021890B4.h5,data/yiyuan/features_biomedclip_20x/25021890B4.h5,True,True,,True,True,True,1454,1454,1454,0,0,"[1454,2]","[1454,2]","[1454,512]",int32,int64,float32,True,True,False,True,True,True,1453,0,False
25021890B6,5x,data/yiyuan/patches_coords_5x/patches_256/25021890B6.h5,data/yiyuan/features_biomedclip_5x/25021890B6.h5,True,True,,True,True,True,284,284,284,0,0,"[284,2]","[284,2]","[284,512]",int32,int64,float32,True,True,False,True,True,True,284,0,False
25021890B6,20x,data/yiyuan/patches_coords_20x/patches_256/25021890B6.h5,data/yiyuan/features_biomedclip_20x/25021890B6.h5,True,True,,True,True,True,3970,3970,3970,0,0,"[3970,2]","[3970,2]","[3970,512]",int32,int64,float32,True,True,False,True,True,True,3969,0,False
25021922B2,5x,data/yiyuan/patches_coords_5x/patches_256/25021922B2.h5,data/yiyuan/features_biomedclip_5x/25021922B2.h5,True,True,,True,True,True,423,423,423,0,0,"[423,2]","[423,2]","[423,512]",int32,int64,float32,True,True,False,True,True,True,423,0,False
25021922B2,20x,data/yiyuan/patches_coords_20x/patches_256/25021922B2.h5,data/yiyuan/features_biomedclip_20x/25021922B2.h5,True,True,,True,True,True,6173,6173,6173,0,0,"[6173,2]","[6173,2]","[6173,512]",int32,int64,float32,True,True,False,True,True,True,6173,0,False
25022013B,5x,data/yiyuan/patches_coords_5x/patches_256/25022013B.h5,data/yiyuan/features_biomedclip_5x/25022013B.h5,True,True,,True,True,True,169,169,169,0,0,"[169,2]","[169,2]","[169,512]",int32,int64,float32,True,True,False,True,True,True,169,0,False
25022013B,20x,data/yiyuan/patches_coords_20x/patches_256/25022013B.h5,data/yiyuan/features_biomedclip_20x/25022013B.h5,True,True,,True,True,True,2339,2339,2339,0,0,"[2339,2]","[2339,2]","[2339,512]",int32,int64,float32,True,True,False,True,True,True,2338,0,False
25022344B2,5x,data/yiyuan/patches_coords_5x/patches_256/25022344B2.h5,data/yiyuan/features_biomedclip_5x/25022344B2.h5,True,True,,True,True,True,419,419,419,0,0,"[419,2]","[419,2]","[419,512]",int32,int64,float32,True,True,False,True,True,True,418,0,False
25022344B2,20x,data/yiyuan/patches_coords_20x/patches_256/25022344B2.h5,data/yiyuan/features_biomedclip_20x/25022344B2.h5,True,True,,True,True,True,6174,6174,6174,0,0,"[6174,2]","[6174,2]","[6174,512]",int32,int64,float32,True,True,False,True,True,True,6174,0,False
25022458B2,5x,data/yiyuan/patches_coords_5x/patches_256/25022458B2.h5,data/yiyuan/features_biomedclip_5x/25022458B2.h5,True,True,,True,True,True,327,327,327,0,0,"[327,2]","[327,2]","[327,512]",int32,int64,float32,True,True,False,True,True,True,327,0,False
25022458B2,20x,data/yiyuan/patches_coords_20x/patches_256/25022458B2.h5,data/yiyuan/features_biomedclip_20x/25022458B2.h5,True,True,,True,True,True,4696,4696,4696,0,0,"[4696,2]","[4696,2]","[4696,512]",int32,int64,float32,True,True,False,True,True,True,4694,0,False
25022584B2,5x,data/yiyuan/patches_coords_5x/patches_256/25022584B2.h5,data/yiyuan/features_biomedclip_5x/25022584B2.h5,True,True,,True,True,True,210,210,210,0,0,"[210,2]","[210,2]","[210,512]",int32,int64,float32,True,True,False,True,True,True,210,0,False
25022584B2,20x,data/yiyuan/patches_coords_20x/patches_256/25022584B2.h5,data/yiyuan/features_biomedclip_20x/25022584B2.h5,True,True,,True,True,True,2946,2946,2946,0,0,"[2946,2]","[2946,2]","[2946,512]",int32,int64,float32,True,True,False,True,True,True,2944,0,False
25022584B3,5x,data/yiyuan/patches_coords_5x/patches_256/25022584B3.h5,data/yiyuan/features_biomedclip_5x/25022584B3.h5,True,True,,True,True,True,80,80,80,0,0,"[80,2]","[80,2]","[80,512]",int32,int64,float32,True,True,False,True,True,True,57,0,False
25022584B3,20x,data/yiyuan/patches_coords_20x/patches_256/25022584B3.h5,data/yiyuan/features_biomedclip_20x/25022584B3.h5,True,True,,True,True,True,1145,1145,1145,0,0,"[1145,2]","[1145,2]","[1145,512]",int32,int64,float32,True,True,False,True,True,True,1144,0,False
25022613B2,5x,data/yiyuan/patches_coords_5x/patches_256/25022613B2.h5,data/yiyuan/features_biomedclip_5x/25022613B2.h5,True,True,,True,True,True,115,115,115,0,0,"[115,2]","[115,2]","[115,512]",int32,int64,float32,True,True,False,True,True,True,115,0,False
25022613B2,20x,data/yiyuan/patches_coords_20x/patches_256/25022613B2.h5,data/yiyuan/features_biomedclip_20x/25022613B2.h5,True,True,,True,True,True,1531,1531,1531,0,0,"[1531,2]","[1531,2]","[1531,512]",int32,int64,float32,True,True,False,True,True,True,1531,0,False
25023174B2,5x,data/yiyuan/patches_coords_5x/patches_256/25023174B2.h5,data/yiyuan/features_biomedclip_5x/25023174B2.h5,True,True,,True,True,True,120,120,120,0,0,"[120,2]","[120,2]","[120,512]",int32,int64,float32,True,True,False,True,True,True,120,0,False
25023174B2,20x,data/yiyuan/patches_coords_20x/patches_256/25023174B2.h5,data/yiyuan/features_biomedclip_20x/25023174B2.h5,True,True,,True,True,True,1416,1416,1416,0,0,"[1416,2]","[1416,2]","[1416,512]",int32,int64,float32,True,True,False,True,True,True,1414,0,False
25023327B3,5x,data/yiyuan/patches_coords_5x/patches_256/25023327B3.h5,data/yiyuan/features_biomedclip_5x/25023327B3.h5,True,True,,True,True,True,38,38,38,0,0,"[38,2]","[38,2]","[38,512]",int32,int64,float32,True,True,False,True,True,True,38,0,False
25023327B3,20x,data/yiyuan/patches_coords_20x/patches_256/25023327B3.h5,data/yiyuan/features_biomedclip_20x/25023327B3.h5,True,True,,True,True,True,510,510,510,0,0,"[510,2]","[510,2]","[510,512]",int32,int64,float32,True,True,False,True,True,True,510,0,False
25023687B3,5x,data/yiyuan/patches_coords_5x/patches_256/25023687B3.h5,data/yiyuan/features_biomedclip_5x/25023687B3.h5,True,True,,True,True,True,88,88,88,0,0,"[88,2]","[88,2]","[88,512]",int32,int64,float32,True,True,False,True,True,True,88,0,False
25023687B3,20x,data/yiyuan/patches_coords_20x/patches_256/25023687B3.h5,data/yiyuan/features_biomedclip_20x/25023687B3.h5,True,True,,True,True,True,1213,1213,1213,0,0,"[1213,2]","[1213,2]","[1213,512]",int32,int64,float32,True,True,False,True,True,True,1213,0,False
25023687B4,5x,data/yiyuan/patches_coords_5x/patches_256/25023687B4.h5,data/yiyuan/features_biomedclip_5x/25023687B4.h5,True,True,,True,True,True,64,64,64,0,0,"[64,2]","[64,2]","[64,512]",int32,int64,float32,True,True,False,True,True,True,64,0,False
25023687B4,20x,data/yiyuan/patches_coords_20x/patches_256/25023687B4.h5,data/yiyuan/features_biomedclip_20x/25023687B4.h5,True,True,,True,True,True,882,882,882,0,0,"[882,2]","[882,2]","[882,512]",int32,int64,float32,True,True,False,True,True,True,880,0,False
25023828B,5x,data/yiyuan/patches_coords_5x/patches_256/25023828B.h5,data/yiyuan/features_biomedclip_5x/25023828B.h5,True,True,,True,True,True,256,256,256,0,0,"[256,2]","[256,2]","[256,512]",int32,int64,float32,True,True,False,True,True,True,256,0,False
25023828B,20x,data/yiyuan/patches_coords_20x/patches_256/25023828B.h5,data/yiyuan/features_biomedclip_20x/25023828B.h5,True,True,,True,True,True,3791,3791,3791,0,0,"[3791,2]","[3791,2]","[3791,512]",int32,int64,float32,True,True,False,True,True,True,3791,0,False
25023846B4,5x,data/yiyuan/patches_coords_5x/patches_256/25023846B4.h5,data/yiyuan/features_biomedclip_5x/25023846B4.h5,True,True,,True,True,True,211,211,211,0,0,"[211,2]","[211,2]","[211,512]",int32,int64,float32,True,True,False,True,True,True,211,0,False
25023846B4,20x,data/yiyuan/patches_coords_20x/patches_256/25023846B4.h5,data/yiyuan/features_biomedclip_20x/25023846B4.h5,True,True,,True,True,True,3119,3119,3119,0,0,"[3119,2]","[3119,2]","[3119,512]",int32,int64,float32,True,True,False,True,True,True,3118,0,False
25023935B2,5x,data/yiyuan/patches_coords_5x/patches_256/25023935B2.h5,data/yiyuan/features_biomedclip_5x/25023935B2.h5,True,True,,True,True,True,130,130,130,0,0,"[130,2]","[130,2]","[130,512]",int32,int64,float32,True,True,False,True,True,True,130,0,False
25023935B2,20x,data/yiyuan/patches_coords_20x/patches_256/25023935B2.h5,data/yiyuan/features_biomedclip_20x/25023935B2.h5,True,True,,True,True,True,1863,1863,1863,0,0,"[1863,2]","[1863,2]","[1863,512]",int32,int64,float32,True,True,False,True,True,True,1862,0,False
25023961B2,5x,data/yiyuan/patches_coords_5x/patches_256/25023961B2.h5,data/yiyuan/features_biomedclip_5x/25023961B2.h5,True,True,,True,True,True,49,49,49,0,0,"[49,2]","[49,2]","[49,512]",int32,int64,float32,True,True,False,True,True,True,49,0,False
25023961B2,20x,data/yiyuan/patches_coords_20x/patches_256/25023961B2.h5,data/yiyuan/features_biomedclip_20x/25023961B2.h5,True,True,,True,True,True,622,622,622,0,0,"[622,2]","[622,2]","[622,512]",int32,int64,float32,True,True,False,True,True,True,622,0,False
25023972B3,5x,data/yiyuan/patches_coords_5x/patches_256/25023972B3.h5,data/yiyuan/features_biomedclip_5x/25023972B3.h5,True,True,,True,True,True,267,267,267,0,0,"[267,2]","[267,2]","[267,512]",int32,int64,float32,True,True,False,True,True,True,267,0,False
25023972B3,20x,data/yiyuan/patches_coords_20x/patches_256/25023972B3.h5,data/yiyuan/features_biomedclip_20x/25023972B3.h5,True,True,,True,True,True,3897,3897,3897,0,0,"[3897,2]","[3897,2]","[3897,512]",int32,int64,float32,True,True,False,True,True,True,3896,0,False
25024254B2,5x,data/yiyuan/patches_coords_5x/patches_256/25024254B2.h5,data/yiyuan/features_biomedclip_5x/25024254B2.h5,True,True,,True,True,True,135,135,135,0,0,"[135,2]","[135,2]","[135,512]",int32,int64,float32,True,True,False,True,True,True,131,0,False
25024254B2,20x,data/yiyuan/patches_coords_20x/patches_256/25024254B2.h5,data/yiyuan/features_biomedclip_20x/25024254B2.h5,True,True,,True,True,True,1785,1785,1785,0,0,"[1785,2]","[1785,2]","[1785,512]",int32,int64,float32,True,True,False,True,True,True,1783,0,False
25024433B2,5x,data/yiyuan/patches_coords_5x/patches_256/25024433B2.h5,data/yiyuan/features_biomedclip_5x/25024433B2.h5,True,True,,True,True,True,177,177,177,0,0,"[177,2]","[177,2]","[177,512]",int32,int64,float32,True,True,False,True,True,True,177,0,False
25024433B2,20x,data/yiyuan/patches_coords_20x/patches_256/25024433B2.h5,data/yiyuan/features_biomedclip_20x/25024433B2.h5,True,True,,True,True,True,2336,2336,2336,0,0,"[2336,2]","[2336,2]","[2336,512]",int32,int64,float32,True,True,False,True,True,True,2336,0,False
25024695B2,5x,data/yiyuan/patches_coords_5x/patches_256/25024695B2.h5,data/yiyuan/features_biomedclip_5x/25024695B2.h5,True,True,,True,True,True,124,124,124,0,0,"[124,2]","[124,2]","[124,512]",int32,int64,float32,True,True,False,True,True,True,124,0,False
25024695B2,20x,data/yiyuan/patches_coords_20x/patches_256/25024695B2.h5,data/yiyuan/features_biomedclip_20x/25024695B2.h5,True,True,,True,True,True,1743,1743,1743,0,0,"[1743,2]","[1743,2]","[1743,512]",int32,int64,float32,True,True,False,True,True,True,1740,0,False
25024765B2,5x,data/yiyuan/patches_coords_5x/patches_256/25024765B2.h5,data/yiyuan/features_biomedclip_5x/25024765B2.h5,True,True,,True,True,True,375,375,375,0,0,"[375,2]","[375,2]","[375,512]",int32,int64,float32,True,True,False,True,True,True,375,0,False
25024765B2,20x,data/yiyuan/patches_coords_20x/patches_256/25024765B2.h5,data/yiyuan/features_biomedclip_20x/25024765B2.h5,True,True,,True,True,True,5583,5583,5583,0,0,"[5583,2]","[5583,2]","[5583,512]",int32,int64,float32,True,True,False,True,True,True,5582,0,False
25024855B4,5x,data/yiyuan/patches_coords_5x/patches_256/25024855B4.h5,data/yiyuan/features_biomedclip_5x/25024855B4.h5,True,True,,True,True,True,157,157,157,0,0,"[157,2]","[157,2]","[157,512]",int32,int64,float32,True,True,False,True,True,True,157,0,False
25024855B4,20x,data/yiyuan/patches_coords_20x/patches_256/25024855B4.h5,data/yiyuan/features_biomedclip_20x/25024855B4.h5,True,True,,True,True,True,1867,1867,1867,0,0,"[1867,2]","[1867,2]","[1867,512]",int32,int64,float32,True,True,False,True,True,True,1864,0,False
25024875B2,5x,data/yiyuan/patches_coords_5x/patches_256/25024875B2.h5,data/yiyuan/features_biomedclip_5x/25024875B2.h5,True,True,,True,True,True,76,76,76,0,0,"[76,2]","[76,2]","[76,512]",int32,int64,float32,True,True,False,True,True,True,74,0,False
25024875B2,20x,data/yiyuan/patches_coords_20x/patches_256/25024875B2.h5,data/yiyuan/features_biomedclip_20x/25024875B2.h5,True,True,,True,True,True,1097,1097,1097,0,0,"[1097,2]","[1097,2]","[1097,512]",int32,int64,float32,True,True,False,True,True,True,1097,0,False
25024982B1,5x,data/yiyuan/patches_coords_5x/patches_256/25024982B1.h5,data/yiyuan/features_biomedclip_5x/25024982B1.h5,True,True,,True,True,True,173,173,173,0,0,"[173,2]","[173,2]","[173,512]",int32,int64,float32,True,True,False,True,True,True,173,0,False
25024982B1,20x,data/yiyuan/patches_coords_20x/patches_256/25024982B1.h5,data/yiyuan/features_biomedclip_20x/25024982B1.h5,True,True,,True,True,True,2477,2477,2477,0,0,"[2477,2]","[2477,2]","[2477,512]",int32,int64,float32,True,True,False,True,True,True,2475,0,False
25025076B,5x,data/yiyuan/patches_coords_5x/patches_256/25025076B.h5,data/yiyuan/features_biomedclip_5x/25025076B.h5,True,True,,True,True,True,270,270,270,0,0,"[270,2]","[270,2]","[270,512]",int32,int64,float32,True,True,False,True,True,True,270,0,False
25025076B,20x,data/yiyuan/patches_coords_20x/patches_256/25025076B.h5,data/yiyuan/features_biomedclip_20x/25025076B.h5,True,True,,True,True,True,3951,3951,3951,0,0,"[3951,2]","[3951,2]","[3951,512]",int32,int64,float32,True,True,False,True,True,True,3949,0,False
25025087B,5x,data/yiyuan/patches_coords_5x/patches_256/25025087B.h5,data/yiyuan/features_biomedclip_5x/25025087B.h5,True,True,,True,True,True,170,170,170,0,0,"[170,2]","[170,2]","[170,512]",int32,int64,float32,True,True,False,True,True,True,170,0,False
25025087B,20x,data/yiyuan/patches_coords_20x/patches_256/25025087B.h5,data/yiyuan/features_biomedclip_20x/25025087B.h5,True,True,,True,True,True,2204,2204,2204,0,0,"[2204,2]","[2204,2]","[2204,512]",int32,int64,float32,True,True,False,True,True,True,2203,0,False
25025097B,5x,data/yiyuan/patches_coords_5x/patches_256/25025097B.h5,data/yiyuan/features_biomedclip_5x/25025097B.h5,True,True,,True,True,True,261,261,261,0,0,"[261,2]","[261,2]","[261,512]",int32,int64,float32,True,True,False,True,True,True,261,0,False
25025097B,20x,data/yiyuan/patches_coords_20x/patches_256/25025097B.h5,data/yiyuan/features_biomedclip_20x/25025097B.h5,True,True,,True,True,True,3783,3783,3783,0,0,"[3783,2]","[3783,2]","[3783,512]",int32,int64,float32,True,True,False,True,True,True,3783,0,False
25025291B,5x,data/yiyuan/patches_coords_5x/patches_256/25025291B.h5,data/yiyuan/features_biomedclip_5x/25025291B.h5,True,True,,True,True,True,238,238,238,0,0,"[238,2]","[238,2]","[238,512]",int32,int64,float32,True,True,False,True,True,True,238,0,False
25025291B,20x,data/yiyuan/patches_coords_20x/patches_256/25025291B.h5,data/yiyuan/features_biomedclip_20x/25025291B.h5,True,True,,True,True,True,3428,3428,3428,0,0,"[3428,2]","[3428,2]","[3428,512]",int32,int64,float32,True,True,False,True,True,True,3423,0,False
25025293B2,5x,data/yiyuan/patches_coords_5x/patches_256/25025293B2.h5,data/yiyuan/features_biomedclip_5x/25025293B2.h5,True,True,,True,True,True,203,203,203,0,0,"[203,2]","[203,2]","[203,512]",int32,int64,float32,True,True,False,True,True,True,203,0,False
25025293B2,20x,data/yiyuan/patches_coords_20x/patches_256/25025293B2.h5,data/yiyuan/features_biomedclip_20x/25025293B2.h5,True,True,,True,True,True,2659,2659,2659,0,0,"[2659,2]","[2659,2]","[2659,512]",int32,int64,float32,True,True,False,True,True,True,2658,0,False
25025567B4,5x,data/yiyuan/patches_coords_5x/patches_256/25025567B4.h5,data/yiyuan/features_biomedclip_5x/25025567B4.h5,True,True,,True,True,True,105,105,105,0,0,"[105,2]","[105,2]","[105,512]",int32,int64,float32,True,True,False,True,True,True,105,0,False
25025567B4,20x,data/yiyuan/patches_coords_20x/patches_256/25025567B4.h5,data/yiyuan/features_biomedclip_20x/25025567B4.h5,True,True,,True,True,True,1402,1402,1402,0,0,"[1402,2]","[1402,2]","[1402,512]",int32,int64,float32,True,True,False,True,True,True,1401,0,False
25025569B,5x,data/yiyuan/patches_coords_5x/patches_256/25025569B.h5,data/yiyuan/features_biomedclip_5x/25025569B.h5,True,True,,True,True,True,51,51,51,0,0,"[51,2]","[51,2]","[51,512]",int32,int64,float32,True,True,False,True,True,True,51,0,False
25025569B,20x,data/yiyuan/patches_coords_20x/patches_256/25025569B.h5,data/yiyuan/features_biomedclip_20x/25025569B.h5,True,True,,True,True,True,628,628,628,0,0,"[628,2]","[628,2]","[628,512]",int32,int64,float32,True,True,False,True,True,True,626,0,False
25025616B,5x,data/yiyuan/patches_coords_5x/patches_256/25025616B.h5,data/yiyuan/features_biomedclip_5x/25025616B.h5,True,True,,True,True,True,136,136,136,0,0,"[136,2]","[136,2]","[136,512]",int32,int64,float32,True,True,False,True,True,True,124,0,False
25025616B,20x,data/yiyuan/patches_coords_20x/patches_256/25025616B.h5,data/yiyuan/features_biomedclip_20x/25025616B.h5,True,True,,True,True,True,1913,1913,1913,0,0,"[1913,2]","[1913,2]","[1913,512]",int32,int64,float32,True,True,False,True,True,True,1912,0,False
25025951B,5x,data/yiyuan/patches_coords_5x/patches_256/25025951B.h5,data/yiyuan/features_biomedclip_5x/25025951B.h5,True,True,,True,True,True,265,265,265,0,0,"[265,2]","[265,2]","[265,512]",int32,int64,float32,True,True,False,True,True,True,265,0,False
25025951B,20x,data/yiyuan/patches_coords_20x/patches_256/25025951B.h5,data/yiyuan/features_biomedclip_20x/25025951B.h5,True,True,,True,True,True,3887,3887,3887,0,0,"[3887,2]","[3887,2]","[3887,512]",int32,int64,float32,True,True,False,True,True,True,3883,0,False
25025954B3,5x,data/yiyuan/patches_coords_5x/patches_256/25025954B3.h5,data/yiyuan/features_biomedclip_5x/25025954B3.h5,True,True,,True,True,True,40,40,40,0,0,"[40,2]","[40,2]","[40,512]",int32,int64,float32,True,True,False,True,True,True,40,0,False
25025954B3,20x,data/yiyuan/patches_coords_20x/patches_256/25025954B3.h5,data/yiyuan/features_biomedclip_20x/25025954B3.h5,True,True,,True,True,True,435,435,435,0,0,"[435,2]","[435,2]","[435,512]",int32,int64,float32,True,True,False,True,True,True,434,0,False
25025975B2,5x,data/yiyuan/patches_coords_5x/patches_256/25025975B2.h5,data/yiyuan/features_biomedclip_5x/25025975B2.h5,True,True,,True,True,True,154,154,154,0,0,"[154,2]","[154,2]","[154,512]",int32,int64,float32,True,True,False,True,True,True,154,0,False
25025975B2,20x,data/yiyuan/patches_coords_20x/patches_256/25025975B2.h5,data/yiyuan/features_biomedclip_20x/25025975B2.h5,True,True,,True,True,True,2129,2129,2129,0,0,"[2129,2]","[2129,2]","[2129,512]",int32,int64,float32,True,True,False,True,True,True,2128,0,False
25026103B2,5x,data/yiyuan/patches_coords_5x/patches_256/25026103B2.h5,data/yiyuan/features_biomedclip_5x/25026103B2.h5,True,True,,True,True,True,213,213,213,0,0,"[213,2]","[213,2]","[213,512]",int32,int64,float32,True,True,False,True,True,True,213,0,False
25026103B2,20x,data/yiyuan/patches_coords_20x/patches_256/25026103B2.h5,data/yiyuan/features_biomedclip_20x/25026103B2.h5,True,True,,True,True,True,3274,3274,3274,0,0,"[3274,2]","[3274,2]","[3274,512]",int32,int64,float32,True,True,False,True,True,True,3272,0,False
25026144B2,5x,data/yiyuan/patches_coords_5x/patches_256/25026144B2.h5,data/yiyuan/features_biomedclip_5x/25026144B2.h5,True,True,,True,True,True,282,282,282,0,0,"[282,2]","[282,2]","[282,512]",int32,int64,float32,True,True,False,True,True,True,282,0,False
25026144B2,20x,data/yiyuan/patches_coords_20x/patches_256/25026144B2.h5,data/yiyuan/features_biomedclip_20x/25026144B2.h5,True,True,,True,True,True,4093,4093,4093,0,0,"[4093,2]","[4093,2]","[4093,512]",int32,int64,float32,True,True,False,True,True,True,4091,0,False
25026144B3,5x,data/yiyuan/patches_coords_5x/patches_256/25026144B3.h5,data/yiyuan/features_biomedclip_5x/25026144B3.h5,True,True,,True,True,True,252,252,252,0,0,"[252,2]","[252,2]","[252,512]",int32,int64,float32,True,True,False,True,True,True,252,0,False
25026144B3,20x,data/yiyuan/patches_coords_20x/patches_256/25026144B3.h5,data/yiyuan/features_biomedclip_20x/25026144B3.h5,True,True,,True,True,True,3365,3365,3365,0,0,"[3365,2]","[3365,2]","[3365,512]",int32,int64,float32,True,True,False,True,True,True,3364,0,False
25026285B2,5x,data/yiyuan/patches_coords_5x/patches_256/25026285B2.h5,data/yiyuan/features_biomedclip_5x/25026285B2.h5,True,True,,True,True,True,368,368,368,0,0,"[368,2]","[368,2]","[368,512]",int32,int64,float32,True,True,False,True,True,True,368,0,False
25026285B2,20x,data/yiyuan/patches_coords_20x/patches_256/25026285B2.h5,data/yiyuan/features_biomedclip_20x/25026285B2.h5,True,True,,True,True,True,5526,5526,5526,0,0,"[5526,2]","[5526,2]","[5526,512]",int32,int64,float32,True,True,False,True,True,True,5523,0,False
25026294B3,5x,data/yiyuan/patches_coords_5x/patches_256/25026294B3.h5,data/yiyuan/features_biomedclip_5x/25026294B3.h5,True,True,,True,True,True,416,416,416,0,0,"[416,2]","[416,2]","[416,512]",int32,int64,float32,True,True,False,True,True,True,414,0,False
25026294B3,20x,data/yiyuan/patches_coords_20x/patches_256/25026294B3.h5,data/yiyuan/features_biomedclip_20x/25026294B3.h5,True,True,,True,True,True,5954,5954,5954,0,0,"[5954,2]","[5954,2]","[5954,512]",int32,int64,float32,True,True,False,True,True,True,5953,0,False
25026499B3,5x,data/yiyuan/patches_coords_5x/patches_256/25026499B3.h5,data/yiyuan/features_biomedclip_5x/25026499B3.h5,True,True,,True,True,True,296,296,296,0,0,"[296,2]","[296,2]","[296,512]",int32,int64,float32,True,True,False,True,True,True,296,0,False
25026499B3,20x,data/yiyuan/patches_coords_20x/patches_256/25026499B3.h5,data/yiyuan/features_biomedclip_20x/25026499B3.h5,True,True,,True,True,True,4304,4304,4304,0,0,"[4304,2]","[4304,2]","[4304,512]",int32,int64,float32,True,True,False,True,True,True,4304,0,False
25026509B,5x,data/yiyuan/patches_coords_5x/patches_256/25026509B.h5,data/yiyuan/features_biomedclip_5x/25026509B.h5,True,True,,True,True,True,202,202,202,0,0,"[202,2]","[202,2]","[202,512]",int32,int64,float32,True,True,False,True,True,True,202,0,False
25026509B,20x,data/yiyuan/patches_coords_20x/patches_256/25026509B.h5,data/yiyuan/features_biomedclip_20x/25026509B.h5,True,True,,True,True,True,2939,2939,2939,0,0,"[2939,2]","[2939,2]","[2939,512]",int32,int64,float32,True,True,False,True,True,True,2937,0,False
25026752B,5x,data/yiyuan/patches_coords_5x/patches_256/25026752B.h5,data/yiyuan/features_biomedclip_5x/25026752B.h5,True,True,,True,True,True,148,148,148,0,0,"[148,2]","[148,2]","[148,512]",int32,int64,float32,True,True,False,True,True,True,148,0,False
25026752B,20x,data/yiyuan/patches_coords_20x/patches_256/25026752B.h5,data/yiyuan/features_biomedclip_20x/25026752B.h5,True,True,,True,True,True,2142,2142,2142,0,0,"[2142,2]","[2142,2]","[2142,512]",int32,int64,float32,True,True,False,True,True,True,2141,0,False
25026782B3,5x,data/yiyuan/patches_coords_5x/patches_256/25026782B3.h5,data/yiyuan/features_biomedclip_5x/25026782B3.h5,True,True,,True,True,True,205,205,205,0,0,"[205,2]","[205,2]","[205,512]",int32,int64,float32,True,True,False,True,True,True,204,0,False
25026782B3,20x,data/yiyuan/patches_coords_20x/patches_256/25026782B3.h5,data/yiyuan/features_biomedclip_20x/25026782B3.h5,True,True,,True,True,True,2791,2791,2791,0,0,"[2791,2]","[2791,2]","[2791,512]",int32,int64,float32,True,True,False,True,True,True,2791,0,False
25026797B2,5x,data/yiyuan/patches_coords_5x/patches_256/25026797B2.h5,data/yiyuan/features_biomedclip_5x/25026797B2.h5,True,True,,True,True,True,76,76,76,0,0,"[76,2]","[76,2]","[76,512]",int32,int64,float32,True,True,False,True,True,True,76,0,False
25026797B2,20x,data/yiyuan/patches_coords_20x/patches_256/25026797B2.h5,data/yiyuan/features_biomedclip_20x/25026797B2.h5,True,True,,True,True,True,1002,1002,1002,0,0,"[1002,2]","[1002,2]","[1002,512]",int32,int64,float32,True,True,False,True,True,True,1000,0,False
25027131B2,5x,data/yiyuan/patches_coords_5x/patches_256/25027131B2.h5,data/yiyuan/features_biomedclip_5x/25027131B2.h5,True,True,,True,True,True,315,315,315,0,0,"[315,2]","[315,2]","[315,512]",int32,int64,float32,True,True,False,True,True,True,315,0,False
25027131B2,20x,data/yiyuan/patches_coords_20x/patches_256/25027131B2.h5,data/yiyuan/features_biomedclip_20x/25027131B2.h5,True,True,,True,True,True,4565,4565,4565,0,0,"[4565,2]","[4565,2]","[4565,512]",int32,int64,float32,True,True,False,True,True,True,4562,0,False
25027181B2,5x,data/yiyuan/patches_coords_5x/patches_256/25027181B2.h5,data/yiyuan/features_biomedclip_5x/25027181B2.h5,True,True,,True,True,True,135,135,135,0,0,"[135,2]","[135,2]","[135,512]",int32,int64,float32,True,True,False,True,True,True,135,0,False
25027181B2,20x,data/yiyuan/patches_coords_20x/patches_256/25027181B2.h5,data/yiyuan/features_biomedclip_20x/25027181B2.h5,True,True,,True,True,True,1769,1769,1769,0,0,"[1769,2]","[1769,2]","[1769,512]",int32,int64,float32,True,True,False,True,True,True,1769,0,False
25027181B3,5x,data/yiyuan/patches_coords_5x/patches_256/25027181B3.h5,data/yiyuan/features_biomedclip_5x/25027181B3.h5,True,True,,True,True,True,185,185,185,0,0,"[185,2]","[185,2]","[185,512]",int32,int64,float32,True,True,False,True,True,True,185,0,False
25027181B3,20x,data/yiyuan/patches_coords_20x/patches_256/25027181B3.h5,data/yiyuan/features_biomedclip_20x/25027181B3.h5,True,True,,True,True,True,2519,2519,2519,0,0,"[2519,2]","[2519,2]","[2519,512]",int32,int64,float32,True,True,False,True,True,True,2519,0,False
25027181B4,5x,data/yiyuan/patches_coords_5x/patches_256/25027181B4.h5,data/yiyuan/features_biomedclip_5x/25027181B4.h5,True,True,,True,True,True,406,406,406,0,0,"[406,2]","[406,2]","[406,512]",int32,int64,float32,True,True,False,True,True,True,406,0,False
25027181B4,20x,data/yiyuan/patches_coords_20x/patches_256/25027181B4.h5,data/yiyuan/features_biomedclip_20x/25027181B4.h5,True,True,,True,True,True,6197,6197,6197,0,0,"[6197,2]","[6197,2]","[6197,512]",int32,int64,float32,True,True,False,True,True,True,6195,0,False
25027181B5,5x,data/yiyuan/patches_coords_5x/patches_256/25027181B5.h5,data/yiyuan/features_biomedclip_5x/25027181B5.h5,True,True,,True,True,True,316,316,316,0,0,"[316,2]","[316,2]","[316,512]",int32,int64,float32,True,True,False,True,True,True,316,0,False
25027181B5,20x,data/yiyuan/patches_coords_20x/patches_256/25027181B5.h5,data/yiyuan/features_biomedclip_20x/25027181B5.h5,True,True,,True,True,True,4677,4677,4677,0,0,"[4677,2]","[4677,2]","[4677,512]",int32,int64,float32,True,True,False,True,True,True,4674,0,False
25027181B6,5x,data/yiyuan/patches_coords_5x/patches_256/25027181B6.h5,data/yiyuan/features_biomedclip_5x/25027181B6.h5,True,True,,True,True,True,145,145,145,0,0,"[145,2]","[145,2]","[145,512]",int32,int64,float32,True,True,False,True,True,True,145,0,False
25027181B6,20x,data/yiyuan/patches_coords_20x/patches_256/25027181B6.h5,data/yiyuan/features_biomedclip_20x/25027181B6.h5,True,True,,True,True,True,2130,2130,2130,0,0,"[2130,2]","[2130,2]","[2130,512]",int32,int64,float32,True,True,False,True,True,True,2129,0,False
25027193B,5x,data/yiyuan/patches_coords_5x/patches_256/25027193B.h5,data/yiyuan/features_biomedclip_5x/25027193B.h5,True,True,,True,True,True,295,295,295,0,0,"[295,2]","[295,2]","[295,512]",int32,int64,float32,True,True,False,True,True,True,295,0,False
25027193B,20x,data/yiyuan/patches_coords_20x/patches_256/25027193B.h5,data/yiyuan/features_biomedclip_20x/25027193B.h5,True,True,,True,True,True,4317,4317,4317,0,0,"[4317,2]","[4317,2]","[4317,512]",int32,int64,float32,True,True,False,True,True,True,4313,0,False
2490980B,5x,data/yiyuan/patches_coords_5x/patches_256/2490980B.h5,data/yiyuan/features_biomedclip_5x/2490980B.h5,True,True,,True,True,True,394,394,394,0,0,"[394,2]","[394,2]","[394,512]",int32,int64,float32,True,True,False,True,True,True,394,0,False
2490980B,20x,data/yiyuan/patches_coords_20x/patches_256/2490980B.h5,data/yiyuan/features_biomedclip_20x/2490980B.h5,True,True,,True,True,True,5912,5912,5912,0,0,"[5912,2]","[5912,2]","[5912,512]",int32,int64,float32,True,True,False,True,True,True,5909,0,False
2491552B,5x,data/yiyuan/patches_coords_5x/patches_256/2491552B.h5,data/yiyuan/features_biomedclip_5x/2491552B.h5,True,True,,True,True,True,117,117,117,0,0,"[117,2]","[117,2]","[117,512]",int32,int64,float32,True,True,False,True,True,True,117,0,False
2491552B,20x,data/yiyuan/patches_coords_20x/patches_256/2491552B.h5,data/yiyuan/features_biomedclip_20x/2491552B.h5,True,True,,True,True,True,1488,1488,1488,0,0,"[1488,2]","[1488,2]","[1488,512]",int32,int64,float32,True,True,False,True,True,True,1486,0,False
2491579B,5x,data/yiyuan/patches_coords_5x/patches_256/2491579B.h5,data/yiyuan/features_biomedclip_5x/2491579B.h5,True,True,,True,True,True,269,269,269,0,0,"[269,2]","[269,2]","[269,512]",int32,int64,float32,True,True,False,True,True,True,269,0,False
2491579B,20x,data/yiyuan/patches_coords_20x/patches_256/2491579B.h5,data/yiyuan/features_biomedclip_20x/2491579B.h5,True,True,,True,True,True,3882,3882,3882,0,0,"[3882,2]","[3882,2]","[3882,512]",int32,int64,float32,True,True,False,True,True,True,3882,0,False
25002379B2,5x,data/yiyuan/patches_coords_5x/patches_256/25002379B2.h5,data/yiyuan/features_biomedclip_5x/25002379B2.h5,True,True,,True,True,True,177,177,177,0,0,"[177,2]","[177,2]","[177,512]",int32,int64,float32,True,True,False,True,True,True,177,0,False
25002379B2,20x,data/yiyuan/patches_coords_20x/patches_256/25002379B2.h5,data/yiyuan/features_biomedclip_20x/25002379B2.h5,True,True,,True,True,True,2523,2523,2523,0,0,"[2523,2]","[2523,2]","[2523,512]",int32,int64,float32,True,True,False,True,True,True,2523,0,False
25002510B2,5x,data/yiyuan/patches_coords_5x/patches_256/25002510B2.h5,data/yiyuan/features_biomedclip_5x/25002510B2.h5,True,True,,True,True,True,185,185,185,0,0,"[185,2]","[185,2]","[185,512]",int32,int64,float32,True,True,False,True,True,True,185,0,False
25002510B2,20x,data/yiyuan/patches_coords_20x/patches_256/25002510B2.h5,data/yiyuan/features_biomedclip_20x/25002510B2.h5,True,True,,True,True,True,2072,2072,2072,0,0,"[2072,2]","[2072,2]","[2072,512]",int32,int64,float32,True,True,False,True,True,True,2070,0,False
25009557B,5x,data/yiyuan/patches_coords_5x/patches_256/25009557B.h5,data/yiyuan/features_biomedclip_5x/25009557B.h5,True,True,,True,True,True,153,153,153,0,0,"[153,2]","[153,2]","[153,512]",int32,int64,float32,True,True,False,True,True,True,153,0,False
25009557B,20x,data/yiyuan/patches_coords_20x/patches_256/25009557B.h5,data/yiyuan/features_biomedclip_20x/25009557B.h5,True,True,,True,True,True,2222,2222,2222,0,0,"[2222,2]","[2222,2]","[2222,512]",int32,int64,float32,True,True,False,True,True,True,2220,0,False
25027606B3,5x,data/yiyuan/patches_coords_5x/patches_256/25027606B3.h5,data/yiyuan/features_biomedclip_5x/25027606B3.h5,True,True,,True,True,True,152,152,152,0,0,"[152,2]","[152,2]","[152,512]",int32,int64,float32,True,True,False,True,True,True,152,0,False
25027606B3,20x,data/yiyuan/patches_coords_20x/patches_256/25027606B3.h5,data/yiyuan/features_biomedclip_20x/25027606B3.h5,True,True,,True,True,True,2077,2077,2077,0,0,"[2077,2]","[2077,2]","[2077,512]",int32,int64,float32,True,True,False,True,True,True,2075,0,False
25027636B2,5x,data/yiyuan/patches_coords_5x/patches_256/25027636B2.h5,data/yiyuan/features_biomedclip_5x/25027636B2.h5,True,True,,True,True,True,344,344,344,0,0,"[344,2]","[344,2]","[344,512]",int32,int64,float32,True,True,False,True,True,True,342,2,False
25027636B2,20x,data/yiyuan/patches_coords_20x/patches_256/25027636B2.h5,data/yiyuan/features_biomedclip_20x/25027636B2.h5,True,True,,True,True,True,4805,4805,4805,0,0,"[4805,2]","[4805,2]","[4805,512]",int32,int64,float32,True,True,False,True,True,True,4805,0,False
25027718B2,5x,data/yiyuan/patches_coords_5x/patches_256/25027718B2.h5,data/yiyuan/features_biomedclip_5x/25027718B2.h5,True,True,,True,True,True,237,237,237,0,0,"[237,2]","[237,2]","[237,512]",int32,int64,float32,True,True,False,True,True,True,195,0,False
25027718B2,20x,data/yiyuan/patches_coords_20x/patches_256/25027718B2.h5,data/yiyuan/features_biomedclip_20x/25027718B2.h5,True,True,,True,True,True,3523,3523,3523,0,0,"[3523,2]","[3523,2]","[3523,512]",int32,int64,float32,True,True,False,True,True,True,3521,0,False
25027723B4,5x,data/yiyuan/patches_coords_5x/patches_256/25027723B4.h5,data/yiyuan/features_biomedclip_5x/25027723B4.h5,True,True,,True,True,True,248,248,248,0,0,"[248,2]","[248,2]","[248,512]",int32,int64,float32,True,True,False,True,True,True,248,0,False
25027723B4,20x,data/yiyuan/patches_coords_20x/patches_256/25027723B4.h5,data/yiyuan/features_biomedclip_20x/25027723B4.h5,True,True,,True,True,True,3532,3532,3532,0,0,"[3532,2]","[3532,2]","[3532,512]",int32,int64,float32,True,True,False,True,True,True,3530,0,False
25027770B,5x,data/yiyuan/patches_coords_5x/patches_256/25027770B.h5,data/yiyuan/features_biomedclip_5x/25027770B.h5,True,True,,True,True,True,218,218,218,0,0,"[218,2]","[218,2]","[218,512]",int32,int64,float32,True,True,False,True,True,True,218,0,False
25027770B,20x,data/yiyuan/patches_coords_20x/patches_256/25027770B.h5,data/yiyuan/features_biomedclip_20x/25027770B.h5,True,True,,True,True,True,3071,3071,3071,0,0,"[3071,2]","[3071,2]","[3071,512]",int32,int64,float32,True,True,False,True,True,True,3069,0,False
25028010B2,5x,data/yiyuan/patches_coords_5x/patches_256/25028010B2.h5,data/yiyuan/features_biomedclip_5x/25028010B2.h5,True,True,,True,True,True,144,144,144,0,0,"[144,2]","[144,2]","[144,512]",int32,int64,float32,True,True,False,True,True,True,137,0,False
25028010B2,20x,data/yiyuan/patches_coords_20x/patches_256/25028010B2.h5,data/yiyuan/features_biomedclip_20x/25028010B2.h5,True,True,,True,True,True,1946,1946,1946,0,0,"[1946,2]","[1946,2]","[1946,512]",int32,int64,float32,True,True,False,True,True,True,1945,0,False
25028010B2a,5x,data/yiyuan/patches_coords_5x/patches_256/25028010B2a.h5,data/yiyuan/features_biomedclip_5x/25028010B2a.h5,True,True,,True,True,True,132,132,132,0,0,"[132,2]","[132,2]","[132,512]",int32,int64,float32,True,True,False,True,True,True,105,0,False
25028010B2a,20x,data/yiyuan/patches_coords_20x/patches_256/25028010B2a.h5,data/yiyuan/features_biomedclip_20x/25028010B2a.h5,True,True,,True,True,True,1839,1839,1839,0,0,"[1839,2]","[1839,2]","[1839,512]",int32,int64,float32,True,True,False,True,True,True,1839,0,False
25028010B3,5x,data/yiyuan/patches_coords_5x/patches_256/25028010B3.h5,data/yiyuan/features_biomedclip_5x/25028010B3.h5,True,True,,True,True,True,239,239,239,0,0,"[239,2]","[239,2]","[239,512]",int32,int64,float32,True,True,False,True,True,True,239,0,False
25028010B3,20x,data/yiyuan/patches_coords_20x/patches_256/25028010B3.h5,data/yiyuan/features_biomedclip_20x/25028010B3.h5,True,True,,True,True,True,3182,3182,3182,0,0,"[3182,2]","[3182,2]","[3182,512]",int32,int64,float32,True,True,False,True,True,True,3178,0,False
25028014B4,5x,data/yiyuan/patches_coords_5x/patches_256/25028014B4.h5,data/yiyuan/features_biomedclip_5x/25028014B4.h5,True,True,,True,True,True,167,167,167,0,0,"[167,2]","[167,2]","[167,512]",int32,int64,float32,True,True,False,True,True,True,167,0,False
25028014B4,20x,data/yiyuan/patches_coords_20x/patches_256/25028014B4.h5,data/yiyuan/features_biomedclip_20x/25028014B4.h5,True,True,,True,True,True,2330,2330,2330,0,0,"[2330,2]","[2330,2]","[2330,512]",int32,int64,float32,True,True,False,True,True,True,2330,0,False
25028014B5,5x,data/yiyuan/patches_coords_5x/patches_256/25028014B5.h5,data/yiyuan/features_biomedclip_5x/25028014B5.h5,True,True,,True,True,True,177,177,177,0,0,"[177,2]","[177,2]","[177,512]",int32,int64,float32,True,True,False,True,True,True,177,0,False
25028014B5,20x,data/yiyuan/patches_coords_20x/patches_256/25028014B5.h5,data/yiyuan/features_biomedclip_20x/25028014B5.h5,True,True,,True,True,True,2594,2594,2594,0,0,"[2594,2]","[2594,2]","[2594,512]",int32,int64,float32,True,True,False,True,True,True,2591,0,False
25028014B6,5x,data/yiyuan/patches_coords_5x/patches_256/25028014B6.h5,data/yiyuan/features_biomedclip_5x/25028014B6.h5,True,True,,True,True,True,81,81,81,0,0,"[81,2]","[81,2]","[81,512]",int32,int64,float32,True,True,False,True,True,True,81,0,False
25028014B6,20x,data/yiyuan/patches_coords_20x/patches_256/25028014B6.h5,data/yiyuan/features_biomedclip_20x/25028014B6.h5,True,True,,True,True,True,1074,1074,1074,0,0,"[1074,2]","[1074,2]","[1074,512]",int32,int64,float32,True,True,False,True,True,True,1074,0,False
25028014B7,5x,data/yiyuan/patches_coords_5x/patches_256/25028014B7.h5,data/yiyuan/features_biomedclip_5x/25028014B7.h5,True,True,,True,True,True,97,97,97,0,0,"[97,2]","[97,2]","[97,512]",int32,int64,float32,True,True,False,True,True,True,97,0,False
25028014B7,20x,data/yiyuan/patches_coords_20x/patches_256/25028014B7.h5,data/yiyuan/features_biomedclip_20x/25028014B7.h5,True,True,,True,True,True,1311,1311,1311,0,0,"[1311,2]","[1311,2]","[1311,512]",int32,int64,float32,True,True,False,True,True,True,1310,0,False
25028134B,5x,data/yiyuan/patches_coords_5x/patches_256/25028134B.h5,data/yiyuan/features_biomedclip_5x/25028134B.h5,True,True,,True,True,True,290,290,290,0,0,"[290,2]","[290,2]","[290,512]",int32,int64,float32,True,True,False,True,True,True,290,0,False
25028134B,20x,data/yiyuan/patches_coords_20x/patches_256/25028134B.h5,data/yiyuan/features_biomedclip_20x/25028134B.h5,True,True,,True,True,True,4196,4196,4196,0,0,"[4196,2]","[4196,2]","[4196,512]",int32,int64,float32,True,True,False,True,True,True,4195,0,False
25028147B3,5x,data/yiyuan/patches_coords_5x/patches_256/25028147B3.h5,data/yiyuan/features_biomedclip_5x/25028147B3.h5,True,True,,True,True,True,138,138,138,0,0,"[138,2]","[138,2]","[138,512]",int32,int64,float32,True,True,False,True,True,True,138,0,False
25028147B3,20x,data/yiyuan/patches_coords_20x/patches_256/25028147B3.h5,data/yiyuan/features_biomedclip_20x/25028147B3.h5,True,True,,True,True,True,1958,1958,1958,0,0,"[1958,2]","[1958,2]","[1958,512]",int32,int64,float32,True,True,False,True,True,True,1958,0,False
25028151B2,5x,data/yiyuan/patches_coords_5x/patches_256/25028151B2.h5,data/yiyuan/features_biomedclip_5x/25028151B2.h5,True,True,,True,True,True,178,178,178,0,0,"[178,2]","[178,2]","[178,512]",int32,int64,float32,True,True,False,True,True,True,178,0,False
25028151B2,20x,data/yiyuan/patches_coords_20x/patches_256/25028151B2.h5,data/yiyuan/features_biomedclip_20x/25028151B2.h5,True,True,,True,True,True,2445,2445,2445,0,0,"[2445,2]","[2445,2]","[2445,512]",int32,int64,float32,True,True,False,True,True,True,2444,0,False
25028151B3,5x,data/yiyuan/patches_coords_5x/patches_256/25028151B3.h5,data/yiyuan/features_biomedclip_5x/25028151B3.h5,True,True,,True,True,True,283,283,283,0,0,"[283,2]","[283,2]","[283,512]",int32,int64,float32,True,True,False,True,True,True,283,0,False
25028151B3,20x,data/yiyuan/patches_coords_20x/patches_256/25028151B3.h5,data/yiyuan/features_biomedclip_20x/25028151B3.h5,True,True,,True,True,True,4005,4005,4005,0,0,"[4005,2]","[4005,2]","[4005,512]",int32,int64,float32,True,True,False,True,True,True,4003,0,False
25028186B2,5x,data/yiyuan/patches_coords_5x/patches_256/25028186B2.h5,data/yiyuan/features_biomedclip_5x/25028186B2.h5,True,True,,True,True,True,286,286,286,0,0,"[286,2]","[286,2]","[286,512]",int32,int64,float32,True,True,False,True,True,True,286,0,False
25028186B2,20x,data/yiyuan/patches_coords_20x/patches_256/25028186B2.h5,data/yiyuan/features_biomedclip_20x/25028186B2.h5,True,True,,True,True,True,4181,4181,4181,0,0,"[4181,2]","[4181,2]","[4181,512]",int32,int64,float32,True,True,False,True,True,True,4180,0,False
25028210B2,5x,data/yiyuan/patches_coords_5x/patches_256/25028210B2.h5,data/yiyuan/features_biomedclip_5x/25028210B2.h5,True,True,,True,True,True,133,133,133,0,0,"[133,2]","[133,2]","[133,512]",int32,int64,float32,True,True,False,True,True,True,133,0,False
25028210B2,20x,data/yiyuan/patches_coords_20x/patches_256/25028210B2.h5,data/yiyuan/features_biomedclip_20x/25028210B2.h5,True,True,,True,True,True,1784,1784,1784,0,0,"[1784,2]","[1784,2]","[1784,512]",int32,int64,float32,True,True,False,True,True,True,1784,0,False
25028514B,5x,data/yiyuan/patches_coords_5x/patches_256/25028514B.h5,data/yiyuan/features_biomedclip_5x/25028514B.h5,True,True,,True,True,True,128,128,128,0,0,"[128,2]","[128,2]","[128,512]",int32,int64,float32,True,True,False,True,True,True,128,0,False
25028514B,20x,data/yiyuan/patches_coords_20x/patches_256/25028514B.h5,data/yiyuan/features_biomedclip_20x/25028514B.h5,True,True,,True,True,True,1741,1741,1741,0,0,"[1741,2]","[1741,2]","[1741,512]",int32,int64,float32,True,True,False,True,True,True,1739,0,False
25028520B3,5x,data/yiyuan/patches_coords_5x/patches_256/25028520B3.h5,data/yiyuan/features_biomedclip_5x/25028520B3.h5,True,True,,True,True,True,151,151,151,0,0,"[151,2]","[151,2]","[151,512]",int32,int64,float32,True,True,False,True,True,True,151,0,False
25028520B3,20x,data/yiyuan/patches_coords_20x/patches_256/25028520B3.h5,data/yiyuan/features_biomedclip_20x/25028520B3.h5,True,True,,True,True,True,2200,2200,2200,0,0,"[2200,2]","[2200,2]","[2200,512]",int32,int64,float32,True,True,False,True,True,True,2198,0,False
25028738B2,5x,data/yiyuan/patches_coords_5x/patches_256/25028738B2.h5,data/yiyuan/features_biomedclip_5x/25028738B2.h5,True,True,,True,True,True,212,212,212,0,0,"[212,2]","[212,2]","[212,512]",int32,int64,float32,True,True,False,True,True,True,212,0,False
25028738B2,20x,data/yiyuan/patches_coords_20x/patches_256/25028738B2.h5,data/yiyuan/features_biomedclip_20x/25028738B2.h5,True,True,,True,True,True,3080,3080,3080,0,0,"[3080,2]","[3080,2]","[3080,512]",int32,int64,float32,True,True,False,True,True,True,3080,0,False
25028862B2,5x,data/yiyuan/patches_coords_5x/patches_256/25028862B2.h5,data/yiyuan/features_biomedclip_5x/25028862B2.h5,True,True,,True,True,True,189,189,189,0,0,"[189,2]","[189,2]","[189,512]",int32,int64,float32,True,True,False,True,True,True,189,0,False
25028862B2,20x,data/yiyuan/patches_coords_20x/patches_256/25028862B2.h5,data/yiyuan/features_biomedclip_20x/25028862B2.h5,True,True,,True,True,True,2597,2597,2597,0,0,"[2597,2]","[2597,2]","[2597,512]",int32,int64,float32,True,True,False,True,True,True,2596,0,False
25028868B2,5x,data/yiyuan/patches_coords_5x/patches_256/25028868B2.h5,data/yiyuan/features_biomedclip_5x/25028868B2.h5,True,True,,True,True,True,120,120,120,0,0,"[120,2]","[120,2]","[120,512]",int32,int64,float32,True,True,False,True,True,True,120,0,False
25028868B2,20x,data/yiyuan/patches_coords_20x/patches_256/25028868B2.h5,data/yiyuan/features_biomedclip_20x/25028868B2.h5,True,True,,True,True,True,1658,1658,1658,0,0,"[1658,2]","[1658,2]","[1658,512]",int32,int64,float32,True,True,False,True,True,True,1658,0,False
25028879B3,5x,data/yiyuan/patches_coords_5x/patches_256/25028879B3.h5,data/yiyuan/features_biomedclip_5x/25028879B3.h5,True,True,,True,True,True,283,283,283,0,0,"[283,2]","[283,2]","[283,512]",int32,int64,float32,True,True,False,True,True,True,283,0,False
25028879B3,20x,data/yiyuan/patches_coords_20x/patches_256/25028879B3.h5,data/yiyuan/features_biomedclip_20x/25028879B3.h5,True,True,,True,True,True,4014,4014,4014,0,0,"[4014,2]","[4014,2]","[4014,512]",int32,int64,float32,True,True,False,True,True,True,4014,0,False
25028885B2,5x,data/yiyuan/patches_coords_5x/patches_256/25028885B2.h5,data/yiyuan/features_biomedclip_5x/25028885B2.h5,True,True,,True,True,True,252,252,252,0,0,"[252,2]","[252,2]","[252,512]",int32,int64,float32,True,True,False,True,True,True,252,0,False
25028885B2,20x,data/yiyuan/patches_coords_20x/patches_256/25028885B2.h5,data/yiyuan/features_biomedclip_20x/25028885B2.h5,True,True,,True,True,True,3730,3730,3730,0,0,"[3730,2]","[3730,2]","[3730,512]",int32,int64,float32,True,True,False,True,True,True,3729,0,False
25029134B,5x,data/yiyuan/patches_coords_5x/patches_256/25029134B.h5,data/yiyuan/features_biomedclip_5x/25029134B.h5,True,True,,True,True,True,267,267,267,0,0,"[267,2]","[267,2]","[267,512]",int32,int64,float32,True,True,False,True,True,True,267,0,False
25029134B,20x,data/yiyuan/patches_coords_20x/patches_256/25029134B.h5,data/yiyuan/features_biomedclip_20x/25029134B.h5,True,True,,True,True,True,3786,3786,3786,0,0,"[3786,2]","[3786,2]","[3786,512]",int32,int64,float32,True,True,False,True,True,True,3786,0,False
25029179B,5x,data/yiyuan/patches_coords_5x/patches_256/25029179B.h5,data/yiyuan/features_biomedclip_5x/25029179B.h5,True,True,,True,True,True,355,355,355,0,0,"[355,2]","[355,2]","[355,512]",int32,int64,float32,True,True,False,True,True,True,355,0,False
25029179B,20x,data/yiyuan/patches_coords_20x/patches_256/25029179B.h5,data/yiyuan/features_biomedclip_20x/25029179B.h5,True,True,,True,True,True,5002,5002,5002,0,0,"[5002,2]","[5002,2]","[5002,512]",int32,int64,float32,True,True,False,True,True,True,5002,0,False
25029425B2,5x,data/yiyuan/patches_coords_5x/patches_256/25029425B2.h5,data/yiyuan/features_biomedclip_5x/25029425B2.h5,True,True,,True,True,True,281,281,281,0,0,"[281,2]","[281,2]","[281,512]",int32,int64,float32,True,True,False,True,True,True,280,0,False
25029425B2,20x,data/yiyuan/patches_coords_20x/patches_256/25029425B2.h5,data/yiyuan/features_biomedclip_20x/25029425B2.h5,True,True,,True,True,True,4198,4198,4198,0,0,"[4198,2]","[4198,2]","[4198,512]",int32,int64,float32,True,True,False,True,True,True,4196,0,False
25029425B3,5x,data/yiyuan/patches_coords_5x/patches_256/25029425B3.h5,data/yiyuan/features_biomedclip_5x/25029425B3.h5,True,True,,True,True,True,243,243,243,0,0,"[243,2]","[243,2]","[243,512]",int32,int64,float32,True,True,False,True,True,True,243,0,False
25029425B3,20x,data/yiyuan/patches_coords_20x/patches_256/25029425B3.h5,data/yiyuan/features_biomedclip_20x/25029425B3.h5,True,True,,True,True,True,3572,3572,3572,0,0,"[3572,2]","[3572,2]","[3572,512]",int32,int64,float32,True,True,False,True,True,True,3570,0,False
25029425B,5x,data/yiyuan/patches_coords_5x/patches_256/25029425B.h5,data/yiyuan/features_biomedclip_5x/25029425B.h5,True,True,,True,True,True,361,361,361,0,0,"[361,2]","[361,2]","[361,512]",int32,int64,float32,True,True,False,True,True,True,361,0,False
25029425B,20x,data/yiyuan/patches_coords_20x/patches_256/25029425B.h5,data/yiyuan/features_biomedclip_20x/25029425B.h5,True,True,,True,True,True,5429,5429,5429,0,0,"[5429,2]","[5429,2]","[5429,512]",int32,int64,float32,True,True,False,True,True,True,5428,0,False
25029560B2,5x,data/yiyuan/patches_coords_5x/patches_256/25029560B2.h5,data/yiyuan/features_biomedclip_5x/25029560B2.h5,True,True,,True,True,True,42,42,42,0,0,"[42,2]","[42,2]","[42,512]",int32,int64,float32,True,True,False,True,True,True,42,0,False
25029560B2,20x,data/yiyuan/patches_coords_20x/patches_256/25029560B2.h5,data/yiyuan/features_biomedclip_20x/25029560B2.h5,True,True,,True,True,True,536,536,536,0,0,"[536,2]","[536,2]","[536,512]",int32,int64,float32,True,True,False,True,True,True,534,0,False
25029565B5,5x,data/yiyuan/patches_coords_5x/patches_256/25029565B5.h5,data/yiyuan/features_biomedclip_5x/25029565B5.h5,True,True,,True,True,True,76,76,76,0,0,"[76,2]","[76,2]","[76,512]",int32,int64,float32,True,True,False,True,True,True,76,0,False
25029565B5,20x,data/yiyuan/patches_coords_20x/patches_256/25029565B5.h5,data/yiyuan/features_biomedclip_20x/25029565B5.h5,True,True,,True,True,True,975,975,975,0,0,"[975,2]","[975,2]","[975,512]",int32,int64,float32,True,True,False,True,True,True,973,0,False
25029737B2,5x,data/yiyuan/patches_coords_5x/patches_256/25029737B2.h5,data/yiyuan/features_biomedclip_5x/25029737B2.h5,True,True,,True,True,True,239,239,239,0,0,"[239,2]","[239,2]","[239,512]",int32,int64,float32,True,True,False,True,True,True,237,0,False
25029737B2,20x,data/yiyuan/patches_coords_20x/patches_256/25029737B2.h5,data/yiyuan/features_biomedclip_20x/25029737B2.h5,True,True,,True,True,True,3259,3259,3259,0,0,"[3259,2]","[3259,2]","[3259,512]",int32,int64,float32,True,True,False,True,True,True,3257,0,False
25029906B2,5x,data/yiyuan/patches_coords_5x/patches_256/25029906B2.h5,data/yiyuan/features_biomedclip_5x/25029906B2.h5,True,True,,True,True,True,264,264,264,0,0,"[264,2]","[264,2]","[264,512]",int32,int64,float32,True,True,False,True,True,True,264,0,False
25029906B2,20x,data/yiyuan/patches_coords_20x/patches_256/25029906B2.h5,data/yiyuan/features_biomedclip_20x/25029906B2.h5,True,True,,True,True,True,3730,3730,3730,0,0,"[3730,2]","[3730,2]","[3730,512]",int32,int64,float32,True,True,False,True,True,True,3730,0,False
25030118B2,5x,data/yiyuan/patches_coords_5x/patches_256/25030118B2.h5,data/yiyuan/features_biomedclip_5x/25030118B2.h5,True,True,,True,True,True,134,134,134,0,0,"[134,2]","[134,2]","[134,512]",int32,int64,float32,True,True,False,True,True,True,134,0,False
25030118B2,20x,data/yiyuan/patches_coords_20x/patches_256/25030118B2.h5,data/yiyuan/features_biomedclip_20x/25030118B2.h5,True,True,,True,True,True,1723,1723,1723,0,0,"[1723,2]","[1723,2]","[1723,512]",int32,int64,float32,True,True,False,True,True,True,1722,0,False
25030157B3,5x,data/yiyuan/patches_coords_5x/patches_256/25030157B3.h5,data/yiyuan/features_biomedclip_5x/25030157B3.h5,True,True,,True,True,True,93,93,93,0,0,"[93,2]","[93,2]","[93,512]",int32,int64,float32,True,True,False,True,True,True,93,0,False
25030157B3,20x,data/yiyuan/patches_coords_20x/patches_256/25030157B3.h5,data/yiyuan/features_biomedclip_20x/25030157B3.h5,True,True,,True,True,True,1256,1256,1256,0,0,"[1256,2]","[1256,2]","[1256,512]",int32,int64,float32,True,True,False,True,True,True,1255,0,False
25030157B4,5x,data/yiyuan/patches_coords_5x/patches_256/25030157B4.h5,data/yiyuan/features_biomedclip_5x/25030157B4.h5,True,True,,True,True,True,214,214,214,0,0,"[214,2]","[214,2]","[214,512]",int32,int64,float32,True,True,False,True,True,True,214,0,False
25030157B4,20x,data/yiyuan/patches_coords_20x/patches_256/25030157B4.h5,data/yiyuan/features_biomedclip_20x/25030157B4.h5,True,True,,True,True,True,3100,3100,3100,0,0,"[3100,2]","[3100,2]","[3100,512]",int32,int64,float32,True,True,False,True,True,True,3100,0,False
25030334B2,5x,data/yiyuan/patches_coords_5x/patches_256/25030334B2.h5,data/yiyuan/features_biomedclip_5x/25030334B2.h5,True,True,,True,True,True,228,228,228,0,0,"[228,2]","[228,2]","[228,512]",int32,int64,float32,True,True,False,True,True,True,227,1,False
25030334B2,20x,data/yiyuan/patches_coords_20x/patches_256/25030334B2.h5,data/yiyuan/features_biomedclip_20x/25030334B2.h5,True,True,,True,True,True,3202,3202,3202,0,0,"[3202,2]","[3202,2]","[3202,512]",int32,int64,float32,True,True,False,True,True,True,3199,0,False
25030619B2,5x,data/yiyuan/patches_coords_5x/patches_256/25030619B2.h5,data/yiyuan/features_biomedclip_5x/25030619B2.h5,True,True,,True,True,True,255,255,255,0,0,"[255,2]","[255,2]","[255,512]",int32,int64,float32,True,True,False,True,True,True,255,0,False
25030619B2,20x,data/yiyuan/patches_coords_20x/patches_256/25030619B2.h5,data/yiyuan/features_biomedclip_20x/25030619B2.h5,True,True,,True,True,True,3387,3387,3387,0,0,"[3387,2]","[3387,2]","[3387,512]",int32,int64,float32,True,True,False,True,True,True,3385,0,False
25030630B,5x,data/yiyuan/patches_coords_5x/patches_256/25030630B.h5,data/yiyuan/features_biomedclip_5x/25030630B.h5,True,True,,True,True,True,305,305,305,0,0,"[305,2]","[305,2]","[305,512]",int32,int64,float32,True,True,False,True,True,True,305,0,False
25030630B,20x,data/yiyuan/patches_coords_20x/patches_256/25030630B.h5,data/yiyuan/features_biomedclip_20x/25030630B.h5,True,True,,True,True,True,4265,4265,4265,0,0,"[4265,2]","[4265,2]","[4265,512]",int32,int64,float32,True,True,False,True,True,True,4264,0,False
25030750B2,5x,data/yiyuan/patches_coords_5x/patches_256/25030750B2.h5,data/yiyuan/features_biomedclip_5x/25030750B2.h5,True,True,,True,True,True,336,336,336,0,0,"[336,2]","[336,2]","[336,512]",int32,int64,float32,True,True,False,True,True,True,336,0,False
25030750B2,20x,data/yiyuan/patches_coords_20x/patches_256/25030750B2.h5,data/yiyuan/features_biomedclip_20x/25030750B2.h5,True,True,,True,True,True,5104,5104,5104,0,0,"[5104,2]","[5104,2]","[5104,512]",int32,int64,float32,True,True,False,True,True,True,5102,0,False
25030988B4,5x,data/yiyuan/patches_coords_5x/patches_256/25030988B4.h5,data/yiyuan/features_biomedclip_5x/25030988B4.h5,True,True,,True,True,True,144,144,144,0,0,"[144,2]","[144,2]","[144,512]",int32,int64,float32,True,True,False,True,True,True,144,0,False
25030988B4,20x,data/yiyuan/patches_coords_20x/patches_256/25030988B4.h5,data/yiyuan/features_biomedclip_20x/25030988B4.h5,True,True,,True,True,True,2083,2083,2083,0,0,"[2083,2]","[2083,2]","[2083,512]",int32,int64,float32,True,True,False,True,True,True,2081,0,False
25030998B2,5x,data/yiyuan/patches_coords_5x/patches_256/25030998B2.h5,data/yiyuan/features_biomedclip_5x/25030998B2.h5,True,True,,True,True,True,226,226,226,0,0,"[226,2]","[226,2]","[226,512]",int32,int64,float32,True,True,False,True,True,True,226,0,False
25030998B2,20x,data/yiyuan/patches_coords_20x/patches_256/25030998B2.h5,data/yiyuan/features_biomedclip_20x/25030998B2.h5,True,True,,True,True,True,3001,3001,3001,0,0,"[3001,2]","[3001,2]","[3001,512]",int32,int64,float32,True,True,False,True,True,True,2999,0,False
25031267B2,5x,data/yiyuan/patches_coords_5x/patches_256/25031267B2.h5,data/yiyuan/features_biomedclip_5x/25031267B2.h5,True,True,,True,True,True,162,162,162,0,0,"[162,2]","[162,2]","[162,512]",int32,int64,float32,True,True,False,True,True,True,162,0,False
25031267B2,20x,data/yiyuan/patches_coords_20x/patches_256/25031267B2.h5,data/yiyuan/features_biomedclip_20x/25031267B2.h5,True,True,,True,True,True,2345,2345,2345,0,0,"[2345,2]","[2345,2]","[2345,512]",int32,int64,float32,True,True,False,True,True,True,2343,0,False
25031271B2,5x,data/yiyuan/patches_coords_5x/patches_256/25031271B2.h5,data/yiyuan/features_biomedclip_5x/25031271B2.h5,True,True,,True,True,True,143,143,143,0,0,"[143,2]","[143,2]","[143,512]",int32,int64,float32,True,True,False,True,True,True,143,0,False
25031271B2,20x,data/yiyuan/patches_coords_20x/patches_256/25031271B2.h5,data/yiyuan/features_biomedclip_20x/25031271B2.h5,True,True,,True,True,True,1888,1888,1888,0,0,"[1888,2]","[1888,2]","[1888,512]",int32,int64,float32,True,True,False,True,True,True,1888,0,False
25031281B2,5x,data/yiyuan/patches_coords_5x/patches_256/25031281B2.h5,data/yiyuan/features_biomedclip_5x/25031281B2.h5,True,True,,True,True,True,192,192,192,0,0,"[192,2]","[192,2]","[192,512]",int32,int64,float32,True,True,False,True,True,True,192,0,False
25031281B2,20x,data/yiyuan/patches_coords_20x/patches_256/25031281B2.h5,data/yiyuan/features_biomedclip_20x/25031281B2.h5,True,True,,True,True,True,2839,2839,2839,0,0,"[2839,2]","[2839,2]","[2839,512]",int32,int64,float32,True,True,False,True,True,True,2838,0,False
25031302B,5x,data/yiyuan/patches_coords_5x/patches_256/25031302B.h5,data/yiyuan/features_biomedclip_5x/25031302B.h5,True,True,,True,True,True,245,245,245,0,0,"[245,2]","[245,2]","[245,512]",int32,int64,float32,True,True,False,True,True,True,245,0,False
25031302B,20x,data/yiyuan/patches_coords_20x/patches_256/25031302B.h5,data/yiyuan/features_biomedclip_20x/25031302B.h5,True,True,,True,True,True,3539,3539,3539,0,0,"[3539,2]","[3539,2]","[3539,512]",int32,int64,float32,True,True,False,True,True,True,3539,0,False
25031385B4,5x,data/yiyuan/patches_coords_5x/patches_256/25031385B4.h5,data/yiyuan/features_biomedclip_5x/25031385B4.h5,True,True,,True,True,True,185,185,185,0,0,"[185,2]","[185,2]","[185,512]",int32,int64,float32,True,True,False,True,True,True,185,0,False
25031385B4,20x,data/yiyuan/patches_coords_20x/patches_256/25031385B4.h5,data/yiyuan/features_biomedclip_20x/25031385B4.h5,True,True,,True,True,True,2588,2588,2588,0,0,"[2588,2]","[2588,2]","[2588,512]",int32,int64,float32,True,True,False,True,True,True,2587,0,False
25031387B2,5x,data/yiyuan/patches_coords_5x/patches_256/25031387B2.h5,data/yiyuan/features_biomedclip_5x/25031387B2.h5,True,True,,True,True,True,350,350,350,0,0,"[350,2]","[350,2]","[350,512]",int32,int64,float32,True,True,False,True,True,True,350,0,False
25031387B2,20x,data/yiyuan/patches_coords_20x/patches_256/25031387B2.h5,data/yiyuan/features_biomedclip_20x/25031387B2.h5,True,True,,True,True,True,5205,5205,5205,0,0,"[5205,2]","[5205,2]","[5205,512]",int32,int64,float32,True,True,False,True,True,True,5205,0,False
25031411B3,5x,data/yiyuan/patches_coords_5x/patches_256/25031411B3.h5,data/yiyuan/features_biomedclip_5x/25031411B3.h5,True,True,,True,True,True,45,45,45,0,0,"[45,2]","[45,2]","[45,512]",int32,int64,float32,True,True,False,True,True,True,45,0,False
25031411B3,20x,data/yiyuan/patches_coords_20x/patches_256/25031411B3.h5,data/yiyuan/features_biomedclip_20x/25031411B3.h5,True,True,,True,True,True,537,537,537,0,0,"[537,2]","[537,2]","[537,512]",int32,int64,float32,True,True,False,True,True,True,536,0,False
25031706B,5x,data/yiyuan/patches_coords_5x/patches_256/25031706B.h5,data/yiyuan/features_biomedclip_5x/25031706B.h5,True,True,,True,True,True,144,144,144,0,0,"[144,2]","[144,2]","[144,512]",int32,int64,float32,True,True,False,True,True,True,103,0,False
25031706B,20x,data/yiyuan/patches_coords_20x/patches_256/25031706B.h5,data/yiyuan/features_biomedclip_20x/25031706B.h5,True,True,,True,True,True,2044,2044,2044,0,0,"[2044,2]","[2044,2]","[2044,512]",int32,int64,float32,True,True,False,True,True,True,2043,0,False
25031706B2,5x,data/yiyuan/patches_coords_5x/patches_256/25031706B2.h5,data/yiyuan/features_biomedclip_5x/25031706B2.h5,True,True,,True,True,True,257,257,257,0,0,"[257,2]","[257,2]","[257,512]",int32,int64,float32,True,True,False,True,True,True,257,0,False
25031706B2,20x,data/yiyuan/patches_coords_20x/patches_256/25031706B2.h5,data/yiyuan/features_biomedclip_20x/25031706B2.h5,True,True,,True,True,True,3393,3393,3393,0,0,"[3393,2]","[3393,2]","[3393,512]",int32,int64,float32,True,True,False,True,True,True,3392,0,False
25032143B2,5x,data/yiyuan/patches_coords_5x/patches_256/25032143B2.h5,data/yiyuan/features_biomedclip_5x/25032143B2.h5,True,True,,True,True,True,95,95,95,0,0,"[95,2]","[95,2]","[95,512]",int32,int64,float32,True,True,False,True,True,True,90,2,False
25032143B2,20x,data/yiyuan/patches_coords_20x/patches_256/25032143B2.h5,data/yiyuan/features_biomedclip_20x/25032143B2.h5,True,True,,True,True,True,1315,1315,1315,0,0,"[1315,2]","[1315,2]","[1315,512]",int32,int64,float32,True,True,False,True,True,True,1315,0,False
25032143B3,5x,data/yiyuan/patches_coords_5x/patches_256/25032143B3.h5,data/yiyuan/features_biomedclip_5x/25032143B3.h5,True,True,,True,True,True,63,63,63,0,0,"[63,2]","[63,2]","[63,512]",int32,int64,float32,True,True,False,True,True,True,61,0,False
25032143B3,20x,data/yiyuan/patches_coords_20x/patches_256/25032143B3.h5,data/yiyuan/features_biomedclip_20x/25032143B3.h5,True,True,,True,True,True,770,770,770,0,0,"[770,2]","[770,2]","[770,512]",int32,int64,float32,True,True,False,True,True,True,770,0,False
25032146B2,5x,data/yiyuan/patches_coords_5x/patches_256/25032146B2.h5,data/yiyuan/features_biomedclip_5x/25032146B2.h5,True,True,,True,True,True,20,20,20,0,0,"[20,2]","[20,2]","[20,512]",int32,int64,float32,True,True,False,True,True,True,20,0,False
25032146B2,20x,data/yiyuan/patches_coords_20x/patches_256/25032146B2.h5,data/yiyuan/features_biomedclip_20x/25032146B2.h5,True,True,,True,True,True,241,241,241,0,0,"[241,2]","[241,2]","[241,512]",int32,int64,float32,True,True,False,True,True,True,241,0,False
25032179B3,5x,data/yiyuan/patches_coords_5x/patches_256/25032179B3.h5,data/yiyuan/features_biomedclip_5x/25032179B3.h5,True,True,,True,True,True,47,47,47,0,0,"[47,2]","[47,2]","[47,512]",int32,int64,float32,True,True,False,True,True,True,45,0,False
25032179B3,20x,data/yiyuan/patches_coords_20x/patches_256/25032179B3.h5,data/yiyuan/features_biomedclip_20x/25032179B3.h5,True,True,,True,True,True,604,604,604,0,0,"[604,2]","[604,2]","[604,512]",int32,int64,float32,True,True,False,True,True,True,604,0,False
25032245B2,5x,data/yiyuan/patches_coords_5x/patches_256/25032245B2.h5,data/yiyuan/features_biomedclip_5x/25032245B2.h5,True,True,,True,True,True,62,62,62,0,0,"[62,2]","[62,2]","[62,512]",int32,int64,float32,True,True,False,True,True,True,57,0,False
25032245B2,20x,data/yiyuan/patches_coords_20x/patches_256/25032245B2.h5,data/yiyuan/features_biomedclip_20x/25032245B2.h5,True,True,,True,True,True,677,677,677,0,0,"[677,2]","[677,2]","[677,512]",int32,int64,float32,True,True,False,True,True,True,676,0,False
25032360B2,5x,data/yiyuan/patches_coords_5x/patches_256/25032360B2.h5,data/yiyuan/features_biomedclip_5x/25032360B2.h5,True,True,,True,True,True,189,189,189,0,0,"[189,2]","[189,2]","[189,512]",int32,int64,float32,True,True,False,True,True,True,187,2,False
25032360B2,20x,data/yiyuan/patches_coords_20x/patches_256/25032360B2.h5,data/yiyuan/features_biomedclip_20x/25032360B2.h5,True,True,,True,True,True,2665,2665,2665,0,0,"[2665,2]","[2665,2]","[2665,512]",int32,int64,float32,True,True,False,True,True,True,2663,0,False
25032626B2,5x,data/yiyuan/patches_coords_5x/patches_256/25032626B2.h5,data/yiyuan/features_biomedclip_5x/25032626B2.h5,True,True,,True,True,True,159,159,159,0,0,"[159,2]","[159,2]","[159,512]",int32,int64,float32,True,True,False,True,True,True,159,0,False
25032626B2,20x,data/yiyuan/patches_coords_20x/patches_256/25032626B2.h5,data/yiyuan/features_biomedclip_20x/25032626B2.h5,True,True,,True,True,True,2265,2265,2265,0,0,"[2265,2]","[2265,2]","[2265,512]",int32,int64,float32,True,True,False,True,True,True,2263,0,False
25032788B4,5x,data/yiyuan/patches_coords_5x/patches_256/25032788B4.h5,data/yiyuan/features_biomedclip_5x/25032788B4.h5,True,True,,True,True,True,210,210,210,0,0,"[210,2]","[210,2]","[210,512]",int32,int64,float32,True,True,False,True,True,True,210,0,False
25032788B4,20x,data/yiyuan/patches_coords_20x/patches_256/25032788B4.h5,data/yiyuan/features_biomedclip_20x/25032788B4.h5,True,True,,True,True,True,2883,2883,2883,0,0,"[2883,2]","[2883,2]","[2883,512]",int32,int64,float32,True,True,False,True,True,True,2880,0,False
25032789B2,5x,data/yiyuan/patches_coords_5x/patches_256/25032789B2.h5,data/yiyuan/features_biomedclip_5x/25032789B2.h5,True,True,,True,True,True,254,254,254,0,0,"[254,2]","[254,2]","[254,512]",int32,int64,float32,True,True,False,True,True,True,254,0,False
25032789B2,20x,data/yiyuan/patches_coords_20x/patches_256/25032789B2.h5,data/yiyuan/features_biomedclip_20x/25032789B2.h5,True,True,,True,True,True,3767,3767,3767,0,0,"[3767,2]","[3767,2]","[3767,512]",int32,int64,float32,True,True,False,True,True,True,3765,0,False
25033169B1,5x,data/yiyuan/patches_coords_5x/patches_256/25033169B1.h5,data/yiyuan/features_biomedclip_5x/25033169B1.h5,True,True,,True,True,True,335,335,335,0,0,"[335,2]","[335,2]","[335,512]",int32,int64,float32,True,True,False,True,True,True,335,0,False
25033169B1,20x,data/yiyuan/patches_coords_20x/patches_256/25033169B1.h5,data/yiyuan/features_biomedclip_20x/25033169B1.h5,True,True,,True,True,True,4928,4928,4928,0,0,"[4928,2]","[4928,2]","[4928,512]",int32,int64,float32,True,True,False,True,True,True,4928,0,False
25033178B4,5x,data/yiyuan/patches_coords_5x/patches_256/25033178B4.h5,data/yiyuan/features_biomedclip_5x/25033178B4.h5,True,True,,True,True,True,294,294,294,0,0,"[294,2]","[294,2]","[294,512]",int32,int64,float32,True,True,False,True,True,True,294,0,False
25033178B4,20x,data/yiyuan/patches_coords_20x/patches_256/25033178B4.h5,data/yiyuan/features_biomedclip_20x/25033178B4.h5,True,True,,True,True,True,4126,4126,4126,0,0,"[4126,2]","[4126,2]","[4126,512]",int32,int64,float32,True,True,False,True,True,True,4124,0,False
25033211B,5x,data/yiyuan/patches_coords_5x/patches_256/25033211B.h5,data/yiyuan/features_biomedclip_5x/25033211B.h5,True,True,,True,True,True,217,217,217,0,0,"[217,2]","[217,2]","[217,512]",int32,int64,float32,True,True,False,True,True,True,217,0,False
25033211B,20x,data/yiyuan/patches_coords_20x/patches_256/25033211B.h5,data/yiyuan/features_biomedclip_20x/25033211B.h5,True,True,,True,True,True,2931,2931,2931,0,0,"[2931,2]","[2931,2]","[2931,512]",int32,int64,float32,True,True,False,True,True,True,2931,0,False
25033447B4,5x,data/yiyuan/patches_coords_5x/patches_256/25033447B4.h5,data/yiyuan/features_biomedclip_5x/25033447B4.h5,True,True,,True,True,True,75,75,75,0,0,"[75,2]","[75,2]","[75,512]",int32,int64,float32,True,True,False,True,True,True,75,0,False
25033447B4,20x,data/yiyuan/patches_coords_20x/patches_256/25033447B4.h5,data/yiyuan/features_biomedclip_20x/25033447B4.h5,True,True,,True,True,True,1054,1054,1054,0,0,"[1054,2]","[1054,2]","[1054,512]",int32,int64,float32,True,True,False,True,True,True,1053,0,False
25033482B2,5x,data/yiyuan/patches_coords_5x/patches_256/25033482B2.h5,data/yiyuan/features_biomedclip_5x/25033482B2.h5,True,True,,True,True,True,101,101,101,0,0,"[101,2]","[101,2]","[101,512]",int32,int64,float32,True,True,False,True,True,True,81,0,False
25033482B2,20x,data/yiyuan/patches_coords_20x/patches_256/25033482B2.h5,data/yiyuan/features_biomedclip_20x/25033482B2.h5,True,True,,True,True,True,1345,1345,1345,0,0,"[1345,2]","[1345,2]","[1345,512]",int32,int64,float32,True,True,False,True,True,True,1345,0,False
25033486B,5x,data/yiyuan/patches_coords_5x/patches_256/25033486B.h5,data/yiyuan/features_biomedclip_5x/25033486B.h5,True,True,,True,True,True,281,281,281,0,0,"[281,2]","[281,2]","[281,512]",int32,int64,float32,True,True,False,True,True,True,281,0,False
25033486B,20x,data/yiyuan/patches_coords_20x/patches_256/25033486B.h5,data/yiyuan/features_biomedclip_20x/25033486B.h5,True,True,,True,True,True,3983,3983,3983,0,0,"[3983,2]","[3983,2]","[3983,512]",int32,int64,float32,True,True,False,True,True,True,3982,0,False
25033894B2,5x,data/yiyuan/patches_coords_5x/patches_256/25033894B2.h5,data/yiyuan/features_biomedclip_5x/25033894B2.h5,True,True,,True,True,True,89,89,89,0,0,"[89,2]","[89,2]","[89,512]",int32,int64,float32,True,True,False,True,True,True,89,0,False
25033894B2,20x,data/yiyuan/patches_coords_20x/patches_256/25033894B2.h5,data/yiyuan/features_biomedclip_20x/25033894B2.h5,True,True,,True,True,True,1110,1110,1110,0,0,"[1110,2]","[1110,2]","[1110,512]",int32,int64,float32,True,True,False,True,True,True,1110,0,False
25034245B2,5x,data/yiyuan/patches_coords_5x/patches_256/25034245B2.h5,data/yiyuan/features_biomedclip_5x/25034245B2.h5,True,True,,True,True,True,174,174,174,0,0,"[174,2]","[174,2]","[174,512]",int32,int64,float32,True,True,False,True,True,True,174,0,False
25034245B2,20x,data/yiyuan/patches_coords_20x/patches_256/25034245B2.h5,data/yiyuan/features_biomedclip_20x/25034245B2.h5,True,True,,True,True,True,2513,2513,2513,0,0,"[2513,2]","[2513,2]","[2513,512]",int32,int64,float32,True,True,False,True,True,True,2509,0,False
25034327B2,5x,data/yiyuan/patches_coords_5x/patches_256/25034327B2.h5,data/yiyuan/features_biomedclip_5x/25034327B2.h5,True,True,,True,True,True,336,336,336,0,0,"[336,2]","[336,2]","[336,512]",int32,int64,float32,True,True,False,True,True,True,336,0,False
25034327B2,20x,data/yiyuan/patches_coords_20x/patches_256/25034327B2.h5,data/yiyuan/features_biomedclip_20x/25034327B2.h5,True,True,,True,True,True,5068,5068,5068,0,0,"[5068,2]","[5068,2]","[5068,512]",int32,int64,float32,True,True,False,True,True,True,5068,0,False
25034929B2,5x,data/yiyuan/patches_coords_5x/patches_256/25034929B2.h5,data/yiyuan/features_biomedclip_5x/25034929B2.h5,True,True,,True,True,True,274,274,274,0,0,"[274,2]","[274,2]","[274,512]",int32,int64,float32,True,True,False,True,True,True,274,0,False
25034929B2,20x,data/yiyuan/patches_coords_20x/patches_256/25034929B2.h5,data/yiyuan/features_biomedclip_20x/25034929B2.h5,True,True,,True,True,True,3840,3840,3840,0,0,"[3840,2]","[3840,2]","[3840,512]",int32,int64,float32,True,True,False,True,True,True,3836,0,False
25034940B9,5x,data/yiyuan/patches_coords_5x/patches_256/25034940B9.h5,data/yiyuan/features_biomedclip_5x/25034940B9.h5,True,True,,True,True,True,134,134,134,0,0,"[134,2]","[134,2]","[134,512]",int32,int64,float32,True,True,False,True,True,True,134,0,False
25034940B9,20x,data/yiyuan/patches_coords_20x/patches_256/25034940B9.h5,data/yiyuan/features_biomedclip_20x/25034940B9.h5,True,True,,True,True,True,1891,1891,1891,0,0,"[1891,2]","[1891,2]","[1891,512]",int32,int64,float32,True,True,False,True,True,True,1890,0,False
25034940B8,5x,data/yiyuan/patches_coords_5x/patches_256/25034940B8.h5,data/yiyuan/features_biomedclip_5x/25034940B8.h5,True,True,,True,True,True,100,100,100,0,0,"[100,2]","[100,2]","[100,512]",int32,int64,float32,True,True,False,True,True,True,100,0,False
25034940B8,20x,data/yiyuan/patches_coords_20x/patches_256/25034940B8.h5,data/yiyuan/features_biomedclip_20x/25034940B8.h5,True,True,,True,True,True,1391,1391,1391,0,0,"[1391,2]","[1391,2]","[1391,512]",int32,int64,float32,True,True,False,True,True,True,1390,0,False
25034940B10,5x,data/yiyuan/patches_coords_5x/patches_256/25034940B10.h5,data/yiyuan/features_biomedclip_5x/25034940B10.h5,True,True,,True,True,True,125,125,125,0,0,"[125,2]","[125,2]","[125,512]",int32,int64,float32,True,True,False,True,True,True,119,0,False
25034940B10,20x,data/yiyuan/patches_coords_20x/patches_256/25034940B10.h5,data/yiyuan/features_biomedclip_20x/25034940B10.h5,True,True,,True,True,True,1689,1689,1689,0,0,"[1689,2]","[1689,2]","[1689,512]",int32,int64,float32,True,True,False,True,True,True,1688,0,False
25034940B11,5x,data/yiyuan/patches_coords_5x/patches_256/25034940B11.h5,data/yiyuan/features_biomedclip_5x/25034940B11.h5,True,True,,True,True,True,188,188,188,0,0,"[188,2]","[188,2]","[188,512]",int32,int64,float32,True,True,False,True,True,True,188,0,False
25034940B11,20x,data/yiyuan/patches_coords_20x/patches_256/25034940B11.h5,data/yiyuan/features_biomedclip_20x/25034940B11.h5,True,True,,True,True,True,2700,2700,2700,0,0,"[2700,2]","[2700,2]","[2700,512]",int32,int64,float32,True,True,False,True,True,True,2699,0,False
25034940B12,5x,data/yiyuan/patches_coords_5x/patches_256/25034940B12.h5,data/yiyuan/features_biomedclip_5x/25034940B12.h5,True,True,,True,True,True,110,110,110,0,0,"[110,2]","[110,2]","[110,512]",int32,int64,float32,True,True,False,True,True,True,108,0,False
25034940B12,20x,data/yiyuan/patches_coords_20x/patches_256/25034940B12.h5,data/yiyuan/features_biomedclip_20x/25034940B12.h5,True,True,,True,True,True,1455,1455,1455,0,0,"[1455,2]","[1455,2]","[1455,512]",int32,int64,float32,True,True,False,True,True,True,1455,0,False
25035354B,5x,data/yiyuan/patches_coords_5x/patches_256/25035354B.h5,data/yiyuan/features_biomedclip_5x/25035354B.h5,True,True,,True,True,True,268,268,268,0,0,"[268,2]","[268,2]","[268,512]",int32,int64,float32,True,True,False,True,True,True,268,0,False
25035354B,20x,data/yiyuan/patches_coords_20x/patches_256/25035354B.h5,data/yiyuan/features_biomedclip_20x/25035354B.h5,True,True,,True,True,True,3716,3716,3716,0,0,"[3716,2]","[3716,2]","[3716,512]",int32,int64,float32,True,True,False,True,True,True,3715,0,False
25035354B2,5x,data/yiyuan/patches_coords_5x/patches_256/25035354B2.h5,data/yiyuan/features_biomedclip_5x/25035354B2.h5,True,True,,True,True,True,127,127,127,0,0,"[127,2]","[127,2]","[127,512]",int32,int64,float32,True,True,False,True,True,True,127,0,False
25035354B2,20x,data/yiyuan/patches_coords_20x/patches_256/25035354B2.h5,data/yiyuan/features_biomedclip_20x/25035354B2.h5,True,True,,True,True,True,1653,1653,1653,0,0,"[1653,2]","[1653,2]","[1653,512]",int32,int64,float32,True,True,False,True,True,True,1652,0,False
25035354B3,5x,data/yiyuan/patches_coords_5x/patches_256/25035354B3.h5,data/yiyuan/features_biomedclip_5x/25035354B3.h5,True,True,,True,True,True,241,241,241,0,0,"[241,2]","[241,2]","[241,512]",int32,int64,float32,True,True,False,True,True,True,241,0,False
25035354B3,20x,data/yiyuan/patches_coords_20x/patches_256/25035354B3.h5,data/yiyuan/features_biomedclip_20x/25035354B3.h5,True,True,,True,True,True,3318,3318,3318,0,0,"[3318,2]","[3318,2]","[3318,512]",int32,int64,float32,True,True,False,True,True,True,3318,0,False
25035882B3,5x,data/yiyuan/patches_coords_5x/patches_256/25035882B3.h5,data/yiyuan/features_biomedclip_5x/25035882B3.h5,True,True,,True,True,True,137,137,137,0,0,"[137,2]","[137,2]","[137,512]",int32,int64,float32,True,True,False,True,True,True,137,0,False
25035882B3,20x,data/yiyuan/patches_coords_20x/patches_256/25035882B3.h5,data/yiyuan/features_biomedclip_20x/25035882B3.h5,True,True,,True,True,True,1905,1905,1905,0,0,"[1905,2]","[1905,2]","[1905,512]",int32,int64,float32,True,True,False,True,True,True,1905,0,False
25035882B4,5x,data/yiyuan/patches_coords_5x/patches_256/25035882B4.h5,data/yiyuan/features_biomedclip_5x/25035882B4.h5,True,True,,True,True,True,114,114,114,0,0,"[114,2]","[114,2]","[114,512]",int32,int64,float32,True,True,False,True,True,True,114,0,False
25035882B4,20x,data/yiyuan/patches_coords_20x/patches_256/25035882B4.h5,data/yiyuan/features_biomedclip_20x/25035882B4.h5,True,True,,True,True,True,1431,1431,1431,0,0,"[1431,2]","[1431,2]","[1431,512]",int32,int64,float32,True,True,False,True,True,True,1431,0,False
25036226B4,5x,data/yiyuan/patches_coords_5x/patches_256/25036226B4.h5,data/yiyuan/features_biomedclip_5x/25036226B4.h5,True,True,,True,True,True,241,241,241,0,0,"[241,2]","[241,2]","[241,512]",int32,int64,float32,True,True,False,True,True,True,241,0,False
25036226B4,20x,data/yiyuan/patches_coords_20x/patches_256/25036226B4.h5,data/yiyuan/features_biomedclip_20x/25036226B4.h5,True,True,,True,True,True,3409,3409,3409,0,0,"[3409,2]","[3409,2]","[3409,512]",int32,int64,float32,True,True,False,True,True,True,3408,0,False
25036333B3,5x,data/yiyuan/patches_coords_5x/patches_256/25036333B3.h5,data/yiyuan/features_biomedclip_5x/25036333B3.h5,True,True,,True,True,True,59,59,59,0,0,"[59,2]","[59,2]","[59,512]",int32,int64,float32,True,True,False,True,True,True,59,0,False
25036333B3,20x,data/yiyuan/patches_coords_20x/patches_256/25036333B3.h5,data/yiyuan/features_biomedclip_20x/25036333B3.h5,True,True,,True,True,True,697,697,697,0,0,"[697,2]","[697,2]","[697,512]",int32,int64,float32,True,True,False,True,True,True,696,0,False
25036340B1,5x,data/yiyuan/patches_coords_5x/patches_256/25036340B1.h5,data/yiyuan/features_biomedclip_5x/25036340B1.h5,True,True,,True,True,True,101,101,101,0,0,"[101,2]","[101,2]","[101,512]",int32,int64,float32,True,True,False,True,True,True,101,0,False
25036340B1,20x,data/yiyuan/patches_coords_20x/patches_256/25036340B1.h5,data/yiyuan/features_biomedclip_20x/25036340B1.h5,True,True,,True,True,True,1318,1318,1318,0,0,"[1318,2]","[1318,2]","[1318,512]",int32,int64,float32,True,True,False,True,True,True,1316,0,False
25036341B,5x,data/yiyuan/patches_coords_5x/patches_256/25036341B.h5,data/yiyuan/features_biomedclip_5x/25036341B.h5,True,True,,True,True,True,77,77,77,0,0,"[77,2]","[77,2]","[77,512]",int32,int64,float32,True,True,False,True,True,True,77,0,False
25036341B,20x,data/yiyuan/patches_coords_20x/patches_256/25036341B.h5,data/yiyuan/features_biomedclip_20x/25036341B.h5,True,True,,True,True,True,1072,1072,1072,0,0,"[1072,2]","[1072,2]","[1072,512]",int32,int64,float32,True,True,False,True,True,True,1070,0,False
25036634B2,5x,data/yiyuan/patches_coords_5x/patches_256/25036634B2.h5,data/yiyuan/features_biomedclip_5x/25036634B2.h5,True,True,,True,True,True,147,147,147,0,0,"[147,2]","[147,2]","[147,512]",int32,int64,float32,True,True,False,True,True,True,100,0,False
25036634B2,20x,data/yiyuan/patches_coords_20x/patches_256/25036634B2.h5,data/yiyuan/features_biomedclip_20x/25036634B2.h5,True,True,,True,True,True,2063,2063,2063,0,0,"[2063,2]","[2063,2]","[2063,512]",int32,int64,float32,True,True,False,True,True,True,2063,0,False
25041732B,5x,data/yiyuan/patches_coords_5x/patches_256/25041732B.h5,data/yiyuan/features_biomedclip_5x/25041732B.h5,True,True,,True,True,True,253,253,253,0,0,"[253,2]","[253,2]","[253,512]",int32,int64,float32,True,True,False,True,True,True,253,0,False
25041732B,20x,data/yiyuan/patches_coords_20x/patches_256/25041732B.h5,data/yiyuan/features_biomedclip_20x/25041732B.h5,True,True,,True,True,True,3838,3838,3838,0,0,"[3838,2]","[3838,2]","[3838,512]",int32,int64,float32,True,True,False,True,True,True,3838,0,False
25041763B,5x,data/yiyuan/patches_coords_5x/patches_256/25041763B.h5,data/yiyuan/features_biomedclip_5x/25041763B.h5,True,True,,True,True,True,337,337,337,0,0,"[337,2]","[337,2]","[337,512]",int32,int64,float32,True,True,False,True,True,True,337,0,False
25041763B,20x,data/yiyuan/patches_coords_20x/patches_256/25041763B.h5,data/yiyuan/features_biomedclip_20x/25041763B.h5,True,True,,True,True,True,5032,5032,5032,0,0,"[5032,2]","[5032,2]","[5032,512]",int32,int64,float32,True,True,False,True,True,True,5031,0,False
25042220B2,5x,data/yiyuan/patches_coords_5x/patches_256/25042220B2.h5,data/yiyuan/features_biomedclip_5x/25042220B2.h5,True,True,,True,True,True,356,356,356,0,0,"[356,2]","[356,2]","[356,512]",int32,int64,float32,True,True,False,True,True,True,356,0,False
25042220B2,20x,data/yiyuan/patches_coords_20x/patches_256/25042220B2.h5,data/yiyuan/features_biomedclip_20x/25042220B2.h5,True,True,,True,True,True,5216,5216,5216,0,0,"[5216,2]","[5216,2]","[5216,512]",int32,int64,float32,True,True,False,True,True,True,5215,0,False
25042465B3,5x,data/yiyuan/patches_coords_5x/patches_256/25042465B3.h5,data/yiyuan/features_biomedclip_5x/25042465B3.h5,True,True,,True,True,True,197,197,197,0,0,"[197,2]","[197,2]","[197,512]",int32,int64,float32,True,True,False,True,True,True,197,0,False
25042465B3,20x,data/yiyuan/patches_coords_20x/patches_256/25042465B3.h5,data/yiyuan/features_biomedclip_20x/25042465B3.h5,True,True,,True,True,True,2919,2919,2919,0,0,"[2919,2]","[2919,2]","[2919,512]",int32,int64,float32,True,True,False,True,True,True,2917,0,False
25042830B2,5x,data/yiyuan/patches_coords_5x/patches_256/25042830B2.h5,data/yiyuan/features_biomedclip_5x/25042830B2.h5,True,True,,True,True,True,157,157,157,0,0,"[157,2]","[157,2]","[157,512]",int32,int64,float32,True,True,False,True,True,True,157,0,False
25042830B2,20x,data/yiyuan/patches_coords_20x/patches_256/25042830B2.h5,data/yiyuan/features_biomedclip_20x/25042830B2.h5,True,True,,True,True,True,2308,2308,2308,0,0,"[2308,2]","[2308,2]","[2308,512]",int32,int64,float32,True,True,False,True,True,True,2307,0,False
25043126B2,5x,data/yiyuan/patches_coords_5x/patches_256/25043126B2.h5,data/yiyuan/features_biomedclip_5x/25043126B2.h5,True,True,,True,True,True,84,84,84,0,0,"[84,2]","[84,2]","[84,512]",int32,int64,float32,True,True,False,True,True,True,84,0,False
25043126B2,20x,data/yiyuan/patches_coords_20x/patches_256/25043126B2.h5,data/yiyuan/features_biomedclip_20x/25043126B2.h5,True,True,,True,True,True,1222,1222,1222,0,0,"[1222,2]","[1222,2]","[1222,512]",int32,int64,float32,True,True,False,True,True,True,1222,0,False
25043600B3,5x,data/yiyuan/patches_coords_5x/patches_256/25043600B3.h5,data/yiyuan/features_biomedclip_5x/25043600B3.h5,True,True,,True,True,True,102,102,102,0,0,"[102,2]","[102,2]","[102,512]",int32,int64,float32,True,True,False,True,True,True,102,0,False
25043600B3,20x,data/yiyuan/patches_coords_20x/patches_256/25043600B3.h5,data/yiyuan/features_biomedclip_20x/25043600B3.h5,True,True,,True,True,True,1399,1399,1399,0,0,"[1399,2]","[1399,2]","[1399,512]",int32,int64,float32,True,True,False,True,True,True,1398,0,False
25044694B,5x,data/yiyuan/patches_coords_5x/patches_256/25044694B.h5,data/yiyuan/features_biomedclip_5x/25044694B.h5,True,True,,True,True,True,290,290,290,0,0,"[290,2]","[290,2]","[290,512]",int32,int64,float32,True,True,False,True,True,True,290,0,False
25044694B,20x,data/yiyuan/patches_coords_20x/patches_256/25044694B.h5,data/yiyuan/features_biomedclip_20x/25044694B.h5,True,True,,True,True,True,4237,4237,4237,0,0,"[4237,2]","[4237,2]","[4237,512]",int32,int64,float32,True,True,False,True,True,True,4236,0,False
25045403B,5x,data/yiyuan/patches_coords_5x/patches_256/25045403B.h5,data/yiyuan/features_biomedclip_5x/25045403B.h5,True,True,,True,True,True,74,74,74,0,0,"[74,2]","[74,2]","[74,512]",int32,int64,float32,True,True,False,True,True,True,72,0,False
25045403B,20x,data/yiyuan/patches_coords_20x/patches_256/25045403B.h5,data/yiyuan/features_biomedclip_20x/25045403B.h5,True,True,,True,True,True,945,945,945,0,0,"[945,2]","[945,2]","[945,512]",int32,int64,float32,True,True,False,True,True,True,944,0,False
25045403B-1,5x,data/yiyuan/patches_coords_5x/patches_256/25045403B-1.h5,data/yiyuan/features_biomedclip_5x/25045403B-1.h5,True,True,,True,True,True,83,83,83,0,0,"[83,2]","[83,2]","[83,512]",int32,int64,float32,True,True,False,True,True,True,75,0,False
25045403B-1,20x,data/yiyuan/patches_coords_20x/patches_256/25045403B-1.h5,data/yiyuan/features_biomedclip_20x/25045403B-1.h5,True,True,,True,True,True,1115,1115,1115,0,0,"[1115,2]","[1115,2]","[1115,512]",int32,int64,float32,True,True,False,True,True,True,1113,0,False
25045403B2,5x,data/yiyuan/patches_coords_5x/patches_256/25045403B2.h5,data/yiyuan/features_biomedclip_5x/25045403B2.h5,True,True,,True,True,True,79,79,79,0,0,"[79,2]","[79,2]","[79,512]",int32,int64,float32,True,True,False,True,True,True,79,0,False
25045403B2,20x,data/yiyuan/patches_coords_20x/patches_256/25045403B2.h5,data/yiyuan/features_biomedclip_20x/25045403B2.h5,True,True,,True,True,True,1088,1088,1088,0,0,"[1088,2]","[1088,2]","[1088,512]",int32,int64,float32,True,True,False,True,True,True,1085,0,False
25045450B2,5x,data/yiyuan/patches_coords_5x/patches_256/25045450B2.h5,data/yiyuan/features_biomedclip_5x/25045450B2.h5,True,True,,True,True,True,48,48,48,0,0,"[48,2]","[48,2]","[48,512]",int32,int64,float32,True,True,False,True,True,True,48,0,False
25045450B2,20x,data/yiyuan/patches_coords_20x/patches_256/25045450B2.h5,data/yiyuan/features_biomedclip_20x/25045450B2.h5,True,True,,True,True,True,576,576,576,0,0,"[576,2]","[576,2]","[576,512]",int32,int64,float32,True,True,False,True,True,True,575,0,False
25045450B5,5x,data/yiyuan/patches_coords_5x/patches_256/25045450B5.h5,data/yiyuan/features_biomedclip_5x/25045450B5.h5,True,True,,True,True,True,186,186,186,0,0,"[186,2]","[186,2]","[186,512]",int32,int64,float32,True,True,False,True,True,True,186,0,False
25045450B5,20x,data/yiyuan/patches_coords_20x/patches_256/25045450B5.h5,data/yiyuan/features_biomedclip_20x/25045450B5.h5,True,True,,True,True,True,2587,2587,2587,0,0,"[2587,2]","[2587,2]","[2587,512]",int32,int64,float32,True,True,False,True,True,True,2587,0,False
25045625B3,5x,data/yiyuan/patches_coords_5x/patches_256/25045625B3.h5,data/yiyuan/features_biomedclip_5x/25045625B3.h5,True,True,,True,True,True,154,154,154,0,0,"[154,2]","[154,2]","[154,512]",int32,int64,float32,True,True,False,True,True,True,124,0,False
25045625B3,20x,data/yiyuan/patches_coords_20x/patches_256/25045625B3.h5,data/yiyuan/features_biomedclip_20x/25045625B3.h5,True,True,,True,True,True,2225,2225,2225,0,0,"[2225,2]","[2225,2]","[2225,512]",int32,int64,float32,True,True,False,True,True,True,2223,0,False
25045625B1,5x,data/yiyuan/patches_coords_5x/patches_256/25045625B1.h5,data/yiyuan/features_biomedclip_5x/25045625B1.h5,True,True,,True,True,True,153,153,153,0,0,"[153,2]","[153,2]","[153,512]",int32,int64,float32,True,True,False,True,True,True,153,0,False
25045625B1,20x,data/yiyuan/patches_coords_20x/patches_256/25045625B1.h5,data/yiyuan/features_biomedclip_20x/25045625B1.h5,True,True,,True,True,True,2202,2202,2202,0,0,"[2202,2]","[2202,2]","[2202,512]",int32,int64,float32,True,True,False,True,True,True,2200,0,False
25045625B2,5x,data/yiyuan/patches_coords_5x/patches_256/25045625B2.h5,data/yiyuan/features_biomedclip_5x/25045625B2.h5,True,True,,True,True,True,232,232,232,0,0,"[232,2]","[232,2]","[232,512]",int32,int64,float32,True,True,False,True,True,True,232,0,False
25045625B2,20x,data/yiyuan/patches_coords_20x/patches_256/25045625B2.h5,data/yiyuan/features_biomedclip_20x/25045625B2.h5,True,True,,True,True,True,3377,3377,3377,0,0,"[3377,2]","[3377,2]","[3377,512]",int32,int64,float32,True,True,False,True,True,True,3375,0,False
25045676B4,5x,data/yiyuan/patches_coords_5x/patches_256/25045676B4.h5,data/yiyuan/features_biomedclip_5x/25045676B4.h5,True,True,,True,True,True,245,245,245,0,0,"[245,2]","[245,2]","[245,512]",int32,int64,float32,True,True,False,True,True,True,245,0,False
25045676B4,20x,data/yiyuan/patches_coords_20x/patches_256/25045676B4.h5,data/yiyuan/features_biomedclip_20x/25045676B4.h5,True,True,,True,True,True,3477,3477,3477,0,0,"[3477,2]","[3477,2]","[3477,512]",int32,int64,float32,True,True,False,True,True,True,3475,0,False
25045801B2,5x,data/yiyuan/patches_coords_5x/patches_256/25045801B2.h5,data/yiyuan/features_biomedclip_5x/25045801B2.h5,True,True,,True,True,True,136,136,136,0,0,"[136,2]","[136,2]","[136,512]",int32,int64,float32,True,True,False,True,True,True,136,0,False
25045801B2,20x,data/yiyuan/patches_coords_20x/patches_256/25045801B2.h5,data/yiyuan/features_biomedclip_20x/25045801B2.h5,True,True,,True,True,True,1735,1735,1735,0,0,"[1735,2]","[1735,2]","[1735,512]",int32,int64,float32,True,True,False,True,True,True,1734,0,False
25045801B1,5x,data/yiyuan/patches_coords_5x/patches_256/25045801B1.h5,data/yiyuan/features_biomedclip_5x/25045801B1.h5,True,True,,True,True,True,109,109,109,0,0,"[109,2]","[109,2]","[109,512]",int32,int64,float32,True,True,False,True,True,True,69,0,False
25045801B1,20x,data/yiyuan/patches_coords_20x/patches_256/25045801B1.h5,data/yiyuan/features_biomedclip_20x/25045801B1.h5,True,True,,True,True,True,1546,1546,1546,0,0,"[1546,2]","[1546,2]","[1546,512]",int32,int64,float32,True,True,False,True,True,True,1545,0,False
25045807B4,5x,data/yiyuan/patches_coords_5x/patches_256/25045807B4.h5,data/yiyuan/features_biomedclip_5x/25045807B4.h5,True,True,,True,True,True,50,50,50,0,0,"[50,2]","[50,2]","[50,512]",int32,int64,float32,True,True,False,True,True,True,50,0,False
25045807B4,20x,data/yiyuan/patches_coords_20x/patches_256/25045807B4.h5,data/yiyuan/features_biomedclip_20x/25045807B4.h5,True,True,,True,True,True,598,598,598,0,0,"[598,2]","[598,2]","[598,512]",int32,int64,float32,True,True,False,True,True,True,598,0,False
25045829B2,5x,data/yiyuan/patches_coords_5x/patches_256/25045829B2.h5,data/yiyuan/features_biomedclip_5x/25045829B2.h5,True,True,,True,True,True,298,298,298,0,0,"[298,2]","[298,2]","[298,512]",int32,int64,float32,True,True,False,True,True,True,298,0,False
25045829B2,20x,data/yiyuan/patches_coords_20x/patches_256/25045829B2.h5,data/yiyuan/features_biomedclip_20x/25045829B2.h5,True,True,,True,True,True,4354,4354,4354,0,0,"[4354,2]","[4354,2]","[4354,512]",int32,int64,float32,True,True,False,True,True,True,4353,0,False
25045839B,5x,data/yiyuan/patches_coords_5x/patches_256/25045839B.h5,data/yiyuan/features_biomedclip_5x/25045839B.h5,True,True,,True,True,True,240,240,240,0,0,"[240,2]","[240,2]","[240,512]",int32,int64,float32,True,True,False,True,True,True,240,0,False
25045839B,20x,data/yiyuan/patches_coords_20x/patches_256/25045839B.h5,data/yiyuan/features_biomedclip_20x/25045839B.h5,True,True,,True,True,True,3188,3188,3188,0,0,"[3188,2]","[3188,2]","[3188,512]",int32,int64,float32,True,True,False,True,True,True,3188,0,False
25046521B3,5x,data/yiyuan/patches_coords_5x/patches_256/25046521B3.h5,data/yiyuan/features_biomedclip_5x/25046521B3.h5,True,True,,True,True,True,162,162,162,0,0,"[162,2]","[162,2]","[162,512]",int32,int64,float32,True,True,False,True,True,True,130,0,False
25046521B3,20x,data/yiyuan/patches_coords_20x/patches_256/25046521B3.h5,data/yiyuan/features_biomedclip_20x/25046521B3.h5,True,True,,True,True,True,2300,2300,2300,0,0,"[2300,2]","[2300,2]","[2300,512]",int32,int64,float32,True,True,False,True,True,True,2300,0,False
25046631B2,5x,data/yiyuan/patches_coords_5x/patches_256/25046631B2.h5,data/yiyuan/features_biomedclip_5x/25046631B2.h5,True,True,,True,True,True,240,240,240,0,0,"[240,2]","[240,2]","[240,512]",int32,int64,float32,True,True,False,True,True,True,240,0,False
25046631B2,20x,data/yiyuan/patches_coords_20x/patches_256/25046631B2.h5,data/yiyuan/features_biomedclip_20x/25046631B2.h5,True,True,,True,True,True,3437,3437,3437,0,0,"[3437,2]","[3437,2]","[3437,512]",int32,int64,float32,True,True,False,True,True,True,3436,0,False
25046855B,5x,data/yiyuan/patches_coords_5x/patches_256/25046855B.h5,data/yiyuan/features_biomedclip_5x/25046855B.h5,True,True,,True,True,True,228,228,228,0,0,"[228,2]","[228,2]","[228,512]",int32,int64,float32,True,True,False,True,True,True,228,0,False
25046855B,20x,data/yiyuan/patches_coords_20x/patches_256/25046855B.h5,data/yiyuan/features_biomedclip_20x/25046855B.h5,True,True,,True,True,True,3144,3144,3144,0,0,"[3144,2]","[3144,2]","[3144,512]",int32,int64,float32,True,True,False,True,True,True,3144,0,False
25047066B,5x,data/yiyuan/patches_coords_5x/patches_256/25047066B.h5,data/yiyuan/features_biomedclip_5x/25047066B.h5,True,True,,True,True,True,194,194,194,0,0,"[194,2]","[194,2]","[194,512]",int32,int64,float32,True,True,False,True,True,True,192,2,False
25047066B,20x,data/yiyuan/patches_coords_20x/patches_256/25047066B.h5,data/yiyuan/features_biomedclip_20x/25047066B.h5,True,True,,True,True,True,2568,2568,2568,0,0,"[2568,2]","[2568,2]","[2568,512]",int32,int64,float32,True,True,False,True,True,True,2568,0,False
25047067B2,5x,data/yiyuan/patches_coords_5x/patches_256/25047067B2.h5,data/yiyuan/features_biomedclip_5x/25047067B2.h5,True,True,,True,True,True,194,194,194,0,0,"[194,2]","[194,2]","[194,512]",int32,int64,float32,True,True,False,True,True,True,194,0,False
25047067B2,20x,data/yiyuan/patches_coords_20x/patches_256/25047067B2.h5,data/yiyuan/features_biomedclip_20x/25047067B2.h5,True,True,,True,True,True,2784,2784,2784,0,0,"[2784,2]","[2784,2]","[2784,512]",int32,int64,float32,True,True,False,True,True,True,2782,0,False
25047077B2,5x,data/yiyuan/patches_coords_5x/patches_256/25047077B2.h5,data/yiyuan/features_biomedclip_5x/25047077B2.h5,True,True,,True,True,True,189,189,189,0,0,"[189,2]","[189,2]","[189,512]",int32,int64,float32,True,True,False,True,True,True,189,0,False
25047077B2,20x,data/yiyuan/patches_coords_20x/patches_256/25047077B2.h5,data/yiyuan/features_biomedclip_20x/25047077B2.h5,True,True,,True,True,True,2735,2735,2735,0,0,"[2735,2]","[2735,2]","[2735,512]",int32,int64,float32,True,True,False,True,True,True,2734,0,False
25047088B,5x,data/yiyuan/patches_coords_5x/patches_256/25047088B.h5,data/yiyuan/features_biomedclip_5x/25047088B.h5,True,True,,True,True,True,81,81,81,0,0,"[81,2]","[81,2]","[81,512]",int32,int64,float32,True,True,False,True,True,True,81,0,False
25047088B,20x,data/yiyuan/patches_coords_20x/patches_256/25047088B.h5,data/yiyuan/features_biomedclip_20x/25047088B.h5,True,True,,True,True,True,1126,1126,1126,0,0,"[1126,2]","[1126,2]","[1126,512]",int32,int64,float32,True,True,False,True,True,True,1125,0,False
25047401B2,5x,data/yiyuan/patches_coords_5x/patches_256/25047401B2.h5,data/yiyuan/features_biomedclip_5x/25047401B2.h5,True,True,,True,True,True,209,209,209,0,0,"[209,2]","[209,2]","[209,512]",int32,int64,float32,True,True,False,True,True,True,209,0,False
25047401B2,20x,data/yiyuan/patches_coords_20x/patches_256/25047401B2.h5,data/yiyuan/features_biomedclip_20x/25047401B2.h5,True,True,,True,True,True,2996,2996,2996,0,0,"[2996,2]","[2996,2]","[2996,512]",int32,int64,float32,True,True,False,True,True,True,2995,0,False
25047538B2,5x,data/yiyuan/patches_coords_5x/patches_256/25047538B2.h5,data/yiyuan/features_biomedclip_5x/25047538B2.h5,True,True,,True,True,True,122,122,122,0,0,"[122,2]","[122,2]","[122,512]",int32,int64,float32,True,True,False,True,True,True,122,0,False
25047538B2,20x,data/yiyuan/patches_coords_20x/patches_256/25047538B2.h5,data/yiyuan/features_biomedclip_20x/25047538B2.h5,True,True,,True,True,True,1719,1719,1719,0,0,"[1719,2]","[1719,2]","[1719,512]",int32,int64,float32,True,True,False,True,True,True,1717,0,False
25047815B,5x,data/yiyuan/patches_coords_5x/patches_256/25047815B.h5,data/yiyuan/features_biomedclip_5x/25047815B.h5,True,True,,True,True,True,203,203,203,0,0,"[203,2]","[203,2]","[203,512]",int32,int64,float32,True,True,False,True,True,True,203,0,False
25047815B,20x,data/yiyuan/patches_coords_20x/patches_256/25047815B.h5,data/yiyuan/features_biomedclip_20x/25047815B.h5,True,True,,True,True,True,2890,2890,2890,0,0,"[2890,2]","[2890,2]","[2890,512]",int32,int64,float32,True,True,False,True,True,True,2890,0,False
25047835B3,5x,data/yiyuan/patches_coords_5x/patches_256/25047835B3.h5,data/yiyuan/features_biomedclip_5x/25047835B3.h5,True,True,,True,True,True,94,94,94,0,0,"[94,2]","[94,2]","[94,512]",int32,int64,float32,True,True,False,True,True,True,85,0,False
25047835B3,20x,data/yiyuan/patches_coords_20x/patches_256/25047835B3.h5,data/yiyuan/features_biomedclip_20x/25047835B3.h5,True,True,,True,True,True,1239,1239,1239,0,0,"[1239,2]","[1239,2]","[1239,512]",int32,int64,float32,True,True,False,True,True,True,1237,0,False
25047844B2,5x,data/yiyuan/patches_coords_5x/patches_256/25047844B2.h5,data/yiyuan/features_biomedclip_5x/25047844B2.h5,True,True,,True,True,True,119,119,119,0,0,"[119,2]","[119,2]","[119,512]",int32,int64,float32,True,True,False,True,True,True,107,0,False
25047844B2,20x,data/yiyuan/patches_coords_20x/patches_256/25047844B2.h5,data/yiyuan/features_biomedclip_20x/25047844B2.h5,True,True,,True,True,True,1542,1542,1542,0,0,"[1542,2]","[1542,2]","[1542,512]",int32,int64,float32,True,True,False,True,True,True,1541,0,False
25047972B2,5x,data/yiyuan/patches_coords_5x/patches_256/25047972B2.h5,data/yiyuan/features_biomedclip_5x/25047972B2.h5,True,True,,True,True,True,211,211,211,0,0,"[211,2]","[211,2]","[211,512]",int32,int64,float32,True,True,False,True,True,True,211,0,False
25047972B2,20x,data/yiyuan/patches_coords_20x/patches_256/25047972B2.h5,data/yiyuan/features_biomedclip_20x/25047972B2.h5,True,True,,True,True,True,3038,3038,3038,0,0,"[3038,2]","[3038,2]","[3038,512]",int32,int64,float32,True,True,False,True,True,True,3038,0,False
25048256B2,5x,data/yiyuan/patches_coords_5x/patches_256/25048256B2.h5,data/yiyuan/features_biomedclip_5x/25048256B2.h5,True,True,,True,True,True,274,274,274,0,0,"[274,2]","[274,2]","[274,512]",int32,int64,float32,True,True,False,True,True,True,274,0,False
25048256B2,20x,data/yiyuan/patches_coords_20x/patches_256/25048256B2.h5,data/yiyuan/features_biomedclip_20x/25048256B2.h5,True,True,,True,True,True,3921,3921,3921,0,0,"[3921,2]","[3921,2]","[3921,512]",int32,int64,float32,True,True,False,True,True,True,3921,0,False
25048633B2,5x,data/yiyuan/patches_coords_5x/patches_256/25048633B2.h5,data/yiyuan/features_biomedclip_5x/25048633B2.h5,True,True,,True,True,True,191,191,191,0,0,"[191,2]","[191,2]","[191,512]",int32,int64,float32,True,True,False,True,True,True,191,0,False
25048633B2,20x,data/yiyuan/patches_coords_20x/patches_256/25048633B2.h5,data/yiyuan/features_biomedclip_20x/25048633B2.h5,True,True,,True,True,True,2771,2771,2771,0,0,"[2771,2]","[2771,2]","[2771,512]",int32,int64,float32,True,True,False,True,True,True,2769,0,False
25048669B2,5x,data/yiyuan/patches_coords_5x/patches_256/25048669B2.h5,data/yiyuan/features_biomedclip_5x/25048669B2.h5,True,True,,True,True,True,347,347,347,0,0,"[347,2]","[347,2]","[347,512]",int32,int64,float32,True,True,False,True,True,True,347,0,False
25048669B2,20x,data/yiyuan/patches_coords_20x/patches_256/25048669B2.h5,data/yiyuan/features_biomedclip_20x/25048669B2.h5,True,True,,True,True,True,4821,4821,4821,0,0,"[4821,2]","[4821,2]","[4821,512]",int32,int64,float32,True,True,False,True,True,True,4820,0,False
25049669B3,5x,data/yiyuan/patches_coords_5x/patches_256/25049669B3.h5,data/yiyuan/features_biomedclip_5x/25049669B3.h5,True,True,,True,True,True,287,287,287,0,0,"[287,2]","[287,2]","[287,512]",int32,int64,float32,True,True,False,True,True,True,287,0,False
25049669B3,20x,data/yiyuan/patches_coords_20x/patches_256/25049669B3.h5,data/yiyuan/features_biomedclip_20x/25049669B3.h5,True,True,,True,True,True,4306,4306,4306,0,0,"[4306,2]","[4306,2]","[4306,512]",int32,int64,float32,True,True,False,True,True,True,4306,0,False
25049966B2,5x,data/yiyuan/patches_coords_5x/patches_256/25049966B2.h5,data/yiyuan/features_biomedclip_5x/25049966B2.h5,True,True,,True,True,True,132,132,132,0,0,"[132,2]","[132,2]","[132,512]",int32,int64,float32,True,True,False,True,True,True,132,0,False
25049966B2,20x,data/yiyuan/patches_coords_20x/patches_256/25049966B2.h5,data/yiyuan/features_biomedclip_20x/25049966B2.h5,True,True,,True,True,True,1912,1912,1912,0,0,"[1912,2]","[1912,2]","[1912,512]",int32,int64,float32,True,True,False,True,True,True,1912,0,False
25049999B2,5x,data/yiyuan/patches_coords_5x/patches_256/25049999B2.h5,data/yiyuan/features_biomedclip_5x/25049999B2.h5,True,True,,True,True,True,201,201,201,0,0,"[201,2]","[201,2]","[201,512]",int32,int64,float32,True,True,False,True,True,True,201,0,False
25049999B2,20x,data/yiyuan/patches_coords_20x/patches_256/25049999B2.h5,data/yiyuan/features_biomedclip_20x/25049999B2.h5,True,True,,True,True,True,2832,2832,2832,0,0,"[2832,2]","[2832,2]","[2832,512]",int32,int64,float32,True,True,False,True,True,True,2832,0,False
25050326B,5x,data/yiyuan/patches_coords_5x/patches_256/25050326B.h5,data/yiyuan/features_biomedclip_5x/25050326B.h5,True,True,,True,True,True,126,126,126,0,0,"[126,2]","[126,2]","[126,512]",int32,int64,float32,True,True,False,True,True,True,126,0,False
25050326B,20x,data/yiyuan/patches_coords_20x/patches_256/25050326B.h5,data/yiyuan/features_biomedclip_20x/25050326B.h5,True,True,,True,True,True,1893,1893,1893,0,0,"[1893,2]","[1893,2]","[1893,512]",int32,int64,float32,True,True,False,True,True,True,1892,0,False
25050345B2,5x,data/yiyuan/patches_coords_5x/patches_256/25050345B2.h5,data/yiyuan/features_biomedclip_5x/25050345B2.h5,True,True,,True,True,True,220,220,220,0,0,"[220,2]","[220,2]","[220,512]",int32,int64,float32,True,True,False,True,True,True,220,0,False
25050345B2,20x,data/yiyuan/patches_coords_20x/patches_256/25050345B2.h5,data/yiyuan/features_biomedclip_20x/25050345B2.h5,True,True,,True,True,True,3075,3075,3075,0,0,"[3075,2]","[3075,2]","[3075,512]",int32,int64,float32,True,True,False,True,True,True,3072,0,False
25050415B2,5x,data/yiyuan/patches_coords_5x/patches_256/25050415B2.h5,data/yiyuan/features_biomedclip_5x/25050415B2.h5,True,True,,True,True,True,314,314,314,0,0,"[314,2]","[314,2]","[314,512]",int32,int64,float32,True,True,False,True,True,True,314,0,False
25050415B2,20x,data/yiyuan/patches_coords_20x/patches_256/25050415B2.h5,data/yiyuan/features_biomedclip_20x/25050415B2.h5,True,True,,True,True,True,4480,4480,4480,0,0,"[4480,2]","[4480,2]","[4480,512]",int32,int64,float32,True,True,False,True,True,True,4480,0,False
25050830B2,5x,data/yiyuan/patches_coords_5x/patches_256/25050830B2.h5,data/yiyuan/features_biomedclip_5x/25050830B2.h5,True,True,,True,True,True,166,166,166,0,0,"[166,2]","[166,2]","[166,512]",int32,int64,float32,True,True,False,True,True,True,166,0,False
25050830B2,20x,data/yiyuan/patches_coords_20x/patches_256/25050830B2.h5,data/yiyuan/features_biomedclip_20x/25050830B2.h5,True,True,,True,True,True,2153,2153,2153,0,0,"[2153,2]","[2153,2]","[2153,512]",int32,int64,float32,True,True,False,True,True,True,2152,0,False
25050862B2,5x,data/yiyuan/patches_coords_5x/patches_256/25050862B2.h5,data/yiyuan/features_biomedclip_5x/25050862B2.h5,True,True,,True,True,True,282,282,282,0,0,"[282,2]","[282,2]","[282,512]",int32,int64,float32,True,True,False,True,True,True,282,0,False
25050862B2,20x,data/yiyuan/patches_coords_20x/patches_256/25050862B2.h5,data/yiyuan/features_biomedclip_20x/25050862B2.h5,True,True,,True,True,True,4031,4031,4031,0,0,"[4031,2]","[4031,2]","[4031,512]",int32,int64,float32,True,True,False,True,True,True,4026,0,False
25050888B2,5x,data/yiyuan/patches_coords_5x/patches_256/25050888B2.h5,data/yiyuan/features_biomedclip_5x/25050888B2.h5,True,True,,True,True,True,108,108,108,0,0,"[108,2]","[108,2]","[108,512]",int32,int64,float32,True,True,False,True,True,True,108,0,False
25050888B2,20x,data/yiyuan/patches_coords_20x/patches_256/25050888B2.h5,data/yiyuan/features_biomedclip_20x/25050888B2.h5,True,True,,True,True,True,1540,1540,1540,0,0,"[1540,2]","[1540,2]","[1540,512]",int32,int64,float32,True,True,False,True,True,True,1538,0,False
25050888B3,5x,data/yiyuan/patches_coords_5x/patches_256/25050888B3.h5,data/yiyuan/features_biomedclip_5x/25050888B3.h5,True,True,,True,True,True,81,81,81,0,0,"[81,2]","[81,2]","[81,512]",int32,int64,float32,True,True,False,True,True,True,81,0,False
25050888B3,20x,data/yiyuan/patches_coords_20x/patches_256/25050888B3.h5,data/yiyuan/features_biomedclip_20x/25050888B3.h5,True,True,,True,True,True,1015,1015,1015,0,0,"[1015,2]","[1015,2]","[1015,512]",int32,int64,float32,True,True,False,True,True,True,1014,0,False
25050984B2,5x,data/yiyuan/patches_coords_5x/patches_256/25050984B2.h5,data/yiyuan/features_biomedclip_5x/25050984B2.h5,True,True,,True,True,True,243,243,243,0,0,"[243,2]","[243,2]","[243,512]",int32,int64,float32,True,True,False,True,True,True,243,0,False
25050984B2,20x,data/yiyuan/patches_coords_20x/patches_256/25050984B2.h5,data/yiyuan/features_biomedclip_20x/25050984B2.h5,True,True,,True,True,True,3439,3439,3439,0,0,"[3439,2]","[3439,2]","[3439,512]",int32,int64,float32,True,True,False,True,True,True,3438,0,False
25051008B4,5x,data/yiyuan/patches_coords_5x/patches_256/25051008B4.h5,data/yiyuan/features_biomedclip_5x/25051008B4.h5,True,True,,True,True,True,153,153,153,0,0,"[153,2]","[153,2]","[153,512]",int32,int64,float32,True,True,False,True,True,True,149,0,False
25051008B4,20x,data/yiyuan/patches_coords_20x/patches_256/25051008B4.h5,data/yiyuan/features_biomedclip_20x/25051008B4.h5,True,True,,True,True,True,1989,1989,1989,0,0,"[1989,2]","[1989,2]","[1989,512]",int32,int64,float32,True,True,False,True,True,True,1987,0,False
25051207B5,5x,data/yiyuan/patches_coords_5x/patches_256/25051207B5.h5,data/yiyuan/features_biomedclip_5x/25051207B5.h5,True,True,,True,True,True,140,140,140,0,0,"[140,2]","[140,2]","[140,512]",int32,int64,float32,True,True,False,True,True,True,140,0,False
25051207B5,20x,data/yiyuan/patches_coords_20x/patches_256/25051207B5.h5,data/yiyuan/features_biomedclip_20x/25051207B5.h5,True,True,,True,True,True,1969,1969,1969,0,0,"[1969,2]","[1969,2]","[1969,512]",int32,int64,float32,True,True,False,True,True,True,1967,0,False
25052288B,5x,data/yiyuan/patches_coords_5x/patches_256/25052288B.h5,data/yiyuan/features_biomedclip_5x/25052288B.h5,True,True,,True,True,True,96,96,96,0,0,"[96,2]","[96,2]","[96,512]",int32,int64,float32,True,True,False,True,True,True,88,0,False
25052288B,20x,data/yiyuan/patches_coords_20x/patches_256/25052288B.h5,data/yiyuan/features_biomedclip_20x/25052288B.h5,True,True,,True,True,True,1199,1199,1199,0,0,"[1199,2]","[1199,2]","[1199,512]",int32,int64,float32,True,True,False,True,True,True,1197,0,False
25052316B,5x,data/yiyuan/patches_coords_5x/patches_256/25052316B.h5,data/yiyuan/features_biomedclip_5x/25052316B.h5,True,True,,True,True,True,180,180,180,0,0,"[180,2]","[180,2]","[180,512]",int32,int64,float32,True,True,False,True,True,True,180,0,False
25052316B,20x,data/yiyuan/patches_coords_20x/patches_256/25052316B.h5,data/yiyuan/features_biomedclip_20x/25052316B.h5,True,True,,True,True,True,2539,2539,2539,0,0,"[2539,2]","[2539,2]","[2539,512]",int32,int64,float32,True,True,False,True,True,True,2538,0,False
25052654B2,5x,data/yiyuan/patches_coords_5x/patches_256/25052654B2.h5,data/yiyuan/features_biomedclip_5x/25052654B2.h5,True,True,,True,True,True,69,69,69,0,0,"[69,2]","[69,2]","[69,512]",int32,int64,float32,True,True,False,True,True,True,69,0,False
25052654B2,20x,data/yiyuan/patches_coords_20x/patches_256/25052654B2.h5,data/yiyuan/features_biomedclip_20x/25052654B2.h5,True,True,,True,True,True,939,939,939,0,0,"[939,2]","[939,2]","[939,512]",int32,int64,float32,True,True,False,True,True,True,938,0,False
25053425B2,5x,data/yiyuan/patches_coords_5x/patches_256/25053425B2.h5,data/yiyuan/features_biomedclip_5x/25053425B2.h5,True,True,,True,True,True,117,117,117,0,0,"[117,2]","[117,2]","[117,512]",int32,int64,float32,True,True,False,True,True,True,117,0,False
25053425B2,20x,data/yiyuan/patches_coords_20x/patches_256/25053425B2.h5,data/yiyuan/features_biomedclip_20x/25053425B2.h5,True,True,,True,True,True,1538,1538,1538,0,0,"[1538,2]","[1538,2]","[1538,512]",int32,int64,float32,True,True,False,True,True,True,1536,0,False
25053683B2,5x,data/yiyuan/patches_coords_5x/patches_256/25053683B2.h5,data/yiyuan/features_biomedclip_5x/25053683B2.h5,True,True,,True,True,True,232,232,232,0,0,"[232,2]","[232,2]","[232,512]",int32,int64,float32,True,True,False,True,True,True,232,0,False
25053683B2,20x,data/yiyuan/patches_coords_20x/patches_256/25053683B2.h5,data/yiyuan/features_biomedclip_20x/25053683B2.h5,True,True,,True,True,True,3292,3292,3292,0,0,"[3292,2]","[3292,2]","[3292,512]",int32,int64,float32,True,True,False,True,True,True,3291,0,False
25054130B1,5x,data/yiyuan/patches_coords_5x/patches_256/25054130B1.h5,data/yiyuan/features_biomedclip_5x/25054130B1.h5,True,True,,True,True,True,215,215,215,0,0,"[215,2]","[215,2]","[215,512]",int32,int64,float32,True,True,False,True,True,True,215,0,False
25054130B1,20x,data/yiyuan/patches_coords_20x/patches_256/25054130B1.h5,data/yiyuan/features_biomedclip_20x/25054130B1.h5,True,True,,True,True,True,3032,3032,3032,0,0,"[3032,2]","[3032,2]","[3032,512]",int32,int64,float32,True,True,False,True,True,True,3032,0,False
25054130B2,5x,data/yiyuan/patches_coords_5x/patches_256/25054130B2.h5,data/yiyuan/features_biomedclip_5x/25054130B2.h5,True,True,,True,True,True,71,71,71,0,0,"[71,2]","[71,2]","[71,512]",int32,int64,float32,True,True,False,True,True,True,49,0,False
25054130B2,20x,data/yiyuan/patches_coords_20x/patches_256/25054130B2.h5,data/yiyuan/features_biomedclip_20x/25054130B2.h5,True,True,,True,True,True,975,975,975,0,0,"[975,2]","[975,2]","[975,512]",int32,int64,float32,True,True,False,True,True,True,975,0,False
25054212B,5x,data/yiyuan/patches_coords_5x/patches_256/25054212B.h5,data/yiyuan/features_biomedclip_5x/25054212B.h5,True,True,,True,True,True,256,256,256,0,0,"[256,2]","[256,2]","[256,512]",int32,int64,float32,True,True,False,True,True,True,256,0,False
25054212B,20x,data/yiyuan/patches_coords_20x/patches_256/25054212B.h5,data/yiyuan/features_biomedclip_20x/25054212B.h5,True,True,,True,True,True,3745,3745,3745,0,0,"[3745,2]","[3745,2]","[3745,512]",int32,int64,float32,True,True,False,True,True,True,3744,0,False
25054489B3,5x,data/yiyuan/patches_coords_5x/patches_256/25054489B3.h5,data/yiyuan/features_biomedclip_5x/25054489B3.h5,True,True,,True,True,True,220,220,220,0,0,"[220,2]","[220,2]","[220,512]",int32,int64,float32,True,True,False,True,True,True,220,0,False
25054489B3,20x,data/yiyuan/patches_coords_20x/patches_256/25054489B3.h5,data/yiyuan/features_biomedclip_20x/25054489B3.h5,True,True,,True,True,True,3278,3278,3278,0,0,"[3278,2]","[3278,2]","[3278,512]",int32,int64,float32,True,True,False,True,True,True,3278,0,False
25054693B2,5x,data/yiyuan/patches_coords_5x/patches_256/25054693B2.h5,data/yiyuan/features_biomedclip_5x/25054693B2.h5,True,True,,True,True,True,269,269,269,0,0,"[269,2]","[269,2]","[269,512]",int32,int64,float32,True,True,False,True,True,True,269,0,False
25054693B2,20x,data/yiyuan/patches_coords_20x/patches_256/25054693B2.h5,data/yiyuan/features_biomedclip_20x/25054693B2.h5,True,True,,True,True,True,3966,3966,3966,0,0,"[3966,2]","[3966,2]","[3966,512]",int32,int64,float32,True,True,False,True,True,True,3966,0,False
25055380B2,5x,data/yiyuan/patches_coords_5x/patches_256/25055380B2.h5,data/yiyuan/features_biomedclip_5x/25055380B2.h5,True,True,,True,True,True,319,319,319,0,0,"[319,2]","[319,2]","[319,512]",int32,int64,float32,True,True,False,True,True,True,319,0,False
25055380B2,20x,data/yiyuan/patches_coords_20x/patches_256/25055380B2.h5,data/yiyuan/features_biomedclip_20x/25055380B2.h5,True,True,,True,True,True,4783,4783,4783,0,0,"[4783,2]","[4783,2]","[4783,512]",int32,int64,float32,True,True,False,True,True,True,4783,0,False
25055681B2,5x,data/yiyuan/patches_coords_5x/patches_256/25055681B2.h5,data/yiyuan/features_biomedclip_5x/25055681B2.h5,True,True,,True,True,True,139,139,139,0,0,"[139,2]","[139,2]","[139,512]",int32,int64,float32,True,True,False,True,True,True,139,0,False
25055681B2,20x,data/yiyuan/patches_coords_20x/patches_256/25055681B2.h5,data/yiyuan/features_biomedclip_20x/25055681B2.h5,True,True,,True,True,True,1913,1913,1913,0,0,"[1913,2]","[1913,2]","[1913,512]",int32,int64,float32,True,True,False,True,True,True,1912,0,False
25055778B2,5x,data/yiyuan/patches_coords_5x/patches_256/25055778B2.h5,data/yiyuan/features_biomedclip_5x/25055778B2.h5,True,True,,True,True,True,345,345,345,0,0,"[345,2]","[345,2]","[345,512]",int32,int64,float32,True,True,False,True,True,True,345,0,False
25055778B2,20x,data/yiyuan/patches_coords_20x/patches_256/25055778B2.h5,data/yiyuan/features_biomedclip_20x/25055778B2.h5,True,True,,True,True,True,4815,4815,4815,0,0,"[4815,2]","[4815,2]","[4815,512]",int32,int64,float32,True,True,False,True,True,True,4814,0,False
25055784B2,5x,data/yiyuan/patches_coords_5x/patches_256/25055784B2.h5,data/yiyuan/features_biomedclip_5x/25055784B2.h5,True,True,,True,True,True,254,254,254,0,0,"[254,2]","[254,2]","[254,512]",int32,int64,float32,True,True,False,True,True,True,254,0,False
25055784B2,20x,data/yiyuan/patches_coords_20x/patches_256/25055784B2.h5,data/yiyuan/features_biomedclip_20x/25055784B2.h5,True,True,,True,True,True,3530,3530,3530,0,0,"[3530,2]","[3530,2]","[3530,512]",int32,int64,float32,True,True,False,True,True,True,3529,0,False
25055857B2,5x,data/yiyuan/patches_coords_5x/patches_256/25055857B2.h5,data/yiyuan/features_biomedclip_5x/25055857B2.h5,True,True,,True,True,True,258,258,258,0,0,"[258,2]","[258,2]","[258,512]",int32,int64,float32,True,True,False,True,True,True,258,0,False
25055857B2,20x,data/yiyuan/patches_coords_20x/patches_256/25055857B2.h5,data/yiyuan/features_biomedclip_20x/25055857B2.h5,True,True,,True,True,True,3413,3413,3413,0,0,"[3413,2]","[3413,2]","[3413,512]",int32,int64,float32,True,True,False,True,True,True,3412,0,False
25057854B3,5x,data/yiyuan/patches_coords_5x/patches_256/25057854B3.h5,data/yiyuan/features_biomedclip_5x/25057854B3.h5,True,True,,True,True,True,102,102,102,0,0,"[102,2]","[102,2]","[102,512]",int32,int64,float32,True,True,False,True,True,True,102,0,False
25057854B3,20x,data/yiyuan/patches_coords_20x/patches_256/25057854B3.h5,data/yiyuan/features_biomedclip_20x/25057854B3.h5,True,True,,True,True,True,1408,1408,1408,0,0,"[1408,2]","[1408,2]","[1408,512]",int32,int64,float32,True,True,False,True,True,True,1408,0,False
25057856B2,5x,data/yiyuan/patches_coords_5x/patches_256/25057856B2.h5,data/yiyuan/features_biomedclip_5x/25057856B2.h5,True,True,,True,True,True,229,229,229,0,0,"[229,2]","[229,2]","[229,512]",int32,int64,float32,True,True,False,True,True,True,229,0,False
25057856B2,20x,data/yiyuan/patches_coords_20x/patches_256/25057856B2.h5,data/yiyuan/features_biomedclip_20x/25057856B2.h5,True,True,,True,True,True,3470,3470,3470,0,0,"[3470,2]","[3470,2]","[3470,512]",int32,int64,float32,True,True,False,True,True,True,3469,0,False
25057858B2,5x,data/yiyuan/patches_coords_5x/patches_256/25057858B2.h5,data/yiyuan/features_biomedclip_5x/25057858B2.h5,True,True,,True,True,True,212,212,212,0,0,"[212,2]","[212,2]","[212,512]",int32,int64,float32,True,True,False,True,True,True,212,0,False
25057858B2,20x,data/yiyuan/patches_coords_20x/patches_256/25057858B2.h5,data/yiyuan/features_biomedclip_20x/25057858B2.h5,True,True,,True,True,True,2892,2892,2892,0,0,"[2892,2]","[2892,2]","[2892,512]",int32,int64,float32,True,True,False,True,True,True,2891,0,False
25057865B1,5x,data/yiyuan/patches_coords_5x/patches_256/25057865B1.h5,data/yiyuan/features_biomedclip_5x/25057865B1.h5,True,True,,True,True,True,310,310,310,0,0,"[310,2]","[310,2]","[310,512]",int32,int64,float32,True,True,False,True,True,True,310,0,False
25057865B1,20x,data/yiyuan/patches_coords_20x/patches_256/25057865B1.h5,data/yiyuan/features_biomedclip_20x/25057865B1.h5,True,True,,True,True,True,4598,4598,4598,0,0,"[4598,2]","[4598,2]","[4598,512]",int32,int64,float32,True,True,False,True,True,True,4598,0,False
25058118B3,5x,data/yiyuan/patches_coords_5x/patches_256/25058118B3.h5,data/yiyuan/features_biomedclip_5x/25058118B3.h5,True,True,,True,True,True,96,96,96,0,0,"[96,2]","[96,2]","[96,512]",int32,int64,float32,True,True,False,True,True,True,96,0,False
25058118B3,20x,data/yiyuan/patches_coords_20x/patches_256/25058118B3.h5,data/yiyuan/features_biomedclip_20x/25058118B3.h5,True,True,,True,True,True,1259,1259,1259,0,0,"[1259,2]","[1259,2]","[1259,512]",int32,int64,float32,True,True,False,True,True,True,1259,0,False
25058118B4,5x,data/yiyuan/patches_coords_5x/patches_256/25058118B4.h5,data/yiyuan/features_biomedclip_5x/25058118B4.h5,True,True,,True,True,True,275,275,275,0,0,"[275,2]","[275,2]","[275,512]",int32,int64,float32,True,True,False,True,True,True,275,0,False
25058118B4,20x,data/yiyuan/patches_coords_20x/patches_256/25058118B4.h5,data/yiyuan/features_biomedclip_20x/25058118B4.h5,True,True,,True,True,True,3920,3920,3920,0,0,"[3920,2]","[3920,2]","[3920,512]",int32,int64,float32,True,True,False,True,True,True,3920,0,False
25058627B2,5x,data/yiyuan/patches_coords_5x/patches_256/25058627B2.h5,data/yiyuan/features_biomedclip_5x/25058627B2.h5,True,True,,True,True,True,209,209,209,0,0,"[209,2]","[209,2]","[209,512]",int32,int64,float32,True,True,False,True,True,True,209,0,False
25058627B2,20x,data/yiyuan/patches_coords_20x/patches_256/25058627B2.h5,data/yiyuan/features_biomedclip_20x/25058627B2.h5,True,True,,True,True,True,2976,2976,2976,0,0,"[2976,2]","[2976,2]","[2976,512]",int32,int64,float32,True,True,False,True,True,True,2974,0,False
25058713B2,5x,data/yiyuan/patches_coords_5x/patches_256/25058713B2.h5,data/yiyuan/features_biomedclip_5x/25058713B2.h5,True,True,,True,True,True,187,187,187,0,0,"[187,2]","[187,2]","[187,512]",int32,int64,float32,True,True,False,True,True,True,187,0,False
25058713B2,20x,data/yiyuan/patches_coords_20x/patches_256/25058713B2.h5,data/yiyuan/features_biomedclip_20x/25058713B2.h5,True,True,,True,True,True,2745,2745,2745,0,0,"[2745,2]","[2745,2]","[2745,512]",int32,int64,float32,True,True,False,True,True,True,2744,0,False
25058746B4,5x,data/yiyuan/patches_coords_5x/patches_256/25058746B4.h5,data/yiyuan/features_biomedclip_5x/25058746B4.h5,True,True,,True,True,True,182,182,182,0,0,"[182,2]","[182,2]","[182,512]",int32,int64,float32,True,True,False,True,True,True,182,0,False
25058746B4,20x,data/yiyuan/patches_coords_20x/patches_256/25058746B4.h5,data/yiyuan/features_biomedclip_20x/25058746B4.h5,True,True,,True,True,True,2630,2630,2630,0,0,"[2630,2]","[2630,2]","[2630,512]",int32,int64,float32,True,True,False,True,True,True,2630,0,False
25059470B2,5x,data/yiyuan/patches_coords_5x/patches_256/25059470B2.h5,data/yiyuan/features_biomedclip_5x/25059470B2.h5,True,True,,True,True,True,144,144,144,0,0,"[144,2]","[144,2]","[144,512]",int32,int64,float32,True,True,False,True,True,True,144,0,False
25059470B2,20x,data/yiyuan/patches_coords_20x/patches_256/25059470B2.h5,data/yiyuan/features_biomedclip_20x/25059470B2.h5,True,True,,True,True,True,2019,2019,2019,0,0,"[2019,2]","[2019,2]","[2019,512]",int32,int64,float32,True,True,False,True,True,True,2019,0,False
25059686B2,5x,data/yiyuan/patches_coords_5x/patches_256/25059686B2.h5,data/yiyuan/features_biomedclip_5x/25059686B2.h5,True,True,,True,True,True,291,291,291,0,0,"[291,2]","[291,2]","[291,512]",int32,int64,float32,True,True,False,True,True,True,291,0,False
25059686B2,20x,data/yiyuan/patches_coords_20x/patches_256/25059686B2.h5,data/yiyuan/features_biomedclip_20x/25059686B2.h5,True,True,,True,True,True,4295,4295,4295,0,0,"[4295,2]","[4295,2]","[4295,512]",int32,int64,float32,True,True,False,True,True,True,4295,0,False
25060539B2,5x,data/yiyuan/patches_coords_5x/patches_256/25060539B2.h5,data/yiyuan/features_biomedclip_5x/25060539B2.h5,True,True,,True,True,True,295,295,295,0,0,"[295,2]","[295,2]","[295,512]",int32,int64,float32,True,True,False,True,True,True,295,0,False
25060539B2,20x,data/yiyuan/patches_coords_20x/patches_256/25060539B2.h5,data/yiyuan/features_biomedclip_20x/25060539B2.h5,True,True,,True,True,True,4445,4445,4445,0,0,"[4445,2]","[4445,2]","[4445,512]",int32,int64,float32,True,True,False,True,True,True,4444,0,False
25061727B2,5x,data/yiyuan/patches_coords_5x/patches_256/25061727B2.h5,data/yiyuan/features_biomedclip_5x/25061727B2.h5,True,True,,True,True,True,282,282,282,0,0,"[282,2]","[282,2]","[282,512]",int32,int64,float32,True,True,False,True,True,True,282,0,False
25061727B2,20x,data/yiyuan/patches_coords_20x/patches_256/25061727B2.h5,data/yiyuan/features_biomedclip_20x/25061727B2.h5,True,True,,True,True,True,4032,4032,4032,0,0,"[4032,2]","[4032,2]","[4032,512]",int32,int64,float32,True,True,False,True,True,True,4029,0,False
25062444B,5x,data/yiyuan/patches_coords_5x/patches_256/25062444B.h5,data/yiyuan/features_biomedclip_5x/25062444B.h5,True,True,,True,True,True,191,191,191,0,0,"[191,2]","[191,2]","[191,512]",int32,int64,float32,True,True,False,True,True,True,191,0,False
25062444B,20x,data/yiyuan/patches_coords_20x/patches_256/25062444B.h5,data/yiyuan/features_biomedclip_20x/25062444B.h5,True,True,,True,True,True,2781,2781,2781,0,0,"[2781,2]","[2781,2]","[2781,512]",int32,int64,float32,True,True,False,True,True,True,2781,0,False
25062891B4,5x,data/yiyuan/patches_coords_5x/patches_256/25062891B4.h5,data/yiyuan/features_biomedclip_5x/25062891B4.h5,True,True,,True,True,True,55,55,55,0,0,"[55,2]","[55,2]","[55,512]",int32,int64,float32,True,True,False,True,True,True,51,0,False
25062891B4,20x,data/yiyuan/patches_coords_20x/patches_256/25062891B4.h5,data/yiyuan/features_biomedclip_20x/25062891B4.h5,True,True,,True,True,True,714,714,714,0,0,"[714,2]","[714,2]","[714,512]",int32,int64,float32,True,True,False,True,True,True,713,0,False
25063228B5,5x,data/yiyuan/patches_coords_5x/patches_256/25063228B5.h5,data/yiyuan/features_biomedclip_5x/25063228B5.h5,True,True,,True,True,True,101,101,101,0,0,"[101,2]","[101,2]","[101,512]",int32,int64,float32,True,True,False,True,True,True,101,0,False
25063228B5,20x,data/yiyuan/patches_coords_20x/patches_256/25063228B5.h5,data/yiyuan/features_biomedclip_20x/25063228B5.h5,True,True,,True,True,True,1242,1242,1242,0,0,"[1242,2]","[1242,2]","[1242,512]",int32,int64,float32,True,True,False,True,True,True,1239,0,False
25063371B2,5x,data/yiyuan/patches_coords_5x/patches_256/25063371B2.h5,data/yiyuan/features_biomedclip_5x/25063371B2.h5,True,True,,True,True,True,237,237,237,0,0,"[237,2]","[237,2]","[237,512]",int32,int64,float32,True,True,False,True,True,True,236,1,False
25063371B2,20x,data/yiyuan/patches_coords_20x/patches_256/25063371B2.h5,data/yiyuan/features_biomedclip_20x/25063371B2.h5,True,True,,True,True,True,3277,3277,3277,0,0,"[3277,2]","[3277,2]","[3277,512]",int32,int64,float32,True,True,False,True,True,True,3276,0,False
25063642B,5x,data/yiyuan/patches_coords_5x/patches_256/25063642B.h5,data/yiyuan/features_biomedclip_5x/25063642B.h5,True,True,,True,True,True,131,131,131,0,0,"[131,2]","[131,2]","[131,512]",int32,int64,float32,True,True,False,True,True,True,131,0,False
25063642B,20x,data/yiyuan/patches_coords_20x/patches_256/25063642B.h5,data/yiyuan/features_biomedclip_20x/25063642B.h5,True,True,,True,True,True,1913,1913,1913,0,0,"[1913,2]","[1913,2]","[1913,512]",int32,int64,float32,True,True,False,True,True,True,1911,0,False
25063642B2,5x,data/yiyuan/patches_coords_5x/patches_256/25063642B2.h5,data/yiyuan/features_biomedclip_5x/25063642B2.h5,True,True,,True,True,True,35,35,35,0,0,"[35,2]","[35,2]","[35,512]",int32,int64,float32,True,True,False,True,True,True,35,0,False
25063642B2,20x,data/yiyuan/patches_coords_20x/patches_256/25063642B2.h5,data/yiyuan/features_biomedclip_20x/25063642B2.h5,True,True,,True,True,True,464,464,464,0,0,"[464,2]","[464,2]","[464,512]",int32,int64,float32,True,True,False,True,True,True,464,0,False
25063676B,5x,data/yiyuan/patches_coords_5x/patches_256/25063676B.h5,data/yiyuan/features_biomedclip_5x/25063676B.h5,True,True,,True,True,True,75,75,75,0,0,"[75,2]","[75,2]","[75,512]",int32,int64,float32,True,True,False,True,True,True,37,0,False
25063676B,20x,data/yiyuan/patches_coords_20x/patches_256/25063676B.h5,data/yiyuan/features_biomedclip_20x/25063676B.h5,True,True,,True,True,True,1079,1079,1079,0,0,"[1079,2]","[1079,2]","[1079,512]",int32,int64,float32,True,True,False,True,True,True,1077,0,False
25063676B2,5x,data/yiyuan/patches_coords_5x/patches_256/25063676B2.h5,data/yiyuan/features_biomedclip_5x/25063676B2.h5,True,True,,True,True,True,184,184,184,0,0,"[184,2]","[184,2]","[184,512]",int32,int64,float32,True,True,False,True,True,True,184,0,False
25063676B2,20x,data/yiyuan/patches_coords_20x/patches_256/25063676B2.h5,data/yiyuan/features_biomedclip_20x/25063676B2.h5,True,True,,True,True,True,2436,2436,2436,0,0,"[2436,2]","[2436,2]","[2436,512]",int32,int64,float32,True,True,False,True,True,True,2435,0,False
25063700B,5x,data/yiyuan/patches_coords_5x/patches_256/25063700B.h5,data/yiyuan/features_biomedclip_5x/25063700B.h5,True,True,,True,True,True,107,107,107,0,0,"[107,2]","[107,2]","[107,512]",int32,int64,float32,True,True,False,True,True,True,107,0,False
25063700B,20x,data/yiyuan/patches_coords_20x/patches_256/25063700B.h5,data/yiyuan/features_biomedclip_20x/25063700B.h5,True,True,,True,True,True,1530,1530,1530,0,0,"[1530,2]","[1530,2]","[1530,512]",int32,int64,float32,True,True,False,True,True,True,1529,0,False
