slide_id,low_scale,high_scale,coverage_calculable,low_bbox_x_min,low_bbox_y_min,low_bbox_x_max,low_bbox_y_max,high_bbox_x_min,high_bbox_y_min,high_bbox_x_max,high_bbox_y_max,bbox_iou,low_bbox_fraction_of_wsi,high_bbox_fraction_of_wsi,high_low_bbox_area_ratio,normalized_bbox_center_distance,low_coordinate_count,high_coordinate_count,high_low_coordinate_count_ratio
2460239-B2,nominal 5x (actual ~2.5x),nominal 20x (actual ~10x),True,17328.0,2848.0,153206.19057747527,82568.51321304902,17328.0,2848.0,151158.02041847233,80520.03498861048,0.9596180032566045,0.8199811351665124,0.7868686596365725,0.9596180032566043,0.00831442925883079,187,2592,13.86096256684492
2460242-B2,nominal 5x (actual ~2.5x),nominal 20x (actual ~10x),True,18401.0,4240.0,177437.33690121074,87952.51321304902,18401.0,1568.0,177437.01684395218,85232.03498861048,0.9375740398717576,0.8313674838783645,0.8308843637687248,0.9994188850069213,0.013320174617016001,426,6128,14.384976525821596
2460399-B2,nominal 5x (actual ~2.5x),nominal 20x (actual ~10x),True,8112.0,7232.0,136741.28600156406,77456.51321304902,8112.0,7232.0,135717.01429927946,77456.03498861048,0.9920302699631789,0.7182859612640349,0.712561416063522,0.9920302699631789,0.0030484791130820682,285,4103,14.396491228070175
2460404-B3,nominal 5x (actual ~2.5x),nominal 20x (actual ~10x),True,13616.0,0.0,168624.0,84672.51321304902,13616.0,0.0,166928.0,83648.03498861048,0.9770917111627517,0.8966015943605246,0.8760619860649763,0.9770917111627517,0.005257742128631412,308,4243,13.775974025974026
2460405-B2,nominal 5x (actual ~2.5x),nominal 20x (actual ~10x),True,8048.0,4880.0,144925.3921654448,77846.39490937139,8048.0,4880.0,144925.01400475943,75798.0,0.9719241872645096,0.8230003272152627,0.7998939241471198,0.9719241872645098,0.006091247208990284,128,1742,13.609375
2460591-B2,nominal 5x (actual ~2.5x),nominal 20x (actual ~10x),True,14848.0,1152.0,178802.0662811772,79400.51321304902,14848.0,1152.0,180850.0165702943,80424.03498861048,0.9749108766585974,0.7881173972300619,0.808399430244588,1.025734786575972,0.005580391028389443,253,3248,12.837944664031621
2460602-B,nominal 5x (actual ~2.5x),nominal 20x (actual ~10x),True,12704.0,9393.0,144469.23804111994,83121.71181727905,12704.0,9393.0,153848.00661191178,81073.02541825945,0.9092902410679911,0.7785147794733072,0.8107555996155497,1.0414132409458616,0.02749448480407916,252,3707,14.71031746031746
2460615-B4,nominal 5x (actual ~2.5x),nominal 20x (actual ~10x),True,16208.0,192.0,134404.1442091032,72770.15026413617,16208.0,192.0,133412.00721025208,69698.03756603405,0.9496329746640023,0.7386094210205766,0.7014078615986266,0.9496329746640023,0.009849518307032385,157,2071,13.19108280254777
2460628-B2,nominal 5x (actual ~2.5x),nominal 20x (actual ~10x),True,8736.0,6832.0,131715.10948358817,69377.52816174953,8736.0,6832.0,131715.0,70401.02640536359,0.9838985574127888,0.6626681289530144,0.6735114647372455,1.0163631466649272,0.003036053202817129,190,2668,14.042105263157895
2460641-B2,nominal 5x (actual ~2.5x),nominal 20x (actual ~10x),True,7760.0,17282.0,128710.3597060095,83026.51321304902,7760.0,17282.0,128571.00691686255,83842.03498861048,0.9866234717012646,0.6117353523330817,0.6186100145346766,1.0112379678162717,0.0024033309294513435,242,3511,14.508264462809917
2460643-B,nominal 5x (actual ~2.5x),nominal 20x (actual ~10x),True,7888.0,6177.0,114257.09930178433,75809.71181727905,7888.0,6177.0,114257.02482544609,74785.02541825945,0.9852837206898363,0.7428466811566555,0.731914741912126,0.9852837206898363,0.0034695891990398687,182,2656,14.593406593406593
2460753-B2,nominal 5x (actual ~2.5x),nominal 20x (actual ~10x),True,8977.0,5664.0,137422.4565450006,77424.0,10001.0,5664.0,135294.02282521472,81264.0,0.9270657062890698,0.8057626044243653,0.8280462863051322,1.0276553934848915,0.012550763636684826,201,2859,14.223880597014926
2460770-B2,nominal 5x (actual ~2.5x),nominal 20x (actual ~10x),True,17505.0,0.0,140024.27081349835,67431.51321304902,17505.0,0.0,136952.01353995875,70471.03498861048,0.9338843872011025,0.6220704913108549,0.6338087597470187,1.0188696757041609,0.012355230737245345,181,2521,13.92817679558011
2460943-B3,nominal 5x (actual ~2.5x),nominal 20x (actual ~10x),True,7936.0,6513.0,107689.50083845724,47473.94304335506,7936.0,6513.0,107689.01788521327,48497.01813159572,0.9756271883360311,0.6318050006072148,0.6475823603401465,1.0249718817004747,0.004006402383460215,98,1349,13.76530612244898
2460949-B3,nominal 5x (actual ~2.5x),nominal 20x (actual ~10x),True,9664.0,11057.0,131385.30710172743,81417.51321304902,9664.0,7440.0,132409.01535416543,81417.03498861048,0.9431680591910755,0.7312670448147843,0.7753203468308788,1.0602424276171947,0.011771295565738022,200,2813,14.065
2460960-B,nominal 5x (actual ~2.5x),nominal 20x (actual ~10x),True,8304.0,7072.0,145750.33293594886,86712.51321304902,8304.0,7072.0,147798.0,84664.03498861048,0.9603393634062445,0.8443879944030421,0.8349250908268067,0.9887931808138444,0.008430621953957287,343,4901,14.28862973760933
2460974-B2,nominal 5x (actual ~2.5x),nominal 20x (actual ~10x),True,8032.0,6465.0,133168.0,72001.71181727905,8032.0,6465.0,133552.0,71445.02541825945,0.9884981321873549,0.7228030697760547,0.7188625839324546,0.994548327188454,0.0020842186635430192,234,3353,14.32905982905983
2461002-B2,nominal 5x (actual ~2.5x),nominal 20x (actual ~10x),True,8960.0,6560.0,116417.09930178433,51904.48695652174,8960.0,6560.0,117441.02482544609,50880.05217036886,0.9683887247913158,0.6686602350862659,0.6597811953645312,0.9867211488648054,0.0052844772164708405,135,1733,12.837037037037037
2461487-B2,nominal 5x (actual ~2.5x),nominal 20x (actual ~10x),True,7648.0,6608.0,168979.09429965928,53680.0,7648.0,6608.0,172051.0,53680.0,0.9813147831831492,0.8205917354650928,0.8362166243978212,1.0190410020689187,0.008451887380700832,232,3195,13.77155172413793
2461671-B2,nominal 5x (actual ~2.5x),nominal 20x (actual ~10x),True,7776.0,6736.0,137779.20132569375,77665.44214162348,7776.0,6736.0,135731.0215700042,76368.01228053344,0.9662415061354304,0.776448273260481,0.7502365489914613,0.9662415061354303,0.007345403944764805,328,4887,14.899390243902438
2461672-B2,nominal 5x (actual ~2.5x),nominal 20x (actual ~10x),True,10064.0,9584.0,168791.29307384088,65668.33787945447,10064.0,9584.0,167767.0,66692.02815507287,0.9758498904027352,0.7296469277136702,0.7381704762208414,1.0116817438454506,0.003960594952433265,212,2880,13.584905660377359
2461677-B2,nominal 5x (actual ~2.5x),nominal 20x (actual ~10x),True,54498.0,6497.0,139494.22316661218,42679.76684972541,54498.0,6497.0,140518.0,40646.0,0.9331834608253113,0.32669673771796426,0.3120475841834393,0.9551597801776291,0.007105388698829506,60,812,13.533333333333333
2461698-B,nominal 5x (actual ~2.5x),nominal 20x (actual ~10x),True,9152.0,3120.0,151640.234694917,76848.09800918837,9152.0,3120.0,153288.00651897123,79777.02450229709,0.9507965416550838,0.8001194658892328,0.8415254271922759,1.0517497237203517,0.009443361221111085,239,3447,14.422594142259415
2461700-B2,nominal 5x (actual ~2.5x),nominal 20x (actual ~10x),True,9264.0,6769.0,103719.41079504012,49666.94304335506,9264.0,6769.0,102695.02800670994,47618.01813159572,0.9419100700436338,0.6540646750994231,0.6160701039359642,0.9419100700436338,0.009283500478511638,74,996,13.45945945945946
2461703-B3,nominal 5x (actual ~2.5x),nominal 20x (actual ~10x),True,8016.0,6256.0,150392.24085302113,80305.51321304902,8016.0,6256.0,149368.00669001203,80305.03498861048,0.9927997323687209,0.7844666394211721,0.7788182696695295,0.9927997323687209,0.002902165209982806,253,3694,14.600790513833992
2461718-B3,nominal 5x (actual ~2.5x),nominal 20x (actual ~10x),True,13584.0,6592.0,120497.06432160804,76550.58391940696,13584.0,6592.0,120465.01608040201,74502.0,0.9704262080068632,0.6975602501541449,0.6769307484134058,0.9704262080068633,0.006709928465918557,82,1067,13.012195121951219
2461755-B3,nominal 5x (actual ~2.5x),nominal 20x (actual ~10x),True,35554.0,6288.0,155769.2542709575,80257.51321304902,35554.0,6288.0,156793.01271291653,81281.03498861048,0.9780228891847048,0.6286556692123878,0.6427821640620754,1.0224709575392616,0.003945143252272136,247,3325,13.461538461538462
2461836-B2,nominal 5x (actual ~2.5x),nominal 20x (actual ~10x),True,9552.0,1296.0,127545.32678069951,74257.11451576829,9552.0,1296.0,125977.01633799222,72209.02862894208,0.9590106632457647,0.9600059272909716,0.92065592105118,0.9590106632457647,0.008936374785510737,144,1998,13.875
2461857-B2,nominal 5x (actual ~2.5x),nominal 20x (actual ~10x),True,7920.0,5632.0,131458.1484057971,73143.51321304902,7920.0,5632.0,130434.00742007478,72119.03498861048,0.9766608551782815,0.6882952207145592,0.6722309988782054,0.9766608551782814,0.004428083791287179,159,2091,13.150943396226415
2461861-B2,nominal 5x (actual ~2.5x),nominal 20x (actual ~10x),True,8288.0,6737.0,75922.15026413617,49682.64142538975,8288.0,6737.0,74898.03756603405,49682.01781489213,0.9848437522531045,0.6179011749732916,0.6085361116822985,0.9848437522531045,0.005122647167569492,62,890,14.35483870967742
2462123-B2,nominal 5x (actual ~2.5x),nominal 20x (actual ~10x),True,10561.0,6753.0,103640.51904417088,62050.80308880309,10561.0,6753.0,103640.01853527858,62050.01544122082,0.9999803791173514,0.7024225425760278,0.7024087604257502,0.9999803791173514,3.620843412018436e-06,122,1715,14.057377049180328
2462170-B4,nominal 5x (actual ~2.5x),nominal 20x (actual ~10x),True,8080.0,8273.0,127637.27722295752,61521.757224118315,8080.0,8273.0,126613.00770017445,63259.01455951772,0.9603689076479301,0.6806497544933257,0.6968346652827294,1.0237786184194715,0.006702831632948797,117,1562,13.350427350427351
2462290-B2,nominal 5x (actual ~2.5x),nominal 20x (actual ~10x),True,7744.0,5296.0,125384.45654500059,71569.7491638796,7744.0,5296.0,128456.02282521474,68497.02675165892,0.9304679757982792,0.7566440854977772,0.7404028164734072,0.9785351272339818,0.014029412609887586,286,4236,14.811188811188812
2462293-B3,nominal 5x (actual ~2.5x),nominal 20x (actual ~10x),True,7856.0,6528.0,90000.04127035306,74192.29761674094,7856.0,6528.0,90736.01031758827,74192.02480019376,0.9911161050653426,0.6781474093321155,0.684220508267898,1.0089554259917675,0.0028500981774219054,127,1781,14.023622047244094
2462468-B2,nominal 5x (actual ~2.5x),nominal 20x (actual ~10x),True,22930.0,6816.0,152265.38285144567,79504.05033425089,7904.0,6816.0,153289.019141141,77456.01258356273,0.867238182666428,0.7198088645402336,0.7863343423473459,1.0924210315881624,0.03932091504113594,197,2686,13.634517766497462
2462478-B2,nominal 5x (actual ~2.5x),nominal 20x (actual ~10x),True,19184.0,208.0,159143.2091503268,69888.0,10192.0,208.0,157111.0,69888.0,0.9259877834277881,0.7862241602294616,0.8253209495681305,1.0497272804835434,0.031399876809949934,152,2029,13.348684210526315
2462483-B,nominal 5x (actual ~2.5x),nominal 20x (actual ~10x),True,8304.0,6672.0,125703.2810441571,70865.15802469137,8304.0,6672.0,124679.00780630604,71889.03950617283,0.9758463416698883,0.7387942006796411,0.744029409274812,1.0070861528018966,0.004748586680268166,85,1108,13.035294117647059
2462598-B,nominal 5x (actual ~2.5x),nominal 20x (actual ~10x),True,7936.0,10880.0,129808.0,83346.51321304902,7936.0,6784.0,131808.0,82322.03498861048,0.9182528002783432,0.735268315165395,0.7790106239050996,1.0594916275290127,0.016908930359150635,195,2744,14.071794871794872
2462609-B2,nominal 5x (actual ~2.5x),nominal 20x (actual ~10x),True,11537.0,15824.0,115754.50143640637,51921.20518300828,11537.0,15824.0,114730.0250693651,50897.05129575207,0.9620766166638692,0.5125829571963454,0.49314407721902087,0.9620766166638692,0.005310295779217188,61,821,13.459016393442623
2462614-B3,nominal 5x (actual ~2.5x),nominal 20x (actual ~10x),True,7920.0,10961.0,130068.24311490978,70546.71181727905,7920.0,208.0,135495.0,72955.02541825945,0.7842391874433314,0.670147366317214,0.8545191021401725,1.2751211824291289,0.031693107746489334,225,3283,14.591111111111111
2462637-B2,nominal 5x (actual ~2.5x),nominal 20x (actual ~10x),True,7808.0,7104.0,136533.28600156406,75361.53781512605,7808.0,7104.0,135509.01429927946,76385.03666571183,0.9775022748081564,0.7321768274756976,0.7372422575916276,1.0069183152564305,0.004363169487454477,277,3864,13.949458483754512
2462830-B2,nominal 5x (actual ~2.5x),nominal 20x (actual ~10x),True,9600.0,8977.0,153113.27223511215,64579.513213049024,9600.0,8977.0,153113.01856058775,77849.03498861048,0.8073296204356328,0.549085247637469,0.6801230620159385,1.238647486783303,0.03541142246794989,103,1417,13.757281553398059
2462830-B4,nominal 5x (actual ~2.5x),nominal 20x (actual ~10x),True,7920.0,6688.0,129329.08930232558,74992.39490937139,7920.0,6688.0,130353.02232558139,76016.0,0.9769955997664143,0.7262356808579906,0.7433356721684554,1.0235460632976094,0.004505065065113132,210,3080,14.666666666666666
2462840-B5,nominal 5x (actual ~2.5x),nominal 20x (actual ~10x),True,12336.0,2192.0,153361.05078861225,75033.58391940696,12336.0,2192.0,154385.01269715306,71961.0,0.9512030575596858,0.7564782934921103,0.7298297172083683,0.964772847399593,0.00890016467166752,286,4219,14.751748251748252
2462885-B2,nominal 5x (actual ~2.5x),nominal 20x (actual ~10x),True,14400.0,6416.0,162182.17644742024,83160.51321304902,10144.0,6416.0,159110.0189046154,83076.03498861048,0.9507821247718599,0.7948746672143474,0.8003602049175198,1.0069011353983597,0.019838591607411346,272,3661,13.459558823529411
2462920-B3,nominal 5x (actual ~2.5x),nominal 20x (actual ~10x),True,7808.0,10944.0,130370.1243322001,72673.37356681259,7808.0,80.0,129346.0,72673.04002292981,0.844290263989777,0.7479444401195399,0.872224452921604,1.1661620919091278,0.03577739741165402,273,3827,14.018315018315018
2462921-B,nominal 5x (actual ~2.5x),nominal 20x (actual ~10x),True,7824.0,224.0,130854.20990980438,74720.29761674094,7824.0,224.0,128869.02248967759,74720.02480019376,0.9838606249107493,0.8124816061653063,0.7993686607702877,0.9838606249107495,0.006218415065561939,311,4466,14.360128617363344
2462939-B,nominal 5x (actual ~2.5x),nominal 20x (actual ~10x),True,8048.0,7106.0,108624.03621445749,44051.16257947321,8048.0,7106.0,106576.00905361437,43026.05811577752,0.9524553816297984,0.6214675942591642,0.5919201546606648,0.9524553816297983,0.009172098347556671,99,1451,14.656565656565656
2462987-B2,nominal 5x (actual ~2.5x),nominal 20x (actual ~10x),True,46320.0,7984.0,160496.0,59984.170818505336,0.0,7984.0,160496.0,71921.04270462634,0.5785792262619989,0.4950254145538131,0.855587950766919,1.7283717676153976,0.1317153491933946,139,2010,14.46043165467626
2463126-B2,nominal 5x (actual ~2.5x),nominal 20x (actual ~10x),True,7696.0,6641.0,104129.11001289214,62305.81085972851,7696.0,6641.0,105153.02750322303,60257.02895436295,0.9534433428619046,0.6794060467465021,0.6613483934548303,0.9734214121611883,0.008661843190246689,144,2101,14.590277777777779
2463127-B3,nominal 5x (actual ~2.5x),nominal 20x (actual ~10x),True,7696.0,3056.0,106386.14384042703,79344.51321304902,7696.0,3056.0,107410.0,79344.03498861048,0.9897259315712548,0.7527822175856586,0.7605871526949953,1.010368118330915,0.003559488079703184,261,3791,14.524904214559387
2463135-B,nominal 5x (actual ~2.5x),nominal 20x (actual ~10x),True,7648.0,3552.0,114769.10110584518,81664.51321304902,7648.0,3552.0,114769.0252764613,81664.03498861048,0.9999931698683389,0.7840985048119076,0.7840931493158845,0.999993169868339,1.6146752693987977e-06,307,4547,14.811074918566776
2463187-B2,nominal 5x (actual ~2.5x),nominal 20x (actual ~10x),True,12113.0,6561.0,101417.53862338443,52785.84349258649,12113.0,6561.0,100393.01923438146,49713.0,0.9228144103852379,0.6651808624749427,0.6138384854043583,0.922814410385238,0.013342286964599308,110,1511,13.736363636363636
2463351-B4,nominal 5x (actual ~2.5x),nominal 20x (actual ~10x),True,7872.0,9729.0,123083.40909649662,81266.51321304902,7872.0,9729.0,123083.00786651508,80969.03498861048,0.9958381790426801,0.7211059163105034,0.7181048025955548,0.99583817904268,0.0009472804316097201,175,2436,13.92
2463367-B2,nominal 5x (actual ~2.5x),nominal 20x (actual ~10x),True,7776.0,6208.0,148428.3597060095,77536.19508477805,7776.0,2112.0,148428.00691686256,75488.0,0.9185359630077581,0.8068583046899539,0.8300208129049136,1.0287070332923698,0.01804890935020883,301,4380,14.551495016611296
2463370-B2,nominal 5x (actual ~2.5x),nominal 20x (actual ~10x),True,7696.0,6368.0,121002.3787916153,60944.29976580796,7696.0,6368.0,121002.0,59920.01498741291,0.9812287785880857,0.6974254786972982,0.6843339506183609,0.9812287785880857,0.0034920452251486875,192,2726,14.197916666666666
2463379-B4,nominal 5x (actual ~2.5x),nominal 20x (actual ~10x),True,7824.0,6192.0,111447.47659574468,61505.54765866413,7824.0,6192.0,113116.01701957916,59457.015210932856,0.9482617016954474,0.7075396151245077,0.6923067866251202,0.9784707058463336,0.009580657451753523,153,2079,13.588235294117647
2463404-B2,nominal 5x (actual ~2.5x),nominal 20x (actual ~10x),True,9504.0,4176.0,152347.32802989855,80780.74231587087,9504.0,4176.0,150411.0,77708.03711041315,0.9468769623671871,0.8820879951250746,0.8352288013645929,0.9468769623671871,0.010607402827603335,217,2935,13.525345622119815
2463643-B,nominal 5x (actual ~2.5x),nominal 20x (actual ~10x),True,7648.0,8208.0,154373.23202416918,67168.38257899231,7648.0,8208.0,159480.0064447913,67429.04098841864,0.9621122171460276,0.7264301057162942,0.7550367750979696,1.0393797960141917,0.01455325091839299,241,3440,14.273858921161827
2463647-B2,nominal 5x (actual ~2.5x),nominal 20x (actual ~10x),True,7744.0,7056.0,116374.37013669821,62659.29976580796,7744.0,7056.0,115350.02523493461,60611.01498741291,0.9540802594000735,0.7261769412936759,0.6928310845198223,0.9540802594000737,0.008202404901936864,204,2934,14.382352941176471
2463656-B2,nominal 5x (actual ~2.5x),nominal 20x (actual ~10x),True,7856.0,11650.0,113793.0686511129,64898.79064637105,7856.0,9233.0,119329.01716277823,65498.0282326992,0.8993927930387261,0.6516562046862027,0.7245512858564164,1.1118612554380811,0.02086203783725977,157,2076,13.222929936305732
2463720-B7,nominal 5x (actual ~2.5x),nominal 20x (actual ~10x),True,9200.0,6704.0,144432.0,66832.10842863194,9200.0,6704.0,143408.0,67856.02710715798,0.9759345284011793,0.714353403604667,0.7210167733408558,1.0093278336780716,0.004296011602402132,207,3024,14.608695652173912
2464404-B5,nominal 5x (actual ~2.5x),nominal 20x (actual ~10x),True,7712.0,6528.0,128114.1243322001,66449.47407407407,7712.0,6528.0,125042.0,66449.0,0.9744767576487561,0.7919780456094498,0.7717641980144953,0.9744767576487561,0.010322250616977459,207,2935,14.178743961352657
2464438-B5,nominal 5x (actual ~2.5x),nominal 20x (actual ~10x),True,7728.0,6608.0,85634.17805599027,60448.42850310856,7728.0,6608.0,85634.0,59424.04590830295,0.9809714867558627,0.681159370396501,0.6681979202955429,0.9809714867558627,0.00450160310984647,98,1244,12.693877551020408
2464443-B,nominal 5x (actual ~2.5x),nominal 20x (actual ~10x),True,7792.0,6464.0,118033.09787179813,74768.15026413617,7792.0,6464.0,119057.02446794954,72720.03756603405,0.961353440226466,0.7333559407893213,0.7179733415357075,0.9790243749344183,0.007640849850915426,254,3687,14.515748031496063
2464548-B,nominal 5x (actual ~2.5x),nominal 20x (actual ~10x),True,20176.0,240.0,154580.1809187279,82961.39490937139,20176.0,240.0,153556.01938366017,82961.0,0.992375249935421,0.8453617980550647,0.8389161256307517,0.9923752499354209,0.0028624186600041783,337,4999,14.833827893175075
2464690-B2,nominal 5x (actual ~2.5x),nominal 20x (actual ~10x),True,8016.0,2512.0,141904.0,77248.15026413617,8016.0,2512.0,140880.0,76130.03756603405,0.9775054380440005,0.844823631925257,0.8258196943950218,0.9775054380440005,0.004557825453905034,244,3451,14.14344262295082
2464812-B3,nominal 5x (actual ~2.5x),nominal 20x (actual ~10x),True,7920.0,208.0,150997.24734299516,72848.0,7920.0,208.0,148949.00687026998,72848.0,0.9856843732266178,0.880780460348735,0.8681715360090949,0.9856843732266181,0.006068155988989188,254,3682,14.496062992125983
2464817-B,nominal 5x (actual ~2.5x),nominal 20x (actual ~10x),True,7856.0,22274.0,134929.0893023256,83315.51321304902,7856.0,6800.0,133905.0223255814,80243.03498861048,0.7527328135571963,0.642009747882779,0.7662188636341728,1.1934692053524278,0.056897498408780695,265,3919,14.788679245283019
2464879-B2,nominal 5x (actual ~2.5x),nominal 20x (actual ~10x),True,9824.0,4992.0,153160.3372859025,70896.15366146459,9824.0,5360.0,150088.00648577436,70896.03841536614,0.9730996923210418,0.7481620785132257,0.7280362884074908,0.9730996923210415,0.00874173040637694,268,3955,14.757462686567164
2464929-B,nominal 5x (actual ~2.5x),nominal 20x (actual ~10x),True,7792.0,4272.0,148768.0,82193.51321304902,7792.0,4272.0,149792.0,80145.03498861048,0.9668726117525027,0.8304371596585574,0.8144792295025419,0.9807836993197935,0.00656677560802276,291,4295,14.759450171821307
2464943-B2,nominal 5x (actual ~2.5x),nominal 20x (actual ~10x),True,10784.0,6336.0,180347.318294849,67028.32968448165,10784.0,224.0,180347.01136691606,68052.02747223266,0.8947957598675134,0.7661714189247193,0.8562499125329218,1.1175696343967292,0.013047722679369381,323,4501,13.93498452012384
2465202-B3,nominal 5x (actual ~2.5x),nominal 20x (actual ~10x),True,7888.0,7457.0,166358.27223511215,57345.94674556213,7888.0,7457.0,165334.01856058775,57345.04732852653,0.9935187075963812,0.7358621771772469,0.7310928392381976,0.9935187075963812,0.0028805452842127935,269,3876,14.408921933085502
2465243-B2,nominal 5x (actual ~2.5x),nominal 20x (actual ~10x),True,8272.0,0.0,154596.12955465587,73040.25482779216,8272.0,0.0,155620.00647756888,72016.01274075548,0.979221178628398,0.8411576254645676,0.8351654011404992,0.9928762170814787,0.004083148153286435,348,5204,14.954022988505747
2465263-B2,nominal 5x (actual ~2.5x),nominal 20x (actual ~10x),True,8384.0,5184.0,113012.23788663215,62528.0,8384.0,5184.0,114036.0254870076,62528.0,0.9903098156835494,0.6997361022930991,0.706583022011263,1.0097850027970914,0.0036574091843675346,163,2322,14.245398773006135
2465339-B2,nominal 5x (actual ~2.5x),nominal 20x (actual ~10x),True,8784.0,6768.0,166132.19895084517,79192.51321304902,8784.0,6768.0,164084.0,80216.03498861048,0.9734056650691876,0.7879755927995579,0.788709444778453,1.0009313130832997,0.006133562098820366,427,6254,14.646370023419204
2465367-B3,nominal 5x (actual ~2.5x),nominal 20x (actual ~10x),True,7808.0,9888.0,117750.23788663215,63824.0,7808.0,9888.0,117750.0254870076,62928.0,0.9833858189512628,0.6915772442773027,0.680087254731693,0.983385818951263,0.003200897061135347,125,1600,12.8
2465396-B2,nominal 5x (actual ~2.5x),nominal 20x (actual ~10x),True,7824.0,12496.0,118963.19450424211,69840.0,7824.0,4048.0,127077.01620817374,74016.0,0.7638118577217887,0.6711381746756526,0.8786694889464629,1.3092229321795112,0.031185855038841016,165,2463,14.927272727272728
2465397-B,nominal 5x (actual ~2.5x),nominal 20x (actual ~10x),True,7760.0,9488.0,112693.30946944258,66512.28312320283,7760.0,9488.0,112693.00859579611,64464.01415537739,0.9640779947155104,0.6943384256205334,0.6693963970261685,0.9640779947155105,0.007348135622491976,157,2289,14.579617834394904
2465568-B2,nominal 5x (actual ~2.5x),nominal 20x (actual ~10x),True,8096.0,7632.0,112660.2709711564,82304.09800918837,8096.0,7632.0,112660.0,82304.02450229709,0.9999964241752596,0.7724182471856583,0.7724154851533802,0.9999964241752597,9.549115686056514e-07,188,2648,14.085106382978724
2465608-B2,nominal 5x (actual ~2.5x),nominal 20x (actual ~10x),True,7856.0,224.0,144930.10948358817,70592.05294725957,7856.0,224.0,146978.0,69808.01323681489,0.9744617444397597,0.8331560788044879,0.8361817508018803,1.0036315788534291,0.006508314710448283,259,3741,14.444015444015443
2465625-B,nominal 5x (actual ~2.5x),nominal 20x (actual ~10x),True,7920.0,15154.0,122840.31663574521,79130.6131736527,7920.0,6320.0,123864.01583080823,80154.0,0.8588420969959362,0.7088621104879935,0.8253695446083237,1.1643583884602384,0.025878880049278165,172,2395,13.924418604651162
2465636-B,nominal 5x (actual ~2.5x),nominal 20x (actual ~10x),True,8048.0,1344.0,128304.03075444498,77696.29761674094,8048.0,1344.0,129008.00768861125,75648.02480019376,0.9676606897146833,0.8348111943082489,0.8171719162758863,0.9788703384039081,0.0069104476865648485,230,3335,14.5
2465639-B2,nominal 5x (actual ~2.5x),nominal 20x (actual ~10x),True,13184.0,112.0,120742.22302426882,69387.78017066233,13184.0,112.0,121766.02389471392,70411.03900259001,0.9761526182448542,0.7357855069108459,0.7537607267128023,1.0244299726389343,0.0048001005719307205,137,1782,13.007299270072993
2465643-B3,nominal 5x (actual ~2.5x),nominal 20x (actual ~10x),True,7696.0,240.0,141611.36973669592,71513.6131736527,7696.0,240.0,140919.00710972867,72537.0,0.9808195006662986,0.8265831296707268,0.8341167560546585,1.0091141787359401,0.0037478735395062375,251,3735,14.880478087649402
2465661-B2,nominal 5x (actual ~2.5x),nominal 20x (actual ~10x),True,7808.0,4608.0,110609.10619469026,72423.46451612902,7808.0,4608.0,109585.02654867257,71168.0129019252,0.971709899700238,0.7590772239115169,0.7376028531117953,0.9717098997002381,0.005773111905805537,189,2618,13.851851851851851
2465795-B4,nominal 5x (actual ~2.5x),nominal 20x (actual ~10x),True,16160.0,5040.0,154213.21465255215,82592.23760905885,16160.0,5040.0,153189.0,80544.01187990162,0.9663660404973583,0.8136021146638962,0.786237454088027,0.9663660404973583,0.006531098526658474,293,4156,14.184300341296929
2465827-B5,nominal 5x (actual ~2.5x),nominal 20x (actual ~10x),True,7680.0,6896.0,123616.03171064041,67508.28312320283,7680.0,128.0,125664.0079276601,68532.01415537739,0.8707116213833609,0.7520319103562789,0.8636980280123892,1.1484858768868038,0.020596288717837995,211,3054,14.4739336492891
2465843-B2,nominal 5x (actual ~2.5x),nominal 20x (actual ~10x),True,7696.0,2560.0,138886.32275071632,79032.51321304902,7696.0,2560.0,137862.02200446965,80056.03498861048,0.9791889396303893,0.8184236505198573,0.8229020091825116,1.0054719321219634,0.004389935364285155,269,3656,13.591078066914498
2465989-B2,nominal 5x (actual ~2.5x),nominal 20x (actual ~10x),True,7952.0,9904.0,137076.23804111994,69968.0,7952.0,9904.0,144104.00661191178,73072.0,0.9017805202622207,0.6184292064216611,0.6857868323013161,1.1089172781301806,0.021980191386824083,205,2922,14.253658536585366
2466152-B2,nominal 5x (actual ~2.5x),nominal 20x (actual ~10x),True,7856.0,8641.0,97841.11853681123,65985.57104617443,7856.0,7521.0,96817.02963420282,63937.02854912457,0.9352440955961664,0.6938621637029628,0.6748581789912751,0.9726112970186062,0.013206852485678535,155,2250,14.516129032258064
2466159-B2,nominal 5x (actual ~2.5x),nominal 20x (actual ~10x),True,7744.0,3488.0,104464.03680276021,84986.51321304902,7744.0,3488.0,104464.00920069005,82938.03498861048,0.974864561116329,0.806628060723415,0.7863531104012476,0.974864561116329,0.007225074699144483,234,3385,14.465811965811966
2466264-B2,nominal 5x (actual ~2.5x),nominal 20x (actual ~10x),True,7936.0,5392.0,127497.32678069951,84241.51321304902,7936.0,5392.0,125449.01633799222,83217.03498861048,0.970097881652154,0.8565292347350086,0.8309171961895725,0.970097881652154,0.007482160161028281,188,2653,14.111702127659575
2466285-B,nominal 5x (actual ~2.5x),nominal 20x (actual ~10x),True,7728.0,12514.0,116918.39088942614,67299.84247476964,7728.0,12514.0,117942.0,65251.042116808334,0.9539946614577816,0.6521393843056535,0.6336365142729955,0.9716274304574344,0.007876873479622251,154,2263,14.694805194805195
2466580-B5,nominal 5x (actual ~2.5x),nominal 20x (actual ~10x),True,8417.0,6609.0,103481.54522220645,57222.64305450892,8417.0,6609.0,104505.02725820763,55174.03214868768,0.9497135969221303,0.6701474341214726,0.6499458034075144,0.9698549458143617,0.008844478427657327,102,1408,13.803921568627452
2466581-B1,nominal 5x (actual ~2.5x),nominal 20x (actual ~10x),True,7856.0,6432.0,125607.40349175558,76064.53781512605,7856.0,6432.0,124583.00775875132,75040.03666571183,0.9767153840370608,0.7414643257362903,0.7241996136613011,0.9767153840370608,0.004633735175804474,300,4444,14.813333333333333
2466581-B2,nominal 5x (actual ~2.5x),nominal 20x (actual ~10x),True,9136.0,14385.0,118033.09787179813,75825.42182350787,9136.0,11249.0,115985.02446794954,75825.01171624714,0.9343904841865559,0.6097054548769789,0.6287693542980934,1.0312673919326523,0.012243033352777538,175,2334,13.337142857142856
2466584-B,nominal 5x (actual ~2.5x),nominal 20x (actual ~10x),True,7840.0,2192.0,85205.40329074042,84112.51321304902,7840.0,2192.0,85205.01120154021,84112.03498861048,0.9999890943482185,0.7895927248890212,0.7895841138657144,0.9999890943482185,2.4394261497007035e-06,206,2916,14.155339805825243
2466703-B4,nominal 5x (actual ~2.5x),nominal 20x (actual ~10x),True,7920.0,18688.0,86080.0,69952.05294725957,7920.0,18688.0,86080.0,68928.01323681489,0.9800242147943665,0.5567758687897332,0.5456538336271095,0.9800242147943666,0.004231975345040913,73,992,13.58904109589041
2466718-B,nominal 5x (actual ~2.5x),nominal 20x (actual ~10x),True,11120.0,128.0,152192.02679505968,73204.29761674094,11120.0,128.0,153584.00669876492,73204.02480019376,0.9902255913207426,0.8166274696571765,0.8246821826921257,1.0098633873268192,0.004005801642463369,317,4685,14.779179810725552
2466866-B,nominal 5x (actual ~2.5x),nominal 20x (actual ~10x),True,15696.0,5520.0,141652.14024323435,79688.51321304902,15696.0,5520.0,141652.00701196966,79688.03498861048,0.9999924944382066,0.7285622408858337,0.7285567726169144,0.9999924944382066,1.456679521020647e-06,206,2678,13.0
2466881-B2,nominal 5x (actual ~2.5x),nominal 20x (actual ~10x),True,7776.0,0.0,120341.2899207248,76800.51321304902,7776.0,0.0,120341.00805284681,74752.03498861048,0.9733248474425205,0.7742929892057919,0.7536386055945405,0.9733248474425205,0.006628124920441793,212,2895,13.65566037735849
2466884-B2,nominal 5x (actual ~2.5x),nominal 20x (actual ~10x),True,7984.0,5072.0,104951.43929643929,60208.42850310856,7984.0,5072.0,104951.0,58160.04590830295,0.9628444721964671,0.7139783271387028,0.6874500855535808,0.9628444721964671,0.007855243707829605,136,1821,13.389705882352942
2466891-B2,nominal 5x (actual ~2.5x),nominal 20x (actual ~10x),True,7728.0,1488.0,157972.13138985835,85905.09351598173,7728.0,1488.0,155924.00656932432,83857.02337899544,0.9624374307499088,0.9288206286389412,0.8939317394547778,0.9624374307499088,0.008099392100194176,435,6508,14.960919540229884
2466893-B2,nominal 5x (actual ~2.5x),nominal 20x (actual ~10x),True,7904.0,240.0,123430.23788663215,71097.64439359268,7904.0,240.0,120406.0254870076,70073.04393090036,0.9597408340644366,0.9711457868505792,0.9320482674701385,0.9597408340644366,0.011456818759573304,192,2822,14.697916666666666
2466898-B2,nominal 5x (actual ~2.5x),nominal 20x (actual ~10x),True,63216.0,0.0,179392.02291237804,79097.57164123558,63216.0,0.0,179392.00572809452,79097.0,0.9999926250461405,0.5977356982681317,0.5977312899949367,0.9999926250461405,1.4414417333220501e-06,276,4081,14.78623188405797
2466899-B2,nominal 5x (actual ~2.5x),nominal 20x (actual ~10x),True,7760.0,6528.0,130020.15980024969,79178.6131736527,7760.0,6528.0,127972.00798976312,80202.0,0.969815230853424,0.864434484252812,0.8619259210881959,0.9970980297404672,0.007572675549621197,218,2867,13.15137614678899
2466923-B2,nominal 5x (actual ~2.5x),nominal 20x (actual ~10x),True,7696.0,6673.0,99504.0,66001.76728751873,7696.0,6673.0,98480.0,66001.0273987264,0.9888339560075456,0.6935019002905121,0.6857582275630174,0.9888339560075456,0.003970581776837422,115,1560,13.565217391304348
2468105-B2,nominal 5x (actual ~2.5x),nominal 20x (actual ~10x),True,8000.0,0.0,143296.0,77312.0,8000.0,0.0,144320.0,76288.0,0.9794401706478274,0.8168971553162523,0.8121781945112652,0.9942233110076626,0.004185986730436557,299,4143,13.856187290969899
2468321-B2,nominal 5x (actual ~2.5x),nominal 20x (actual ~10x),True,7808.0,6577.0,121553.06432160804,60629.891571859764,7808.0,6577.0,120529.01608040201,60629.04457083164,0.9909814586732532,0.7003614696745536,0.6940452308166326,0.9909814586732534,0.0035356603397065896,141,1885,13.368794326241135
2468325-B,nominal 5x (actual ~2.5x),nominal 20x (actual ~10x),True,7744.0,8352.0,117075.20088935392,70032.31283095723,7744.0,8352.0,116051.01674023214,70032.02606791916,0.9906276737117519,0.7015852785028924,0.6950097923537317,0.9906276737117516,0.003522035406405937,167,2302,13.784431137724551
2468417-B2,nominal 5x (actual ~2.5x),nominal 20x (actual ~10x),True,7952.0,6720.0,113415.45082633433,61381.42850310856,7952.0,6720.0,115463.00866885646,60357.04590830295,0.9629149921696896,0.7292756126992387,0.7295020610632452,1.0003105113623207,0.008431990215612608,184,2528,13.73913043478261
2468419-B2,nominal 5x (actual ~2.5x),nominal 20x (actual ~10x),True,7696.0,4336.0,136773.18287891414,84568.51321304902,7696.0,4336.0,134965.0152394559,84568.03498861048,0.9859857010838997,0.8776544633962875,0.8653547514012023,0.9859857010838997,0.005631851240577486,316,4617,14.610759493670885
2468419-B3,nominal 5x (actual ~2.5x),nominal 20x (actual ~10x),True,11872.0,5168.0,130070.22302426882,77652.29761674094,11872.0,1072.0,126998.02389471392,77781.02480019376,0.9216842546887045,0.806937643426274,0.8317734632730246,1.0307778674710193,0.01641878944335733,249,3633,14.590361445783133
2468442-B2,nominal 5x (actual ~2.5x),nominal 20x (actual ~10x),True,9520.0,6960.0,179434.2512042819,79832.51321304902,9520.0,7136.0,179434.01712680075,80161.03498861048,0.9931063614818851,0.7861980627705258,0.787842485708727,1.0020916140805618,0.0012631481830026004,396,5816,14.686868686868687
2468450-B2,nominal 5x (actual ~2.5x),nominal 20x (actual ~10x),True,7712.0,112.0,128712.42045987799,75200.24270003792,7712.0,112.0,129736.01501510308,76224.0121344267,0.9782735377076689,0.7893415735958399,0.8068720487374704,1.0222089849667624,0.004512992692066476,183,2583,14.114754098360656
2468673-B2,nominal 5x (actual ~2.5x),nominal 20x (actual ~10x),True,7888.0,8145.0,126802.09930178433,70786.61641044638,7888.0,4832.0,124498.02482544609,77962.01185240058,0.8423224970814474,0.6967275196268523,0.797623957392342,1.1448147732409466,0.014899740087483142,158,2236,14.151898734177216
2468698-B2,nominal 5x (actual ~2.5x),nominal 20x (actual ~10x),True,11968.0,4640.0,134017.05801042376,84592.51321304902,11968.0,4640.0,135041.01450260595,85616.03498861048,0.9791454404104516,0.7869862422557589,0.803748053941669,1.0212987353347696,0.004353232914418799,276,3932,14.246376811594203
2468720-B2,nominal 5x (actual ~2.5x),nominal 20x (actual ~10x),True,7696.0,6672.0,118738.10110584518,68112.55700609225,7696.0,6672.0,119762.0252764613,67088.0278472751,0.974488905662704,0.7632522599380174,0.7574455546140093,0.9923921544307257,0.005098149036133277,244,3495,14.323770491803279
2468796-B3,nominal 5x (actual ~2.5x),nominal 20x (actual ~10x),True,25392.0,2432.0,151570.10390664637,78385.51321304902,25392.0,2432.0,151570.0,79689.03498861048,0.9831266723149641,0.6922052369494321,0.7040843525147356,1.0171612621968233,0.003611231630121325,295,4342,14.71864406779661
2468954-B2,nominal 5x (actual ~2.5x),nominal 20x (actual ~10x),True,8432.0,6305.0,105381.2902494331,60361.757224118315,8432.0,6305.0,106405.0,59337.01455951772,0.9709847198977933,0.6599729758998976,0.6542987054832949,0.9914022685415785,0.00544461767731131,107,1402,13.102803738317757
2469004-B2,nominal 5x (actual ~2.5x),nominal 20x (actual ~10x),True,36512.0,15553.0,154960.02368396707,75794.51321304902,36512.0,8561.0,165712.00592099177,75794.03498861048,0.8214330296144644,0.4699009529315205,0.5720419578021365,1.2173670945619495,0.03306337659558754,173,2188,12.647398843930636
2469005-B2,nominal 5x (actual ~2.5x),nominal 20x (actual ~10x),True,7568.0,880.0,138134.19825201904,73490.15802469137,7568.0,880.0,139158.02124070027,74514.03950617283,0.9784227843713218,0.8429343364428928,0.8615236173026305,1.0220530592432415,0.004408799806557886,238,3361,14.121848739495798
2469007-B2,nominal 5x (actual ~2.5x),nominal 20x (actual ~10x),True,7824.0,13280.0,114551.37013669821,76945.29761674094,7824.0,13280.0,115575.02523493461,74897.02480019376,0.9589260308094049,0.6758704442126491,0.6603999153950214,0.9771102155004722,0.007782903659678146,157,2149,13.687898089171975
2469019-B2,nominal 5x (actual ~2.5x),nominal 20x (actual ~10x),True,7792.0,10848.0,130196.20990980438,72288.25482779216,7792.0,10848.0,130196.02248967759,72288.01274075548,0.9999945286461571,0.6850017234337854,0.6849979755469735,0.999994528646157,9.658570864354598e-07,257,3594,13.98443579766537
2469023-B2,nominal 5x (actual ~2.5x),nominal 20x (actual ~10x),True,7712.0,6592.0,115043.20088935392,54977.51769464105,7712.0,6592.0,116067.01674023214,54977.0,0.9905407852117677,0.6705553811215665,0.6769444630197116,1.0095280450772892,0.0037162203621943137,173,2504,14.473988439306359
2469023-B4,nominal 5x (actual ~2.5x),nominal 20x (actual ~10x),True,8448.0,6160.0,138257.05640630165,78354.15366146459,8448.0,6160.0,138257.01410157542,77330.03841536614,0.9858141083668409,0.8068748837380835,0.7954286440758573,0.9858141083668411,0.003088482096064561,173,2349,13.578034682080926
2469024-B,nominal 5x (actual ~2.5x),nominal 20x (actual ~10x),True,7760.0,25105.0,111667.19450424211,61969.29976580796,7760.0,25105.0,111667.01620817374,60594.01498741291,0.9626916642030808,0.44367935853164847,0.4271264200373881,0.9626916642030809,0.00478700733597473,115,1556,13.530434782608696
2469029-B2,nominal 5x (actual ~2.5x),nominal 20x (actual ~10x),True,7888.0,6608.0,120533.32678069951,65553.60939190652,7888.0,6608.0,118485.01633799222,65553.04154495294,0.9818068274363944,0.7163180336822198,0.7032859360850165,0.9818068274363945,0.007036951071558957,162,2168,13.382716049382717
2469033-B2,nominal 5x (actual ~2.5x),nominal 20x (actual ~10x),True,7696.0,6625.0,93029.2446639057,51681.72163495419,7696.0,6625.0,94053.02038784693,51857.0,0.9843156899591189,0.5618371769883359,0.5707896183303454,1.0159342274037435,0.0042787725790499965,79,1058,13.39240506329114
2469047-B2,nominal 5x (actual ~2.5x),nominal 20x (actual ~10x),True,7968.0,6704.0,146473.27081349835,68065.12466520575,7968.0,96.0,148521.01353995875,66017.03116630144,0.8603106165893317,0.855033941225586,0.9321544917817455,1.0901958937976388,0.026968292877941967,212,3009,14.193396226415095
2469072-B2,nominal 5x (actual ~2.5x),nominal 20x (actual ~10x),True,8320.0,8400.0,131984.0,76646.38467317806,8320.0,4304.0,131984.0,77670.0,0.9302181483681551,0.7241658293958816,0.7784903258082603,1.0750166525500071,0.00953220979635332,203,2721,13.403940886699507
2469074-B2,nominal 5x (actual ~2.5x),nominal 20x (actual ~10x),True,9152.0,13347.0,105475.18569563325,54308.009198423126,9152.0,13347.0,103427.00928444492,51859.05044997701,0.9202201523716065,0.5874513432782831,0.5405845646224466,0.9202201523716065,0.012670178497805754,104,1517,14.586538461538462
2469110-B3,nominal 5x (actual ~2.5x),nominal 20x (actual ~10x),True,7984.0,7777.0,116793.50143640637,63505.757224118315,7984.0,7777.0,114745.0250693651,62481.01455951772,0.9631318735522721,0.7035557683346146,0.6776169853046258,0.9631318735522723,0.008105507683581445,189,2706,14.317460317460318
2469230-B,nominal 5x (actual ~2.5x),nominal 20x (actual ~10x),True,7744.0,0.0,119526.3647195959,86016.51321304902,7744.0,0.0,117478.02486563491,82944.03498861048,0.9466105508782566,0.8863669773940778,0.8390443327513034,0.9466105508782567,0.01218146720288233,319,4468,14.006269592476489
2469256-B2,nominal 5x (actual ~2.5x),nominal 20x (actual ~10x),True,13537.0,6417.0,126981.30710172745,76177.64646464646,8784.0,6417.0,125957.01535416541,74129.0124302015,0.9242818941241442,0.72020460657468,0.722031291019477,1.0025363409621675,0.019549535602284975,195,2709,13.892307692307693
2469260-B3,nominal 5x (actual ~2.5x),nominal 20x (actual ~10x),True,7920.0,6784.0,117988.23021582734,68224.1617863914,7920.0,6784.0,117988.02466518932,67200.04044659785,0.9833295659387754,0.7148431292781533,0.7029263840274025,0.9833295659387755,0.0035100560377701578,201,3062,15.233830845771145
2469496-B,nominal 5x (actual ~2.5x),nominal 20x (actual ~10x),True,9808.0,1968.0,156214.18562253987,76472.51321304902,9808.0,1968.0,154550.01988761427,78696.03498861048,0.960299690673424,0.8042400462878946,0.8188274475987736,1.0181381185607576,0.007815447413616956,264,3630,13.75
2469505-B2,nominal 5x (actual ~2.5x),nominal 20x (actual ~10x),True,8320.0,3520.0,147728.0,79738.58391940696,8320.0,3520.0,146816.0,78714.0,0.9801032879331764,0.8377451986956096,0.8210768236917989,0.9801032879331761,0.0039739855162650465,252,3503,13.90079365079365
2469515-B2,nominal 5x (actual ~2.5x),nominal 20x (actual ~10x),True,13297.0,8656.0,107174.39628482972,54161.45586364793,11393.0,8656.0,105126.02701751917,53137.04883942766,0.9375722823890166,0.5972634591943429,0.5829201950509773,0.9759850298514605,0.01571020170689101,83,1046,12.602409638554217
2469569-B2,nominal 5x (actual ~2.5x),nominal 20x (actual ~10x),True,7808.0,6864.0,68464.0,53669.53640649555,7808.0,6864.0,68464.0,52645.0,0.9781107859207577,0.6183262347360448,0.6047915594130956,0.9781107859207577,0.005289119507293763,67,877,13.08955223880597
2469661-B,nominal 5x (actual ~2.5x),nominal 20x (actual ~10x),True,15793.0,7520.0,105160.4742091764,71505.09800918837,15793.0,7520.0,105160.00911843278,72529.02450229709,0.9842444298982874,0.6091737166585164,0.6189188452767863,1.0159972900205292,0.003657054797467057,94,1184,12.595744680851064
2469693-B,nominal 5x (actual ~2.5x),nominal 20x (actual ~10x),True,8048.0,0.0,147908.13648965664,84457.51321304902,8048.0,0.0,147908.00682430092,83433.03498861048,0.987868982440542,0.8965576075100372,0.8856814514302671,0.9878689824405419,0.0029463724690614707,340,4975,14.632352941176471
2469849-B2,nominal 5x (actual ~2.5x),nominal 20x (actual ~10x),True,7952.0,7681.0,131878.35671156525,66305.55700609225,7952.0,7681.0,137787.0,66305.0278472751,0.9544829131499364,0.7168402371346632,0.7510114440388649,1.0476692087497628,0.018913510781279473,178,2512,14.112359550561798
2469916-B2,nominal 5x (actual ~2.5x),nominal 20x (actual ~10x),True,26433.0,9441.0,137797.19825201904,88177.51321304902,26433.0,9441.0,137797.02124070027,88177.03498861048,0.9999923367968055,0.6904798820247484,0.6904745907371107,0.9999923367968055,1.5069242692239517e-06,225,2967,13.186666666666667
2469927-B2,nominal 5x (actual ~2.5x),nominal 20x (actual ~10x),True,7888.0,6928.0,139808.02946593,83169.51321304902,7888.0,10000.0,138784.00736648252,82713.03498861048,0.9463165268308651,0.8240431869690799,0.7798056866512169,0.9463165268308651,0.00854182660737436,196,2593,13.229591836734693
2469963-B2,nominal 5x (actual ~2.5x),nominal 20x (actual ~10x),True,8736.0,3488.0,151589.24808605484,73713.51321304902,8736.0,3216.0,159513.01240370172,79256.03498861048,0.8749990863281399,0.6919772042099502,0.7908319163095066,1.1428583362257165,0.025444189740055155,275,4073,14.81090909090909
2469965-B2,nominal 5x (actual ~2.5x),nominal 20x (actual ~10x),True,9936.0,3072.0,136661.28965829374,77632.28381374723,9936.0,3072.0,134613.01448209537,78656.02365005312,0.9707239225281804,0.7715397253453258,0.7694915385677369,0.9973453255739072,0.006904415856050053,302,4290,14.205298013245033
2469969-B2,nominal 5x (actual ~2.5x),nominal 20x (actual ~10x),True,9280.0,3344.0,120406.32678069951,65761.64646464646,9280.0,3344.0,118358.01633799222,70250.0124302015,0.916853318811408,0.6716748579077549,0.7067033046496206,1.0521508976098617,0.01644544158882918,176,2451,13.926136363636363
2470260-B,nominal 5x (actual ~2.5x),nominal 20x (actual ~10x),True,11104.0,6464.0,139414.20391442877,79026.14323013801,11104.0,6464.0,140438.021847353,80050.0358075345,0.9782798462660949,0.7717518285884742,0.7888865660823964,1.0222023931258595,0.004395130510604384,287,4280,14.912891986062718
2470270-B2,nominal 5x (actual ~2.5x),nominal 20x (actual ~10x),True,7968.0,6608.0,108326.35461975343,63952.055846422336,7968.0,6608.0,109350.01772975968,62928.01396160558,0.9724007047368287,0.679261192649664,0.6739358332855684,0.992160071233685,0.005290966301565241,176,2510,14.261363636363637
2470405-B2,nominal 5x (actual ~2.5x),nominal 20x (actual ~10x),True,9249.0,1680.0,134696.4565450006,74313.59964864337,7952.0,1680.0,131624.02282521472,75337.0,0.9524312865803544,0.8258011710399936,0.8255845496717461,0.999737683384519,0.01423823309931405,253,3708,14.65612648221344
2470647-B2,nominal 5x (actual ~2.5x),nominal 20x (actual ~10x),True,40979.0,6016.0,177193.318294849,84962.74231587087,40979.0,1920.0,177193.01136691606,82914.03711041315,0.9260035283055564,0.7209807907667506,0.7396760351359403,1.025930294688306,0.015494874980346539,318,4267,13.418238993710691
2470657-B3,nominal 5x (actual ~2.5x),nominal 20x (actual ~10x),True,7696.0,5840.0,151056.08113247412,87760.51321304902,7696.0,5840.0,152080.02028311853,85712.03498861048,0.9682515820996261,0.8831133754151173,0.8671803731057086,0.9819581463117132,0.006540657190319534,472,7128,15.101694915254237
2471072-B2,nominal 5x (actual ~2.5x),nominal 20x (actual ~10x),True,11824.0,1616.0,140161.08437705997,79440.47859412975,11824.0,1616.0,139137.021094265,77985.02392746985,0.9734679903618882,0.8012338811849465,0.779975536126966,0.9734679903618884,0.005267469748768114,263,3844,14.615969581749049
2471237-B2,nominal 5x (actual ~2.5x),nominal 20x (actual ~10x),True,7904.0,3136.0,157837.38285144567,84688.51321304902,7904.0,3136.0,158125.019141141,84688.03498861048,0.9980794044790696,0.8676904691517878,0.8693499723024917,1.00191255200985,0.0007861389705082687,463,6815,14.719222462203025
2471442-B3,nominal 5x (actual ~2.5x),nominal 20x (actual ~10x),True,10064.0,6416.0,139347.17528243753,83905.51321304902,10064.0,6416.0,140371.01460645307,82881.03498861048,0.9791275937948475,0.8137372726030883,0.8093380389920423,0.994593791191384,0.004377440076571029,261,3765,14.425287356321839
2471452-B2,nominal 5x (actual ~2.5x),nominal 20x (actual ~10x),True,7824.0,6577.0,122720.0,63739.757224118315,7824.0,6577.0,122720.0,64763.01455951772,0.9824140329399477,0.7032555827814934,0.7158443987988936,1.0179007694010895,0.0034049367128498828,132,1772,13.424242424242424
2471595-B3,nominal 5x (actual ~2.5x),nominal 20x (actual ~10x),True,7840.0,5232.0,142840.40324032403,78960.61641044638,7840.0,5232.0,142840.01440022502,78858.01185240058,0.9986054719700251,0.8100385835306411,0.8089089620205465,0.9986054719700252,0.00030829482255516035,321,4641,14.457943925233645
2471618-B3,nominal 5x (actual ~2.5x),nominal 20x (actual ~10x),True,8000.0,6912.0,128536.45654500059,72741.42472003319,8000.0,6912.0,127512.02282521474,72741.0,0.9914946496684971,0.76406488566317,0.7575662461346049,0.9914946496684969,0.0033016442040645784,258,3840,14.883720930232558
2471884-B2,nominal 5x (actual ~2.5x),nominal 20x (actual ~10x),True,14144.0,13873.0,119138.09930178433,86019.51321304902,8784.0,8513.0,117090.02482544609,83971.03498861048,0.8458728810940078,0.6971660099389049,0.7521666502245322,1.0788917409935794,0.03452424372680579,140,1810,12.928571428571429
2471885-B2,nominal 5x (actual ~2.5x),nominal 20x (actual ~10x),True,7808.0,9425.0,114824.50143640637,70865.74231587087,7808.0,1776.0,122926.0250693651,72140.03711041315,0.8117328537211701,0.6481529978097847,0.7984806760481632,1.2319323967433005,0.034854269979134836,128,1739,13.5859375
2471887-B,nominal 5x (actual ~2.5x),nominal 20x (actual ~10x),True,7888.0,8305.0,112704.0,69122.53781512605,7888.0,8305.0,111680.0,69122.03666571183,0.9902223394510401,0.6397284420962862,0.6334733945459537,0.9902223394510401,0.003519409459954961,223,3135,14.058295964125561
2471921-B2,nominal 5x (actual ~2.5x),nominal 20x (actual ~10x),True,7664.0,14464.0,121814.39088942614,68960.19937694704,7664.0,14464.0,120790.0,68960.0,0.9910223280155878,0.6019338492601667,0.5965298846051942,0.9910223280155878,0.0034094787723443656,196,2810,14.33673469387755
2471957-B,nominal 5x (actual ~2.5x),nominal 20x (actual ~10x),True,7840.0,6480.0,106693.28027918434,52096.233629933835,7840.0,6480.0,105669.0,53120.0,0.9681356206415971,0.5499275517358074,0.5564435660049212,1.0118488594516613,0.005310915312839378,85,1104,12.988235294117647
2471959-B2,nominal 5x (actual ~2.5x),nominal 20x (actual ~10x),True,13553.0,17266.0,130167.34660950016,73506.51321304902,13553.0,17266.0,131530.0,73592.03498861048,0.9869490408819177,0.526689211430285,0.5336539067504906,1.013223538984769,0.0040927263666383565,167,2280,13.652694610778443
2471963-B,nominal 5x (actual ~2.5x),nominal 20x (actual ~10x),True,8896.0,1136.0,155158.1809187279,71266.64646464646,8896.0,1136.0,156182.01938366017,72794.0124302015,0.9718821465906495,0.7856320332463392,0.8083614211891088,1.0289313406033722,0.005147196739261269,280,3985,14.232142857142858
2472316-B7,nominal 5x (actual ~2.5x),nominal 20x (actual ~10x),True,8384.0,6400.0,81795.227030862,39168.266944734096,7856.0,6400.0,82819.01135103978,38144.06673618352,0.9493047113219573,0.579240184527278,0.5729969562297387,0.989221693410939,0.005617542212461075,46,609,13.23913043478261
2472453-B2,nominal 5x (actual ~2.5x),nominal 20x (actual ~10x),True,7840.0,6689.0,100759.42640823743,44897.79306071871,7840.0,6689.0,98711.02907108789,43873.039646894846,0.9517265307045586,0.6503692439158525,0.6189736641889811,0.9517265307045586,0.009736095879755886,84,1089,12.964285714285714
2472465-B2,nominal 5x (actual ~2.5x),nominal 20x (actual ~10x),True,9296.0,3488.0,142816.0278563656,79272.51321304902,9296.0,3488.0,139824.00696409142,80296.03498861048,0.9648522383202094,0.7837527490413818,0.7765377246323347,0.9907942595188701,0.009232221053609052,249,3586,14.401606425702811
2472471-B2,nominal 5x (actual ~2.5x),nominal 20x (actual ~10x),True,8224.0,8512.0,136440.43083136991,73456.04796702268,8224.0,8512.0,135416.02153975598,72432.01199175567,0.9763683203856224,0.6837088465306658,0.6675516581199373,0.9763683203856223,0.004356754849769681,190,2694,14.178947368421053
2472481-B2,nominal 5x (actual ~2.5x),nominal 20x (actual ~10x),True,11072.0,14353.0,139832.2782003912,79048.51321304902,11072.0,14353.0,138808.0139092638,79048.03498861048,0.9920378511090269,0.6443398712369812,0.6392095412458019,0.9920378511090269,0.002987345426735544,155,2139,13.8
2472500-B2,nominal 5x (actual ~2.5x),nominal 20x (actual ~10x),True,7696.0,6368.0,110616.45082633433,68241.38257899231,7696.0,6368.0,111640.00866885646,66193.04098841864,0.9576856166916419,0.7192606249972726,0.7023655685442043,0.9765105222420142,0.008184026872481268,141,1962,13.914893617021276
2472505-B,nominal 5x (actual ~2.5x),nominal 20x (actual ~10x),True,7808.0,6417.0,110017.07104204246,47378.04918032787,7808.0,6417.0,108993.01776051061,46353.03746250091,0.9652074603992423,0.6640937641212001,0.6409882555343972,0.9652074603992424,0.0056767775187406945,112,1592,14.214285714285714
2472509-B4,nominal 5x (actual ~2.5x),nominal 20x (actual ~10x),True,7712.0,208.0,143130.32802989855,70165.36312056737,7712.0,208.0,143130.0,69141.03890380426,0.9853554915356967,0.8005762385582663,0.7888521930563797,0.9853554915356967,0.0030236500722687523,245,3499,14.281632653061225
2472509-B6,nominal 5x (actual ~2.5x),nominal 20x (actual ~10x),True,7632.0,2432.0,151936.02679505968,75249.58391940696,7632.0,2432.0,152960.00669876492,75249.0,0.9929461021439212,0.8165005134527108,0.8222877988516268,1.0070879139737996,0.0029337957212101124,461,6909,14.986984815618221
2473212-B4,nominal 5x (actual ~2.5x),nominal 20x (actual ~10x),True,8432.0,6736.0,132507.39157547947,61202.19228843265,8432.0,6736.0,132507.00752963324,61202.04807210816,0.9999942569325869,0.7775617890906279,0.7775573235008553,0.9999942569325867,1.3650339857158025e-06,187,2489,13.310160427807487
2473218-B2,nominal 5x (actual ~2.5x),nominal 20x (actual ~10x),True,10064.0,5904.0,151974.32411901245,80145.51321304902,10064.0,5904.0,151974.0,78097.03498861048,0.9724056929533313,0.7911892916451874,0.7693569713994938,0.9724056929533313,0.005844677974297535,321,4586,14.286604361370717
2473218-B3,nominal 5x (actual ~2.5x),nominal 20x (actual ~10x),True,8512.0,13201.0,121660.44677137872,86402.51321304902,8512.0,5984.0,121660.01595462902,86402.03498861048,0.9102478815023293,0.7348679252738536,0.807311309837792,1.098580142189417,0.02320399261363055,255,3592,14.086274509803921
2473228-B2,nominal 5x (actual ~2.5x),nominal 20x (actual ~10x),True,7760.0,8545.0,118544.0,74899.74231587087,7760.0,6753.0,118544.0,75105.03711041315,0.9707792938004769,0.7222715509661356,0.744012110248597,1.0301002569648223,0.005352645700604819,188,2583,13.73936170212766
2473266-B,nominal 5x (actual ~2.5x),nominal 20x (actual ~10x),True,18097.0,6480.0,148491.34608985024,81058.44214162348,17905.0,6480.0,147467.00665505498,79010.01228053344,0.9635135201646946,0.757936817018503,0.7324135196118375,0.9663252967350676,0.006806273112803812,201,2728,13.572139303482587
2473272-B3,nominal 5x (actual ~2.5x),nominal 20x (actual ~10x),True,9808.0,1296.0,140869.28965829374,85284.51321304902,8640.0,1296.0,141893.01448209537,84260.03498861048,0.9717499069141057,0.8865031531490236,0.8903338035693922,1.0043210792953883,0.003107644282773915,247,3338,13.51417004048583
2473366-B2,nominal 5x (actual ~2.5x),nominal 20x (actual ~10x),True,8144.0,6608.0,109458.13008130081,71697.57799671593,8144.0,144.0,126547.0,69649.03940482298,0.7570029268884216,0.6715433812526952,0.8380532172404316,1.2479509747786202,0.06444141301412504,228,3002,13.166666666666666
2473394-B2,nominal 5x (actual ~2.5x),nominal 20x (actual ~10x),True,18384.0,1376.0,167634.07088794536,78584.51321304902,18384.0,1376.0,167634.01772198634,83465.03498861048,0.940545681352845,0.7571014023493513,0.8049591784894311,1.0632118445317535,0.012558235112658469,295,4135,14.016949152542374
2473534-B2,nominal 5x (actual ~2.5x),nominal 20x (actual ~10x),True,10720.0,3152.0,173605.13490251187,75158.36312056737,10720.0,3152.0,173893.01124162917,76182.03890380426,0.9842433017933562,0.8152695528269258,0.8283211593530289,1.0160089463427733,0.0026777391563474738,228,3213,14.092105263157896
2473545-B2,nominal 5x (actual ~2.5x),nominal 20x (actual ~10x),True,17585.0,5120.0,172523.28622006896,87040.51321304902,18609.0,5120.0,169803.0,86016.03498861048,0.9636301514791021,0.8417257220662139,0.8111122850585223,0.9636301514791021,0.005136916356409841,422,6025,14.277251184834123
2473545-B3,nominal 5x (actual ~2.5x),nominal 20x (actual ~10x),True,5408.0,7776.0,130818.1442091032,74320.0,5408.0,7776.0,130818.00721025208,73296.0,0.9846106099051611,0.7256591638128508,0.7144917118650402,0.9846106099051611,0.003131801532573914,248,3653,14.72983870967742
2473549-B,nominal 5x (actual ~2.5x),nominal 20x (actual ~10x),True,12512.0,18706.0,150081.07704654895,80754.58391940696,12512.0,7809.0,151105.01926163724,80754.0,0.8443223304736847,0.635720658503467,0.7529229084469165,1.184361241648733,0.030345917387511648,234,3285,14.038461538461538
2473600-B3,nominal 5x (actual ~2.5x),nominal 20x (actual ~10x),True,6416.0,2896.0,161287.34110592937,80720.14323013801,6416.0,2896.0,161645.0121814851,77648.0358075345,0.9583989859693385,0.8355809848487415,0.8044500064960953,0.9627433140328324,0.008192936482178776,321,4559,14.202492211838006
2473608-B2,nominal 5x (actual ~2.5x),nominal 20x (actual ~10x),True,14417.0,1472.0,143608.3816826411,83392.51321304902,14417.0,1472.0,143608.0136304342,83392.03498861048,0.9999913134612091,0.802215058740514,0.8022080902682875,0.9999913134612091,1.733797727624801e-06,299,4453,14.892976588628763
2473621-B3,nominal 5x (actual ~2.5x),nominal 20x (actual ~10x),True,7840.0,6529.0,131717.20990980437,77000.64646464646,7840.0,6529.0,129669.02248967759,73928.0124302015,0.9405858894510195,0.7757669152810187,0.7296754140162705,0.9405858894510193,0.011574623436292565,158,2107,13.335443037974683
2473623-B2,nominal 5x (actual ~2.5x),nominal 20x (actual ~10x),True,15392.0,9025.0,109684.2109310629,45889.502382954866,15392.0,9025.0,109684.01757698513,45889.05382297288,0.9999857816387386,0.52265464883925,0.5226472175466378,0.9999857816387385,1.88234082780367e-06,73,947,12.972602739726028
2473738-B3,nominal 5x (actual ~2.5x),nominal 20x (actual ~10x),True,7664.0,0.0,125096.43321648736,82673.51321304902,7664.0,0.0,125096.01547061489,79872.03498861048,0.966110520205257,0.8352493764434273,0.8069432095768762,0.966110520205257,0.008817817511837757,264,3919,14.844696969696969
2474124-B2,nominal 5x (actual ~2.5x),nominal 20x (actual ~10x),True,7760.0,944.0,153081.27900525116,64832.19937694704,7760.0,944.0,154105.01902214295,73651.0,0.8725607810695543,0.6995421464152937,0.801711653322098,1.1460519676053227,0.024497094497498498,209,3104,14.851674641148325
2474140-B3,nominal 5x (actual ~2.5x),nominal 20x (actual ~10x),True,7952.0,6560.0,132484.17757225432,68837.40370589394,7952.0,6560.0,131460.0147972602,68837.0,0.9917694894520079,0.6902867166911457,0.6846053045882804,0.9917694894520079,0.0031914359604373753,227,3068,13.515418502202643
2474150-B3,nominal 5x (actual ~2.5x),nominal 20x (actual ~10x),True,9360.0,10704.0,132597.2690960056,68048.05294725957,9360.0,10704.0,130549.00747445255,69072.01323681489,0.9664097099438645,0.6667831837316642,0.6674094126122072,1.000939179175213,0.007277350599510751,220,3180,14.454545454545455
2474188-B2,nominal 5x (actual ~2.5x),nominal 20x (actual ~10x),True,10816.0,5632.0,149728.02641353695,79489.09351598173,10816.0,5632.0,150624.00660338424,79824.02337899544,0.9891059189161644,0.7552345498928235,0.7635527555232802,1.0110140692472784,0.002685296005421881,317,4656,14.68769716088328
2474189-B7,nominal 5x (actual ~2.5x),nominal 20x (actual ~10x),True,8080.0,464.0,110035.14384042703,73496.5021577089,8080.0,464.0,107267.0,73496.02510542316,0.9728430402721798,0.8013053485122015,0.7795443314329686,0.9728430402721798,0.00987867019065813,61,844,13.836065573770492
2474291-B2,nominal 5x (actual ~2.5x),nominal 20x (actual ~10x),True,13264.0,7440.0,157376.026109128,79096.47859412975,14288.0,7440.0,157376.006527282,80120.02392746985,0.9790094210001813,0.7690277556279622,0.7744700426802319,1.0070768408714008,0.004050705407831974,316,4662,14.753164556962025
2474337-B3,nominal 5x (actual ~2.5x),nominal 20x (actual ~10x),True,8352.0,6672.0,141588.25419240954,82520.51321304902,8352.0,6672.0,139672.00706051078,79448.03498861048,0.9456921876309167,0.7935847275358734,0.7504868770538852,0.9456921876309168,0.010679069679370205,301,4367,14.508305647840531
2474500-B2,nominal 5x (actual ~2.5x),nominal 20x (actual ~10x),True,7744.0,4976.0,123508.25058118194,76688.0,7744.0,4976.0,124532.0,74640.0,0.9631669052903363,0.7631298647129519,0.7478918125115773,0.980032163716845,0.007386346388743361,257,3784,14.72373540856031
2474612-B2,nominal 5x (actual ~2.5x),nominal 20x (actual ~10x),True,7760.0,7856.0,140165.2782003912,71664.19937694704,7760.0,7856.0,141189.0139092638,68592.0,0.9448985485251,0.6982065885362637,0.6697282494250145,0.9592121592966463,0.009602116761632558,268,3923,14.638059701492537
2474626-B2,nominal 5x (actual ~2.5x),nominal 20x (actual ~10x),True,11392.0,7969.0,136322.11391700967,61217.57104617444,7952.0,7969.0,137346.0,61633.02854912457,0.9580268549736207,0.6447366934301092,0.6729839462045791,1.043812075630735,0.0076265627806184535,212,3019,14.24056603773585
2474631-B3,nominal 5x (actual ~2.5x),nominal 20x (actual ~10x),True,27858.0,7984.0,158950.30026390383,73520.1110870037,27858.0,7984.0,156902.0,72496.02777175092,0.9689930423829503,0.7116221851576824,0.6895569462231459,0.9689930423829505,0.006377106263895258,293,4105,14.01023890784983
2474638-B3,nominal 5x (actual ~2.5x),nominal 20x (actual ~10x),True,11793.0,9584.0,106391.46669471322,67537.33817701454,11793.0,9584.0,107415.0089739545,69585.0362315422,0.9555335481332754,0.5666213015849341,0.5929894378819898,1.046535730695792,0.008051516629151061,155,2249,14.509677419354839
2474704-B2,nominal 5x (actual ~2.5x),nominal 20x (actual ~10x),True,7649.0,6577.0,103513.56537102474,73281.71181727905,7649.0,6577.0,102489.02826543005,72257.02541825945,0.9741153053905324,0.7302004465456958,0.7112994309831635,0.9741153053905323,0.005354995039829544,144,2111,14.659722222222221
2474718-B4,nominal 5x (actual ~2.5x),nominal 20x (actual ~10x),True,7840.0,6833.0,116115.20088935392,60801.72163495419,7840.0,6833.0,116115.01674023214,59777.0,0.9810110069601026,0.70112493538335,0.6878112788652571,0.9810110069601026,0.003658932073234617,154,2123,13.785714285714286
2474721-B,nominal 5x (actual ~2.5x),nominal 20x (actual ~10x),True,9328.0,6624.0,130868.24311490978,82752.42182350787,9328.0,6624.0,128820.0,82936.01171624714,0.9808221427825503,0.7853918830376277,0.774018273202723,0.9855185543923429,0.0064004935592374265,309,4548,14.718446601941748
2474739-B2,nominal 5x (actual ~2.5x),nominal 20x (actual ~10x),True,7824.0,6352.0,135991.36973669592,73984.19937694704,7824.0,6352.0,135991.00710972867,73984.0,0.999994222725771,0.7323436162909578,0.7323393853410566,0.999994222725771,1.247770848649551e-06,315,4727,15.006349206349206
2474901-B,nominal 5x (actual ~2.5x),nominal 20x (actual ~10x),True,7952.0,6848.0,134718.4565450006,63735.57104617444,7952.0,6848.0,134718.02282521472,64759.02854912457,0.98232376933332,0.7468896772501514,0.7603242789272024,1.0179873977191833,0.0033552504199512727,250,3626,14.504
2475011-B2,nominal 5x (actual ~2.5x),nominal 20x (actual ~10x),True,7856.0,6816.0,107008.03621445749,68256.26823134953,7856.0,6816.0,105984.00905361437,66208.01341086489,0.9566791196526091,0.7053815229279184,0.6748237743738976,0.956679119652609,0.00839023505726612,183,2646,14.459016393442623
2475022-B,nominal 5x (actual ~2.5x),nominal 20x (actual ~10x),True,8544.0,6352.0,122529.06432160804,78753.58391940696,8544.0,6352.0,127857.01608040201,77729.0,0.9424208370771768,0.7696724708289977,0.7942478575869337,1.0319296683840937,0.017768738779009537,224,3274,14.616071428571429
2475126-B2,nominal 5x (actual ~2.5x),nominal 20x (actual ~10x),True,7744.0,11472.0,130406.3816826411,80641.09800918837,7744.0,11472.0,129382.0136304342,79056.02450229709,0.9689243354611186,0.6755599894637959,0.6545665138553288,0.9689243354611186,0.005488208905597096,231,3334,14.432900432900434
2475159-B,nominal 5x (actual ~2.5x),nominal 20x (actual ~10x),True,7792.0,6768.0,106149.36739380023,60384.11108700369,7792.0,6768.0,105125.01836837197,60016.02777175092,0.9827917719024877,0.6413523050997626,0.6303157683427406,0.9827917719024877,0.004071200942191611,178,2588,14.539325842696629
2475184-B2,nominal 5x (actual ~2.5x),nominal 20x (actual ~10x),True,7696.0,1008.0,112258.17048481619,76576.74231587087,7696.0,1008.0,111234.00852395697,74528.03711041315,0.9633602907992088,0.7945354894901443,0.7654239402055172,0.9633602907992088,0.007849678503476306,243,3242,13.34156378600823
2475349-B2,nominal 5x (actual ~2.5x),nominal 20x (actual ~10x),True,9616.0,17921.0,120966.32275071632,78978.37667831525,9424.0,8416.0,140122.02200446965,78978.0,0.7371995642244331,0.5597456544849917,0.7592783321242585,1.3564702575902121,0.06447598691267156,132,1861,14.098484848484848
2476242-B2,nominal 5x (actual ~2.5x),nominal 20x (actual ~10x),True,7776.0,6225.0,146324.19825201904,82427.67801740447,7776.0,6225.0,145300.02124070027,79355.02421147207,0.9525837384799468,0.8629600732750601,0.8220417327592857,0.952583738479947,0.009665217603746034,240,3500,14.583333333333334
2476250-B2,nominal 5x (actual ~2.5x),nominal 20x (actual ~10x),True,7952.0,27552.0,103510.33184502377,69104.0,7952.0,9232.0,110872.00921725355,67056.0,0.6141153408058271,0.4755734679206411,0.7127957027848026,1.498813013899562,0.08073455172319707,79,1047,13.253164556962025
2476252-B2,nominal 5x (actual ~2.5x),nominal 20x (actual ~10x),True,8576.0,6593.0,111809.06970728387,59218.94674556213,8208.0,6593.0,110785.01742682097,57170.04732852653,0.9482843606357327,0.712166088717974,0.6800894932544678,0.9549591085960721,0.009225068791719145,120,1594,13.283333333333333
2476286-B2,nominal 5x (actual ~2.5x),nominal 20x (actual ~10x),True,7728.0,5312.0,140176.0,82705.51321304902,7728.0,5312.0,140880.0,80657.03498861048,0.9685199451663675,0.8060761721104814,0.7889117967441772,0.9787062613185002,0.006394563002904796,302,4315,14.288079470198676
2476295-B3,nominal 5x (actual ~2.5x),nominal 20x (actual ~10x),True,8192.0,6672.0,136019.1206551196,75408.05294725957,8192.0,224.0,136211.0,72336.01323681489,0.8721212387057445,0.8363701870975252,0.8787654999863201,1.0506896509976287,0.0304633178836321,249,3732,14.987951807228916
2476299-B2,nominal 5x (actual ~2.5x),nominal 20x (actual ~10x),True,7712.0,6641.0,133524.15494492193,69850.71631510978,7712.0,6641.0,132500.00774701164,66778.0137730672,0.9436441836451985,0.8092119314175579,0.7636081324184758,0.9436441836451985,0.010678383866614058,227,3089,13.607929515418503
2476358-B2,nominal 5x (actual ~2.5x),nominal 20x (actual ~10x),True,7984.0,6784.0,115991.43600157212,68544.0,7984.0,6784.0,114967.00838382184,68544.0,0.9905152121402513,0.689842264622556,0.6832992570859225,0.9905152121402514,0.0035190613519642407,212,3078,14.518867924528301
2476376-B2,nominal 5x (actual ~2.5x),nominal 20x (actual ~10x),True,9104.0,1120.0,153922.07903673974,81120.0,9104.0,1120.0,151106.01975918494,79072.0,0.9554523093642664,0.8958027757619457,0.8558968308366709,0.9554523093642662,0.00987363594612973,262,3675,14.026717557251908
2476391-B2,nominal 5x (actual ~2.5x),nominal 20x (actual ~10x),True,11936.0,6736.0,126417.09198706431,55888.503317768496,7840.0,6736.0,127441.02299676609,54864.0,0.938077509544244,0.6469253539965982,0.6617706112945634,1.0229474037557094,0.010895591336083041,154,2214,14.376623376623376
2476681-B2,nominal 5x (actual ~2.5x),nominal 20x (actual ~10x),True,7696.0,11537.0,124067.15980024969,64785.681455190774,7696.0,11537.0,122019.00798976312,63761.0,0.9634951982409731,0.670206508577327,0.645740752844102,0.963495198240973,0.007785845457402239,172,2291,13.319767441860465
2476693-B3,nominal 5x (actual ~2.5x),nominal 20x (actual ~10x),True,8160.0,11233.0,139458.08567603747,83395.51321304902,8160.0,6944.0,139458.02141900937,82371.03498861048,0.9304982875707745,0.7523670628245541,0.7864026136623421,1.0452379596602899,0.015798070721570134,220,3003,13.65
2476750-B,nominal 5x (actual ~2.5x),nominal 20x (actual ~10x),True,9296.0,6400.0,138394.33293594886,85809.51321304902,9296.0,6400.0,139418.0,84785.03498861048,0.9794327176895112,0.7908024577978585,0.7867898140940106,0.9949258583300032,0.004215460740169884,320,4596,14.3625
2476834-B3,nominal 5x (actual ~2.5x),nominal 20x (actual ~10x),True,9936.0,6144.0,135841.0919870643,83968.51321304902,9936.0,6144.0,133938.02299676609,83873.03498861048,0.9836765964139966,0.8353840053019026,0.8217476950340675,0.9836765964139964,0.0059598281029817814,303,4328,14.283828382838283
2476856-B2,nominal 5x (actual ~2.5x),nominal 20x (actual ~10x),True,8256.0,6576.0,142601.28965829374,86257.51321304902,8256.0,6576.0,139945.01448209537,84209.03498861048,0.9550279793798325,0.8621165281509351,0.8233454058699439,0.9550279793798324,0.010075814855846531,260,3535,13.596153846153847
2476983-B,nominal 5x (actual ~2.5x),nominal 20x (actual ~10x),True,18529.0,6816.0,128884.23608069164,69393.1029559622,18529.0,6816.0,126836.0,70913.02573899055,0.9585887804174027,0.6252368158610683,0.6285365671785963,1.0052776023961154,0.007970697560278408,181,2273,12.558011049723756
2476984-B2,nominal 5x (actual ~2.5x),nominal 20x (actual ~10x),True,7792.0,8737.0,104201.51904417088,54354.51769464105,7792.0,8737.0,103177.01853527858,55378.0,0.967888504339636,0.628755384105643,0.636030838376548,1.01157119995283,0.005685978447053887,79,1070,13.544303797468354
2477039-B,nominal 5x (actual ~2.5x),nominal 20x (actual ~10x),True,37953.0,21586.0,156853.19895084517,83155.51321304902,37953.0,21586.0,157877.0,82131.03498861048,0.9751041096048421,0.5061901684702933,0.5020535528541881,0.9918279416042273,0.0038797952442601123,247,3531,14.295546558704453
2477053-B3,nominal 5x (actual ~2.5x),nominal 20x (actual ~10x),True,7760.0,2896.0,153243.34608985024,84816.51321304902,7760.0,2896.0,150171.00665505498,82768.03498861048,0.9544042406036267,0.8821561362625087,0.8419335573234491,0.9544042406036267,0.01042184818714183,396,5849,14.77020202020202
2477058-B2,nominal 5x (actual ~2.5x),nominal 20x (actual ~10x),True,7808.0,5504.0,114612.2709711564,78144.19508477805,7808.0,5504.0,114612.0,76160.0,0.97268214461011,0.7638230890070745,0.7429570803181202,0.97268214461011,0.006737980419393776,224,3382,15.098214285714286
2477118-B3,nominal 5x (actual ~2.5x),nominal 20x (actual ~10x),True,10240.0,13089.0,125414.30710172745,71538.57799671593,10240.0,13089.0,125414.01535416541,70433.03940482298,0.981083116632516,0.6473485755754261,0.6351027580731589,0.981083116632516,0.0035778095818275028,221,3195,14.457013574660634
2477118-B4,nominal 5x (actual ~2.5x),nominal 20x (actual ~10x),True,8400.0,6656.0,107528.43929643929,68096.6131736527,8400.0,6656.0,105480.0,70377.0,0.9449868095065322,0.6788924916568386,0.6895401294723048,1.0156838349905455,0.011134038449125536,167,2364,14.155688622754491
2477189-B2,nominal 5x (actual ~2.5x),nominal 20x (actual ~10x),True,7744.0,6912.0,127032.43321648736,81873.51321304902,7744.0,6912.0,124984.01547061489,82897.03498861048,0.9698136150653577,0.7693047011529303,0.7664179046593179,0.9962475252142798,0.007207574310618376,291,4316,14.831615120274915
2477189-B3,nominal 5x (actual ~2.5x),nominal 20x (actual ~10x),True,8336.0,6528.0,110855.37697456492,55712.32770097286,8336.0,6528.0,111879.02570109096,53664.016384,0.9492707230304565,0.6749400181122913,0.6532902985773233,0.9679234910451464,0.00848815841501834,129,1775,13.75968992248062
2477274-B3,nominal 5x (actual ~2.5x),nominal 20x (actual ~10x),True,8464.0,5664.0,107848.42407509663,71200.51321304902,8464.0,5664.0,108872.0,73248.03498861048,0.9598187361938021,0.6399542327018052,0.66674488480978,1.041863387628312,0.007870909270403006,127,1675,13.188976377952756
2477285-B2,nominal 5x (actual ~2.5x),nominal 20x (actual ~10x),True,7856.0,6736.0,121753.4855228221,83633.57164123558,7856.0,6736.0,119705.02427383926,82609.0,0.9689306506204348,0.8047397914605207,0.7797370497199952,0.9689306506204348,0.007484414999763087,221,3146,14.235294117647058
2477299-B2,nominal 5x (actual ~2.5x),nominal 20x (actual ~10x),True,9680.0,2928.0,162944.0248374891,79304.51321304902,9680.0,2928.0,163312.00620937228,79304.03498861048,0.9975985555947341,0.8084176876976885,0.8103535952966859,1.0023946873360858,0.000984800478577493,396,5990,15.126262626262626
2477473-B2,nominal 5x (actual ~2.5x),nominal 20x (actual ~10x),True,7824.0,6672.0,134131.18287891414,77377.59964864337,7824.0,576.0,134773.0152394559,77328.0,0.9153325619253826,0.8106007304938763,0.884390705155185,1.0910312215193176,0.019625786437573546,280,4199,14.996428571428572
2477476-B2,nominal 5x (actual ~2.5x),nominal 20x (actual ~10x),True,7696.0,2304.0,141833.28600156406,78777.58391940696,7696.0,2304.0,138761.01429927946,76034.0,0.9420415412455897,0.850724427583933,0.8014177509364403,0.9420415412455897,0.012396419794498669,313,4584,14.645367412140574
2477541-B2,nominal 5x (actual ~2.5x),nominal 20x (actual ~10x),True,21457.0,6417.0,132695.25058118193,60186.84349258649,21457.0,6417.0,129623.0,58138.0,0.9353297761397364,0.7847214489676971,0.7339733371950057,0.9353297761397364,0.012895873408201605,141,1847,13.099290780141844
2477577-B3,nominal 5x (actual ~2.5x),nominal 20x (actual ~10x),True,8592.0,5904.0,153616.02641353695,79128.51321304902,8592.0,5904.0,153616.00660338424,78104.03498861048,0.9860089464313929,0.7799215280308984,0.7690096041529082,0.9860089464313929,0.0028744382744774295,254,3569,14.051181102362206
2477668-B3,nominal 5x (actual ~2.5x),nominal 20x (actual ~10x),True,7776.0,4048.0,145303.22045209902,77553.58391940696,7776.0,4048.0,144596.0,77801.0,0.9915372947215395,0.807792347835106,0.8063433597671759,0.9982062369471395,0.0021929334601682726,316,4604,14.569620253164556
2477670-B2,nominal 5x (actual ~2.5x),nominal 20x (actual ~10x),True,7680.0,208.0,140268.38034285716,74513.71181727905,7680.0,208.0,140668.00731365883,73819.02541825945,0.9877018259244414,0.8733018475985023,0.8677448819807032,0.9936368328624517,0.002480564384586968,262,3685,14.064885496183207
2477695-B2,nominal 5x (actual ~2.5x),nominal 20x (actual ~10x),True,7920.0,8913.0,143104.0,75249.51321304902,7920.0,8913.0,142080.0,73425.03498861048,0.9651300949391457,0.686160280539701,0.6622339367007526,0.9651300949391457,0.006053284123102738,305,4519,14.816393442622951
2477809-B3,nominal 5x (actual ~2.5x),nominal 20x (actual ~10x),True,7952.0,7392.0,104835.1827005424,74704.15026413617,7952.0,7392.0,104835.00913470116,73680.03756603405,0.9847838547893374,0.7113618641351419,0.700537678713134,0.9847838547893374,0.0036902205788335272,202,3004,14.871287128712872
2477814-B5,nominal 5x (actual ~2.5x),nominal 20x (actual ~10x),True,8144.0,6641.0,117945.49256028733,44067.16257947321,8144.0,6641.0,117945.0246256453,45090.05811577752,0.9733920454721714,0.6231429729781947,0.6401713834757286,1.0273266509227406,0.0037748250362942665,143,2119,14.818181818181818
2477926-B4,nominal 5x (actual ~2.5x),nominal 20x (actual ~10x),True,7792.0,112.0,130421.1885125184,73979.78017066233,7792.0,112.0,131029.01570889454,70907.03900259001,0.9538708371392887,0.8820914394150494,0.8495886526276445,0.9631525878893475,0.010281861263570608,156,2143,13.737179487179487
2477941-B2,nominal 5x (actual ~2.5x),nominal 20x (actual ~10x),True,9664.0,272.0,142084.1442091032,72737.46451612902,9664.0,272.0,142084.00721025208,71713.0129019252,0.9858618787268933,0.8512980962300412,0.8392623405059761,0.9858618787268935,0.0031483962720385574,272,3942,14.492647058823529
2477949-B2,nominal 5x (actual ~2.5x),nominal 20x (actual ~10x),True,7824.0,11713.0,112872.45082633433,69057.64551376339,7824.0,11713.0,117996.00866885646,68033.0,0.9372364933898234,0.6696325836781307,0.6897440567667976,1.0300335939123504,0.018588225787580837,188,2718,14.457446808510639
2477977-B3,nominal 5x (actual ~2.5x),nominal 20x (actual ~10x),True,7856.0,7040.0,128611.20990980438,64384.055846422336,7856.0,7040.0,129635.02248967759,65408.01396160558,0.9741972155002596,0.6911562678988222,0.7094623726099513,1.0264862022691066,0.004669605131322926,192,2568,13.375
2478091-B4,nominal 5x (actual ~2.5x),nominal 20x (actual ~10x),True,10032.0,7888.0,116546.1243322001,77520.44214162348,10032.0,7888.0,117570.0,77777.01228053344,0.9868427852236805,0.6749652155861526,0.6839642805243422,1.0133326351201293,0.003384298553658208,273,4055,14.853479853479854
2481696-B4,nominal 5x (actual ~2.5x),nominal 20x (actual ~10x),True,9137.0,8208.0,112472.47659574468,65552.34845735028,9137.0,8208.0,113496.01701957916,65552.02903646571,0.9901866613018498,0.6981571703893115,0.705068506831156,1.009899399067964,0.003669068943073471,181,2513,13.883977900552486
2481703-B2,nominal 5x (actual ~2.5x),nominal 20x (actual ~10x),True,9776.0,2512.0,126167.2540942928,79312.0,9776.0,2512.0,124119.0,76240.0,0.9431059133624583,0.8154954714713913,0.7690986014649753,0.9431059133624585,0.01195242145866929,237,3370,14.219409282700422
2481723-B2,nominal 5x (actual ~2.5x),nominal 20x (actual ~10x),True,7776.0,6640.0,132373.29425287357,65697.55700609225,7776.0,6640.0,132373.01471179817,66032.0278472751,0.9943662035781067,0.7187115070624096,0.7227802882084446,1.005661216087475,0.0010621939803888553,214,3045,14.228971962616823
2481750-B2,nominal 5x (actual ~2.5x),nominal 20x (actual ~10x),True,8080.0,272.0,139385.2981250728,74583.46451612902,8080.0,272.0,137337.01490538573,72273.0129019252,0.953794157039467,0.8947343435962558,0.8533923890246516,0.953794157039467,0.009729321646752444,248,3545,14.294354838709678
2482055-B2,nominal 5x (actual ~2.5x),nominal 20x (actual ~10x),True,16353.0,1248.0,157301.25083284342,84128.51321304902,16353.0,1248.0,158325.01254102777,82080.03498861048,0.9684237750370912,0.8147054584476581,0.8003404277522663,0.9823678231851264,0.0061755296610519405,332,4895,14.743975903614459
2482056-B4,nominal 5x (actual ~2.5x),nominal 20x (actual ~10x),True,7808.0,272.0,153207.21722528638,69543.47407407407,7808.0,272.0,151159.0,69543.0,0.9859064008908287,0.9658282800031822,0.9522162834165168,0.9859064008908285,0.006171545326992709,223,3063,13.73542600896861
2482056-B9,nominal 5x (actual ~2.5x),nominal 20x (actual ~10x),True,7856.0,5968.0,137463.2614319755,82582.39490937139,7856.0,5968.0,134935.00726158734,79510.0,0.9411731734184566,0.8485430368402415,0.7986259427650645,0.9411731734184566,0.012158835109634,187,2621,14.016042780748663
2482111-B2,nominal 5x (actual ~2.5x),nominal 20x (actual ~10x),True,7904.0,0.0,130337.08930232558,90112.51321304902,7904.0,0.0,131361.0223255814,88064.03498861048,0.9693450068747724,0.9131595237244602,0.899864504191042,0.9854406385872291,0.007015055039491529,424,6180,14.575471698113208
2482461-B2,nominal 5x (actual ~2.5x),nominal 20x (actual ~10x),True,7728.0,7424.0,128661.29812507279,69761.5021577089,7728.0,112.0,137609.01490538573,70785.02510542316,0.8212888722092953,0.6725571366333278,0.8189044797649894,1.217598379617595,0.03422045136870882,266,3947,14.838345864661655
2482483-B2,nominal 5x (actual ~2.5x),nominal 20x (actual ~10x),True,15857.0,0.0,134840.43083136991,81232.51321304902,15857.0,0.0,135864.02153975598,80208.03498861048,0.9790717888528805,0.7718225358999601,0.7686446550958322,0.9958826276037375,0.004323424372373159,339,4942,14.578171091445428
2482607-B,nominal 5x (actual ~2.5x),nominal 20x (actual ~10x),True,7760.0,7696.0,139600.0,73926.40424092037,7760.0,8720.0,138576.0,71184.04330908475,0.9358071478122812,0.8499228379138929,0.79536386680872,0.9358071478122812,0.006201811776433773,251,3517,14.01195219123506
2482883-B2,nominal 5x (actual ~2.5x),nominal 20x (actual ~10x),True,8096.0,14288.0,181110.26485041814,72464.19508477805,8096.0,14288.0,181110.0,71440.0,0.9823934416538078,0.6457157412241465,0.6343469093512288,0.9823934416538077,0.0025137923119338914,390,5651,14.48974358974359
2482886-B2,nominal 5x (actual ~2.5x),nominal 20x (actual ~10x),True,9696.0,6416.0,135612.40843304843,79320.51321304902,9696.0,6416.0,133564.01458564796,82392.03498861048,0.9445834997306923,0.7445896170695249,0.7633365106765854,1.025177484586533,0.011146630088982801,299,4097,13.702341137123746
2482896-B2,nominal 5x (actual ~2.5x),nominal 20x (actual ~10x),True,8272.0,3056.0,135048.33231059712,71815.46451612902,8272.0,3056.0,134810.02265620392,79496.0129019252,0.8980006059728549,0.8099833380509707,0.8987671932436353,1.1096119525202846,0.02445404624273498,143,1878,13.132867132867133
2482947-B2,nominal 5x (actual ~2.5x),nominal 20x (actual ~10x),True,12561.0,9216.0,117126.33759725702,55344.233629933835,12561.0,9216.0,115078.01687874991,53296.0,0.9368778632891703,0.5668152316399582,0.5310366430986002,0.9368778632891703,0.010334451291769138,148,2208,14.91891891891892
2482952-B2,nominal 5x (actual ~2.5x),nominal 20x (actual ~10x),True,14576.0,2832.0,130832.02785636562,77873.51321304902,14576.0,2832.0,145168.00696409142,78897.03498861048,0.878244416940758,0.6757238701402041,0.7694029783804309,1.1386351916512727,0.04196065468862449,235,3325,14.148936170212766
2482956-B,nominal 5x (actual ~2.5x),nominal 20x (actual ~10x),True,19681.0,8336.0,154012.35020519837,64454.45586364793,19681.0,8336.0,151964.00673418387,63430.04883942766,0.9667755417020628,0.7881228004976497,0.7619378473788622,0.966775541702063,0.006958710196720163,100,1329,13.29
2482957-B2,nominal 5x (actual ~2.5x),nominal 20x (actual ~10x),True,7808.0,6720.0,106727.46669471322,60432.05908146781,7808.0,6720.0,107751.0089739545,61456.01477036695,0.9712431600109636,0.6716124410547424,0.6914977306477618,1.0296082805759081,0.005421691542186645,143,2109,14.748251748251748
2482962-B2,nominal 5x (actual ~2.5x),nominal 20x (actual ~10x),True,49392.0,5152.0,184928.02146570518,82071.42182350787,45296.0,5152.0,186976.00536642628,78999.01171624714,0.920017307304526,0.6251111983829675,0.6273472884928477,1.003577107746053,0.008796492997185872,105,1333,12.695238095238095
2482964-B2,nominal 5x (actual ~2.5x),nominal 20x (actual ~10x),True,41138.0,0.0,190458.23318979796,86016.51321304902,41138.0,0.0,187718.01589864612,83968.03498861048,0.9582708139954192,0.7570478446729573,0.7254568543482326,0.9582708139954194,0.008059876763658855,475,6988,14.711578947368421
2482969-B,nominal 5x (actual ~2.5x),nominal 20x (actual ~10x),True,15521.0,5568.0,145754.31372549018,82200.51321304902,15521.0,5568.0,143706.02138918286,80897.03498861048,0.9675301876324996,0.7913884647860792,0.765692229824671,0.9675301876324996,0.007211246869782922,302,4318,14.298013245033113
2482992-B,nominal 5x (actual ~2.5x),nominal 20x (actual ~10x),True,16096.0,112.0,161940.12495119096,71723.79850280724,16096.0,112.0,158868.0062474071,69675.0399189147,0.9509290058202496,0.8279637131323516,0.7873347105841895,0.9509290058202496,0.010196231171070772,236,3302,13.991525423728813
2483014-B4,nominal 5x (actual ~2.5x),nominal 20x (actual ~10x),True,45795.0,7568.0,166423.28622006896,84529.51321304902,45795.0,7568.0,165399.0,82481.03498861048,0.9651178333359303,0.6156614240678477,0.5941858196648745,0.9651178333359303,0.005936979813791148,281,3930,13.98576512455516
2483055-B2,nominal 5x (actual ~2.5x),nominal 20x (actual ~10x),True,31457.0,3040.0,168886.17219179397,75632.0,31457.0,3040.0,166838.0184486776,77680.0,0.9584591484269792,0.7048973035827015,0.7139824955653341,1.0128886746146655,0.0077462924486579226,270,3762,13.933333333333334
2483073-B3,nominal 5x (actual ~2.5x),nominal 20x (actual ~10x),True,7872.0,128.0,131265.0605057906,74328.56489468405,7872.0,128.0,132721.01512644766,71921.03851168389,0.9566324247221037,0.8477220748453922,0.8298947169348004,0.9789702799542608,0.008951967343555566,231,3203,13.865800865800866
2483211-B2,nominal 5x (actual ~2.5x),nominal 20x (actual ~10x),True,11344.0,1520.0,132768.03075444498,84432.19937694704,11344.0,1520.0,133936.00768861125,82771.0,0.9708132072629979,0.9198174177459232,0.9100587304971469,0.98939062572582,0.006487928126178587,288,4031,13.996527777777779
2483215-B5,nominal 5x (actual ~2.5x),nominal 20x (actual ~10x),True,8160.0,6384.0,126951.42045987799,84692.23760905885,8160.0,6384.0,128999.01501510308,85716.01187990162,0.9703689256650746,0.7912111014178869,0.8153714329584534,1.030535885425862,0.007094042110024384,228,3269,14.337719298245615
2483215-B6,nominal 5x (actual ~2.5x),nominal 20x (actual ~10x),True,7856.0,6545.0,151169.05208545268,80737.67801740447,7856.0,6545.0,151169.01302136318,81761.02421147207,0.9863943068914541,0.7991876141439392,0.810210659004424,1.0137928124327755,0.0028651294313470944,315,4686,14.876190476190477
2483220-B1,nominal 5x (actual ~2.5x),nominal 20x (actual ~10x),True,7824.0,4880.0,151416.24734299516,78212.23760905885,7824.0,4880.0,149368.00687026998,80260.01187990162,0.9593289525236048,0.8196052131369425,0.8304748208619097,1.0132620041341185,0.008410792745640633,286,3900,13.636363636363637
2483363-B3,nominal 5x (actual ~2.5x),nominal 20x (actual ~10x),True,7920.0,4448.0,146534.32411901245,79603.23760905885,7920.0,4448.0,144486.0,78579.01187990162,0.9717961037759163,0.796900613797007,0.7744249115845675,0.9717961037759161,0.006564071036796336,349,5012,14.361031518624642
2483768-B4,nominal 5x (actual ~2.5x),nominal 20x (actual ~10x),True,8224.0,6608.0,115793.07104204246,62224.06066350711,8224.0,6608.0,115793.01776051061,60176.01516587678,0.9631748094576499,0.76836352350561,0.7400683903467246,0.9631748094576501,0.007663243098124808,148,1903,12.858108108108109
2483846-B,nominal 5x (actual ~2.5x),nominal 20x (actual ~10x),True,7664.0,272.0,134224.0,69227.80308880309,7664.0,272.0,133200.0,66155.01544122082,0.9477078281084117,0.9910525151323725,0.9392282266574796,0.9477078281084117,0.01091107397727165,194,2766,14.257731958762887
2483850-B2,nominal 5x (actual ~2.5x),nominal 20x (actual ~10x),True,7793.0,5136.0,94680.53120510775,88609.51321304902,7793.0,5136.0,93656.01021426007,86561.03498861048,0.9639575607448088,0.8239472670070341,0.7942501976864522,0.9639575607448088,0.008593269084623266,163,2419,14.840490797546012
2483862-B2,nominal 5x (actual ~2.5x),nominal 20x (actual ~10x),True,8032.0,6608.0,112946.15980024969,84225.51321304902,8032.0,6608.0,112946.00798976312,83201.03498861048,0.9867995119667534,0.7236274525279119,0.7140752170002885,0.9867995119667534,0.0032971855271891042,198,2674,13.505050505050505
2483868-B4,nominal 5x (actual ~2.5x),nominal 20x (actual ~10x),True,7824.0,6528.0,119220.23021582734,76160.33817701454,7824.0,6528.0,118196.02466518932,77184.0362315422,0.9765805721929551,0.7344876479874629,0.7384333513909725,1.0053720486849862,0.0048053831398010205,244,3630,14.87704918032787
2483961-B3,nominal 5x (actual ~2.5x),nominal 20x (actual ~10x),True,8432.0,6720.0,110387.17048481619,67793.44804200393,8432.0,6720.0,111411.00852395697,66769.0,0.9736129065188106,0.708631845960085,0.7037419763230341,0.9930995626785221,0.005148855855618613,190,2652,13.957894736842105
2483973-B1,nominal 5x (actual ~2.5x),nominal 20x (actual ~10x),True,7888.0,784.0,145294.43083136991,77552.0,7888.0,784.0,143246.02153975598,75504.0,0.9588122542491814,0.8891149601125249,0.852494319192161,0.9588122542491814,0.00877179093884414,300,4402,14.673333333333334
2483993-B2,nominal 5x (actual ~2.5x),nominal 20x (actual ~10x),True,18337.0,6192.0,83873.40329074042,89418.51321304902,18337.0,6192.0,84897.01120154021,88394.03498861048,0.9726851989022228,0.6795289807192351,0.6816471691492072,1.003117142152981,0.005712727476463468,228,3420,15.0
2484004-B2,nominal 5x (actual ~2.5x),nominal 20x (actual ~10x),True,8352.0,3488.0,127838.4855228221,85712.23760905885,8352.0,3488.0,126814.02427383926,84768.01187990162,0.9800410463156529,0.9006031407376353,0.8826280443636753,0.9800410463156529,0.004549330282039981,309,4442,14.375404530744337
2484209-B2,nominal 5x (actual ~2.5x),nominal 20x (actual ~10x),True,9216.0,80.0,146970.32802989855,73312.15802469137,9216.0,80.0,145942.0,72288.03950617283,0.9786549056174655,0.8657082064585135,0.8472295830839217,0.9786549056174654,0.004298181281184358,393,5862,14.916030534351146
2484220-B3,nominal 5x (actual ~2.5x),nominal 20x (actual ~10x),True,7776.0,8977.0,131571.18045112782,85409.51321304902,7776.0,8977.0,129523.01503715233,85409.03498861048,0.9834490554833736,0.791228263248861,0.7781326881638425,0.9834490554833738,0.006319661053532982,378,5652,14.952380952380953
2484228-B,nominal 5x (actual ~2.5x),nominal 20x (actual ~10x),True,7664.0,0.0,142245.1704015975,90112.51321304902,7664.0,0.0,140197.0141997393,88064.03498861048,0.9623947663711953,0.957644777752526,0.9216323221517375,0.9623947663711953,0.008577702284385914,467,6897,14.768736616702355
2484301-B2,nominal 5x (actual ~2.5x),nominal 20x (actual ~10x),True,7792.0,6720.0,107364.23360709165,88273.47859412975,7792.0,6720.0,108388.02502851556,86225.02392746985,0.9652071825972188,0.7729309242455842,0.7612640772555899,0.9849057055112892,0.007651846469125634,254,3770,14.84251968503937
2484312-B2,nominal 5x (actual ~2.5x),nominal 20x (actual ~10x),True,7760.0,6528.0,148051.18562253987,78096.28381374723,7760.0,6528.0,148051.01988761427,78096.02365005312,0.9999951834591135,0.7505785837877669,0.7505749685953294,0.9999951834591133,8.70943978244769e-07,305,4562,14.957377049180328
2484463-B2,nominal 5x (actual ~2.5x),nominal 20x (actual ~10x),True,7760.0,9648.0,139218.11082251082,65009.384673178065,7760.0,9648.0,137170.0,63985.0,0.9662047392911506,0.5778189923561687,0.5582914488669674,0.9662047392911505,0.0067103331033658035,219,3250,14.840182648401827
2484633-B2,nominal 5x (actual ~2.5x),nominal 20x (actual ~10x),True,7808.0,6545.0,124855.2690960056,57073.64305450892,7808.0,6545.0,127848.00747445255,55025.03214868768,0.9364826624839419,0.6776334662515051,0.6667834909706213,0.983988430587847,0.012002061490303547,153,2125,13.88888888888889
2484660-B2,nominal 5x (actual ~2.5x),nominal 20x (actual ~10x),True,8896.0,6624.0,114993.09930178433,70752.31283095723,8896.0,6624.0,116017.02482544609,69728.02606791916,0.9747704526791744,0.6998162178015538,0.6952843682752942,0.9935242290604577,0.004940294487871807,201,2946,14.656716417910447
2484727-B2,nominal 5x (actual ~2.5x),nominal 20x (actual ~10x),True,7616.0,6481.0,113205.2709711564,59234.94674556213,7616.0,6481.0,113205.0,56162.04732852653,0.9417479240537128,0.7095791536092163,0.6682446948632702,0.9417479240537129,0.011194119995813495,145,2090,14.413793103448276
2484734-B4,nominal 5x (actual ~2.5x),nominal 20x (actual ~10x),True,8256.0,5952.0,155322.30026390383,78376.48927585475,8256.0,5952.0,156314.0,75304.01358955303,0.9514332956185497,0.8634320357392623,0.8323778279216647,0.9640339870051159,0.008957383144842257,190,2582,13.589473684210526
2484734-B5,nominal 5x (actual ~2.5x),nominal 20x (actual ~10x),True,7952.0,6529.0,91202.17060979674,55186.72802481903,7952.0,6529.0,89154.0,53138.04963164017,0.9343294003587966,0.6814268829761345,0.6366771709594556,0.9343294003587966,0.012677292704795234,97,1369,14.11340206185567
2484743-B4,nominal 5x (actual ~2.5x),nominal 20x (actual ~10x),True,8064.0,10594.0,116962.09930178433,62978.77720691266,8064.0,10594.0,116962.02482544609,60930.01494366937,0.9608894645026271,0.6727313667200644,0.6464204827217632,0.9608894645026272,0.007241840011212551,120,1729,14.408333333333333
2484771-B3,nominal 5x (actual ~2.5x),nominal 20x (actual ~10x),True,10545.0,6704.0,101754.43929643929,60228.31283095723,10545.0,6704.0,105418.0,63300.02606791915,0.9092060451474161,0.555298061137173,0.6107505159043883,1.0998607030135428,0.01748343699422102,95,1210,12.736842105263158
2484791-B2,nominal 5x (actual ~2.5x),nominal 20x (actual ~10x),True,9632.0,6624.0,128742.27722295752,80352.24270003792,9632.0,6624.0,125670.00770017445,79057.0121344267,0.9570920112955463,0.7825185111235714,0.7489422156872554,0.9570920112955466,0.010584502205622412,206,2771,13.451456310679612
2484791-B3,nominal 5x (actual ~2.5x),nominal 20x (actual ~10x),True,7697.0,6864.0,72999.59964864337,46864.227286179346,7697.0,6864.0,74023.0,45840.05682154484,0.9597402621701896,0.5893221206357873,0.5832322355892249,0.989666288039566,0.0073716761541724445,79,1067,13.50632911392405
2484862-B3,nominal 5x (actual ~2.5x),nominal 20x (actual ~10x),True,9408.0,816.0,159873.05022562292,73563.74231587087,9408.0,816.0,156801.01255640574,74587.03711041315,0.9662686847132227,0.8106699150002862,0.8052888508390637,0.9933622007408273,0.00885123765358355,236,3317,14.055084745762711
2484883-B2,nominal 5x (actual ~2.5x),nominal 20x (actual ~10x),True,8000.0,1968.0,127683.12606179983,76352.09800918837,8000.0,1968.0,124931.0,76721.02450229709,0.9722934529663783,0.8194636255106965,0.8045908478356795,0.9818505944473762,0.008984514446114896,258,3583,13.887596899224807
2485059-B2,nominal 5x (actual ~2.5x),nominal 20x (actual ~10x),True,7808.0,5856.0,139537.08334237657,63505.681455190774,7808.0,5856.0,140561.02083559413,63505.0,0.9922752597522506,0.7139672399791118,0.719508441916063,1.0077611431262776,0.0031190015543236835,265,3915,14.773584905660377
2485164-B2,nominal 5x (actual ~2.5x),nominal 20x (actual ~10x),True,9425.0,7584.0,122411.45654500059,55088.31848718587,9425.0,7584.0,128381.02282521474,55088.01592336879,0.9498112860779455,0.6201142398076002,0.6528734158860349,1.0528276468680977,0.020009858648588424,146,2004,13.726027397260275
2485259-B6,nominal 5x (actual ~2.5x),nominal 20x (actual ~10x),True,7824.0,7040.0,105639.3253777715,80768.09800918837,7696.0,7040.0,106663.00903763327,78720.02450229709,0.9612182041287552,0.7614779228691599,0.7490416596954758,0.9836682551126029,0.007938083566274973,174,2328,13.379310344827585
2485275-B2,nominal 5x (actual ~2.5x),nominal 20x (actual ~10x),True,11296.0,2576.0,169847.1877348978,79259.67801740447,11296.0,2576.0,167799.0,77211.02421147207,0.9607113249535119,0.8234335927901696,0.7910819779406744,0.9607113249535119,0.00746745217939684,320,4591,14.346875
2485276-B3,nominal 5x (actual ~2.5x),nominal 20x (actual ~10x),True,13697.0,80.0,129660.43321648736,75621.37356681259,13697.0,80.0,127612.01547061489,72549.04002292981,0.9423832100605605,0.862080250095288,0.8124099534146083,0.9423832100605605,0.012065254371029888,147,1711,11.639455782312925
2485303-B2,nominal 5x (actual ~2.5x),nominal 20x (actual ~10x),True,7776.0,6689.0,142306.10948358817,60049.891571859764,7776.0,6689.0,143330.0,60961.04457083164,0.9757848085443771,0.6959381929267073,0.7132086776026677,1.0248161185166902,0.004159330443053624,247,3388,13.7165991902834
2485318-B2,nominal 5x (actual ~2.5x),nominal 20x (actual ~10x),True,10080.0,15952.0,95541.36409608091,70608.05033425089,10080.0,15952.0,93493.01011298096,69168.01258356273,0.9503160383526259,0.5668672066014878,0.5387029980495455,0.9503160383526261,0.009637419263863623,116,1626,14.017241379310345
2485322-B2,nominal 5x (actual ~2.5x),nominal 20x (actual ~10x),True,7889.0,6848.0,95770.55973762299,60448.26823134954,7889.0,6848.0,95770.01998828811,60448.01341086489,0.9999891041580032,0.6020783814523264,0.6020718213014125,0.9999891041580032,2.335486811037017e-06,95,1214,12.778947368421052
2485328-B2,nominal 5x (actual ~2.5x),nominal 20x (actual ~10x),True,7920.0,6736.0,135952.02863855017,79624.51321304902,7920.0,6736.0,134928.00715963755,79624.03498861048,0.9919953249635683,0.7431156490368837,0.7371672497518565,0.9919953249635686,0.00305084575232757,191,2630,13.769633507853403
2485473-B2,nominal 5x (actual ~2.5x),nominal 20x (actual ~10x),True,7984.0,7728.0,125527.43321648736,70561.5021577089,7984.0,7728.0,125527.01547061489,71585.02510542316,0.9839682059229623,0.6838921935021632,0.6950299484131851,1.0162858342540602,0.0032910903082949135,263,3743,14.2319391634981
2485517-B2,nominal 5x (actual ~2.5x),nominal 20x (actual ~10x),True,11824.0,12082.0,102660.30603705917,50357.85967858,11824.0,9666.0,100612.0,51381.03069728401,0.898535689163262,0.48666827583035055,0.5184363679046028,1.065276685685028,0.009816569451882879,84,1068,12.714285714285714
2485536-B2,nominal 5x (actual ~2.5x),nominal 20x (actual ~10x),True,8512.0,6784.0,130070.28600156408,70088.59484579637,8512.0,640.0,143737.01429927946,71481.04055338472,0.8033001233522667,0.709229245546374,0.8828944810647809,1.2448647409972766,0.04465067984302227,192,2655,13.828125
2485632-B,nominal 5x (actual ~2.5x),nominal 20x (actual ~10x),True,9024.0,8881.0,98596.26226149315,70097.57799671593,9024.0,8881.0,99620.0,70097.03940482298,0.9886913671410413,0.5628735454473254,0.5693017211224164,1.0114202838756303,0.00347549502510461,149,2029,13.61744966442953
2485635-B2,nominal 5x (actual ~2.5x),nominal 20x (actual ~10x),True,7824.0,7569.0,124536.43321648736,76097.64646464646,7824.0,7569.0,125560.01547061489,74049.0124302015,0.9619214628022519,0.7333871223131978,0.7177024494644754,0.9786133784306834,0.0073437878967784285,253,3774,14.91699604743083
2485803-B2,nominal 5x (actual ~2.5x),nominal 20x (actual ~10x),True,7968.0,0.0,157518.38285144567,86016.51321304902,7968.0,0.0,159566.019141141,86016.03498861048,0.9864875773215463,0.9128480687634538,0.9253415937886881,1.0136863136952878,0.005596388778098755,519,7752,14.936416184971097
2485805-B,nominal 5x (actual ~2.5x),nominal 20x (actual ~10x),True,14000.0,1200.0,160401.05022562292,83120.51321304902,12992.0,1200.0,158353.01255640574,81104.03498861048,0.9553243710713627,0.8374474499611343,0.8110308201623143,0.9684557761802893,0.009882877353044535,362,5106,14.104972375690608
2485969-B2,nominal 5x (actual ~2.5x),nominal 20x (actual ~10x),True,15744.0,3360.0,173729.07088794536,82857.53781512605,15744.0,192.0,173729.01772198634,79785.03666571183,0.9245087366794573,0.8647224943278905,0.8657609773414048,1.0012009436788405,0.016206209063389466,403,5798,14.387096774193548
2486100-B,nominal 5x (actual ~2.5x),nominal 20x (actual ~10x),True,7744.0,6976.0,131648.0,75024.15026413617,7744.0,6976.0,130624.0,75024.03756603405,0.9917338947249693,0.7536570365123555,0.7474272281072766,0.9917338947249692,0.0032124444345610122,280,4110,14.678571428571429
2486102-B2,nominal 5x (actual ~2.5x),nominal 20x (actual ~10x),True,8784.0,7264.0,113491.1649697126,61666.29976580796,8784.0,7264.0,113491.00824821986,62690.01498741291,0.9815286171111388,0.6715383108367399,0.6841739582856746,1.0188159740777718,0.0036120476951824604,77,984,12.779220779220779
2486104-B1,nominal 5x (actual ~2.5x),nominal 20x (actual ~10x),True,13697.0,12064.0,122091.40909649662,59312.0,9200.0,9344.0,123115.00786651508,60336.0,0.8816725530917237,0.5530698155451217,0.6272961697692588,1.134207928434817,0.013028511620628172,111,1420,12.792792792792794
2486104-B2,nominal 5x (actual ~2.5x),nominal 20x (actual ~10x),True,11921.0,13969.0,127224.38034285714,50833.357625145516,8256.0,13969.0,130296.00731365883,51585.02980036086,0.9259201372544597,0.4417324268847357,0.4770740035901601,1.0800067519486098,0.003069980064495363,111,1527,13.756756756756756
2486165-B2,nominal 5x (actual ~2.5x),nominal 20x (actual ~10x),True,12801.0,7121.0,134119.40843304843,60369.84247476963,12801.0,7121.0,134119.01458564796,61419.042116808334,0.9806739041117579,0.6307290634106867,0.6431546767458866,1.0197003976128958,0.003315423381076495,247,3554,14.388663967611336
2486191-B,nominal 5x (actual ~2.5x),nominal 20x (actual ~10x),True,7696.0,19329.0,136017.08567603747,73505.35499207607,7696.0,19329.0,140113.02141900937,72481.03803298173,0.9513020120377691,0.6000672519902485,0.607513390592095,1.012408840137751,0.012824607667300644,252,3667,14.551587301587302
2486197-B2,nominal 5x (actual ~2.5x),nominal 20x (actual ~10x),True,15568.0,6096.0,114608.03381323471,85392.51321304902,15568.0,6096.0,114608.00845330868,86416.03498861048,0.9872567059835184,0.7383779215126833,0.7479083619414767,1.012907266253667,0.0034206032913024578,256,3655,14.27734375
2486262-B4,nominal 5x (actual ~2.5x),nominal 20x (actual ~10x),True,9169.0,8800.0,106472.50083845724,59953.30791436132,9169.0,8800.0,108520.01788521327,57905.01539479223,0.9409505762987389,0.6534707016065474,0.6405043801644458,0.9801577616100857,0.01093494197910004,141,2018,14.312056737588652
2486653-B2,nominal 5x (actual ~2.5x),nominal 20x (actual ~10x),True,7824.0,4496.0,110391.45082633433,78545.61641044638,7824.0,4496.0,111415.00866885646,77521.01185240058,0.9765527395375123,0.7442038131602653,0.7412303850051989,0.9960045513037085,0.004948008407998614,244,3569,14.62704918032787
2486653-B3,nominal 5x (actual ~2.5x),nominal 20x (actual ~10x),True,8960.0,0.0,120067.23021582734,84281.51321304902,8960.0,0.0,118019.02466518932,81209.03498861048,0.9457825861778498,0.8562844789267676,0.809858948983311,0.94578258617785,0.012115715379502352,318,4719,14.839622641509434
2486687-B3,nominal 5x (actual ~2.5x),nominal 20x (actual ~10x),True,10641.0,8368.0,116439.43600157212,73904.15026413617,10641.0,8368.0,115415.00838382184,71856.03756603405,0.9593681323863446,0.6941557205310085,0.665950877191131,0.9593681323863446,0.007789702475293815,211,3060,14.502369668246445
2486812-B2,nominal 5x (actual ~2.5x),nominal 20x (actual ~10x),True,11601.0,7329.0,135129.38034285716,79417.70796460177,11601.0,7329.0,133081.00731365883,82489.0353933361,0.9438711487477368,0.7327416971287593,0.751291892868434,1.0253161459384166,0.011205044473025968,294,4161,14.153061224489797
2486813-B2,nominal 5x (actual ~2.5x),nominal 20x (actual ~10x),True,7712.0,6624.0,98641.07766990291,53572.404956498816,7712.0,6624.0,98641.01941747573,52548.033744150795,0.9781802888962958,0.6668565956482747,0.6523059773836296,0.9781802888962957,0.004208927543611934,108,1446,13.38888888888889
2486833-B2,nominal 5x (actual ~2.5x),nominal 20x (actual ~10x),True,8112.0,12976.0,99364.31248092768,63168.170818505336,8112.0,12976.0,98340.0,64192.042704626336,0.9692256080224213,0.6070939590172653,0.612524413018276,1.0089449975911493,0.0056940855663140085,154,2205,14.318181818181818
2486845-B2,nominal 5x (actual ~2.5x),nominal 20x (actual ~10x),True,7920.0,9936.0,115192.47659574468,77956.24270003792,7920.0,10656.0,113144.01701957916,75908.0121344267,0.940984134746918,0.7185422187007505,0.6761368279432565,0.940984134746918,0.008305434789715013,154,2100,13.636363636363637
2486859-B2,nominal 5x (actual ~2.5x),nominal 20x (actual ~10x),True,103722.0,8593.0,145452.40302267,74313.74231587087,46324.0,7601.0,146476.02014954743,71241.03711041315,0.4020865328049849,0.217294841883825,0.5049920208069176,2.3239945156034016,0.16289546968412041,60,944,15.733333333333333
2487043-B,nominal 5x (actual ~2.5x),nominal 20x (actual ~10x),True,18512.0,9681.0,147735.22045209902,65658.74231587087,19536.0,5585.0,149159.0,79228.03711041315,0.7472861487135548,0.5878353612946275,0.7757352530680519,1.3196471395657456,0.028753224543262245,109,1513,13.880733944954128
2487053-B2,nominal 5x (actual ~2.5x),nominal 20x (actual ~10x),True,7792.0,2672.0,117957.29937629937,76400.24270003792,7792.0,2672.0,115909.00831546808,76400.0121344267,0.9814040430169481,0.7815847518727778,0.7670504354483424,0.9814040430169482,0.006860309671437265,202,2933,14.51980198019802
2487063-B2,nominal 5x (actual ~2.5x),nominal 20x (actual ~10x),True,7856.0,6208.0,126373.1885125184,82418.15366146459,7856.0,6208.0,123301.01570889454,79346.03841536614,0.9348120837460161,0.8663046804433426,0.8098320834841676,0.9348120837460159,0.01420319404843577,121,1409,11.644628099173554
2487140-B2,nominal 5x (actual ~2.5x),nominal 20x (actual ~10x),True,16737.0,6160.0,135644.40843304843,82853.33817701454,16737.0,6160.0,133596.01458564796,80805.0362315422,0.9565255998898856,0.7659605223790441,0.7326608481605854,0.9565255998898856,0.008830134948737172,140,1907,13.621428571428572
2487143-B,nominal 5x (actual ~2.5x),nominal 20x (actual ~10x),True,9664.0,8257.0,126020.25058118194,71617.67959975495,9664.0,8257.0,123972.0,69569.01306722475,0.9506324976645025,0.7193816531264644,0.6838675776856296,0.9506324976645025,0.009500840508611521,204,2900,14.215686274509803
2487146-B2,nominal 5x (actual ~2.5x),nominal 20x (actual ~10x),True,11376.0,9344.0,119208.33759725702,68705.1110870037,11376.0,9344.0,116136.01687874991,65633.02777175092,0.9212304108670374,0.7153453194802873,0.6589978625766373,0.9212304108670374,0.015299407600321177,156,2196,14.076923076923077
2487237-B2,nominal 5x (actual ~2.5x),nominal 20x (actual ~10x),True,9568.0,4848.0,119108.25852057562,71415.46451612902,9568.0,4848.0,120132.0,71009.0129019252,0.9847470833563063,0.7247740543911689,0.7270809211434436,1.0031828771163898,0.003682442720953991,191,2685,14.057591623036648
2487246-B2,nominal 5x (actual ~2.5x),nominal 20x (actual ~10x),True,8432.0,7664.0,99896.46341831348,65572.33787945447,8432.0,8688.0,98872.0,64548.02815507286,0.9538239284093802,0.686421880064141,0.6547256141889314,0.9538239284093802,0.003982470495582627,90,1227,13.633333333333333
2487274-B2,nominal 5x (actual ~2.5x),nominal 20x (actual ~10x),True,7920.0,6480.0,98614.42640823743,73344.38467317806,7920.0,6480.0,98614.02907108789,72320.0,0.9846753525548761,0.6736035701111898,0.6632808328814589,0.9846753525548759,0.0037733817583355533,197,2764,14.030456852791879
2487376-B2,nominal 5x (actual ~2.5x),nominal 20x (actual ~10x),True,7488.0,6784.0,130833.0597084548,77392.29761674094,8512.0,6784.0,130833.0149271137,76368.02480019376,0.9773117511784726,0.7686553627495227,0.7512159186214603,0.9773117511784727,0.004522087355309707,344,5115,14.869186046511627
2487388-B2,nominal 5x (actual ~2.5x),nominal 20x (actual ~10x),True,7792.0,6752.0,118941.4855228221,76561.33817701454,7792.0,6752.0,119965.02427383926,76561.0362315422,0.990871110728585,0.7230664080342496,0.7297217305209562,1.0092043032462261,0.0033594460686552302,239,3526,14.753138075313808
2487518-B,nominal 5x (actual ~2.5x),nominal 20x (actual ~10x),True,7968.0,6417.0,94432.0,47346.90592745503,7968.0,6417.0,94432.0,46322.0,0.9749594848990959,0.6453126062181083,0.6291536461572997,0.9749594848990957,0.004467557076235936,91,1281,14.076923076923077
2487558-B2,nominal 5x (actual ~2.5x),nominal 20x (actual ~10x),True,7776.0,6480.0,96914.15744157441,65584.22097539922,7776.0,6480.0,97938.0,66608.0,0.9718110991750574,0.6827559609879847,0.7025603654532828,1.0290065639802544,0.005665486621064606,137,1895,13.832116788321168
2487567-B2,nominal 5x (actual ~2.5x),nominal 20x (actual ~10x),True,8000.0,7184.0,84049.08941669577,50512.20518300828,8000.0,7184.0,85073.02235417394,51536.05129575207,0.963936925159698,0.6005129067614314,0.6229794617131643,1.0374122765701992,0.006614474981462913,103,1480,14.368932038834952
2487651-B,nominal 5x (actual ~2.5x),nominal 20x (actual ~10x),True,8032.0,6512.0,112467.20770791075,57120.124665205745,8032.0,6512.0,111443.01730840742,58144.031166301436,0.9707454858409306,0.6797185030922936,0.686669778592945,1.0102266974770104,0.005349956111977224,160,2295,14.34375
2487656-B4,nominal 5x (actual ~2.5x),nominal 20x (actual ~10x),True,7696.0,3200.0,151392.02679505968,62384.29976580796,7696.0,3200.0,148320.00669876492,59312.01498741291,0.9278207023825784,0.8142608845756991,0.7554881058496847,0.9278207023825784,0.012973872655769431,196,2661,13.576530612244898
2487664-B2,nominal 5x (actual ~2.5x),nominal 20x (actual ~10x),True,7696.0,5280.0,129745.06235537694,78268.74231587087,7696.0,5280.0,127697.01558884424,79292.03711041315,0.9698504426543965,0.8190803750732795,0.8166265065152147,0.9970041175045304,0.007371835469753003,126,1748,13.873015873015873
2487896-B2,nominal 5x (actual ~2.5x),nominal 20x (actual ~10x),True,7776.0,5584.0,126358.23021582734,82362.6131736527,7776.0,5584.0,123286.02466518932,79290.0,0.9351098723881632,0.9117797461876302,0.8526142421036268,0.9351098723881632,0.014666983755567907,198,2495,12.6010101010101
2487935-B2,nominal 5x (actual ~2.5x),nominal 20x (actual ~10x),True,9632.0,6928.0,114821.30946944258,82721.58391940696,9632.0,3008.0,119736.00859579611,80673.0,0.8848449957071163,0.7949436760831595,0.8526303522273347,1.0725669979896042,0.02650101990537657,236,3434,14.55084745762712
2487941-B2,nominal 5x (actual ~2.5x),nominal 20x (actual ~10x),True,10753.0,10065.0,88376.59347574101,79793.5021577089,10753.0,10065.0,87352.02119293017,77649.02510542316,0.956452030532133,0.686567265470655,0.6566686551563019,0.9564520305321329,0.009396387277761558,126,1654,13.126984126984127
2488039-B2,nominal 5x (actual ~2.5x),nominal 20x (actual ~10x),True,8384.0,272.0,141449.2782003912,73056.46451612902,8384.0,272.0,141449.0139092638,71591.0129019252,0.9798639273354018,0.8287448089487618,0.812057143255361,0.9798639273354018,0.004380466840911787,232,3196,13.775862068965518
2488040-B,nominal 5x (actual ~2.5x),nominal 20x (actual ~10x),True,7792.0,6752.0,129686.36742016506,78849.24270003792,7792.0,6752.0,127638.0,76801.0121344267,0.9552636779575252,0.7783936629798942,0.7435711933970043,0.9552636779575254,0.009156475675006312,256,3714,14.5078125
2488044-B2,nominal 5x (actual ~2.5x),nominal 20x (actual ~10x),True,8064.0,5232.0,143587.11082251082,83239.42182350787,8064.0,5232.0,144611.0,80167.01171624714,0.9536924293471903,0.8181429280707709,0.7918571394701174,0.9678713978954302,0.009428228764966764,298,4181,14.03020134228188
2488044-B3,nominal 5x (actual ~2.5x),nominal 20x (actual ~10x),True,9056.0,3088.0,139154.0867698565,82713.51321304902,9056.0,3088.0,140002.02169246413,82713.03498861048,0.9935186177428013,0.8330906802830655,0.8385154448879285,1.0065116136013186,0.002544376338409051,283,3998,14.12720848056537
2488050-B3,nominal 5x (actual ~2.5x),nominal 20x (actual ~10x),True,7984.0,6304.0,126928.0,78360.51321304902,7984.0,6304.0,127952.0,79384.03498861048,0.9775784448620325,0.7580510910055968,0.7754376080914734,1.0229358117047394,0.004644775658543957,243,3528,14.518518518518519
2488065-B3,nominal 5x (actual ~2.5x),nominal 20x (actual ~10x),True,7904.0,9984.0,118132.23360709165,66449.28312320283,7904.0,9984.0,116084.02502851556,64401.01415537739,0.9458176802056347,0.7009598071240297,0.6629801786914389,0.9458176802056345,0.010165472629247996,162,2276,14.049382716049383
2488302-B2,nominal 5x (actual ~2.5x),nominal 20x (actual ~10x),True,9617.0,8561.0,117197.49256028733,89738.51321304902,9617.0,8561.0,118221.0246256453,87690.03498861048,0.9658085194403105,0.7972891994843955,0.7845640396363018,0.9840394679166318,0.007505469984385613,244,3415,13.995901639344263
2488320-B3,nominal 5x (actual ~2.5x),nominal 20x (actual ~10x),True,7904.0,14579.0,101940.26878656067,55892.94674556213,7904.0,3424.0,107046.02879748022,54515.04732852653,0.7229163934431769,0.5610413077888279,0.7314849103091696,1.3037986689288403,0.05418608393680173,121,1703,14.074380165289256
2488330-B2,nominal 5x (actual ~2.5x),nominal 20x (actual ~10x),True,7840.0,176.0,129283.18287891416,75056.58391940696,7840.0,176.0,127235.0152394559,75056.0,0.9831270999805033,0.8037578306395745,0.7901961051233052,0.9831270999805031,0.00645775076774624,277,4011,14.48014440433213
2488335-B,nominal 5x (actual ~2.5x),nominal 20x (actual ~10x),True,18400.0,2704.0,173125.14445593907,83066.61641044638,18400.0,2704.0,170533.0120377119,80571.01185240058,0.9527128174032785,0.8459120068962852,0.8059112113654215,0.9527128174032786,0.009428603052643711,358,5092,14.223463687150838
2488344-B2,nominal 5x (actual ~2.5x),nominal 20x (actual ~10x),True,7888.0,6257.0,104114.1827005424,58945.68366108279,7888.0,6257.0,105138.00913470116,57921.04660759801,0.9704286317268398,0.6861465169033449,0.6799615059702517,0.9909858743275317,0.005569205095546167,143,2098,14.671328671328672
2488369-B2,nominal 5x (actual ~2.5x),nominal 20x (actual ~10x),True,8272.0,6673.0,147414.33293594886,83226.61641044638,8272.0,6673.0,144342.0,81178.01185240058,0.9517499891526813,0.835046244458674,0.7947552541055304,0.9517499891526814,0.010793264344306271,367,5365,14.618528610354224
2488475-B2,nominal 5x (actual ~2.5x),nominal 20x (actual ~10x),True,7824.0,7280.0,98211.20028164606,73701.36312056737,7824.0,7280.0,96163.0100136906,73701.03890380426,0.9773350489558379,0.7434624592939472,0.7266119190508775,0.977335048955838,0.007926324000068678,138,1880,13.623188405797102
2488477-B2,nominal 5x (actual ~2.5x),nominal 20x (actual ~10x),True,7888.0,6656.0,116481.09930178433,69185.38257899231,7888.0,6656.0,117505.02482544609,67137.04098841864,0.9585002830212777,0.7321064919877828,0.7148010096991575,0.9763620696196283,0.007914288757374573,159,2259,14.20754716981132
2488767-B,nominal 5x (actual ~2.5x),nominal 20x (actual ~10x),True,8784.0,432.0,144611.1958041958,87072.51321304902,8784.0,432.0,145635.02097844792,88496.03498861048,0.9764749993578914,0.9152540122646726,0.9373040916219297,1.024091759294993,0.0051347511162296335,478,7110,14.874476987447698
2488769-B2,nominal 5x (actual ~2.5x),nominal 20x (actual ~10x),True,13328.0,5648.0,141272.24734299516,79496.51321304902,13328.0,5648.0,142296.00687026998,80520.03498861048,0.9785001455847854,0.7219782234893976,0.737841712898181,1.0219722546922725,0.004184231060183958,161,2229,13.84472049689441
2488806-B2,nominal 5x (actual ~2.5x),nominal 20x (actual ~10x),True,15888.0,7024.0,144144.02679505968,84705.51321304902,15888.0,7024.0,146192.00669876492,84930.03498861048,0.981446402084271,0.7422975776321451,0.756330224509202,1.0189043414661538,0.005843458222665601,311,4653,14.961414790996784
2488916-B2,nominal 5x (actual ~2.5x),nominal 20x (actual ~10x),True,12368.0,3552.0,163377.05022562292,82545.51321304902,12368.0,3552.0,161329.01255640574,83569.03498861048,0.9739887987625825,0.8329426750391861,0.8322921113190751,0.9992189573909389,0.0061800482839312965,463,6989,15.095032397408207
2488932-B4,nominal 5x (actual ~2.5x),nominal 20x (actual ~10x),True,11104.0,4384.0,146161.05488850773,87185.51321304902,11104.0,4384.0,145009.01372212693,87185.03498861048,0.9914642404819839,0.8533591589918325,0.8460750904281817,0.9914642404819839,0.0033264923214301376,377,5478,14.53050397877984
2488960-B2,nominal 5x (actual ~2.5x),nominal 20x (actual ~10x),True,9040.0,6528.0,141844.22316661218,56144.124665205745,9040.0,6528.0,138772.0,56144.031166301436,0.9768646842224493,0.6828612152769762,0.6670630054293013,0.9768646842224493,0.00954856220981547,221,3331,15.072398190045249
2488987-B2,nominal 5x (actual ~2.5x),nominal 20x (actual ~10x),True,8288.0,1936.0,157494.18562253987,74576.09351598173,8288.0,1936.0,154758.01988761427,80161.02337899544,0.9127704770928479,0.8009441673725867,0.8467076090569404,1.0571368686465075,0.017510682962021844,262,3617,13.805343511450381
2489131-B3,nominal 5x (actual ~2.5x),nominal 20x (actual ~10x),True,12384.0,13504.0,82724.2712343281,54432.0,8048.0,13504.0,83748.02260186289,52384.0,0.8858397289282608,0.5183189949091912,0.5299011094182415,1.0223455335860872,0.017798479085185656,55,803,14.6
2489137-B4,nominal 5x (actual ~2.5x),nominal 20x (actual ~10x),True,8144.0,4416.0,126098.09483823166,86561.51321304902,8144.0,4416.0,126753.02370955792,85537.03498861048,0.9821432479738968,0.8516863837537808,0.8457345031764139,0.9930116523042974,0.00388430581969151,358,5205,14.539106145251397
2489182-B2,nominal 5x (actual ~2.5x),nominal 20x (actual ~10x),True,7888.0,192.0,127393.06432160804,79728.20962128966,7888.0,192.0,125345.01608040201,77680.0,0.957551663321888,0.9547827279812693,0.914253789289474,0.9575516633218879,0.009691504998862042,275,3726,13.549090909090909
2489203-B,nominal 5x (actual ~2.5x),nominal 20x (actual ~10x),True,50080.0,0.0,187856.02102324052,90112.51321304902,50080.0,0.0,188624.00525581013,88064.03498861048,0.9719727900849777,0.7257497046048845,0.7132051106764628,0.9827149858293757,0.005118552851405762,388,5588,14.402061855670103
2489331-B2,nominal 5x (actual ~2.5x),nominal 20x (actual ~10x),True,8992.0,7712.0,120278.38414405403,81440.51321304902,8992.0,5840.0,128699.0,79928.03498861048,0.8892891566056148,0.7302647638331207,0.7893515412328497,1.0809114451717288,0.029239258388120287,221,3091,13.986425339366516
2490526B3,nominal 5x (actual ~2.5x),nominal 20x (actual ~10x),True,7408.0,6240.0,104784.0,82481.61641044638,7408.0,6240.0,103760.0,82481.01185240058,0.989476215665342,0.7748711327954936,0.7667165561068018,0.9894762156653422,0.0036420892569494967,201,2774,13.800995024875622
2490547B2,nominal 5x (actual ~2.5x),nominal 20x (actual ~10x),True,7712.0,160.0,135032.2726949935,76597.35499207607,7712.0,160.0,132360.00757441268,75573.03803298173,0.9658919957802825,0.8911935580418893,0.8607967244036117,0.9658919957802827,0.009086085222220335,189,2521,13.338624338624339
2490750B4,nominal 5x (actual ~2.5x),nominal 20x (actual ~10x),True,9056.0,6929.0,90897.08407224959,64563.7491638796,9056.0,6929.0,90897.0210180624,61491.026751658916,0.9466855587310182,0.6322939292555765,0.5985835316995463,0.946685558731018,0.012398047065651913,79,1097,13.886075949367088
2490820B2,nominal 5x (actual ~2.5x),nominal 20x (actual ~10x),True,46243.0,23283.0,155304.30781563127,64243.681455190774,46243.0,23283.0,153256.0,64068.0,0.9770102754413356,0.38777390173430853,0.3788590865423981,0.9770102754413353,0.005866069222060867,133,1812,13.62406015037594
2490820B3,nominal 5x (actual ~2.5x),nominal 20x (actual ~10x),True,7649.0,6657.0,102745.56537102474,63298.681455190774,7649.0,6657.0,101721.02826543005,61289.0,0.9541279949351741,0.6869849604334084,0.655471582848948,0.9541279949351743,0.008646147905042234,134,1844,13.761194029850746
2490837B2,nominal 5x (actual ~2.5x),nominal 20x (actual ~10x),True,7712.0,5648.0,109057.07482098494,83064.51321304902,7712.0,5648.0,105985.01870524624,84088.03498861048,0.9574129345157734,0.8161170369302927,0.8018410107411531,0.9825073787911145,0.011535915712145045,209,2909,13.91866028708134
2490844B1,nominal 5x (actual ~2.5x),nominal 20x (actual ~10x),True,21904.0,8513.0,129618.15285407213,81714.51321304902,21904.0,8513.0,127570.00764247545,81714.03498861048,0.9809789570652934,0.6702152851523661,0.6574670914379861,0.9809789570652933,0.0063926652811369,265,3668,13.841509433962264
2490860B2,nominal 5x (actual ~2.5x),nominal 20x (actual ~10x),True,8544.0,112.0,113042.17048481619,74320.64646464646,8544.0,112.0,114066.00852395697,73840.0124302015,0.983945279792605,0.7835628106216983,0.7861151993920585,1.0032574143843491,0.0038823105451254243,291,4208,14.460481099656358
2490963B2,nominal 5x (actual ~2.5x),nominal 20x (actual ~10x),True,7696.0,5488.0,139611.35671156525,82088.51321304902,7696.0,5488.0,137563.0,79016.03498861048,0.9449846029802605,0.8351334071500758,0.7891882111912664,0.9449846029802603,0.01129956432925054,258,3611,13.996124031007753
2490964B2,nominal 5x (actual ~2.5x),nominal 20x (actual ~10x),True,7968.0,208.0,148203.33293594886,55937.51769464105,7968.0,208.0,146155.0,53889.0,0.9491722913598432,0.8361723048362327,0.7936715825530484,0.9491722913598433,0.009016615543005861,113,1439,12.734513274336283
2490972B8,nominal 5x (actual ~2.5x),nominal 20x (actual ~10x),True,7744.0,800.0,115863.43600157212,68960.26823134953,7744.0,800.0,115863.00838382184,67936.01341086489,0.9849689507781648,0.7901776362594809,0.7783004373148712,0.9849689507781647,0.003555342186484626,191,2801,14.664921465968586
2490978B2,nominal 5x (actual ~2.5x),nominal 20x (actual ~10x),True,7904.0,6544.0,113496.47659574468,51600.0,7904.0,6544.0,113496.01701957916,50576.0,0.9772684738328313,0.669110685731954,0.6539007786705059,0.9772684738328313,0.0038192304830355077,138,1934,14.014492753623188
2490980B,nominal 5x (actual ~2.5x),nominal 20x (actual ~10x),True,8416.0,3360.0,150576.02711577163,78869.33817701454,8416.0,3360.0,151600.00677894292,79893.0362315422,0.9795682653921222,0.8380839986578245,0.8555646689129305,1.020857897636873,0.0041792662189959265,394,5912,15.00507614213198
2491131B2,nominal 5x (actual ~2.5x),nominal 20x (actual ~10x),True,7984.0,4816.0,116006.37013669821,78544.51321304902,7984.0,4816.0,114982.02523493461,77520.03498861048,0.9767537755549514,0.7450923307793729,0.727771747225791,0.9767537755549512,0.004825932906586348,264,3875,14.678030303030303
2491191B2,nominal 5x (actual ~2.5x),nominal 20x (actual ~10x),True,7920.0,6576.0,111778.17638142483,70833.44214162348,7920.0,6576.0,109730.00881876744,72881.01228053344,0.9505860185303565,0.6892557321176269,0.6971931234555407,1.011515887308659,0.01012947427290754,223,3305,14.820627802690582
2491191B3,nominal 5x (actual ~2.5x),nominal 20x (actual ~10x),True,15376.0,9040.0,142352.24734299516,74576.19508477805,15376.0,9040.0,142352.00687026998,74576.0,0.9999951294167934,0.66474855970188,0.6647453219887083,0.9999951294167932,9.049768917627649e-07,315,4558,14.46984126984127
2491226B2,nominal 5x (actual ~2.5x),nominal 20x (actual ~10x),True,7744.0,240.0,140273.05801042376,73013.33787945447,7744.0,240.0,141297.01450260595,69941.02815507287,0.9507468647802884,0.9388757287942219,0.9061864949019611,0.9651825764691533,0.010193307913137654,193,2680,13.8860103626943
2491275B2,nominal 5x (actual ~2.5x),nominal 20x (actual ~10x),True,9824.0,5072.0,131841.05876276828,82003.51321304902,9824.0,5072.0,133329.01469069207,83027.03498861048,0.9749808025930241,0.7668696405512002,0.7865484515301852,1.0256612205496105,0.00548081262359312,214,3062,14.30841121495327
2491552B,nominal 5x (actual ~2.5x),nominal 20x (actual ~10x),True,11920.0,240.0,124627.13436556883,74537.6131736527,11920.0,240.0,122579.0,71465.0,0.9412238626758644,0.8565591554633604,0.8062139169156005,0.9412238626758646,0.012651793139891607,117,1488,12.717948717948717
2491560B2,nominal 5x (actual ~2.5x),nominal 20x (actual ~10x),True,8720.0,9121.0,116912.03272820251,62771.46451612903,8720.0,9121.0,113840.00818205063,68231.0129019252,0.884184701749558,0.5843547708329393,0.6255388210627413,1.0704778197859124,0.021135556024547666,128,1611,12.5859375
2491579B,nominal 5x (actual ~2.5x),nominal 20x (actual ~10x),True,10192.0,7857.0,150564.23804111994,67521.52816174953,7824.0,2688.0,154808.00661191178,68520.02640536359,0.865545952012207,0.6972246363710263,0.8055316240000083,1.155340161519116,0.01320054927923472,269,3882,14.431226765799256
25001929B3,nominal 5x (actual ~2.5x),nominal 20x (actual ~10x),True,7600.0,5328.0,138036.1442091032,81942.36312056737,7600.0,5328.0,134964.00721025208,78870.03890380426,0.9372905381857956,0.8910661429137422,0.8351878646507624,0.9372905381857956,0.013368711394258275,179,2411,13.46927374301676
25001939B2,nominal 5x (actual ~2.5x),nominal 20x (actual ~10x),True,7520.0,7121.0,135421.43083136991,68705.79850280724,7520.0,112.0,136445.02153975598,69729.0399189147,0.8775990849979879,0.7176289403839797,0.8177184236531251,1.139472473358712,0.018735597777910173,241,3385,14.04564315352697
25001965B2,nominal 5x (actual ~2.5x),nominal 20x (actual ~10x),True,7568.0,6496.0,102272.03966532383,64259.24782187802,7568.0,6496.0,103296.00991633096,61187.0,0.9372185685024831,0.8012358783675758,0.7668230774402721,0.9570503495207731,0.01320531363922935,150,2014,13.426666666666666
25001966B2,nominal 5x (actual ~2.5x),nominal 20x (actual ~10x),True,20832.0,5712.0,128464.0,82488.51321304902,20832.0,5712.0,125424.0,79841.03498861048,0.9382466424495248,0.7087852857054745,0.6650154145307887,0.9382466424495248,0.012661789175034034,259,3708,14.316602316602317
25002073B3,nominal 5x (actual ~2.5x),nominal 20x (actual ~10x),True,7952.0,5632.0,132229.18045112782,82296.51321304902,7952.0,5632.0,129365.01503715233,80248.03498861048,0.9508491824149654,0.7967199441904483,0.7575605075471848,0.9508491824149655,0.010865118062070645,172,2331,13.55232558139535
25002238B,nominal 5x (actual ~2.5x),nominal 20x (actual ~10x),True,7520.0,2048.0,139273.2981250728,85723.67801740447,7520.0,3072.0,137225.01490538573,84699.02421147207,0.9603510078563537,0.9485247257584093,0.9109166763587597,0.9603510078563536,0.0063472133511096535,343,4907,14.306122448979592
25002328B2,nominal 5x (actual ~2.5x),nominal 20x (actual ~10x),True,7536.0,240.0,117238.39659178931,50340.68632707775,7536.0,240.0,118234.0,50340.034311754454,0.9909933490582887,0.7428800376495196,0.749612285088824,1.0090623614824883,0.003618487044736772,87,1120,12.873563218390805
25002329B2,nominal 5x (actual ~2.5x),nominal 20x (actual ~10x),True,7760.0,6384.0,133989.18287891414,70192.15802469137,7760.0,80.0,130917.0152394559,70192.03950617283,0.8898828993098113,0.77071891579833,0.8262506134324563,1.0720518161625827,0.02258324880765539,252,3519,13.964285714285714
25002366B6,nominal 5x (actual ~2.5x),nominal 20x (actual ~10x),True,7760.0,6368.0,107732.24996512763,80096.37667831525,7760.0,6368.0,107732.02678104404,82288.0,0.9711303587210137,0.7385668655179748,0.7605195418348042,1.0297233430603925,0.007611342563150777,246,3546,14.414634146341463
25002379B2,nominal 5x (actual ~2.5x),nominal 20x (actual ~10x),True,8064.0,6545.0,121376.03171064041,57730.94674556213,8064.0,6545.0,121376.0079276601,56706.04732852653,0.9799767316916851,0.6917515962074854,0.6779004683939178,0.9799767316916851,0.0035448525611447776,177,2523,14.254237288135593
25002388B2,nominal 5x (actual ~2.5x),nominal 20x (actual ~10x),True,7760.0,6320.0,121704.40349175558,65079.604914933836,7760.0,6320.0,118632.00775875132,63031.030242173656,0.9391124171328071,0.7490842678193163,0.703474337387957,0.9391124171328069,0.012446712845274896,109,1373,12.596330275229358
25002391B2,nominal 5x (actual ~2.5x),nominal 20x (actual ~10x),True,7616.0,6417.0,138454.20391442877,68690.76728751873,7616.0,6417.0,140342.021847353,74861.0273987264,0.8969083743789066,0.7751698362683714,0.8642687017000629,1.11494108937547,0.020259489575393745,220,3101,14.095454545454546
25002472B2,nominal 5x (actual ~2.5x),nominal 20x (actual ~10x),True,7584.0,4912.0,153761.05208545268,79072.51321304902,7584.0,4912.0,152721.01302136318,78552.03498861048,0.9859167411718383,0.7849889584110548,0.7739337557325027,0.9859167411718383,0.003228226972825987,363,5416,14.920110192837466
25002496B2,nominal 5x (actual ~2.5x),nominal 20x (actual ~10x),True,7761.0,6529.0,98569.58706619783,53585.81810918775,7761.0,6529.0,97452.02934994458,51537.0,0.944689845377959,0.6793701235470896,0.6417940569681049,0.9446898453779589,0.0096682156248979,109,1437,13.18348623853211
25002504B2,nominal 5x (actual ~2.5x),nominal 20x (actual ~10x),True,7984.0,6512.0,148823.21722528638,83072.04697247707,7984.0,1408.0,146775.0,81024.01174311926,0.8999699684909833,0.8196750964274334,0.8399968740521091,1.0247924790118041,0.021347858726798882,346,5058,14.61849710982659
25002510B2,nominal 5x (actual ~2.5x),nominal 20x (actual ~10x),True,7696.0,10561.0,131204.20990980437,74933.40370589394,7696.0,6944.0,136790.0224896776,80487.0,0.8374291580184915,0.7170020313996909,0.8561942518173682,1.1941308592194,0.018603025228276993,185,2072,11.2
25002663B5,nominal 5x (actual ~2.5x),nominal 20x (actual ~10x),True,7568.0,624.0,145768.25419240954,77330.15026413617,7568.0,624.0,145768.00706051078,75282.03756603405,0.9732974970619364,0.8937795273770048,0.8699133769212393,0.9732974970619364,0.006150474658227635,341,5073,14.87683284457478
25002744B2,nominal 5x (actual ~2.5x),nominal 20x (actual ~10x),True,7776.0,6944.0,111029.3491543917,71473.42472003319,7776.0,6944.0,110005.01745652915,69425.0,0.9586503113000422,0.7360210988397929,0.7055868555261666,0.9586503113000422,0.008154970928078346,195,2776,14.235897435897435
25002788B2,nominal 5x (actual ~2.5x),nominal 20x (actual ~10x),True,7776.0,9425.0,118115.19450424211,73330.59964864337,7776.0,9425.0,119139.01620817374,73330.0,0.9907972361767865,0.6807036295757434,0.6870133352626514,1.009269387458446,0.0033986407256727073,211,3013,14.27962085308057
25002789B2,nominal 5x (actual ~2.5x),nominal 20x (actual ~10x),True,7600.0,2144.0,136840.2726949935,74876.7491638796,7600.0,2144.0,135816.00757441268,75900.02675165892,0.9784184399073175,0.9082033182758298,0.9136818081124887,1.0060322283858856,0.004659452774180017,249,3576,14.36144578313253
25002801B1,nominal 5x (actual ~2.5x),nominal 20x (actual ~10x),True,24402.0,11632.0,134152.38034285716,66753.26823134953,24402.0,11632.0,133128.00731365883,67777.01341086489,0.9727681351008082,0.5658587255355095,0.570988566122098,1.0090655853751018,0.00454048705837352,168,2401,14.291666666666666
25002804B2,nominal 5x (actual ~2.5x),nominal 20x (actual ~10x),True,7664.0,80.0,152081.05149351302,74528.23760905885,7664.0,80.0,152081.01287337826,73504.01187990162,0.9862421811829923,0.7840393545461717,0.7732526831609217,0.9862421811829921,0.0028302795087399874,333,4763,14.303303303303304
25002897B2,nominal 5x (actual ~2.5x),nominal 20x (actual ~10x),True,7568.0,3376.0,112498.13894165536,80192.51321304902,7568.0,928.0,110450.0,81216.03498861048,0.9388789429823333,0.7784725101393324,0.797771780811434,1.0247912038263849,0.008484440061845306,177,2569,14.514124293785311
25002898B2,nominal 5x (actual ~2.5x),nominal 20x (actual ~10x),True,10176.0,6560.0,96450.15744157441,52753.53640649555,10176.0,6560.0,97474.0,52640.0,0.9858712696359152,0.6268042785111675,0.6326838936089314,1.0093803046650058,0.004268091312619326,105,1484,14.133333333333333
25002906B2,nominal 5x (actual ~2.5x),nominal 20x (actual ~10x),True,21810.0,11424.0,118841.49256028733,74304.29761674094,21810.0,11424.0,117817.0246256453,73893.02480019376,0.9829703914261283,0.5922401798592626,0.5821545614145399,0.9829703914261283,0.0036894325100389276,186,2697,14.5
25002907B3,nominal 5x (actual ~2.5x),nominal 20x (actual ~10x),True,9393.0,11985.0,110872.4930526895,82370.51321304902,9393.0,11985.0,109848.01760720795,80322.03498861048,0.9610947284590454,0.6993672471553446,0.6721581744979161,0.9610947284590455,0.007857906906612063,189,2681,14.185185185185185
25003038B2,nominal 5x (actual ~2.5x),nominal 20x (actual ~10x),True,7696.0,0.0,165113.24808605484,86016.51321304902,7696.0,0.0,163065.01240370172,87009.03498861048,0.9758746476605601,0.9339871396990076,0.9324713641037836,0.9983770915778215,0.006085413783052644,392,5702,14.545918367346939
25009124B2,nominal 5x (actual ~2.5x),nominal 20x (actual ~10x),True,11232.0,10273.0,135274.33231059712,73449.59964864337,10848.0,1168.0,136298.02265620392,74842.0,0.8478932479163634,0.7049764042113535,0.8314447673027026,1.1793937532318224,0.024421056572403493,223,3331,14.937219730941704
25009148B3,nominal 5x (actual ~2.5x),nominal 20x (actual ~10x),True,7888.0,7056.0,105440.0,77360.14323013801,7888.0,7056.0,103392.0,78384.0358075345,0.9652436172020512,0.7208405969145707,0.7159850699448213,0.9932640767035977,0.008165229584154988,176,2470,14.034090909090908
25009148B4,nominal 5x (actual ~2.5x),nominal 20x (actual ~10x),True,7616.0,6624.0,97810.15744157441,69920.20962128966,7616.0,6624.0,97810.0,70944.0,0.9840811705695859,0.7018303184547752,0.7131808927323949,1.0161728183852337,0.00393303157467722,124,1748,14.096774193548388
25009294B2,nominal 5x (actual ~2.5x),nominal 20x (actual ~10x),True,8256.0,5136.0,138561.05640630165,77283.51321304902,8208.0,5136.0,144993.01410157542,76360.03498861048,0.9410038063044416,0.7372333640592482,0.7639895875910704,1.0362927464168208,0.019003935982362975,210,3106,14.790476190476191
25009297B,nominal 5x (actual ~2.5x),nominal 20x (actual ~10x),True,7504.0,9153.0,146502.35334713597,83921.51321304902,7504.0,9153.0,147526.01261860752,83921.03498861048,0.9926829946546237,0.7292814612190399,0.7346475866010451,1.0073580992625746,0.002773694269079295,344,5102,14.831395348837209
25009367B2,nominal 5x (actual ~2.5x),nominal 20x (actual ~10x),True,9072.0,7264.0,114711.43600157212,76960.46451612902,7712.0,7264.0,115735.00838382184,76960.0129019252,0.9779283892493702,0.7594941661317723,0.7766258148036083,1.0225566560426531,0.001154811833033362,252,3738,14.833333333333334
25009529B2,nominal 5x (actual ~2.5x),nominal 20x (actual ~10x),True,8112.0,6688.0,118320.03272820251,68289.40370589394,8112.0,6688.0,118320.00818205063,71398.0,0.9519609124522778,0.6682438135086383,0.7019652952631151,1.0504628416646629,0.010419379035572754,170,2464,14.494117647058824
25009539B3,nominal 5x (actual ~2.5x),nominal 20x (actual ~10x),True,15536.0,7104.0,149335.20392313052,74002.51321304902,15536.0,7104.0,151383.0,80441.03498861048,0.8984555501241522,0.6343888977787198,0.7060882396364042,1.1130211170289013,0.01844792834708443,222,3086,13.9009009009009
25009557B,nominal 5x (actual ~2.5x),nominal 20x (actual ~10x),True,12736.0,8433.0,124340.1885125184,57969.68366108279,7648.0,8433.0,123316.01570889454,57585.04660759801,0.9405818569390392,0.6433275879541175,0.6615758514533293,1.0283654297451228,0.020960643262930945,153,2222,14.522875816993464
25009578B4,nominal 5x (actual ~2.5x),nominal 20x (actual ~10x),True,7856.0,6672.0,125395.18287891416,80400.51321304902,7856.0,6672.0,125237.0152394559,78352.03498861048,0.970907658339091,0.7344155006348282,0.713049633969292,0.9709076583390908,0.006399330630993553,287,4092,14.257839721254355
25009747B,nominal 5x (actual ~2.5x),nominal 20x (actual ~10x),True,7600.0,2000.0,121940.2540942928,85658.51321304902,7600.0,2000.0,120916.0,85658.03498861048,0.9910363864369369,0.8447301109102399,0.837158276630957,0.9910363864369369,0.003282453886735948,293,4150,14.16382252559727
25009756B2,nominal 5x (actual ~2.5x),nominal 20x (actual ~10x),True,7616.0,17890.0,144438.1958041958,75442.51321304902,7616.0,17890.0,143732.02097844792,77282.03498861048,0.9641801960256711,0.612427579096202,0.6287403633584149,1.0266362665872864,0.0057700535337775645,236,3381,14.326271186440678
25012148B3,nominal 5x (actual ~2.5x),nominal 20x (actual ~10x),True,7440.0,4848.0,124945.09483823166,82672.51321304902,7440.0,4848.0,122897.02370955792,83696.03498861048,0.9700351476585808,0.8038147010607799,0.8001917454459807,0.9954927975191072,0.0073141028299027,239,3493,14.615062761506277
25012148B4,nominal 5x (actual ~2.5x),nominal 20x (actual ~10x),True,7632.0,10672.0,145987.16141235814,68688.1029559622,7632.0,7776.0,144963.0134506765,69712.02573899055,0.9302121101309728,0.662526158769288,0.7020548942971993,1.0596636600754603,0.006210449304693934,280,4023,14.367857142857142
25012153B2,nominal 5x (actual ~2.5x),nominal 20x (actual ~10x),True,7952.0,6944.0,134628.20132569375,64912.33787945446,7952.0,6944.0,135652.0215700042,63888.02815507286,0.9745921937875207,0.7087947834180633,0.7018976509126249,0.9902692109665678,0.0045279193850652245,216,3047,14.106481481481481
25012170B4,nominal 5x (actual ~2.5x),nominal 20x (actual ~10x),True,38000.0,17218.0,169184.0,70466.51321304902,38000.0,17218.0,170208.0,69442.03498861048,0.9733091219180404,0.4218119608872195,0.4169257267047077,0.9884160843323779,0.003481216084681327,202,2651,13.123762376237623
25012170B5,nominal 5x (actual ~2.5x),nominal 20x (actual ~10x),True,7664.0,6593.0,143842.10789168687,76225.67801740447,7664.0,6593.0,144866.0,76225.02421147207,0.9925280885770226,0.738172689297873,0.7437158581707093,1.00750931178192,0.0029450938297343565,271,3902,14.398523985239853
25012175B4,nominal 5x (actual ~2.5x),nominal 20x (actual ~10x),True,9200.0,11840.0,117334.31663574521,64465.31283095723,9200.0,11840.0,118536.01583080823,63441.02606791915,0.9699667757685845,0.5598736261373457,0.5550771643556578,0.9914329563712807,0.0052161171497295935,122,1586,13.0
25012253B3,nominal 5x (actual ~2.5x),nominal 20x (actual ~10x),True,8496.0,14370.0,99249.07482098494,71237.71181727905,8496.0,14370.0,99249.01870524624,70213.02541825945,0.9819806196533815,0.5850025003665346,0.574461117808707,0.9819806196533813,0.0037688364862624767,101,1418,14.03960396039604
25012485B2,nominal 5x (actual ~2.5x),nominal 20x (actual ~10x),True,7568.0,2800.0,153760.02679505968,89300.51321304902,7568.0,2800.0,152816.00669876492,88276.03498861048,0.9817754723035055,0.9421606373148347,0.9249902046855435,0.9817754723035055,0.0039512312519746845,293,4287,14.631399317406144
25012628B2,nominal 5x (actual ~2.5x),nominal 20x (actual ~10x),True,7648.0,9904.0,119105.09930178433,69392.26823134953,7648.0,9904.0,117057.02482544609,67344.01341086489,0.9478259988139325,0.701706543563095,0.6650957055269628,0.9478259988139325,0.009959998126691176,173,2487,14.375722543352602
25012737B4,nominal 5x (actual ~2.5x),nominal 20x (actual ~10x),True,10864.0,6480.0,105557.33184502377,66337.52816174953,10864.0,6480.0,104533.00921725355,65639.02640536359,0.9776395632180596,0.6577893616721633,0.64308090423466,0.9776395632180598,0.00457519317165747,122,1619,13.270491803278688
25012760B2,nominal 5x (actual ~2.5x),nominal 20x (actual ~10x),True,25361.0,640.0,152677.25715720744,87168.51321304902,25361.0,640.0,152677.0128572146,87168.03498861048,0.999992554382527,0.787671690835405,0.7876658261333009,0.9999925543825272,1.4762269143702823e-06,429,6463,15.065268065268064
25012785B2,nominal 5x (actual ~2.5x),nominal 20x (actual ~10x),True,7904.0,4192.0,165950.3735045229,83320.51321304902,7904.0,4192.0,163902.01867386387,80248.03498861048,0.9487138099523676,0.8657913520114114,0.8213882121905575,0.9487138099523675,0.009901227407023117,349,4855,13.911174785100286
25012915B2,nominal 5x (actual ~2.5x),nominal 20x (actual ~10x),True,7712.0,5648.0,147792.0,82328.51321304902,7712.0,5648.0,145744.0,79256.03498861048,0.9458970278566566,0.812017439553781,0.7680848826416938,0.9458970278566566,0.010587770788317004,308,4380,14.220779220779221
25012919B8,nominal 5x (actual ~2.5x),nominal 20x (actual ~10x),True,21296.0,4640.0,156870.18562253987,77334.39490937139,21296.0,4640.0,154838.01988761427,77334.0,0.985005322456976,0.7688411282632547,0.7573126034631326,0.9850053224569763,0.005794597633486247,210,3023,14.395238095238096
25012919B9,nominal 5x (actual ~2.5x),nominal 20x (actual ~10x),True,8016.0,224.0,147459.16578521318,53521.503317768496,8016.0,224.0,146435.01381506165,51473.0,0.9545024489897344,0.7699456680777417,0.7349150257692415,0.9545024489897344,0.007072391527506038,235,3360,14.297872340425531
25013023B2,nominal 5x (actual ~2.5x),nominal 20x (actual ~10x),True,8512.0,0.0,162828.32891875863,77424.25482779216,8512.0,0.0,162124.0063248919,75376.01274075548,0.9691018094427412,0.9181829141931487,0.8898127235439895,0.9691018094427412,0.00599147073756305,352,5101,14.491477272727273
25013062B2,nominal 5x (actual ~2.5x),nominal 20x (actual ~10x),True,7648.0,6705.0,101680.03818046235,47587.73584363323,7648.0,6657.0,99632.00954511558,47587.03678689467,0.977080963041378,0.6436363485063619,0.6303463366079537,0.9793516759436454,0.00847464263754073,99,1277,12.8989898989899
25013062B3,nominal 5x (actual ~2.5x),nominal 20x (actual ~10x),True,7648.0,12913.0,112434.13436556883,64385.33787945446,7648.0,12913.0,112434.0,65409.02815507286,0.9804984295634753,0.6080597902785929,0.6201521876422299,1.0198868557943892,0.0036048326898343065,143,2113,14.776223776223777
25013162B2,nominal 5x (actual ~2.5x),nominal 20x (actual ~10x),True,7696.0,8544.0,101350.36739380023,80273.37667831525,7696.0,8544.0,102374.01836837197,78225.0,0.9612366135717141,0.6925302712877095,0.6801069363984805,0.9820609503955275,0.008095907565212739,177,2510,14.180790960451978
25013189B2,nominal 5x (actual ~2.5x),nominal 20x (actual ~10x),True,8144.0,224.0,114002.13436556883,79472.04697247707,8144.0,224.0,115026.0,78448.01174311926,0.9777435125901786,0.7889421291018974,0.786279587061469,0.9966251744681712,0.004829806802452637,251,3510,13.98406374501992
25013189B3,nominal 5x (actual ~2.5x),nominal 20x (actual ~10x),True,11424.0,8080.0,139650.08437705997,72480.15366146459,11424.0,8080.0,137602.021094265,70432.03841536614,0.9527327271110264,0.7090306303335562,0.675516686042939,0.9527327271110264,0.008716470879104876,250,3468,13.872
25013189B4,nominal 5x (actual ~2.5x),nominal 20x (actual ~10x),True,7440.0,6544.0,94176.0,66064.1617863914,7440.0,6544.0,94176.0,76034.04044659785,0.8565279485213688,0.6725816602019316,0.7852419309410916,1.1675042264835702,0.03943223721766504,119,1672,14.050420168067227
25013352B2,nominal 5x (actual ~2.5x),nominal 20x (actual ~10x),True,7600.0,3344.0,158941.3623129802,89456.51321304902,7600.0,3344.0,158941.01293876828,88432.03498861048,0.9881007461814839,0.9377175500505432,0.9265594109124147,0.9881007461814838,0.0028299285148214596,445,6447,14.487640449438203
25013465B2,nominal 5x (actual ~2.5x),nominal 20x (actual ~10x),True,7936.0,6704.0,169237.14445593907,67600.05294725957,7936.0,224.0,170261.0120377119,68624.01323681489,0.8846774622729692,0.7462999374950426,0.8435842092977047,1.1303554602043744,0.014851205770125555,347,5209,15.011527377521613
25013629B6,nominal 5x (actual ~2.5x),nominal 20x (actual ~10x),True,7568.0,3760.0,168528.02368396707,81793.51321304902,7568.0,3760.0,168528.00592099177,80769.03498861048,0.9868711957119699,0.827145329490606,0.8162859003419656,0.9868711957119698,0.0026409923984090375,375,5266,14.042666666666667
25013871B6,nominal 5x (actual ~2.5x),nominal 20x (actual ~10x),True,7696.0,2960.0,155351.21465255215,77345.58391940696,7696.0,2960.0,153303.0,76425.0,0.9739242310367493,0.8545760871032292,0.8322923584944066,0.9739242310367494,0.006440304941354606,359,5249,14.62116991643454
25013878B2,nominal 5x (actual ~2.5x),nominal 20x (actual ~10x),True,7760.0,6288.0,127960.39685189602,84112.51321304902,7760.0,6288.0,126936.00763108475,83089.03498861048,0.9784386300365723,0.7939552833826916,0.7768365197832593,0.9784386300365723,0.004514968478359827,265,3613,13.633962264150943
25013977B2,nominal 5x (actual ~2.5x),nominal 20x (actual ~10x),True,12560.0,3488.0,132053.28965829374,86352.51321304902,12560.0,3488.0,133077.01448209537,84304.03498861048,0.9671978345875432,0.7974400711669468,0.7843896560949443,0.9836346133786518,0.006878708316425399,340,5069,14.908823529411764
25014124B2,nominal 5x (actual ~2.5x),nominal 20x (actual ~10x),True,8400.0,0.0,141464.3921654448,86064.51321304902,8400.0,0.0,139416.01400475943,85040.03498861048,0.9728857482532621,0.8919004384325095,0.8677172254118247,0.9728857482532622,0.00671353243922618,352,5133,14.582386363636363
25014160B2,nominal 5x (actual ~2.5x),nominal 20x (actual ~10x),True,7952.0,1264.0,127458.09787179813,78056.5021577089,7952.0,1264.0,125762.02446794954,75697.02510542316,0.9555183495100773,0.895987226865399,0.8561322361965374,0.9555183495100775,0.009703546787086126,168,2297,13.672619047619047
25014217B2,nominal 5x (actual ~2.5x),nominal 20x (actual ~10x),True,7825.0,6240.0,85033.5774770085,40848.16500161134,7825.0,6240.0,86057.01110388202,40848.041250402835,0.9869144857497189,0.583572802826103,0.591306202413243,1.0132518163109883,0.004885731942496373,46,571,12.41304347826087
25014217B3,nominal 5x (actual ~2.5x),nominal 20x (actual ~10x),True,11840.0,7744.0,119297.06432160804,60273.474074074074,11840.0,7744.0,120321.01608040201,60273.0,0.9905521497401095,0.641127140315767,0.647230560161418,1.0095198276002557,0.0035329898312005644,125,1679,13.432
25014226B2,nominal 5x (actual ~2.5x),nominal 20x (actual ~10x),True,8176.0,5792.0,147478.18562253987,79026.51321304902,8176.0,5792.0,148502.01988761427,80050.03498861048,0.9790211397571617,0.7521724402002721,0.7682902949233993,1.0214284037299155,0.00407386448415703,236,3314,14.042372881355933
25014265B2,nominal 5x (actual ~2.5x),nominal 20x (actual ~10x),True,7776.0,8417.0,125046.34245409218,67553.7491638796,7776.0,8417.0,124022.02334772299,68577.02675165892,0.9745494172678124,0.6884437785179838,0.6942389323835131,1.0084177590768626,0.0047555141271906215,199,2711,13.623115577889447
25014268B,nominal 5x (actual ~2.5x),nominal 20x (actual ~10x),True,15297.0,5424.0,122903.38414405403,79744.04697247707,7568.0,5424.0,121879.0,78720.01174311926,0.912214269869256,0.7166956049070962,0.7508602185787753,1.0476696291113823,0.028456665263875205,172,2332,13.55813953488372
25014298B2,nominal 5x (actual ~2.5x),nominal 20x (actual ~10x),True,7616.0,6336.0,109419.46669471322,49520.07383905393,7616.0,6336.0,107371.0089739545,47472.01845976349,0.9334064319596754,0.694519788404719,0.6482692376202375,0.9334064319596754,0.011415154887650707,83,1181,14.228915662650602
25014311B2,nominal 5x (actual ~2.5x),nominal 20x (actual ~10x),True,7792.0,9409.0,106678.35461975343,76024.5021577089,7792.0,6800.0,106678.01772975968,75672.02510542316,0.957216098356286,0.6990431697885064,0.7227199849787873,1.0338703190497438,0.010470807228967403,132,1752,13.272727272727273
25014318B,nominal 5x (actual ~2.5x),nominal 20x (actual ~10x),True,7664.0,11313.0,109109.24150943397,58918.56489468405,7664.0,11313.0,110133.02587513898,56870.03851168388,0.9478150307863339,0.509911577631266,0.4928940341198619,0.9666264814177056,0.008005313190611063,125,1708,13.664
25014627B3,nominal 5x (actual ~2.5x),nominal 20x (actual ~10x),True,9536.0,8961.0,133937.05876276828,74439.48927585475,9536.0,8961.0,132913.01469069207,71367.01358955303,0.9452310328785127,0.7754043852288169,0.732936287948363,0.9452310328785128,0.010218358272088057,147,1862,12.666666666666666
25014684B,nominal 5x (actual ~2.5x),nominal 20x (actual ~10x),True,7584.0,0.0,157475.17219179397,89280.51321304902,7584.0,0.0,155427.0184486776,87232.03498861048,0.9637049524176542,0.9152918282146301,0.8820712677578478,0.9637049524176542,0.007693920556736908,400,5744,14.36
25015052B3,nominal 5x (actual ~2.5x),nominal 20x (actual ~10x),True,7696.0,6881.0,157648.0248374891,65777.60939190652,7696.0,6881.0,157648.00620937228,65777.04154495294,0.9999902343539208,0.7242144342983009,0.72420736187645,0.9999902343539208,1.571799498358791e-06,280,4110,14.678571428571429
25015064B,nominal 5x (actual ~2.5x),nominal 20x (actual ~10x),True,8640.0,7104.0,102887.33184502377,33136.370477568744,8640.0,7104.0,104935.00921725355,32354.0,0.9499277825736043,0.49932481273200274,0.4948408325903168,0.9910199132361311,0.009165853988278011,74,1022,13.81081081081081
25015070B2,nominal 5x (actual ~2.5x),nominal 20x (actual ~10x),True,7328.0,6720.0,127685.27722295752,75392.0,7328.0,6720.0,126661.00770017445,75392.0,0.9914897582728992,0.747153082611435,0.740794629271263,0.9914897582728991,0.003264947523962093,218,3053,14.004587155963304
25015087B2,nominal 5x (actual ~2.5x),nominal 20x (actual ~10x),True,8272.0,7552.0,133335.39157547947,68992.22097539922,8272.0,7552.0,130263.00752963322,70016.0,0.9598325969354645,0.7619986493981341,0.7556641870566732,0.9916870425604242,0.010453607308750884,225,3171,14.093333333333334
25015101B2,nominal 5x (actual ~2.5x),nominal 20x (actual ~10x),True,7680.0,6368.0,114966.37697456492,67808.51682368775,7680.0,6368.0,112918.02570109096,65760.01435460357,0.9482029614246454,0.7730437002665044,0.7330023259033654,0.9482029614246454,0.010405581885890842,205,2961,14.44390243902439
25015103B2,nominal 5x (actual ~2.5x),nominal 20x (actual ~10x),True,7760.0,10704.0,115042.13436556883,57232.180918727914,7760.0,9744.0,112994.0,56784.04522968198,0.9521901377049823,0.60267118663649,0.5976690394294436,0.9917000392287485,0.00890341579892247,134,1841,13.738805970149254
25015190B2,nominal 5x (actual ~2.5x),nominal 20x (actual ~10x),True,7648.0,20674.0,125333.27722295752,82466.51321304902,7648.0,10129.0,129048.00770017445,82466.03498861048,0.8280802593468513,0.6227962391246585,0.7520858284600587,1.2075953276742921,0.035080617658539384,241,3479,14.435684647302905
25015191B2,nominal 5x (actual ~2.5x),nominal 20x (actual ~10x),True,7776.0,6624.0,130705.0597084548,75282.15026413617,7776.0,6624.0,127633.0149271137,73234.03756603405,0.9459245070868253,0.7522192109579794,0.7115425863466672,0.9459245070868252,0.011557914354769168,201,2780,13.83084577114428
25015191B3,nominal 5x (actual ~2.5x),nominal 20x (actual ~10x),True,7824.0,6641.0,129826.08930232558,57465.80308880309,7824.0,6641.0,129826.02232558139,58489.01544122082,0.9802646312517774,0.6795011540960199,0.6931805899441146,1.0201315858930267,0.003349306268672904,149,2172,14.577181208053691
25015204B2,nominal 5x (actual ~2.5x),nominal 20x (actual ~10x),True,7712.0,6800.0,152857.27081349835,83089.51321304902,7712.0,6800.0,150057.01353995875,84113.03498861048,0.9679711807225342,0.8337580215132964,0.8286426293571573,0.9938646561422528,0.00852352728130496,272,4122,15.154411764705882
25015215B2,nominal 5x (actual ~2.5x),nominal 20x (actual ~10x),True,7696.0,6912.0,123059.12606179983,73184.19937694704,7696.0,6912.0,123059.0,73184.0,0.9999958988089127,0.7157847820478833,0.7157818464777149,0.9999958988089128,7.66995690829214e-07,145,1991,13.73103448275862
25015234B2,nominal 5x (actual ~2.5x),nominal 20x (actual ~10x),True,9680.0,9665.0,139191.36973669592,82648.51321304902,7664.0,9665.0,137143.00710972867,80600.03498861048,0.9423037625371578,0.7474348811083011,0.7262745859799176,0.9716894465816113,0.013491062772266388,214,2869,13.406542056074766
25015408B3,nominal 5x (actual ~2.5x),nominal 20x (actual ~10x),True,7520.0,6496.0,122151.40909649662,59648.06271435571,7520.0,6496.0,123175.00786651508,57600.01567858893,0.9532838228582889,0.7166435687639753,0.6951826486408648,0.9700535648982032,0.007860504329461082,149,2090,14.026845637583893
25015421B3,nominal 5x (actual ~2.5x),nominal 20x (actual ~10x),True,7600.0,8496.0,137681.08437705997,70880.10842863194,7600.0,8496.0,138705.021094265,70880.02710715798,0.9921886671241629,0.737504881684075,0.7433092020357224,1.0078702127888202,0.0031204846417765084,302,4479,14.831125827814569
25015422B,nominal 5x (actual ~2.5x),nominal 20x (actual ~10x),True,7488.0,6497.0,114854.33759725702,59985.681455190774,7488.0,6497.0,114854.01687874991,63057.0,0.9456953739948302,0.6560803960740883,0.6937504411366922,1.0574168124638645,0.010878598021983129,168,2324,13.833333333333334
25015425B2,nominal 5x (actual ~2.5x),nominal 20x (actual ~10x),True,7664.0,6784.0,139107.1704015975,86772.51321304902,7664.0,6784.0,142629.0141997393,85748.03498861048,0.9617533333076332,0.8302343383090974,0.8415609566042256,1.0136426762571595,0.01086093831954987,329,4334,13.173252279635259
25015471B,nominal 5x (actual ~2.5x),nominal 20x (actual ~10x),True,13088.0,2240.0,149841.0743321719,85425.51321304902,13088.0,2240.0,150865.01858304298,83377.03498861048,0.9683029113797413,0.7837240651124232,0.7701481906361541,0.9826777368711759,0.006117290811020267,388,5827,15.018041237113403
25015488B2,nominal 5x (actual ~2.5x),nominal 20x (actual ~10x),True,10561.0,6912.0,116426.49256028733,72032.15026413617,10561.0,6912.0,117450.0246256453,72032.03756603405,0.9904226507137779,0.6757467805091824,0.6822788758955266,1.0096664839178697,0.003430839742201709,183,2604,14.229508196721312
25015495B3,nominal 5x (actual ~2.5x),nominal 20x (actual ~10x),True,7584.0,6480.0,142022.33293594886,47729.142024965324,7584.0,6480.0,140998.0,49921.03550624133,0.9426707533858686,0.6511513200746482,0.680527158065952,1.0451136887627537,0.007631715992944395,144,2146,14.902777777777779
25015495B4,nominal 5x (actual ~2.5x),nominal 20x (actual ~10x),True,7888.0,6608.0,129220.25419240953,61920.1174850849,7888.0,6608.0,128196.00706051079,60896.02937127122,0.9731999074319373,0.6636056199394467,0.6458209278963828,0.9731999074319372,0.0045002083956742715,219,3259,14.881278538812785
25015496B,nominal 5x (actual ~2.5x),nominal 20x (actual ~10x),True,7840.0,10336.0,104257.07482098494,58515.30791436132,7840.0,6240.0,103233.01870524624,60276.01539479223,0.8831614760917548,0.6378336082015653,0.7077710577214139,1.1096484233827755,0.009952096838967944,99,1195,12.070707070707071
25015594B2,nominal 5x (actual ~2.5x),nominal 20x (actual ~10x),True,7760.0,6849.0,130848.03034253881,62785.757224118315,7760.0,6849.0,127776.00758563471,61761.01455951772,0.9571796232372003,0.7251748214194282,0.6941225623473523,0.9571796232372003,0.010637579934579689,162,2247,13.87037037037037
25015607B2,nominal 5x (actual ~2.5x),nominal 20x (actual ~10x),True,17520.0,18114.0,131458.11718928817,77762.51321304902,17520.0,14993.0,131458.0,76738.03498861048,0.9339562263425496,0.5536239356457415,0.5730820816261362,1.035146865457865,0.01255473385061038,185,2657,14.362162162162162
25015608B2,nominal 5x (actual ~2.5x),nominal 20x (actual ~10x),True,7632.0,13585.0,119073.09787179813,76946.47859412975,7632.0,13585.0,118049.02446794954,76049.02392746985,0.9767767469554922,0.6570423308370037,0.6417836705270228,0.9767767469554922,0.0044805046992415784,206,2952,14.330097087378642
25015622B2,nominal 5x (actual ~2.5x),nominal 20x (actual ~10x),True,7808.0,8528.0,147676.39267818796,76016.09800918837,7808.0,8528.0,154110.01963240368,79633.02450229709,0.9073945387358825,0.7217007693359088,0.7953549845487617,1.102056445472031,0.020801721342790125,289,3802,13.155709342560554
25015625B2,nominal 5x (actual ~2.5x),nominal 20x (actual ~10x),True,10832.0,7760.0,120848.0,80353.40370589394,7888.0,7760.0,120848.0,79329.0,0.9605471994051367,0.7640423165796764,0.7734175720781256,1.012270597184222,0.010238959917454715,199,2904,14.592964824120603
25015640B3,nominal 5x (actual ~2.5x),nominal 20x (actual ~10x),True,8176.0,7073.0,117936.03171064041,67507.79850280724,8176.0,7073.0,117936.0079276601,66483.0399189147,0.9830433544523524,0.6672884212191946,0.6559734479825314,0.9830433544523524,0.003407744655738241,144,1971,13.6875
25015640B5,nominal 5x (actual ~2.5x),nominal 20x (actual ~10x),True,7728.0,9408.0,102785.07482098494,58560.34845735027,7728.0,9408.0,102785.01870524624,62484.02903646572,0.9260738317890166,0.6050005219161894,0.6532954644034331,1.0798262823547349,0.015062982475440329,126,1768,14.031746031746032
25015784B2,nominal 5x (actual ~2.5x),nominal 20x (actual ~10x),True,7777.0,6688.0,85961.60735468565,43552.07960199005,7777.0,6688.0,84937.02168848223,41504.019900497515,0.9320663053505526,0.593157740566539,0.5528623437399358,0.9320663053505528,0.010647430540873146,51,658,12.901960784313726
25015798B2,nominal 5x (actual ~2.5x),nominal 20x (actual ~10x),True,10880.0,8832.0,85505.08074436209,49216.211570247935,10880.0,8832.0,86529.02018609052,49216.05289256198,0.9864607804917835,0.5114004264506948,0.5184153744168284,1.0137171335871185,0.004379272342566146,36,432,12.0
25015811B3,nominal 5x (actual ~2.5x),nominal 20x (actual ~10x),True,21473.0,13266.0,124088.29812507279,72234.67959975495,21473.0,14290.0,124520.01490538573,70186.01306722475,0.9441281393017282,0.5619767163306929,0.5349350505355935,0.9518811633840241,0.0035147029942282177,114,1417,12.429824561403509
25015811B4,nominal 5x (actual ~2.5x),nominal 20x (actual ~10x),True,8080.0,6624.0,124808.43321648736,81472.0,8080.0,6624.0,125832.01547061489,81472.0,0.9913073058661745,0.8150262534964205,0.8221731532426013,1.0087689196704044,0.0032979610023567453,278,3983,14.327338129496402
25015820B,nominal 5x (actual ~2.5x),nominal 20x (actual ~10x),True,8528.0,2096.0,124825.4705882353,87072.51321304902,8528.0,2096.0,123801.02352724933,85024.03498861048,0.9672970941905265,0.8619851554562056,0.833795736108157,0.9672970941905267,0.007277893848152287,300,4362,14.54
25015863B2,nominal 5x (actual ~2.5x),nominal 20x (actual ~10x),True,17153.0,2912.0,156951.34110592937,86913.51321304902,10864.0,2912.0,168477.0121814851,86913.03498861048,0.8869676002553384,0.7955086240181628,0.8968761406439444,1.1274247865645606,0.013804496241065048,363,5419,14.928374655647383
25015867B2,nominal 5x (actual ~2.5x),nominal 20x (actual ~10x),True,18096.0,13409.0,141781.22316661218,80483.51321304902,18048.0,11793.0,140757.0,82233.03498861048,0.9443433722497648,0.6434600906406053,0.6704127253629558,1.041887034043584,0.0031577322555987643,173,2343,13.54335260115607
25015870B3,nominal 5x (actual ~2.5x),nominal 20x (actual ~10x),True,16960.0,8977.0,160576.02545743834,80937.51321304902,17984.0,8977.0,158528.00636435958,79913.03498861048,0.9646773540849596,0.7315429918511726,0.7057029577783843,0.9646773540849596,0.003951289049337163,180,2419,13.438888888888888
25016027B,nominal 5x (actual ~2.5x),nominal 20x (actual ~10x),True,7952.0,16723.0,129521.05876276828,69971.7491638796,7952.0,16723.0,127473.01469069207,68003.02675165892,0.9468039255096752,0.6065239547696657,0.5742592612915721,0.9468039255096751,0.008930750662414794,172,2444,14.209302325581396
25016031B2,nominal 5x (actual ~2.5x),nominal 20x (actual ~10x),True,8496.0,7121.0,127719.36742016506,76306.64646464646,8496.0,7121.0,127719.0,74258.0124302015,0.9703863295260176,0.7483989448364685,0.7262361051010051,0.9703863295260174,0.006519439817951281,240,3474,14.475
25016077B2,nominal 5x (actual ~2.5x),nominal 20x (actual ~10x),True,7824.0,6576.0,98840.51074278698,60016.30791436132,7824.0,6576.0,97816.00982084629,57968.01539479223,0.9508466189827028,0.7012958545970909,0.6668247922502292,0.9508466189827031,0.009258711048224217,127,1776,13.984251968503937
25016088B2,nominal 5x (actual ~2.5x),nominal 20x (actual ~10x),True,7568.0,6368.0,136007.36973669592,59888.357625145516,7568.0,6368.0,137031.00710972867,58592.02980036086,0.9682489391265877,0.6944582784259442,0.6830383019691427,0.9835555614907695,0.005175137157034828,228,3359,14.732456140350877
25016772B2,nominal 5x (actual ~2.5x),nominal 20x (actual ~10x),True,8016.0,5072.0,141800.41392691602,86992.51321304902,8016.0,6096.0,139752.02069467274,86576.03498861048,0.9673742264409911,0.8408478241836843,0.8134145134742821,0.9673742264409911,0.006194080961517524,345,4967,14.397101449275363
25016785B2,nominal 5x (actual ~2.5x),nominal 20x (actual ~10x),True,8320.0,0.0,147670.34608985024,83680.51321304902,8320.0,0.0,151788.00665505498,81632.03498861048,0.9481881294270283,0.8631214318555148,0.8668724505348592,1.0043458759577786,0.012980103683840604,420,6163,14.673809523809524
25016801B2,nominal 5x (actual ~2.5x),nominal 20x (actual ~10x),True,7680.0,4144.0,141984.0278563656,86736.51321304902,7680.0,4144.0,139936.00696409142,84688.03498861048,0.9603268462958809,0.8591755638971835,0.8250893596918674,0.9603268462958809,0.00845685171006449,370,5448,14.724324324324325
25016827B2,nominal 5x (actual ~2.5x),nominal 20x (actual ~10x),True,8304.0,8017.0,129154.11391700967,79489.51321304902,8304.0,8017.0,141587.0,79489.03498861048,0.9067126395269303,0.6839641227499789,0.7543243217451747,1.1028711838163416,0.03689049162350202,277,3978,14.36101083032491
25016829B2,nominal 5x (actual ~2.5x),nominal 20x (actual ~10x),True,7456.0,5888.0,121168.0,68546.57799671593,7456.0,5888.0,118096.0,69570.03940482298,0.9577629728321758,0.7198323768590051,0.7118257168915737,0.9888770494009055,0.010866740295354976,201,2897,14.412935323383085
25016903B4,nominal 5x (actual ~2.5x),nominal 20x (actual ~10x),True,7696.0,9280.0,116373.33759725702,77441.38467317806,7696.0,9280.0,114325.01687874991,76417.0,0.9664067200583407,0.7166081589755663,0.692534940482623,0.9664067200583407,0.007723645810887341,274,3930,14.343065693430656
25016905B4,nominal 5x (actual ~2.5x),nominal 20x (actual ~10x),True,9792.0,10577.0,125923.1885125184,56273.51769464105,9792.0,10577.0,123875.01570889454,55249.0,0.9603386610564549,0.642998313166618,0.6174961391279891,0.9603386610564549,0.007900765300164843,165,2378,14.412121212121212
25016915B2,nominal 5x (actual ~2.5x),nominal 20x (actual ~10x),True,7552.0,19922.0,137507.18562253987,74935.51321304902,7552.0,8977.0,152982.01988761427,79385.03498861048,0.6982110325126264,0.5271165854229928,0.7549531028263441,1.4322317371602347,0.04722719155324377,193,2497,12.937823834196891
25016926B2,nominal 5x (actual ~2.5x),nominal 20x (actual ~10x),True,61921.0,8481.0,190754.0837490799,82114.51321304902,61921.0,8481.0,194723.0,79042.03498861048,0.9307951844819399,0.552261533902287,0.5455209434060538,0.9877945681847439,0.011703268715625931,292,4024,13.780821917808218
25017073B2,nominal 5x (actual ~2.5x),nominal 20x (actual ~10x),True,7680.0,6512.0,129808.0,43712.58466557912,7680.0,6512.0,129808.0,41328.06263763151,0.9359009529182494,0.6771212831238622,0.6337184541168505,0.9359009529182494,0.008204005574937306,148,2194,14.824324324324325
25017089B2,nominal 5x (actual ~2.5x),nominal 20x (actual ~10x),True,7632.0,7280.0,135108.24734299516,82224.42182350787,7632.0,7280.0,134084.00687026998,80176.01171624714,0.9648524643944973,0.7333699580045638,0.7075938112935926,0.9648524643944976,0.006627347430271136,308,4519,14.672077922077921
25017211B2,nominal 5x (actual ~2.5x),nominal 20x (actual ~10x),True,7776.0,5744.0,126176.03127290496,77794.67801740447,7776.0,5744.0,124128.00781822624,76400.02421147207,0.9636807618123652,0.769973583219914,0.7420087292527633,0.9636807618123652,0.007945818376906534,264,3869,14.655303030303031
25017218B3,nominal 5x (actual ~2.5x),nominal 20x (actual ~10x),True,7968.0,6529.0,117251.1649697126,67969.64551376339,7968.0,6529.0,117251.00824821986,66945.0,0.9833215919697097,0.7101689548865227,0.6983244672864805,0.9833215919697098,0.0035175928468340954,157,1970,12.547770700636942
25017220B2,nominal 5x (actual ~2.5x),nominal 20x (actual ~10x),True,7536.0,2224.0,130323.16578521316,85504.51321304902,7536.0,2224.0,147013.01381506165,86169.03498861048,0.8733708903801464,0.7856046202417204,0.8995085923916876,1.1449889285464239,0.048471754269786976,259,3397,13.115830115830116
25017227B2,nominal 5x (actual ~2.5x),nominal 20x (actual ~10x),True,7552.0,7120.0,125415.43321648736,73312.23760905885,7552.0,6608.0,125415.01547061489,71632.01187990162,0.9671317339948396,0.6836991831100879,0.6716302068225825,0.9823475344337773,0.006938685770814317,314,4567,14.544585987261147
25017242B2,nominal 5x (actual ~2.5x),nominal 20x (actual ~10x),True,7904.0,7728.0,131522.11718928817,73937.5021577089,7904.0,7728.0,132546.0,72913.02510542316,0.976563381796201,0.7176041554088985,0.7123521576967902,0.9926812049895172,0.004473949035425994,279,4033,14.455197132616487
25017320B2,nominal 5x (actual ~2.5x),nominal 20x (actual ~10x),True,7808.0,6448.0,123188.27269499349,70048.05294725957,7808.0,6448.0,135448.00757441268,77616.01323681489,0.8078251593597378,0.7016374441928136,0.868551116616514,1.2378916259461086,0.04624827148950874,283,4129,14.590106007067138
25017322B2,nominal 5x (actual ~2.5x),nominal 20x (actual ~10x),True,10000.0,5488.0,140242.12955465587,79409.51321304902,10000.0,5488.0,155156.00647756888,80433.03498861048,0.885002421671651,0.6936211364246233,0.7837505519074918,1.1299404109099882,0.04133381322382458,333,4954,14.876876876876876
25017338B3,nominal 5x (actual ~2.5x),nominal 20x (actual ~10x),True,7536.0,4352.0,130241.0597084548,86417.51321304902,7536.0,4352.0,130241.0149271137,84970.03498861048,0.9823615598148069,0.8358981496512834,0.8211542101377456,0.9823615598148069,0.004443065146777295,309,4511,14.598705501618124
25017341B3,nominal 5x (actual ~2.5x),nominal 20x (actual ~10x),True,7632.0,11826.0,98820.26878656067,62659.81085972851,7632.0,11826.0,98820.02879748022,62659.02895436295,0.9999819866423311,0.6143056154709173,0.6142945497641477,0.9999819866423308,3.19497507988443e-06,119,1641,13.789915966386555
25017341B4,nominal 5x (actual ~2.5x),nominal 20x (actual ~10x),True,7616.0,6401.0,101138.15159141377,49073.94304335506,7616.0,6401.0,101138.0,47025.01813159572,0.9519838423673151,0.6537836533331033,0.6223914743769884,0.951983842367315,0.008400676143959876,108,1485,13.75
25017342B2,nominal 5x (actual ~2.5x),nominal 20x (actual ~10x),True,7568.0,9617.0,92484.28430905918,61809.474074074074,7568.0,6656.0,94532.03046047674,60785.0,0.9062893723692305,0.6356930169380339,0.675177929546485,1.0621131765748184,0.01832296446633059,133,1906,14.330827067669173
25017354B5,nominal 5x (actual ~2.5x),nominal 20x (actual ~10x),True,7680.0,6624.0,100417.11411589896,58736.180918727914,7680.0,6624.0,99393.02852897474,59760.04522968198,0.9701075823203453,0.6607372937350618,0.6662792022313074,1.0083874613235737,0.0056871417062075375,119,1549,13.016806722689076
25017355B1,nominal 5x (actual ~2.5x),nominal 20x (actual ~10x),True,7856.0,1136.0,131907.17757225432,87712.51321304902,7856.0,1136.0,131907.0147972602,87712.03498861048,0.9999931641269981,0.8837648205170937,0.8837587792130169,0.9999931641269979,1.5410166370214567e-06,321,4467,13.91588785046729
25017355B4,nominal 5x (actual ~2.5x),nominal 20x (actual ~10x),True,7728.0,12017.0,121367.3137254902,63202.58918296893,7728.0,128.0,143370.02138918286,68520.02945575883,0.6270130281219359,0.5824625274134815,0.9289480461962732,1.5948631928673875,0.07195232224839052,142,1808,12.732394366197184
25017372B2,nominal 5x (actual ~2.5x),nominal 20x (actual ~10x),True,11472.0,8528.0,124769.05640630164,73232.24270003792,7888.0,8528.0,124769.0141015754,74256.0121344267,0.9542377631380843,0.5981322864926764,0.6268163691879164,1.0479560848711873,0.011095316917666905,152,1867,12.282894736842104
25017383B2,nominal 5x (actual ~2.5x),nominal 20x (actual ~10x),True,7632.0,10002.0,116675.19450424211,59298.891571859764,7632.0,10002.0,116675.01620817374,61346.04457083164,0.9601272083763845,0.6172000915358705,0.6428295209505719,1.041525316937209,0.007111381658933727,174,2570,14.770114942528735
25017499B,nominal 5x (actual ~2.5x),nominal 20x (actual ~10x),True,7552.0,9059.0,92532.2906731549,31830.405490196077,7552.0,9059.0,91508.03114228944,32853.05018131922,0.945976142788951,0.48063457237498924,0.49616626277989523,1.032314967123897,0.006778867382184483,42,597,14.214285714285714
25017500B,nominal 5x (actual ~2.5x),nominal 20x (actual ~10x),True,7920.0,7569.0,102336.0,31745.69918064768,7920.0,7569.0,100288.0,32769.07490490588,0.9394071225741164,0.5207190222687695,0.5309873940745413,1.0197196018709522,0.009999404837195299,36,489,13.583333333333334
25017515B2,nominal 5x (actual ~2.5x),nominal 20x (actual ~10x),True,8080.0,1872.0,169034.2629809488,83792.51321304902,8080.0,1872.0,170058.01792968204,84816.03498861048,0.9814177515379439,0.87645488391091,0.8930497563728083,1.0189340863591847,0.0037595965172045184,412,6028,14.631067961165048
25017518B2,nominal 5x (actual ~2.5x),nominal 20x (actual ~10x),True,7584.0,17569.0,171446.28994808873,74913.33817701454,7584.0,6928.0,169675.0,77173.0362315422,0.8091290837823835,0.6536844016159318,0.7920873905562528,1.211727537934489,0.022596307016831605,328,4794,14.615853658536585
25017538B4,nominal 5x (actual ~2.5x),nominal 20x (actual ~10x),True,7728.0,12162.0,132374.19825201904,78827.67959975495,7728.0,12162.0,131077.02124070027,76779.01306722475,0.9591824830566653,0.7331584100745066,0.7032327042491421,0.9591824830566654,0.007370385753772732,226,3081,13.632743362831858
25017539B2,nominal 5x (actual ~2.5x),nominal 20x (actual ~10x),True,14800.0,11792.0,162180.17219179397,72609.52816174953,7536.0,7696.0,160132.0184486776,71585.02640536359,0.8670187974303105,0.6939929060862572,0.7548430813716512,1.0876812641047817,0.028925747818105047,275,4009,14.578181818181818
25017539B3,nominal 5x (actual ~2.5x),nominal 20x (actual ~10x),True,48803.0,20002.0,189320.27191764032,82114.51321304902,48803.0,20002.0,189320.00522886496,84162.03498861048,0.9680854928190289,0.5075802428732871,0.5243114897416075,1.0329627622493913,0.004770122270111563,333,4823,14.483483483483484
25017589B6,nominal 5x (actual ~2.5x),nominal 20x (actual ~10x),True,7600.0,6192.0,100230.38112252494,79680.04796702268,7600.0,6192.0,101254.01905470785,79680.01199175567,0.989069526400809,0.7416724584840876,0.7498681503173988,1.0110502847174108,0.003728428806342024,153,2176,14.222222222222221
25017592B3,nominal 5x (actual ~2.5x),nominal 20x (actual ~10x),True,7856.0,6561.0,93522.16376139453,61080.67959975495,7856.0,6561.0,92498.0,62104.01306722475,0.9700544852543391,0.5956823080864623,0.5996080292616547,1.0065902933860889,0.005696029863868397,97,1178,12.144329896907216
25017711B,nominal 5x (actual ~2.5x),nominal 20x (actual ~10x),True,7696.0,0.0,136263.3921654448,85328.51321304902,7696.0,0.0,138076.01400475943,84304.03498861048,0.9744206801263087,0.8543885499456289,0.8560315888333855,1.001923058177525,0.006103285245740158,384,5679,14.7890625
25017716B2,nominal 5x (actual ~2.5x),nominal 20x (actual ~10x),True,7520.0,6544.0,118213.32678069951,72080.36312056737,7520.0,6544.0,118213.01633799222,71056.03890380426,0.9843673787512659,0.7328581821016048,0.7214016877117746,0.9843673787512659,0.0034569732208861665,218,3169,14.536697247706423
25017718B2,nominal 5x (actual ~2.5x),nominal 20x (actual ~10x),True,72145.0,11809.0,192819.08550434202,73249.51321304902,72145.0,11809.0,192147.0,71201.03498861048,0.9612754239755436,0.44067525077082104,0.42361028852024996,0.9612754239755436,0.005114166973958998,214,3188,14.897196261682243
25017730B2,nominal 5x (actual ~2.5x),nominal 20x (actual ~10x),True,7632.0,12097.0,133392.0,74402.51321304902,7632.0,12097.0,132688.0,73378.03498861048,0.9780512637687581,0.652339316297143,0.6380212927104684,0.9780512637687581,0.003823510774695514,153,2270,14.836601307189543
25017738B2,nominal 5x (actual ~2.5x),nominal 20x (actual ~10x),True,47440.0,6736.0,178865.044282996,80464.09351598173,47440.0,6736.0,177841.011070749,78560.02337899544,0.9665838893408047,0.59791503134596,0.5779350364937071,0.9665838893408047,0.005281160518879483,334,4902,14.676646706586826
25017739B2,nominal 5x (actual ~2.5x),nominal 20x (actual ~10x),True,8208.0,1152.0,118535.42212075088,79792.28381374723,8208.0,1152.0,118535.0081169346,78768.02365005312,0.9869716719186146,0.794162412049843,0.783815803595753,0.9869716719186143,0.0033468409550147325,281,4162,14.811387900355871
25017748B2,nominal 5x (actual ~2.5x),nominal 20x (actual ~10x),True,7792.0,10577.0,134787.11718928817,69265.48927585475,7792.0,10577.0,133763.0,67217.01358955303,0.9573130348641007,0.7074487080008499,0.6772498696669808,0.9573130348641008,0.007209845527705165,192,2671,13.911458333333334
25017767B2,nominal 5x (actual ~2.5x),nominal 20x (actual ~10x),True,7568.0,6465.0,115668.25852057562,72145.67959975495,7568.0,6465.0,116695.0,72145.01306722475,0.9905813577963928,0.714759607885961,0.7215411068544391,1.0094878038625261,0.0034448080792604794,210,2984,14.209523809523809
25017923B,nominal 5x (actual ~2.5x),nominal 20x (actual ~10x),True,9072.0,8112.0,112728.37697456492,49233.45586364793,9072.0,8112.0,112728.02570109096,55861.04883942766,0.8611969631213706,0.5669080133259029,0.6582750078765661,1.161167230666994,0.024533554652476794,119,1532,12.873949579831933
25017930B,nominal 5x (actual ~2.5x),nominal 20x (actual ~10x),True,7664.0,35476.0,120929.05876276828,84969.51321304902,7664.0,35476.0,121361.01469069207,82921.03498861048,0.955119423596454,0.4579741393013059,0.4406934045427911,0.9622670075107764,0.006353414854312591,115,1492,12.97391304347826
25017932B2,nominal 5x (actual ~2.5x),nominal 20x (actual ~10x),True,7856.0,13792.0,108021.2902494331,55152.06066350711,7856.0,13792.0,106997.0,53104.01516587678,0.9407628972971875,0.5434382796040979,0.5112465704225502,0.9407628972971875,0.008703299942359353,93,1261,13.559139784946236
25017948B3,nominal 5x (actual ~2.5x),nominal 20x (actual ~10x),True,7712.0,4592.0,127592.43321648736,82496.09351598173,7712.0,4592.0,125544.01547061489,82496.02337899544,0.9829119417158583,0.8053146927380219,0.7915534283314389,0.9829119417158583,0.006452024113974292,288,4183,14.524305555555555
25018002B2,nominal 5x (actual ~2.5x),nominal 20x (actual ~10x),True,7776.0,6368.0,129266.15285407213,74384.15366146459,7776.0,6368.0,126194.00764247545,75408.03841536614,0.9606177654276516,0.7711723942634755,0.7629869355456721,0.9893856953663116,0.010376436195417851,249,3688,14.811244979919678
25018050B2,nominal 5x (actual ~2.5x),nominal 20x (actual ~10x),True,11249.0,8561.0,119208.4705882353,74097.51321304902,11249.0,8561.0,118184.02352724933,73073.03498861048,0.9750269798776816,0.6171271999158509,0.6017156699343222,0.9750269798776816,0.0046037618220802256,195,2805,14.384615384615385
25018453B2,nominal 5x (actual ~2.5x),nominal 20x (actual ~10x),True,8064.0,10912.0,104865.11001289214,70977.31283095723,8064.0,10912.0,103841.02750322303,69953.02606791916,0.972548279963804,0.6625522802171996,0.6443640805113338,0.972548279963804,0.005303129004085915,168,2250,13.392857142857142
25018457B2,nominal 5x (actual ~2.5x),nominal 20x (actual ~10x),True,7856.0,4384.0,145717.16578521318,78297.52816174953,7856.0,4384.0,145717.01381506165,78297.02640536359,0.9999921092412595,0.8862043892876859,0.8861973964626552,0.9999921092412595,1.566746169143106e-06,282,4148,14.709219858156029
25018478B2,nominal 5x (actual ~2.5x),nominal 20x (actual ~10x),True,8032.0,512.0,134482.0867698565,69136.0590814678,8032.0,512.0,133458.02169246413,69136.01477036695,0.9919007879540939,0.8838103336178192,0.8766521663174852,0.9919007879540936,0.003247323737919924,229,3256,14.218340611353712
25018571B2,nominal 5x (actual ~2.5x),nominal 20x (actual ~10x),True,7664.0,5168.0,149506.08334237657,80352.61641044638,7664.0,5168.0,147458.02083559413,78635.01185240058,0.9630456695628185,0.8371653956079498,0.8062285089480798,0.9630456695628185,0.007820643696764353,339,4925,14.52802359882006
25018584B,nominal 5x (actual ~2.5x),nominal 20x (actual ~10x),True,8144.0,6576.0,144498.10789168687,67088.0,8144.0,6576.0,145522.0,68112.0,0.9760302579411883,0.6863042120954805,0.7031587458601458,1.024558400586241,0.004227788140169335,246,3393,13.792682926829269
25018592B,nominal 5x (actual ~2.5x),nominal 20x (actual ~10x),True,7552.0,21105.0,90437.31796304922,66161.33787945447,7552.0,21105.0,90437.0,65137.02815507286,0.9772622745786629,0.49812835799726907,0.48680205216854566,0.977262274578663,0.00405991820792803,98,1359,13.86734693877551
25018910B2,nominal 5x (actual ~2.5x),nominal 20x (actual ~10x),True,7712.0,6417.0,98359.47327068249,74274.71181727905,7712.0,6417.0,97335.0,72226.02541825945,0.9588485646957402,0.7349845678785979,0.7047388979839125,0.9588485646957403,0.008712252850024789,145,2088,14.4
25018956B3,nominal 5x (actual ~2.5x),nominal 20x (actual ~10x),True,7680.0,6417.0,92193.08074436209,53394.81810918775,7680.0,6417.0,92193.02018609052,52370.0,0.9781843627846186,0.6511991421245025,0.6369928178849469,0.9781843627846188,0.004345450682208639,108,1526,14.12962962962963
25019081B3,nominal 5x (actual ~2.5x),nominal 20x (actual ~10x),True,8528.0,2640.0,116390.37013669821,85184.51321304902,8528.0,2640.0,115366.02523493461,86208.03498861048,0.978485582490794,0.8329502923598908,0.8352701426141292,1.0027851004742023,0.004823680403359134,301,4444,14.764119601328904
25019094B8,nominal 5x (actual ~2.5x),nominal 20x (actual ~10x),True,7664.0,2720.0,143143.22944207932,75585.09800918837,7664.0,2720.0,143143.0,74561.02450229709,0.985943953938255,0.8269086532847352,0.8152855871653094,0.985943953938255,0.0030941565326716262,265,3900,14.716981132075471
25019102B4,nominal 5x (actual ~2.5x),nominal 20x (actual ~10x),True,10096.0,6240.0,137674.33293594886,84064.51321304902,10096.0,6240.0,139722.0,84064.03498861048,0.9841973166091063,0.765893137606726,0.778181149622775,1.0160440293987314,0.005960169471739188,312,4517,14.477564102564102
25019107B,nominal 5x (actual ~2.5x),nominal 20x (actual ~10x),True,7696.0,736.0,104162.17048481619,76993.58391940696,7696.0,736.0,105186.00852395697,75969.0,0.9763410582813226,0.7273535530090623,0.7251969578053009,0.9970350111100172,0.004936939376546063,235,3417,14.540425531914893
25019273B,nominal 5x (actual ~2.5x),nominal 20x (actual ~10x),True,8032.0,6768.0,139298.08437705997,88593.51321304902,8032.0,6768.0,139298.021094265,87569.03498861048,0.9874792453108077,0.8399745996906213,0.8294574837827426,0.9874792453108078,0.003012185418006864,379,5410,14.274406332453825
25019283B2,nominal 5x (actual ~2.5x),nominal 20x (actual ~10x),True,7680.0,7712.0,103536.03754766793,78230.40370589394,7680.0,7712.0,102512.00938691698,77206.0,0.9749454518819529,0.7633317681784375,0.7442068356625771,0.9749454518819531,0.005326091642296273,166,2178,13.120481927710843
25019284B2,nominal 5x (actual ~2.5x),nominal 20x (actual ~10x),True,8016.0,6448.0,106583.43929643929,76193.58391940696,8016.0,6448.0,105559.0,76193.0,0.9895984318262746,0.7297429529682831,0.7221524818936876,0.9895984318262744,0.003657851255234471,244,3526,14.450819672131148
25019294B1,nominal 5x (actual ~2.5x),nominal 20x (actual ~10x),True,7616.0,33364.0,67970.1617863914,65204.513213049024,7616.0,33364.0,68994.04044659785,63156.03498861048,0.9210445890437928,0.2881519473718187,0.27418738238180324,0.9515374956949493,0.00986289823757205,35,453,12.942857142857143
25019294B2,nominal 5x (actual ~2.5x),nominal 20x (actual ~10x),True,7729.0,14417.0,60202.85967858,43345.46672743847,7729.0,13905.0,60202.03069728401,44369.03889099886,0.9495796947751339,0.43204407887118573,0.4549705248920952,1.053065062437171,0.003009339906731669,38,464,12.210526315789474
25019335B6,nominal 5x (actual ~2.5x),nominal 20x (actual ~10x),True,8528.0,11728.0,97618.15744157441,74000.0,8528.0,11728.0,96594.0,72976.0,0.972249306427833,0.6408634926286335,0.6230790862231076,0.9722493064278329,0.005435287399045161,150,1992,13.28
25019339B2,nominal 5x (actual ~2.5x),nominal 20x (actual ~10x),True,7728.0,4112.0,108341.3253777715,73649.51321304902,7728.0,4112.0,106293.00903763327,74673.03498861048,0.9657167077040977,0.7032605056735308,0.6990838647219025,0.9940610329772064,0.00798711150472232,227,3354,14.775330396475772
25019339B3,nominal 5x (actual ~2.5x),nominal 20x (actual ~10x),True,7776.0,7808.0,100213.38112252494,73713.33817701454,7776.0,7808.0,98165.01905470785,74737.0362315422,0.9632106693110812,0.6684712434422185,0.6638114637031561,0.9930291994086875,0.008363422602882245,211,3018,14.303317535545023
25019352B2,nominal 5x (actual ~2.5x),nominal 20x (actual ~10x),True,7696.0,7217.0,123120.03171064041,71138.78017066233,7696.0,7217.0,122096.0079276601,70114.03900259001,0.9752392101417758,0.7251744579637412,0.7072185655995494,0.9752392101417757,0.004787788802540198,232,3152,13.586206896551724
25019376B2,nominal 5x (actual ~2.5x),nominal 20x (actual ~10x),True,7632.0,6288.0,149218.10390664637,88208.04697247707,7632.0,6288.0,150242.0,87184.01174311926,0.9804976316868296,0.8435323258824011,0.8390116616908314,0.9946407931825959,0.004018286516978985,412,6083,14.764563106796116
25019379B,nominal 5x (actual ~2.5x),nominal 20x (actual ~10x),True,13184.0,2960.0,139430.20391442877,75490.53781512605,13184.0,2960.0,138582.021847353,76514.03666571183,0.9795516624205648,0.7771966752145727,0.7828686562241175,1.0072979995803235,0.004060451479082523,219,3103,14.168949771689498
25019384B2,nominal 5x (actual ~2.5x),nominal 20x (actual ~10x),True,7680.0,6800.0,135267.1206551196,84130.51321304902,7680.0,6800.0,136291.0,82082.03498861048,0.9659636330838205,0.827487413217618,0.8120319791824485,0.9813224542291559,0.007080936022539273,226,3241,14.34070796460177
25019457B2,nominal 5x (actual ~2.5x),nominal 20x (actual ~10x),True,7680.0,13472.0,112081.10263263396,81168.05033425089,7680.0,13472.0,113105.0256581585,78096.01258356273,0.9457653846976597,0.7253709040882514,0.6992449694964699,0.9639826543296215,0.011184057593493807,192,2629,13.692708333333334
25019468B2,nominal 5x (actual ~2.5x),nominal 20x (actual ~10x),True,8192.0,6768.0,133078.21626840453,85604.51321304902,8192.0,6768.0,133078.02317091567,86628.03498861048,0.9871820478233412,0.845755282898969,0.8567342630809783,1.01298127295685,0.0032182007496839742,185,2556,13.816216216216215
25019474B2,nominal 5x (actual ~2.5x),nominal 20x (actual ~10x),True,7728.0,6816.0,129608.2810441571,78744.51321304902,7728.0,6816.0,129608.00780630604,79768.03498861048,0.985967755846832,0.7611451441563739,0.7719742870228748,1.0142274347404576,0.003242061256387815,251,3619,14.418326693227092
25019503B,nominal 5x (actual ~2.5x),nominal 20x (actual ~10x),True,62049.0,8401.0,144466.10948358817,49361.55276653171,62049.0,8401.0,142418.0,48337.0,0.9507578950343127,0.3804817778906234,0.36174605424620204,0.9507578950343128,0.0071134472677425,109,1589,14.577981651376147
25019508B4,nominal 5x (actual ~2.5x),nominal 20x (actual ~10x),True,8288.0,6753.0,114517.30946944258,64786.81085972851,8288.0,6753.0,112469.00859579611,62738.02895436295,0.9460955861909338,0.7316101702877504,0.6921731529216383,0.9460955861909339,0.010455275790012247,178,2594,14.573033707865168
25019621B2,nominal 5x (actual ~2.5x),nominal 20x (actual ~10x),True,7696.0,15457.0,111542.36742016506,76897.51321304902,7696.0,15457.0,112566.0,74849.03498861048,0.9575352527969752,0.5431498046809232,0.5302161570597156,0.9761876971882452,0.0071550397926913294,124,1765,14.233870967741936
25019621B4,nominal 5x (actual ~2.5x),nominal 20x (actual ~10x),True,8128.0,6160.0,97015.46341831348,79569.51321304902,8128.0,6160.0,98039.0,77521.03498861048,0.9613343554587643,0.7005939257885929,0.6888861901208803,0.9832888421712559,0.008314968900585945,181,2623,14.491712707182321
25019629B2,nominal 5x (actual ~2.5x),nominal 20x (actual ~10x),True,8144.0,6464.0,117235.20088935392,68961.59484579637,8144.0,6464.0,115187.01674023214,66913.04055338472,0.9490623072369728,0.7356413766071163,0.6981695021817326,0.9490623072369728,0.010065633265077645,166,2187,13.174698795180722
25019675B2,nominal 5x (actual ~2.5x),nominal 20x (actual ~10x),True,9489.0,14801.0,100727.46341831348,80146.42182350787,9489.0,14801.0,99703.0,78098.01171624714,0.9577761500883409,0.6430719876865432,0.6159190125960744,0.9577761500883409,0.008331740886317,172,2526,14.686046511627907
25019705B2,nominal 5x (actual ~2.5x),nominal 20x (actual ~10x),True,7664.0,3120.0,128528.0,74769.71181727905,7664.0,3120.0,126480.0,72721.02541825945,0.954946748815169,0.8094140517622394,0.7729473171756633,0.954946748815169,0.009325351955779942,276,4073,14.757246376811594
25019716B2,nominal 5x (actual ~2.5x),nominal 20x (actual ~10x),True,8161.0,7360.0,97800.56537102474,76304.0,8161.0,8384.0,101757.02826543005,76304.0,0.9440962626760426,0.6690222605895747,0.68817587968069,1.0286292702342017,0.014810267982774246,186,2594,13.946236559139784
25019773B3,nominal 5x (actual ~2.5x),nominal 20x (actual ~10x),True,7569.0,6513.0,103097.56537102474,52129.76684972541,7569.0,6513.0,102073.02826543005,51105.0,0.9670513059356036,0.625414472343918,0.6048078822312124,0.9670513059356036,0.005741865778030759,139,1993,14.338129496402878
25019776B2,nominal 5x (actual ~2.5x),nominal 20x (actual ~10x),True,7616.0,10304.0,116352.0,75840.19937694704,7616.0,10304.0,116352.0,74816.0,0.9843720052935002,0.683001337322505,0.6723273960382967,0.9843720052935002,0.003386091580171752,287,4229,14.735191637630662
25019790B2,nominal 5x (actual ~2.5x),nominal 20x (actual ~10x),True,8176.0,6240.0,156728.22630389943,83105.51321304902,8176.0,6240.0,158776.00628591073,81057.03498861048,0.9604627864737524,0.7983014662729938,0.7877378510620742,0.9867673859347427,0.007825795540141432,438,6505,14.851598173515981
25019806B2,nominal 5x (actual ~2.5x),nominal 20x (actual ~10x),True,7776.0,1424.0,140314.32802989855,75891.64646464646,7776.0,1424.0,142362.0,73843.0124302015,0.9580945900599146,0.7995019233724873,0.789519536094386,0.9875142423222784,0.008469192608565178,220,3141,14.277272727272727
25020232B,nominal 5x (actual ~2.5x),nominal 20x (actual ~10x),True,7520.0,6672.0,141939.10948358817,81025.51321304902,7520.0,6672.0,141939.0,81025.03498861048,0.9999927537444737,0.7606250560443429,0.7606195443608271,0.9999927537444737,1.413757136632641e-06,341,4933,14.466275659824047
25020257B2,nominal 5x (actual ~2.5x),nominal 20x (actual ~10x),True,7616.0,12673.0,132660.2614319755,81106.51321304902,7616.0,12673.0,132660.00726158734,80082.03498861048,0.9850275808612032,0.6911173183200935,0.6807696201561239,0.9850275808612032,0.003083587543356711,287,4243,14.78397212543554
25020263B2,nominal 5x (actual ~2.5x),nominal 20x (actual ~10x),True,7632.0,7072.0,152471.3372859025,85296.39490937139,7632.0,7072.0,151447.00648577436,83248.0,0.9669268674024514,0.8647558429468677,0.8361556582885812,0.9669268674024516,0.006420084586423347,348,4827,13.870689655172415
25020282B2,nominal 5x (actual ~2.5x),nominal 20x (actual ~10x),True,56674.0,1968.0,183030.21002543275,80352.51321304902,56674.0,1968.0,186297.0105008409,80816.03498861048,0.9690671645570506,0.5783718855201049,0.5968336423662356,1.0319202183030196,0.007713235473859241,342,5158,15.08187134502924
25020291B2,nominal 5x (actual ~2.5x),nominal 20x (actual ~10x),True,8928.0,16818.0,127286.23021582734,67218.51321304902,8928.0,15857.0,125238.02466518932,68242.03498861048,0.9460872995514682,0.5454775079702344,0.5571444549473249,1.0213885023793268,0.006723462633266848,159,2136,13.433962264150944
25020353B2,nominal 5x (actual ~2.5x),nominal 20x (actual ~10x),True,11633.0,19408.0,108311.35461975343,68928.0,11633.0,13984.0,108311.01772975968,66880.0,0.8640042753916826,0.5514862907108108,0.5890815262787806,1.0681707527480209,0.02710999499517953,94,1279,13.606382978723405
25020556B4,nominal 5x (actual ~2.5x),nominal 20x (actual ~10x),True,7728.0,10865.0,104100.30095518002,72033.42472003319,7728.0,10865.0,102052.0,68961.0,0.9295845924156207,0.7016286013949662,0.6522231374548816,0.9295845924156206,0.013834634260487035,152,2208,14.526315789473685
25020573B3,nominal 5x (actual ~2.5x),nominal 20x (actual ~10x),True,15137.0,3888.0,142268.36973669592,80217.51321304902,15137.0,3888.0,144556.00710972867,80217.03498861048,0.9823177456207518,0.7673366092019697,0.7811393843802219,1.0179879012844273,0.006780905198967921,286,4278,14.958041958041958
25020714B2,nominal 5x (actual ~2.5x),nominal 20x (actual ~10x),True,7856.0,1056.0,164868.21566975568,84768.19937694704,7856.0,1056.0,163128.00599054617,82720.0,0.9647207452662387,0.9356641286693965,0.9026545955288261,0.9647207452662387,0.007085230131188915,515,7718,14.986407766990292
25020714B4,nominal 5x (actual ~2.5x),nominal 20x (actual ~10x),True,7888.0,6800.0,143816.24734299516,82706.51321304902,7888.0,6800.0,142792.00687026998,81682.03498861048,0.9790699647413349,0.788406757708807,0.7719053764717918,0.9790699647413349,0.0041871688049390406,340,4936,14.51764705882353
25020717B2,nominal 5x (actual ~2.5x),nominal 20x (actual ~10x),True,7584.0,3056.0,132642.0867698565,86049.51321304902,7584.0,3056.0,135714.02169246413,85025.03498861048,0.9642621115307506,0.8346896937398176,0.8446364972127898,1.011916768048741,0.009716966827839468,219,3029,13.831050228310502
25020760B3,nominal 5x (actual ~2.5x),nominal 20x (actual ~10x),True,11552.0,0.0,145154.11082251082,80240.51321304902,11552.0,0.0,143106.0,80472.03498861048,0.9818804356853259,0.8258362808825015,0.815522565875859,0.987511186847324,0.005993430356125777,319,4559,14.29153605015674
25020799B3,nominal 5x (actual ~2.5x),nominal 20x (actual ~10x),True,7632.0,5552.0,158997.15332401678,78665.53781512605,7632.0,5552.0,158901.01277668256,78665.03666571183,0.9993579935442123,0.8240049050827616,0.8234758886140977,0.9993579935442123,0.0002657742067079541,324,4645,14.33641975308642
25020799B5,nominal 5x (actual ~2.5x),nominal 20x (actual ~10x),True,7824.0,7408.0,146247.21722528638,79736.51321304902,7824.0,7408.0,145223.0,79736.03498861048,0.9925942648508342,0.7558689991462144,0.7502712335310726,0.9925942648508342,0.0029339181709099357,282,3920,13.900709219858156
25021120B4,nominal 5x (actual ~2.5x),nominal 20x (actual ~10x),True,8448.0,1712.0,132646.21626840453,77264.51321304902,8448.0,1712.0,132982.02317091567,79176.03498861048,0.9726937839057339,0.8060594566234361,0.8286877843372269,1.0280727774208869,0.0061023273711585954,281,4056,14.434163701067616
25021164B2,nominal 5x (actual ~2.5x),nominal 20x (actual ~10x),True,10448.0,3392.0,144058.30982506328,81216.51321304902,10448.0,3392.0,145082.0211232741,80208.03498861048,0.9796330332223583,0.8142881107996432,0.8098944323476387,0.9946042704127291,0.004229392001575817,355,5257,14.808450704225352
25021171B2,nominal 5x (actual ~2.5x),nominal 20x (actual ~10x),True,10176.0,14848.0,91668.29610046266,75696.05033425089,10176.0,14848.0,90644.0317237391,72624.01258356273,0.9375786780910609,0.6292326513539281,0.5899551174681492,0.9375786780910608,0.01280046885069278,136,1875,13.786764705882353
25021196B2,nominal 5x (actual ~2.5x),nominal 20x (actual ~10x),True,7888.0,6432.0,107733.3253777715,60817.180918727914,7888.0,6432.0,106709.00903763327,59793.04522968198,0.9711030043951467,0.705573692513451,0.6851847326219899,0.9711030043951469,0.0054823116093567,120,1453,12.108333333333333
25021197B2,nominal 5x (actual ~2.5x),nominal 20x (actual ~10x),True,9296.0,5904.0,133324.41495889777,82081.51321304902,9296.0,5904.0,130263.01481867385,80033.03498861048,0.9490898418702342,0.7785952183600148,0.738956812674227,0.9490898418702343,0.011248233155820941,228,3106,13.62280701754386
25021260B2,nominal 5x (actual ~2.5x),nominal 20x (actual ~10x),True,10464.0,4768.0,137541.1704015975,78401.51321304902,10464.0,4768.0,138565.0141997393,78472.03498861048,0.991058351351626,0.7388871258978761,0.7455536042758395,1.00902232309145,0.0030389268803651536,260,3839,14.765384615384615
25021277B3,nominal 5x (actual ~2.5x),nominal 20x (actual ~10x),True,7712.0,6736.0,112167.38276471388,66576.0,7712.0,6736.0,110119.02609582059,68624.0,0.9485625728295555,0.6706739146869892,0.6800255148273474,1.0139435870928761,0.01020871428860823,121,1635,13.512396694214877
25021277B4,nominal 5x (actual ~2.5x),nominal 20x (actual ~10x),True,7584.0,6368.0,116713.37013669821,59234.233629933835,7584.0,6368.0,115689.02523493461,59234.0,0.9906091032568806,0.675731345658692,0.6693856223655221,0.9906091032568806,0.0036454819773206262,89,1059,11.898876404494382
25021291B2,nominal 5x (actual ~2.5x),nominal 20x (actual ~10x),True,7520.0,4384.0,133090.0867698565,76864.0,7520.0,4384.0,136162.02169246413,77008.0,0.9741848176387109,0.7561445157135004,0.7761817901723103,1.0264992657387757,0.00930978803002731,267,3862,14.464419475655431
25021419B1,nominal 5x (actual ~2.5x),nominal 20x (actual ~10x),True,7808.0,2800.0,182152.32964202936,79369.58391940696,7808.0,2800.0,182152.01648104037,76297.0,0.9598702803516077,0.8506880725565448,0.8165501986966193,0.9598702803516075,0.007511356475976434,317,4554,14.365930599369085
25021421B2,nominal 5x (actual ~2.5x),nominal 20x (actual ~10x),True,7664.0,848.0,148209.07903673974,76368.19937694704,7664.0,848.0,148209.01975918494,74320.0,0.9728783771486855,0.8307150325916074,0.8081846927807403,0.9728783771486855,0.005823447461371264,337,4940,14.658753709198812
25021474B,nominal 5x (actual ~2.5x),nominal 20x (actual ~10x),True,7600.0,5552.0,123248.03381323471,82481.51321304902,7600.0,5552.0,121200.00845330868,81457.03498861048,0.969209607665833,0.8364597908816729,0.810704865748671,0.969209607665833,0.00765306589515806,171,2233,13.058479532163743
25021481B2,nominal 5x (actual ~2.5x),nominal 20x (actual ~10x),True,7536.0,11489.0,107128.4742091764,72929.46451612902,7536.0,11489.0,106104.00911843278,70881.0129019252,0.9567159556359419,0.686509387558259,0.6567944847708449,0.9567159556359419,0.00832749364162122,170,2451,14.41764705882353
25021487B,nominal 5x (actual ~2.5x),nominal 20x (actual ~10x),True,9760.0,2992.0,119286.23021582734,74744.53781512605,9760.0,2992.0,118262.02466518932,75768.03666571183,0.9768450656382275,0.7530634102344651,0.7566628001525892,1.0047796637961781,0.004822927521167705,240,3366,14.025
25021538B2,nominal 5x (actual ~2.5x),nominal 20x (actual ~10x),True,10881.0,6720.0,132715.39157547947,84305.51321304902,10881.0,6720.0,129643.00752963322,87377.03498861048,0.9385626740535756,0.7916110593551914,0.8021971229859841,1.0133728091664302,0.01341872339764933,269,3677,13.66914498141264
25021554B2,nominal 5x (actual ~2.5x),nominal 20x (actual ~10x),True,11120.0,7264.0,125034.36742016506,79800.51321304902,11120.0,7264.0,126554.0,79800.03498861048,0.9868290649492065,0.7034102004304194,0.7127890852611313,1.0133334501333262,0.0047480549830235036,270,3937,14.58148148148148
25021555B2,nominal 5x (actual ~2.5x),nominal 20x (actual ~10x),True,7648.0,6593.0,100064.0,51649.880423280425,7648.0,6593.0,100064.0,51730.01692785823,0.9982245945781953,0.6440309204996048,0.6451763701251453,1.001778563092362,0.000326257357289768,56,654,11.678571428571429
25021558B2,nominal 5x (actual ~2.5x),nominal 20x (actual ~10x),True,7680.0,6337.0,100627.19271303824,42515.13238546604,7680.0,6337.0,99603.00963528924,42514.040432756854,0.9889511718446038,0.6246394198667361,0.6177378862575422,0.9889511718446038,0.0043496707702989565,79,1047,13.253164556962025
25021575B4,nominal 5x (actual ~2.5x),nominal 20x (actual ~10x),True,7728.0,7120.0,94929.12331406551,48080.21993127148,7728.0,7120.0,92881.03082851638,47056.05498281787,0.9520963769536673,0.6414830154012534,0.610753654840847,0.9520963769536673,0.010021679223096073,95,1255,13.210526315789474
25021622B4,nominal 5x (actual ~2.5x),nominal 20x (actual ~10x),True,7697.0,8593.0,98856.53862338443,61841.757224118315,7697.0,8593.0,99880.01923438146,62482.01455951772,0.9771481731525969,0.6481754341831681,0.6633338238682307,1.023386245275039,0.004730218056172556,139,1976,14.215827338129497
25021640B3,nominal 5x (actual ~2.5x),nominal 20x (actual ~10x),True,8336.0,6784.0,137209.28965829374,84641.51321304902,8336.0,6784.0,135161.01448209537,87546.03498861048,0.9492565328500153,0.8080707688878032,0.8248939687118454,1.0208189684267344,0.010675658303649659,392,5874,14.98469387755102
25021658B3,nominal 5x (actual ~2.5x),nominal 20x (actual ~10x),True,7920.0,6160.0,131596.41495889777,67457.38257899231,7920.0,6160.0,130572.01481867385,66433.04098841864,0.9751444928086336,0.7318540640541241,0.713663460101996,0.9751444928086335,0.004607132656185358,245,3291,13.43265306122449
25021662B2,nominal 5x (actual ~2.5x),nominal 20x (actual ~10x),True,46001.0,4352.0,169636.11639538055,78024.51321304902,46001.0,4352.0,169636.00581963672,75976.03498861048,0.9721939405403301,0.58956463388392,0.5731711646188253,0.9721939405403304,0.00520850354616126,243,3524,14.502057613168724
25021665B2,nominal 5x (actual ~2.5x),nominal 20x (actual ~10x),True,7552.0,5872.0,137899.40324032403,78888.51321304902,7552.0,5872.0,137899.01440022502,79912.03498861048,0.9861732023674935,0.7621620796261224,0.772843514722237,1.0140146504026473,0.003061832327072536,167,1990,11.916167664670658
25021665B3,nominal 5x (actual ~2.5x),nominal 20x (actual ~10x),True,7840.0,6177.0,145075.11391700967,80605.74231587087,7840.0,6177.0,144307.0,78557.03711041315,0.9670312713161477,0.8578696930384669,0.829586819882582,0.9670312713161475,0.0065922285382560555,242,2896,11.96694214876033
25021667B2,nominal 5x (actual ~2.5x),nominal 20x (actual ~10x),True,7648.0,7120.0,134485.17757225432,79891.19937694704,7648.0,7120.0,132437.0147972602,81939.0,0.957347060330839,0.8114935041702057,0.8208564231476131,1.0115378853056642,0.008996617766296825,244,3355,13.75
25021668B2,nominal 5x (actual ~2.5x),nominal 20x (actual ~10x),True,7744.0,6864.0,108736.0,78746.57164123558,7744.0,6208.0,114752.0,77722.0,0.9226470940375013,0.7346270983770168,0.7743970372929859,1.0541362263981704,0.021760062390537977,174,2528,14.528735632183908
25021672B,nominal 5x (actual ~2.5x),nominal 20x (actual ~10x),True,7696.0,6432.0,89377.08407224959,59136.180918727914,7696.0,6432.0,90401.0210180624,59136.04522968198,0.9876168989386832,0.6504344159057786,0.6585864298207927,1.0125331835395917,0.00431025684217173,73,987,13.520547945205479
25021735B5,nominal 5x (actual ~2.5x),nominal 20x (actual ~10x),True,7616.0,6529.0,120705.06432160804,68346.7216349542,7616.0,256.0,121633.01608040201,68346.0,0.9004735594146157,0.8057375336309296,0.894773255286741,1.1105021398898793,0.021954176842441032,156,2142,13.73076923076923
25021890B4,nominal 5x (actual ~2.5x),nominal 20x (actual ~10x),True,7568.0,6705.0,95716.27930174564,67954.71631510978,7568.0,6705.0,95974.02992402104,66930.0137730672,0.9804511526283725,0.7073410097374655,0.6975409579211871,0.986145223193102,0.00416788847871326,106,1454,13.716981132075471
25021890B6,nominal 5x (actual ~2.5x),nominal 20x (actual ~10x),True,9552.0,2800.0,134069.17528243753,78858.58391940696,9552.0,2800.0,134069.01460645307,78858.0,0.9999910323855995,0.80229839607188,0.8022912013692297,0.9999910323855994,1.8515256648783712e-06,284,3970,13.97887323943662
25021893B2,nominal 5x (actual ~2.5x),nominal 20x (actual ~10x),True,7696.0,1088.0,135171.20391442877,73856.0,7696.0,1088.0,135190.021847353,71808.0,0.9717163528288857,0.7930392870633842,0.7708335735713828,0.9719992264516567,0.006267963534945578,317,4645,14.652996845425868
25021894B2,nominal 5x (actual ~2.5x),nominal 20x (actual ~10x),True,16112.0,6096.0,128359.24311490978,78170.59964864337,11440.0,6096.0,131159.0,78170.0,0.9375819002848488,0.7321261017880221,0.7808537040131052,1.0665562969358406,0.005933668480701238,250,3640,14.56
25021894B3,nominal 5x (actual ~2.5x),nominal 20x (actual ~10x),True,7584.0,7808.0,107990.39628482972,70513.51321304902,7584.0,6240.0,113930.02701751917,76360.03498861048,0.844313459929576,0.6306240804975918,0.7469075295213133,1.1843942415455628,0.02547714965730454,195,2791,14.312820512820513
25021901B2,nominal 5x (actual ~2.5x),nominal 20x (actual ~10x),True,7712.0,5280.0,131376.0303425388,79984.23760905885,7712.0,5280.0,133424.0075856347,79012.01187990162,0.9711125539311126,0.7939355241310279,0.796580088629672,1.003330956253077,0.007077147998743728,318,4812,15.132075471698114
25021911B2,nominal 5x (actual ~2.5x),nominal 20x (actual ~10x),True,7488.0,4272.0,141801.28965829374,81153.51321304902,7488.0,4272.0,141801.01448209537,80129.03498861048,0.9866725615201895,0.8316237104833922,0.820540296643573,0.9866725615201895,0.0030772791204763663,299,4120,13.779264214046822
25021918B4,nominal 5x (actual ~2.5x),nominal 20x (actual ~10x),True,7664.0,4800.0,138427.36973669592,78802.14323013801,7664.0,4800.0,137403.00710972867,77778.0358075345,0.9784358088192285,0.7831022604768291,0.7662152936178123,0.9784358088192283,0.004320080023750429,288,4212,14.625
25021922B2,nominal 5x (actual ~2.5x),nominal 20x (actual ~10x),True,7568.0,0.0,145410.08113247412,80208.51321304902,7568.0,0.0,146370.02028311853,81232.03498861048,0.9805712755318211,0.8313766975058996,0.8478493284998538,1.0198136789777383,0.004007671766493129,423,6173,14.59338061465721
25021973B2,nominal 5x (actual ~2.5x),nominal 20x (actual ~10x),True,7696.0,3376.0,133197.43321648738,78320.24270003792,7696.0,3376.0,132477.0154706149,79344.0121344267,0.980936604524997,0.8419226285824194,0.8485247203977497,1.0078416847239828,0.00398695680241759,273,3837,14.054945054945055
25022013B,nominal 5x (actual ~2.5x),nominal 20x (actual ~10x),True,7696.0,4464.0,127075.12606179983,78757.33817701454,7696.0,4464.0,128099.0,77733.0362315422,0.9779409103958353,0.8047828422792672,0.8004942706417527,0.9946711442985431,0.0046663130818811885,169,2339,13.840236686390533
25022019B2,nominal 5x (actual ~2.5x),nominal 20x (actual ~10x),True,7713.0,6624.0,88601.59347574101,58432.124665205745,7713.0,6624.0,87577.02119293017,56384.031166301436,0.9483019883020848,0.6599018094122774,0.625786197949806,0.9483019883020847,0.009798013087918155,112,1494,13.339285714285714
25022038B2,nominal 5x (actual ~2.5x),nominal 20x (actual ~10x),True,7697.0,6465.0,100009.53862338443,56722.94674556213,7697.0,6465.0,100009.01923438146,56722.04732852653,0.9999764776655599,0.6712545635495482,0.6712387740752098,0.9999764776655599,4.16432252700797e-06,111,1581,14.243243243243244
25022262B2,nominal 5x (actual ~2.5x),nominal 20x (actual ~10x),True,7648.0,8769.0,137477.25419240954,66514.64551376339,7648.0,8769.0,138501.00706051078,66514.0,0.9921653094402949,0.6787671990417512,0.6841118881466285,1.0078741122323274,0.0031247841760504353,242,3520,14.545454545454545
25022278B2,nominal 5x (actual ~2.5x),nominal 20x (actual ~10x),True,7552.0,4641.0,127606.40349175558,49697.94674556213,7552.0,4641.0,125558.00775875132,49905.04732852653,0.9785168383717946,0.6314080848663178,0.6234875530100077,0.9874557642732954,0.006999059684156486,201,2839,14.124378109452737
25022330B2,nominal 5x (actual ~2.5x),nominal 20x (actual ~10x),True,7776.0,208.0,146426.30149892933,70978.15366146459,7776.0,208.0,146426.02055564476,73026.03841536614,0.9718747694222907,0.8209932847590713,0.8447487580348008,1.0289350396851304,0.006040883154666168,269,3644,13.546468401486988
25022343B3,nominal 5x (actual ~2.5x),nominal 20x (actual ~10x),True,7552.0,5824.0,128908.40909649662,78406.38467317806,7552.0,5824.0,129932.00786651508,78406.0,0.9916306872760077,0.7942810882706425,0.8009763257715865,1.0084293049397932,0.0032897886660575005,268,3850,14.365671641791044
25022344B2,nominal 5x (actual ~2.5x),nominal 20x (actual ~10x),True,7632.0,1280.0,147979.33293594886,81841.51321304902,7632.0,1280.0,147931.0,81841.03498861048,0.9996496850388484,0.8721810000417896,0.8718754619886427,0.9996496850388484,0.00014069014789910045,419,6174,14.735083532219571
25022354B2,nominal 5x (actual ~2.5x),nominal 20x (actual ~10x),True,8272.0,5840.0,140253.41392691602,86449.51321304902,8272.0,6864.0,141277.02069467274,85425.03498861048,0.9672763831358553,0.8162407920687407,0.8016678209539604,0.9821462352085522,0.0029674936593313914,312,4538,14.544871794871796
25022406B2,nominal 5x (actual ~2.5x),nominal 20x (actual ~10x),True,8272.0,6497.0,132141.43321648738,68801.7216349542,8272.0,6497.0,132141.0154706149,68801.0,0.9999850452218881,0.855767979089638,0.8557551812693953,0.999985045221888,2.8002957141190878e-06,217,3157,14.548387096774194
25022458B2,nominal 5x (actual ~2.5x),nominal 20x (actual ~10x),True,7696.0,5984.0,136609.05876276828,78523.67801740447,7696.0,5984.0,136929.01469069207,76475.02421147207,0.9694200604350016,0.7929751624300431,0.7724926288868024,0.9741700187929307,0.006357808124893608,327,4696,14.36085626911315
25022584B2,nominal 5x (actual ~2.5x),nominal 20x (actual ~10x),True,7616.0,6992.0,131239.25409429282,66948.33787945447,7616.0,6992.0,129191.0,66948.02815507287,0.9834264018905265,0.7900745401242237,0.7769801622196777,0.9834264018905265,0.0069165977981618595,210,2946,14.028571428571428
25022584B3,nominal 5x (actual ~2.5x),nominal 20x (actual ~10x),True,7888.0,7185.0,101843.22654867257,47250.97736569403,7888.0,7185.0,108837.01887835994,59100.03489877991,0.7182926669205588,0.5912735878932457,0.8231652850197326,1.3921901838246071,0.05577626587987179,80,1145,14.3125
25022613B2,nominal 5x (actual ~2.5x),nominal 20x (actual ~10x),True,7760.0,6608.0,91622.50138730211,64753.57104617444,7760.0,6608.0,91622.0,63729.02854912457,0.9823738250888963,0.6932887710341079,0.6810687418919565,0.9823738250888963,0.004216693737205381,115,1531,13.31304347826087
25023016B6,nominal 5x (actual ~2.5x),nominal 20x (actual ~10x),True,8048.0,5520.0,143111.22316661218,78953.53781512605,8048.0,5520.0,144135.0,77929.03666571183,0.9787333146147372,0.8061401368518478,0.8009186254313777,0.993522824157024,0.004283470168266289,362,5337,14.743093922651934
25023174B2,nominal 5x (actual ~2.5x),nominal 20x (actual ~10x),True,20273.0,2704.0,144487.22316661218,82457.51321304902,20273.0,2704.0,143767.0,81433.03498861048,0.9814306912117126,0.7683647278317838,0.7540967259386467,0.9814306912117123,0.0036598223298033384,120,1416,11.8
25023184B2,nominal 5x (actual ~2.5x),nominal 20x (actual ~10x),True,20960.0,6192.0,164755.0955134782,88161.51321304902,20960.0,6192.0,163731.0,87088.03498861048,0.979875293639672,0.782567250026458,0.7668183139124661,0.979875293639672,0.0038494516898306126,394,5792,14.700507614213198
25023327B3,nominal 5x (actual ~2.5x),nominal 20x (actual ~10x),True,48400.0,25265.0,120033.06050579059,55697.19228843265,48400.0,25265.0,121057.01512644764,55697.04807210816,0.9859024032355554,0.25194102752254827,0.25554117289971284,1.0142896352077566,0.003419598739402861,38,510,13.421052631578947
25023573B,nominal 5x (actual ~2.5x),nominal 20x (actual ~10x),True,10097.0,4400.0,118764.46120190452,78769.51321304902,10097.0,4400.0,118300.01646990703,77032.03498861048,0.9724630772021007,0.7401833558451677,0.7198009839189693,0.9724630772021007,0.005907337204914296,191,2681,14.036649214659686
25023590B3,nominal 5x (actual ~2.5x),nominal 20x (actual ~10x),True,10960.0,2752.0,116246.26226149315,76680.51321304902,10960.0,2752.0,118294.0,76680.03498861048,0.9809155923134487,0.7094652258498826,0.7232591063899684,1.019442645019792,0.006704370679331221,222,2995,13.49099099099099
25023590B4,nominal 5x (actual ~2.5x),nominal 20x (actual ~10x),True,9105.0,112.0,109175.50083845724,69206.44804200393,9105.0,112.0,108316.01788521327,70230.0,0.9770615365631256,0.8255190578255681,0.8305529097420895,1.0060978021873663,0.004918236481816475,166,2256,13.590361445783133
25023687B2,nominal 5x (actual ~2.5x),nominal 20x (actual ~10x),True,9664.0,0.0,120250.37013669821,81920.51321304902,7712.0,0.0,120250.02523493461,80896.03498861048,0.9705734656251197,0.8475302005394889,0.8517015565926258,1.0049217786581313,0.0073445270174845095,234,3293,14.072649572649572
25023687B3,nominal 5x (actual ~2.5x),nominal 20x (actual ~10x),True,7920.0,7920.0,99910.35020519835,44546.227286179346,7920.0,7920.0,98886.00972718291,43522.05682154484,0.9612133085641534,0.5919502200085062,0.5689904294796547,0.9612133085641533,0.006119863546264912,88,1213,13.784090909090908
25023687B4,nominal 5x (actual ~2.5x),nominal 20x (actual ~10x),True,7728.0,6368.0,91656.50138730211,47328.233629933835,7728.0,6368.0,90632.0,48610.0,0.9581750559146446,0.4999592963818768,0.5093105964157233,1.01870412271863,0.006806134596076911,64,882,13.78125
25023690B3,nominal 5x (actual ~2.5x),nominal 20x (actual ~10x),True,7632.0,9520.0,119441.06641587755,75090.39490937139,7632.0,9520.0,116369.01660396939,74066.0,0.9573305679083371,0.7162512375257383,0.6856892039855644,0.9573305679083373,0.010891588236103278,170,2315,13.617647058823529
25023814B,nominal 5x (actual ~2.5x),nominal 20x (actual ~10x),True,15665.0,4432.0,156412.34119335658,83776.51321304902,15665.0,4432.0,156412.00656090621,82752.03498861048,0.9870858816574687,0.81490847769932,0.8043846531799788,0.9870858816574685,0.0028604039169422566,287,4032,14.048780487804878
25023828B,nominal 5x (actual ~2.5x),nominal 20x (actual ~10x),True,13569.0,4704.0,126586.3647195959,75281.51321304902,13569.0,3232.0,123578.02486563491,76305.03498861048,0.9409950055608238,0.735309148446616,0.7410438400052928,1.0077990210930894,0.010033651195899176,256,3791,14.80859375
25023846B4,nominal 5x (actual ~2.5x),nominal 20x (actual ~10x),True,7616.0,20258.0,130754.1484057971,85779.51321304902,7616.0,19394.0,131778.00742007478,84755.03498861048,0.9636639148690844,0.6658438020410377,0.669735731456097,1.00584510872239,0.006566566803213023,211,3119,14.781990521327014
25023869B3,nominal 5x (actual ~2.5x),nominal 20x (actual ~10x),True,0.0,3440.0,126837.1885125184,80040.51321304902,0.0,3440.0,131072.01570889456,77992.03498861048,0.9426269547180258,0.8487463918131811,0.8536289507196578,1.005752671179015,0.014964188479622444,136,1964,14.441176470588236
25023869B4,nominal 5x (actual ~2.5x),nominal 20x (actual ~10x),True,28529.0,5520.0,139108.22316661218,82630.51321304902,25457.0,5520.0,140132.0,82630.03498861048,0.9642778449492617,0.6613531060264468,0.6858449075032045,1.0370328667901927,0.005985850914219652,202,2761,13.668316831683168
25023930B2,nominal 5x (actual ~2.5x),nominal 20x (actual ~10x),True,10768.0,9088.0,115828.24150943397,65841.37667831525,10768.0,9088.0,113780.02587513898,63793.0,0.9451154218546666,0.5772465607421874,0.5455646267700079,0.9451154218546668,0.00984005210829164,138,1892,13.710144927536232
25023934B2,nominal 5x (actual ~2.5x),nominal 20x (actual ~10x),True,7600.0,0.0,125201.06235537694,77824.51321304902,7600.0,0.0,125201.01558884424,79872.03498861048,0.9743645954301883,0.7934063221717025,0.8142800990017254,1.0263090628933829,0.006478779708680475,359,5427,15.116991643454039
25023935B2,nominal 5x (actual ~2.5x),nominal 20x (actual ~10x),True,9648.0,6512.0,96610.15744157441,52896.45586364793,9648.0,6512.0,97634.0,52896.04883942766,0.9883550022400285,0.6161893744155269,0.6234385639211918,1.0117645480539825,0.0042098257444362994,130,1863,14.330769230769231
25023936B2,nominal 5x (actual ~2.5x),nominal 20x (actual ~10x),True,7825.0,9248.0,102424.54522220645,83632.04697247707,7825.0,9248.0,103448.02725820763,82608.01174311926,0.9758209718019515,0.7159981658623299,0.7137809268977927,0.9969032896028905,0.005080080699914848,235,3380,14.382978723404255
25023961B2,nominal 5x (actual ~2.5x),nominal 20x (actual ~10x),True,10272.0,30003.0,89572.2446639057,74616.51321304902,10272.0,27011.0,91765.02038784693,73592.03498861048,0.8915088702472658,0.4011108058657998,0.43038086966427563,1.0729725137553854,0.017149345646212764,49,622,12.693877551020408
25023972B3,nominal 5x (actual ~2.5x),nominal 20x (actual ~10x),True,41008.0,4800.0,170288.0,77153.51321304902,41008.0,4800.0,170288.0,76129.03498861048,0.9858406568120347,0.603377751202668,0.5948343185514067,0.9858406568120347,0.0025977297502113657,267,3897,14.595505617977528
25023977B2,nominal 5x (actual ~2.5x),nominal 20x (actual ~10x),True,11377.0,4976.0,121837.47659574468,81792.04697247707,11377.0,4976.0,121053.01701957916,79744.01174311926,0.9664260665453507,0.8086285081902411,0.7814796684667296,0.9664260665453506,0.0073789228018905865,200,2514,12.57
25024142B2,nominal 5x (actual ~2.5x),nominal 20x (actual ~10x),True,8048.0,208.0,129656.2899207248,64802.577996715925,8048.0,1232.0,127608.00805284681,65826.03940482298,0.9527298501396331,0.7923494663740197,0.7789972110651288,0.9831485274168303,0.009708246550165741,131,1713,13.076335877862595
25024243B2,nominal 5x (actual ~2.5x),nominal 20x (actual ~10x),True,16144.0,6720.0,147984.0,83249.51321304902,16144.0,6720.0,149808.0,82225.03498861048,0.9733276165725379,0.7241402769288166,0.7243307542780059,1.0002630392967469,0.005767596412848095,281,4146,14.754448398576512
25024254B2,nominal 5x (actual ~2.5x),nominal 20x (actual ~10x),True,8992.0,6400.0,138608.0,85879.51321304902,8992.0,6400.0,140656.0,86903.03498861048,0.9719289419408254,0.8101024218933749,0.8334996386419954,1.028881800765311,0.0067589909857368475,135,1785,13.222222222222221
25024302B4,nominal 5x (actual ~2.5x),nominal 20x (actual ~10x),True,8352.0,7857.0,97590.44325515504,72466.78017066233,8352.0,112.0,101898.03021956403,71442.03900259001,0.8388757879949781,0.7200457822136137,0.8333120954021364,1.157304321456216,0.03798718898497421,166,2287,13.77710843373494
25024310B3,nominal 5x (actual ~2.5x),nominal 20x (actual ~10x),True,28176.0,8177.0,177203.08924525013,74529.59964864337,28176.0,8177.0,176947.0,77338.0,0.9578115011199433,0.6570084531038013,0.6836398051078052,1.0405342608275336,0.00701294866681027,405,5984,14.77530864197531
25024431B,nominal 5x (actual ~2.5x),nominal 20x (actual ~10x),True,9152.0,7024.0,108305.09930178433,71600.1029559622,9152.0,7024.0,114194.02482544609,76625.02573899055,0.8757888296790163,0.6502705552444399,0.7424969732518389,1.1418277627113698,0.026309569757646388,196,2750,14.03061224489796
25024433B2,nominal 5x (actual ~2.5x),nominal 20x (actual ~10x),True,7632.0,5504.0,103587.1827005424,78626.51321304902,7632.0,5504.0,103587.00913470116,79650.03498861048,0.9861941071357736,0.7128541868208452,0.7228309524585069,1.0139955208542095,0.003593982393808743,177,2336,13.19774011299435
25024688B2,nominal 5x (actual ~2.5x),nominal 20x (actual ~10x),True,7648.0,16146.0,110579.20770791075,81874.51321304902,7648.0,16146.0,111603.01730840742,81682.03498861048,0.9872803486974012,0.6511954219424771,0.6557466478879826,1.0069890324657527,0.003535067328144435,171,2465,14.415204678362572
25024695B2,nominal 5x (actual ~2.5x),nominal 20x (actual ~10x),True,7600.0,6544.0,113878.37697456492,41649.505263157895,7600.0,6544.0,112854.02570109096,40625.04210180084,0.9614604845979232,0.6416415115741535,0.6169129586562296,0.9614604845979233,0.005613027061620845,124,1743,14.056451612903226
25024698B4,nominal 5x (actual ~2.5x),nominal 20x (actual ~10x),True,7712.0,6656.0,129047.45654500059,77793.57799671593,7712.0,6656.0,128023.02282521474,76769.03940482298,0.9772763968168307,0.8225877565022088,0.8038955987401193,0.9772763968168309,0.00465743211385325,311,4574,14.707395498392282
25024709B2,nominal 5x (actual ~2.5x),nominal 20x (actual ~10x),True,7632.0,1200.0,132113.05640630165,77617.51321304902,7632.0,1200.0,133137.01410157542,79625.03498861048,0.9664521756035318,0.7459651050144631,0.7718593054525658,1.0347123481568226,0.006639417448057951,239,3587,15.00836820083682
25024732B2,nominal 5x (actual ~2.5x),nominal 20x (actual ~10x),True,7712.0,6944.0,113893.30946944258,68384.57104617443,7712.0,6944.0,112869.00859579611,69408.02854912457,0.9742805872759503,0.7633725857378122,0.7686018977377177,1.0068502748167873,0.00520627747697919,192,2729,14.213541666666666
25024765B2,nominal 5x (actual ~2.5x),nominal 20x (actual ~10x),True,8080.0,2896.0,139152.11082251082,80720.51321304902,8080.0,2896.0,141091.0,80649.03498861048,0.9845312069702686,0.785802936455762,0.7966945563735015,1.0138604978582344,0.0056417351943939655,375,5583,14.888
25024855B3,nominal 5x (actual ~2.5x),nominal 20x (actual ~10x),True,7488.0,16529.0,119888.03171064041,65937.37356681259,7488.0,16529.0,117840.0079276601,68753.04002292981,0.9297597689533266,0.5601178151965055,0.5812501792614185,1.0377284269337141,0.01158603692004813,126,1763,13.992063492063492
25024855B4,nominal 5x (actual ~2.5x),nominal 20x (actual ~10x),True,7520.0,8160.0,122708.27722295752,71648.15366146459,7520.0,8160.0,121684.00770017445,71648.03841536614,0.9911060675416996,0.6876473851532534,0.6815314957545735,0.9911060675416997,0.0033002943057908736,157,1867,11.89171974522293
25024875B2,nominal 5x (actual ~2.5x),nominal 20x (actual ~10x),True,7681.0,4672.0,40449.94304335506,70208.1029559622,7681.0,4672.0,41473.01813159572,71232.02573899055,0.9548066511731971,0.4778835365057033,0.5005029404838296,1.0473324612593269,0.007417034879705499,76,1097,14.43421052631579
25024878B3,nominal 5x (actual ~2.5x),nominal 20x (actual ~10x),True,8704.0,1872.0,155014.18562253987,83792.51321304902,8704.0,1872.0,153942.01988761427,81744.03498861048,0.967849529300981,0.8837123264141161,0.8553005591573772,0.967849529300981,0.006506308438085069,324,4685,14.459876543209877
25024982B1,nominal 5x (actual ~2.5x),nominal 20x (actual ~10x),True,7616.0,6464.0,109121.07104204246,68944.36312056737,7616.0,6464.0,108097.01776051061,68928.03890380426,0.9896526754604724,0.6964719144450603,0.6892652935136312,0.9896526754604723,0.0036640558090436826,173,2477,14.31791907514451
25024982B2,nominal 5x (actual ~2.5x),nominal 20x (actual ~10x),True,8736.0,6528.0,138406.28600156406,70609.57799671593,8736.0,6528.0,136358.01429927946,69585.03940482298,0.968468511799231,0.7441547544989684,0.720690447637938,0.968468511799231,0.0070221793667646385,261,3821,14.639846743295019
25024983B2,nominal 5x (actual ~2.5x),nominal 20x (actual ~10x),True,7632.0,160.0,139216.0,78946.15366146459,7632.0,160.0,137168.0,79970.03841536614,0.9720005317168158,0.9476203072617987,0.9449947111833951,0.9972292741530725,0.0072247909202655634,291,4255,14.621993127147766
25025076B,nominal 5x (actual ~2.5x),nominal 20x (actual ~10x),True,7728.0,6448.0,132001.0893023256,71984.25482779216,7728.0,6448.0,130977.02232558139,71984.01274075548,0.9917558800777282,0.7364116194436131,0.7303405537407656,0.9917558800777281,0.0032131378607973236,270,3951,14.633333333333333
25025083B2,nominal 5x (actual ~2.5x),nominal 20x (actual ~10x),True,7488.0,6288.0,127285.28965829374,75264.0,7488.0,6288.0,128309.01448209537,73216.0,0.9623291227306346,0.7215791687910823,0.7061375628351171,0.9786002608946768,0.00702504253983444,217,3283,15.129032258064516
25025087B,nominal 5x (actual ~2.5x),nominal 20x (actual ~10x),True,7472.0,6576.0,117954.09787179813,82069.33817701454,7472.0,6576.0,116930.02446794954,82054.0362315422,0.9905300518178012,0.7834598987016428,0.7760405740581076,0.9905300518178012,0.0033800601730500043,170,2204,12.964705882352941
25025096B2,nominal 5x (actual ~2.5x),nominal 20x (actual ~10x),True,11440.0,16050.0,159008.0,86115.61641044638,11440.0,16050.0,160032.0,86706.01185240058,0.9848103176921554,0.7178120989725075,0.7288836094392853,1.0154239674736967,0.0031473804681263896,330,4868,14.751515151515152
25025097B,nominal 5x (actual ~2.5x),nominal 20x (actual ~10x),True,7776.0,9505.0,126087.40349175558,67810.79064637105,7776.0,9505.0,125063.00775875132,68834.0282326992,0.9743895392062616,0.7205055915867032,0.7268021476998423,1.0087390801496388,0.004806988046975598,261,3783,14.494252873563218
25025102B2,nominal 5x (actual ~2.5x),nominal 20x (actual ~10x),True,7696.0,2752.0,151952.0,88378.51321304902,7696.0,2752.0,151504.0,86330.03498861048,0.9730452957535788,0.8865203387626951,0.8626244452229096,0.9730452957535789,0.0057810460924012635,401,5777,14.40648379052369
25025109B2,nominal 5x (actual ~2.5x),nominal 20x (actual ~10x),True,7792.0,14880.0,148037.28994808873,84512.15026413617,7792.0,3856.0,167195.0,82496.03756603405,0.7397937864852778,0.7043760974453543,0.9041629809267717,1.2836366597418747,0.06156069552575488,359,5272,14.685236768802229
25025240B,nominal 5x (actual ~2.5x),nominal 20x (actual ~10x),True,10176.0,8368.0,104609.07482098494,59024.40424092037,10176.0,8368.0,102561.01870524624,62096.04330908476,0.9235269441677315,0.6159188006830043,0.6390981299510557,1.0376337420490287,0.014149213795925732,146,2110,14.452054794520548
25025245B2,nominal 5x (actual ~2.5x),nominal 20x (actual ~10x),True,11760.0,6657.0,132471.40843304843,69507.79064637105,7664.0,6657.0,133495.01458564796,71169.0282326992,0.934610526233395,0.7448333709400561,0.7969451980621637,1.0699644096992287,0.01104981781966223,247,3596,14.558704453441296
25025251B,nominal 5x (actual ~2.5x),nominal 20x (actual ~10x),True,17264.0,6401.0,142033.08334237657,68210.75722411832,17264.0,6401.0,139985.02083559413,69234.01455951772,0.9678258723630793,0.743670785733663,0.7435729023272878,0.999868378040051,0.007007441350840903,206,2941,14.276699029126213
25025262B2,nominal 5x (actual ~2.5x),nominal 20x (actual ~10x),True,8320.0,6544.0,132758.35671156525,51920.404956498816,8320.0,6544.0,130710.0,52944.033744150795,0.9621907885568102,0.675113462044148,0.6789794762909115,1.0057264659410845,0.007603661290306636,196,2904,14.816326530612244
25025291B,nominal 5x (actual ~2.5x),nominal 20x (actual ~10x),True,7616.0,16658.0,116080.03272820251,90403.51321304902,7616.0,16658.0,115056.00818205063,88355.03498861048,0.9630434431376604,0.727898342880644,0.7009977263819728,0.9630434431376604,0.007490042480157546,238,3428,14.403361344537815
25025293B2,nominal 5x (actual ~2.5x),nominal 20x (actual ~10x),True,7712.0,6993.0,136869.22944207932,67521.59484579637,7712.0,6993.0,135845.0,67521.04055338472,0.9920608174371974,0.7225481906962639,0.7168117486999036,0.9920608174371974,0.003167635314893607,203,2659,13.098522167487685
25025297B,nominal 5x (actual ~2.5x),nominal 20x (actual ~10x),True,7872.0,6736.0,140805.25419240954,86776.42182350787,7872.0,6736.0,138757.00706051078,86776.01171624714,0.9845868682998431,0.8393822343224361,0.8264447253980526,0.9845868682998432,0.006048002609858227,310,4651,15.003225806451614
25025298B2,nominal 5x (actual ~2.5x),nominal 20x (actual ~10x),True,7600.0,0.0,153585.07704654895,82928.51321304902,7600.0,0.0,152561.01926163724,81904.03498861048,0.9807180965620623,0.864503601079453,0.8478343261216896,0.9807180965620623,0.003978122648492439,386,5726,14.83419689119171
25025506B,nominal 5x (actual ~2.5x),nominal 20x (actual ~10x),True,13153.0,1232.0,131719.35671156525,74993.51321304902,13153.0,1232.0,130695.0,74993.03498861048,0.9913540500840547,0.7228032789211613,0.7165539579725279,0.9913540500840547,0.003134521523419169,218,3046,13.972477064220184
25025509B2,nominal 5x (actual ~2.5x),nominal 20x (actual ~10x),True,7536.0,6944.0,145874.13648965664,79393.33817701454,7536.0,6944.0,142802.00682430092,78369.0362315422,0.963968394792451,0.7877381953684536,0.7593547237060305,0.9639683947924511,0.00939466811099955,229,3442,15.030567685589519
25025510B1,nominal 5x (actual ~2.5x),nominal 20x (actual ~10x),True,7568.0,1600.0,144689.05488850773,79424.51321304902,7568.0,1600.0,142641.01372212693,79424.03498861048,0.9850579389195333,0.8143233048078785,0.8021556362481915,0.9850579389195331,0.005913671326600091,336,5062,15.06547619047619
25025510B3,nominal 5x (actual ~2.5x),nominal 20x (actual ~10x),True,7616.0,14737.0,145239.35020519837,88465.51321304902,7616.0,14737.0,145239.00673418387,88465.03498861048,0.9999910179951533,0.7599769228114336,0.7599700966950295,0.9999910179951533,1.6765962244143088e-06,325,4841,14.895384615384616
25025567B3,nominal 5x (actual ~2.5x),nominal 20x (actual ~10x),True,7904.0,1776.0,140101.24085302113,86801.51321304902,7904.0,1776.0,139077.00669001203,84753.03498861048,0.9683463783700037,0.8363468050820648,0.8098733997625409,0.9683463783700037,0.006489463070238619,287,4188,14.59233449477352
25025567B4,nominal 5x (actual ~2.5x),nominal 20x (actual ~10x),True,7824.0,7776.0,122902.31663574521,60320.06066350711,7824.0,7776.0,122902.01583080823,59296.01516587678,0.9805081648879563,0.6922208704254784,0.6787282153580296,0.9805081648879563,0.0035086778527823877,105,1402,13.352380952380953
25025569B,nominal 5x (actual ~2.5x),nominal 20x (actual ~10x),True,7568.0,15872.0,109940.21500559911,52512.0,7568.0,15872.0,107892.01791650629,52512.0,0.9799926465498396,0.5353295361761709,0.5246190089335837,0.9799926465498396,0.007895459906512399,51,628,12.313725490196079
25025570B2,nominal 5x (actual ~2.5x),nominal 20x (actual ~10x),True,11408.0,7728.0,152247.3372859025,85921.51321304902,11408.0,7728.0,150199.00648577436,86576.03498861048,0.977393933126707,0.7944095800613102,0.7894088181495557,0.9937050584015256,0.005951497428321161,422,6303,14.936018957345972
25025575B2,nominal 5x (actual ~2.5x),nominal 20x (actual ~10x),True,11072.0,944.0,153889.07088794536,84112.51321304902,11072.0,944.0,152865.01772198634,84112.03498861048,0.9928239076827815,0.780393016771133,0.7747928444390709,0.9928239076827816,0.0026350260113384844,385,5776,15.002597402597402
25025602B2,nominal 5x (actual ~2.5x),nominal 20x (actual ~10x),True,7712.0,2320.0,175901.32555182124,85952.51321304902,7712.0,2320.0,176861.01162605872,83904.03498861048,0.9701063671368145,0.9094144510110597,0.892201439368806,0.9810724234444299,0.005746498609235822,506,7540,14.901185770750988
25025616B,nominal 5x (actual ~2.5x),nominal 20x (actual ~10x),True,7793.0,6769.0,97240.55973762299,66481.8108597285,7793.0,6769.0,95192.01998828811,66481.02895436295,0.9770850742501329,0.7369617798801547,0.720074355413711,0.9770850742501329,0.00822666711054051,136,1913,14.066176470588236
25025675B2,nominal 5x (actual ~2.5x),nominal 20x (actual ~10x),True,7632.0,7136.0,127248.03075444498,80193.51321304902,7632.0,7136.0,126224.00768861125,81217.03498861048,0.9778567764867256,0.7472907428063779,0.751273020397314,1.0053289534619165,0.004538004603946149,310,4414,14.238709677419354
25025788B2,nominal 5x (actual ~2.5x),nominal 20x (actual ~10x),True,7488.0,10193.0,158866.09653092007,88017.51321304902,7488.0,10129.0,168003.0,88017.03498861048,0.942297196509763,0.7905081819480836,0.8389059735864641,1.0612236441615466,0.023906966213575992,445,6674,14.997752808988764
25025951B,nominal 5x (actual ~2.5x),nominal 20x (actual ~10x),True,7696.0,7568.0,126784.03075444498,84128.04796702268,7696.0,7568.0,126784.00768861125,82080.01199175567,0.9732490971247011,0.8016646330624488,0.7802193803248333,0.9732490971247013,0.00647254905034438,265,3887,14.667924528301887
25025953B2,nominal 5x (actual ~2.5x),nominal 20x (actual ~10x),True,8704.0,7344.0,161664.02424701647,81072.42182350787,8704.0,7344.0,169616.00606175413,80231.01171624714,0.9402637695115327,0.7638221859838374,0.794361123379735,1.0399817365301611,0.021020988790261364,410,5950,14.512195121951219
25025954B3,nominal 5x (actual ~2.5x),nominal 20x (actual ~10x),True,6352.0,11600.0,93463.44677137872,41057.142024965324,6352.0,9104.0,91415.01595462902,40033.03550624133,0.8705098334301574,0.34655767132349896,0.355317694350711,1.0252772446033518,0.014470012097731895,40,435,10.875
25025960B2,nominal 5x (actual ~2.5x),nominal 20x (actual ~10x),True,7760.0,7184.0,120944.03171064041,76592.15802469137,7760.0,7184.0,120944.0079276601,75568.03950617283,0.9852447764503033,0.7821037617736817,0.7705636459296522,0.9852447764503033,0.0033962849851545043,195,2649,13.584615384615384
25025975B2,nominal 5x (actual ~2.5x),nominal 20x (actual ~10x),True,7952.0,10112.0,119762.09483823166,65410.382578992314,7952.0,10112.0,122418.02370955792,66434.04098841864,0.9590438477435331,0.6366609346702878,0.663849662524026,1.0427051926278759,0.009507725943569894,154,2129,13.824675324675324
25026075B2,nominal 5x (actual ~2.5x),nominal 20x (actual ~10x),True,8144.0,6528.0,147553.05345025577,45744.114515768284,8144.0,6528.0,146529.01336256394,43696.02862894207,0.9408124294821826,0.49862370693699853,0.4691113811208094,0.9408124294821826,0.006769054795065543,196,2883,14.709183673469388
25026081B2,nominal 5x (actual ~2.5x),nominal 20x (actual ~10x),True,38897.0,8081.0,156324.14794837218,80705.51321304902,38897.0,8081.0,157348.01232873413,79681.03498861048,0.9774908360984162,0.5846900439384308,0.581468192161552,0.9944896414599833,0.00385427095915395,240,3397,14.154166666666667
25026103B2,nominal 5x (actual ~2.5x),nominal 20x (actual ~10x),True,7712.0,7040.0,137175.36973669592,72096.15366146459,7712.0,7040.0,135127.00710972867,72096.03841536614,0.9841763091359382,0.7312280077488394,0.7196572818030781,0.9841763091359382,0.006216904808122764,213,3274,15.370892018779342
25026103B3,nominal 5x (actual ~2.5x),nominal 20x (actual ~10x),True,7568.0,6320.0,132771.1484057971,59568.54765866413,7568.0,6320.0,131747.00742007478,58544.015210932856,0.9727369798189562,0.7175920804498032,0.6980283530787431,0.9727369798189563,0.004717141460998529,174,2557,14.695402298850574
25026144B2,nominal 5x (actual ~2.5x),nominal 20x (actual ~10x),True,9856.0,48.0,122513.0597084548,74000.05033425089,9856.0,48.0,123537.0149271137,72752.01258356273,0.9744165529177276,0.7461849992889323,0.7402598677263363,0.9920594335610575,0.005059984215462226,282,4093,14.51418439716312
25026144B3,nominal 5x (actual ~2.5x),nominal 20x (actual ~10x),True,7600.0,10784.0,121671.40349175558,77584.15026413617,7600.0,7952.0,121671.00775875132,79632.03756603405,0.9319182378798209,0.7059940064152335,0.7575656812369523,1.0730483181912265,0.0025251016255958955,252,3365,13.353174603174603
25026163B,nominal 5x (actual ~2.5x),nominal 20x (actual ~10x),True,7696.0,6752.0,143315.19057747527,76384.47859412975,7696.0,6752.0,143315.02041847233,76384.02392746985,0.9999922158058807,0.7333023131110059,0.7332966049434525,0.9999922158058807,1.4022796018308636e-06,336,4868,14.488095238095237
25026180B2,nominal 5x (actual ~2.5x),nominal 20x (actual ~10x),True,7744.0,7888.0,154806.30781563127,82960.39490937139,7744.0,7888.0,152758.0,82960.0,0.9860666497425322,0.8331134054556307,0.8215053445732259,0.9860666497425324,0.005690808606892069,415,6279,15.13012048192771
25026254B2,nominal 5x (actual ~2.5x),nominal 20x (actual ~10x),True,7856.0,6657.0,152258.12808966276,80540.67959975495,7856.0,6657.0,153282.00640432292,78883.01306722475,0.9708346073743203,0.851472293698802,0.8382703999139512,0.9844952162477284,0.005471005910827349,379,5696,15.029023746701847
25026285B2,nominal 5x (actual ~2.5x),nominal 20x (actual ~10x),True,9904.0,2160.0,137809.08567603747,89712.51321304902,9904.0,2160.0,136785.02141900937,87664.03498861048,0.9687837509357383,0.8892342067264314,0.8614756502527979,0.9687837509357383,0.006809209230360862,368,5526,15.016304347826088
25026291B2,nominal 5x (actual ~2.5x),nominal 20x (actual ~10x),True,7632.0,6624.0,159686.28622006896,84448.14323013801,7632.0,6624.0,170571.0,85472.0358075345,0.9210794425264989,0.8031184035796645,0.8719317428003059,1.085682682545844,0.02847405996403904,450,6838,15.195555555555556
25026294B3,nominal 5x (actual ~2.5x),nominal 20x (actual ~10x),True,4176.0,6656.0,161045.26929329635,80384.36312056737,4176.0,6656.0,160021.01836002868,79360.03890380426,0.9796681673111267,0.875328731330567,0.8575316940173903,0.9796681673111267,0.00391458623155731,416,5954,14.3125
25026499B3,nominal 5x (actual ~2.5x),nominal 20x (actual ~10x),True,8032.0,4112.0,150087.3623129802,73744.44214162348,8032.0,4112.0,151111.01293876828,74768.01228053344,0.9784625339036207,0.7494433696107431,0.7659397714706608,1.0220115388684883,0.0040457002187986625,296,4304,14.54054054054054
25026509B,nominal 5x (actual ~2.5x),nominal 20x (actual ~10x),True,8080.0,6497.0,126786.1243322001,67121.68145519077,8080.0,6497.0,124738.0,65073.0,0.9495364541129296,0.757001873435578,0.7188008746588637,0.9495364541129298,0.009641246426622589,202,2939,14.549504950495049
25026669B2,nominal 5x (actual ~2.5x),nominal 20x (actual ~10x),True,7520.0,6800.0,143873.05801042376,82945.51321304902,7520.0,6800.0,141841.01450260595,81921.03498861048,0.971843480587785,0.8373553300923479,0.8137783184856812,0.9718434805877852,0.006842587111659628,233,3176,13.630901287553648
25026740B2,nominal 5x (actual ~2.5x),nominal 20x (actual ~10x),True,8000.0,7104.0,122178.12824045084,86336.23760905885,8000.0,6624.0,119106.0,84288.01187990162,0.9423827161870459,0.821455778996585,0.7835318999768855,0.9538333285986207,0.012907575552668912,333,4969,14.921921921921921
25026752B,nominal 5x (actual ~2.5x),nominal 20x (actual ~10x),True,8192.0,6640.0,100020.30603705917,59424.357625145516,8192.0,6640.0,100020.0,60448.02980036086,0.9809722685024471,0.6586464923102466,0.6714176996342148,1.0193900787039376,0.0040226818580698116,148,2142,14.472972972972974
25026782B3,nominal 5x (actual ~2.5x),nominal 20x (actual ~10x),True,7504.0,6640.0,138193.08567603747,65441.114515768284,7504.0,6640.0,136145.02141900937,63393.02862894207,0.9500438370885498,0.7489574902007113,0.7115424478064936,0.9500438370885497,0.0090356075753775,205,2791,13.614634146341464
25026797B2,nominal 5x (actual ~2.5x),nominal 20x (actual ~10x),True,22337.0,6928.0,113014.32678069951,73249.19937694704,21857.0,5488.0,125465.01633799222,72225.0,0.8449626585880918,0.5837766853753112,0.6712058072467063,1.1497646686852296,0.04076871092126519,76,1002,13.18421052631579
25026798B2,nominal 5x (actual ~2.5x),nominal 20x (actual ~10x),True,7600.0,5072.0,161172.20392313052,87232.51321304902,7600.0,5072.0,161172.0,88016.03498861048,0.9905523062249798,0.894254921332587,0.9027817632972102,1.0095351356321494,0.0021393786726166086,410,5921,14.441463414634146
25027122B2,nominal 5x (actual ~2.5x),nominal 20x (actual ~10x),True,9552.0,6353.0,120758.38414405403,63778.84247476963,9552.0,6353.0,120758.0,64802.042116808334,0.9824908244778999,0.6841725837804432,0.6963605983827258,1.0178142399903498,0.0034733289615038587,247,3580,14.493927125506072
25027131B2,nominal 5x (actual ~2.5x),nominal 20x (actual ~10x),True,7552.0,4512.0,170263.1877348978,76816.0,7552.0,4512.0,173335.0,75792.0,0.9678248508272781,0.8102426683212804,0.8138475417024718,1.0044491280478478,0.00837298053349468,315,4565,14.492063492063492
25027135B3,nominal 5x (actual ~2.5x),nominal 20x (actual ~10x),True,13120.0,14049.0,112000.03497267759,83026.51321304902,13120.0,13425.0,110976.0087431694,82657.03498861048,0.9756083547137774,0.6632419961663305,0.6587952646593475,0.9932954614866277,0.004873508060696252,196,2843,14.505102040816327
25027167B2,nominal 5x (actual ~2.5x),nominal 20x (actual ~10x),True,7696.0,12625.0,116661.37013669821,71026.51321304902,7696.0,12625.0,114613.02523493461,71026.03498861048,0.9811938380429331,0.5953515841813006,0.5841553058677907,0.9811938380429331,0.006823306910500376,239,3488,14.594142259414227
25027181B2,nominal 5x (actual ~2.5x),nominal 20x (actual ~10x),True,9104.0,0.0,105937.06970728387,81048.51321304902,9104.0,0.0,105937.01742682097,82072.03498861048,0.9875284560894994,0.7605718080130346,0.7701762791485427,1.012627961008178,0.0034884942714718294,135,1769,13.103703703703705
25027181B3,nominal 5x (actual ~2.5x),nominal 20x (actual ~10x),True,9376.0,7089.0,107766.39628482972,76721.6131736527,7888.0,7089.0,106742.02701751917,76721.0,0.9748372623402795,0.7515458556060928,0.7550806064923484,1.004703307003676,0.00902893144403517,185,2519,13.616216216216216
25027181B4,nominal 5x (actual ~2.5x),nominal 20x (actual ~10x),True,7696.0,4208.0,137744.0,87744.51321304902,7696.0,4208.0,137744.0,87744.03498861048,0.9999942752645503,0.8542916052894454,0.8542867146960081,0.9999942752645503,1.4117871777630712e-06,406,6197,15.263546798029557
25027181B5,nominal 5x (actual ~2.5x),nominal 20x (actual ~10x),True,7696.0,3632.0,136800.0,81456.09351598173,7696.0,3632.0,136800.0,79408.02337899544,0.9736833409236473,0.7705427593959665,0.7502646482931907,0.9736833409236471,0.005929108334196113,316,4677,14.800632911392405
25027181B6,nominal 5x (actual ~2.5x),nominal 20x (actual ~10x),True,7824.0,12992.0,105879.39628482972,70528.15802469137,7824.0,12992.0,106903.02701751917,69504.03950617283,0.9722316632877169,0.6380462338081032,0.6332314932354618,0.9924539315216937,0.005255635898156397,145,2130,14.689655172413794
25027193B,nominal 5x (actual ~2.5x),nominal 20x (actual ~10x),True,7760.0,5520.0,134936.2726949935,79650.51321304902,7760.0,5520.0,133496.00757441268,77602.03498861048,0.9613545940701083,0.7942176587769909,0.7635247949568659,0.9613545940701083,0.007766967068013457,295,4317,14.633898305084745
25027290B2,nominal 5x (actual ~2.5x),nominal 20x (actual ~10x),True,8240.0,3520.0,167190.2832380601,85440.51321304902,8240.0,3520.0,168214.0,86234.03498861048,0.9840685655206844,0.8545254516492624,0.86835966678513,1.0161893541136393,0.0033297786841000624,420,6087,14.492857142857142
25027606B3,nominal 5x (actual ~2.5x),nominal 20x (actual ~10x),True,11169.0,2224.0,98744.47327068249,81905.51321304902,11169.0,2224.0,96696.0,80881.03498861048,0.9640526307706796,0.7651541567456709,0.7376488777557849,0.9640526307706796,0.008420041970584791,152,2077,13.664473684210526
25027636B2,nominal 5x (actual ~2.5x),nominal 20x (actual ~10x),True,7680.0,2976.0,137174.30982506328,77873.51321304902,7680.0,592.0,138198.0211232741,76849.03498861048,0.9484964026659949,0.7595210126686869,0.7794210047698573,1.0262007130405109,0.010474451138557663,344,4805,13.968023255813954
25027718B2,nominal 5x (actual ~2.5x),nominal 20x (actual ~10x),True,7856.0,4224.0,101784.48372093023,82048.51321304902,7856.0,4224.0,102808.00930131163,80128.03498861048,0.9650662810057936,0.7562139130007255,0.7455898058179461,0.9859509234091952,0.007726966259448172,237,3523,14.864978902953586
25027723B4,nominal 5x (actual ~2.5x),nominal 20x (actual ~10x),True,7776.0,6192.0,146400.02679505968,79745.09351598173,7776.0,6192.0,145376.00669876492,78721.02337899544,0.9787929471670983,0.7614078872220662,0.7452606699303599,0.9787929471670984,0.004109892994017375,248,3532,14.241935483870968
25027770B,nominal 5x (actual ~2.5x),nominal 20x (actual ~10x),True,7632.0,7216.0,146898.08334237657,79186.15366146459,7632.0,7216.0,147474.02083559413,80210.03841536614,0.981912319167071,0.8500434128407114,0.8657019534715479,1.0184208716805512,0.003501825972990053,218,3071,14.087155963302752
25028010B2,nominal 5x (actual ~2.5x),nominal 20x (actual ~10x),True,7968.0,13634.0,99121.07217366788,75970.61641044638,7968.0,13634.0,99121.01804341697,73922.01185240058,0.967135842825818,0.5794247660188693,0.5603824594378117,0.9671358428258182,0.007180698666136574,144,1946,13.51388888888889
25028010B2a,nominal 5x (actual ~2.5x),nominal 20x (actual ~10x),True,11808.0,6785.0,103538.15159141377,68225.64551376339,11808.0,6785.0,101490.0,67201.0,0.9613673579293911,0.6847031834968709,0.65825129048423,0.9613673579293913,0.0086604663509508,132,1839,13.931818181818182
25028010B3,nominal 5x (actual ~2.5x),nominal 20x (actual ~10x),True,7728.0,7281.0,155308.35334713597,77527.58391940696,7728.0,7281.0,154284.01261860752,78602.0,0.9782014293068277,0.7587167837752595,0.7649745740120256,1.0082478605595466,0.004059526545864145,239,3182,13.313807531380753
25028014B4,nominal 5x (actual ~2.5x),nominal 20x (actual ~10x),True,7664.0,6112.0,115154.1243322001,79888.61641044638,7664.0,6112.0,113106.0,77840.01185240058,0.9537073497144583,0.6965288876257664,0.6642847194171294,0.9537073497144583,0.009191794125277594,167,2330,13.952095808383234
25028014B5,nominal 5x (actual ~2.5x),nominal 20x (actual ~10x),True,7680.0,6448.0,114213.2709711564,66161.6131736527,7680.0,240.0,120855.0,66161.0,0.8526603339777483,0.6561154949450669,0.7694775829728536,1.1727776418956208,0.031329868090268116,177,2594,14.655367231638419
25028014B6,nominal 5x (actual ~2.5x),nominal 20x (actual ~10x),True,8320.0,7313.0,96400.0,56465.681455190774,8320.0,7313.0,97424.0,56584.0,0.9861340251836952,0.5046197773780775,0.5117152075592136,1.0140609435048362,0.0037053673564437254,81,1074,13.25925925925926
25028014B7,nominal 5x (actual ~2.5x),nominal 20x (actual ~10x),True,8544.0,6433.0,108752.0,58513.85967858,8544.0,6433.0,114992.0,65868.030697284,0.8248985519972248,0.6807256828427294,0.8252235152972113,1.2122702816956383,0.03629231104098111,97,1311,13.515463917525773
25028134B,nominal 5x (actual ~2.5x),nominal 20x (actual ~10x),True,7648.0,5936.0,135211.35671156525,79248.04697247707,7648.0,5936.0,138283.0,79248.01174311926,0.9764863693009728,0.778247967789294,0.7969872935161825,1.0240788623966728,0.009417796548439217,290,4196,14.46896551724138
25028147B3,nominal 5x (actual ~2.5x),nominal 20x (actual ~10x),True,7728.0,11906.0,115062.38414405403,57522.71631510977,7728.0,11906.0,118314.0,66458.0137730672,0.8116185263862327,0.5146357474410217,0.634085756682342,1.2321059309138054,0.032124540493252585,138,1958,14.18840579710145
25028151B2,nominal 5x (actual ~2.5x),nominal 20x (actual ~10x),True,7728.0,5664.0,133961.30710172743,78465.1029559622,7728.0,5664.0,133385.01535416543,78465.02573899055,0.9954336534489868,0.8658692409295035,0.8619153819075569,0.995433653448987,0.0018552176225921,178,2445,13.735955056179776
25028151B3,nominal 5x (actual ~2.5x),nominal 20x (actual ~10x),True,25793.0,5392.0,161591.1942152679,78833.51321304902,25793.0,6416.0,161591.0,78833.03498861048,0.9860490103118529,0.67319223513047,0.6638005372000242,0.9860490103118531,0.0026905544895124947,283,4005,14.151943462897526
25028186B2,nominal 5x (actual ~2.5x),nominal 20x (actual ~10x),True,11136.0,4192.0,149794.1329317686,75984.51321304902,11136.0,4192.0,146722.00664641586,77008.03498861048,0.9643993882061499,0.7358679467864837,0.7298225500597005,0.991784671756416,0.009130167406545495,286,4181,14.618881118881118
25028210B2,nominal 5x (actual ~2.5x),nominal 20x (actual ~10x),True,15713.0,6736.0,117081.4855228221,65731.26823134953,15713.0,6736.0,117081.02427383926,65731.01341086489,0.9999911304612638,0.6188398133852681,0.6188343245615716,0.9999911304612638,1.7825590470640203e-06,133,1784,13.413533834586467
25028514B,nominal 5x (actual ~2.5x),nominal 20x (actual ~10x),True,7552.0,7696.0,87504.04127035306,78753.51321304902,7552.0,7696.0,88528.01031758827,79777.03498861048,0.9733346216314834,0.6519346530933873,0.6697949899291856,1.0273959004189335,0.005462834629301398,128,1741,13.6015625
25028520B3,nominal 5x (actual ~2.5x),nominal 20x (actual ~10x),True,68434.0,6800.0,185350.15218683652,70418.51321304902,68434.0,6800.0,188630.0163053863,79816.03498861048,0.8475195199625454,0.44962623109892613,0.5305202069195958,1.1799138266976945,0.02394243096861173,151,2200,14.56953642384106
25028738B2,nominal 5x (actual ~2.5x),nominal 20x (actual ~10x),True,7808.0,9921.0,115124.2709711564,71746.58391940696,7808.0,9921.0,114100.0,72770.0,0.9744787274026586,0.6516704190499599,0.6561349298125514,1.0068508722079177,0.0049131198429790465,212,3080,14.528301886792454
25028862B2,nominal 5x (actual ~2.5x),nominal 20x (actual ~10x),True,7552.0,8209.0,109655.46669471322,73233.59964864337,7552.0,8209.0,107607.0089739545,74257.0,0.9650535024092807,0.7097254214706448,0.7064325358270366,0.995360338598574,0.008148745804827622,189,2597,13.74074074074074
25028868B2,nominal 5x (actual ~2.5x),nominal 20x (actual ~10x),True,8080.0,6449.0,108680.48386661266,44050.01525320317,8080.0,6449.0,109704.01727920084,44337.01951963401,0.982429460938428,0.6083443067621813,0.6192244135075954,1.0178847843638446,0.00410058396669577,120,1658,13.816666666666666
25028879B3,nominal 5x (actual ~2.5x),nominal 20x (actual ~10x),True,7680.0,3792.0,162608.02545743834,81337.51321304902,7680.0,3792.0,160560.00636435958,80313.03498861048,0.9737441625116198,0.8504119593157234,0.8280836811137549,0.9737441625116199,0.006246649749032223,283,4014,14.183745583038869
25028885B2,nominal 5x (actual ~2.5x),nominal 20x (actual ~10x),True,9888.0,4112.0,117462.37013669821,90386.51321304902,9888.0,4112.0,114390.02523493461,88338.03498861048,0.948374207233268,0.8682648994945699,0.823440035726636,0.9483742072332683,0.012300659525130661,252,3730,14.801587301587302
25029134B,nominal 5x (actual ~2.5x),nominal 20x (actual ~10x),True,25728.0,6720.0,148432.02641353695,80912.51321304902,25728.0,6720.0,148432.00660338424,78864.03498861048,0.9723895338877633,0.668610747067034,0.6501500926928626,0.9723895338877635,0.005747534765964604,267,3786,14.179775280898877
25029179B,nominal 5x (actual ~2.5x),nominal 20x (actual ~10x),True,7456.0,1920.0,160823.20392313052,81225.51321304902,7456.0,1920.0,161255.0,81225.03498861048,0.9971864686492131,0.8620281703219722,0.8644499456456035,1.002809392322674,0.0011790046963024731,355,5002,14.090140845070422
25029425B,nominal 5x (actual ~2.5x),nominal 20x (actual ~10x),True,12592.0,0.0,162032.0,78784.51321304902,12592.0,0.0,161008.0,77760.03498861048,0.9802333068290252,0.8241383617108645,0.8078478715844959,0.980233306829025,0.003917309621480947,361,5429,15.038781163434903
25029425B2,nominal 5x (actual ~2.5x),nominal 20x (actual ~10x),True,12144.0,5696.0,143522.11082251082,79424.51321304902,12144.0,5696.0,141474.0,77376.03498861048,0.9570596300092292,0.7461831361789515,0.7141417562305538,0.9570596300092294,0.00842310466070367,281,4198,14.93950177935943
25029425B3,nominal 5x (actual ~2.5x),nominal 20x (actual ~10x),True,14288.0,7041.0,138658.11391700967,64385.613173652695,14288.0,7041.0,136610.0,64305.0,0.9821494883546491,0.6185039825447921,0.6074633700016805,0.9821494883546492,0.006223907259569186,243,3572,14.699588477366255
25029560B2,nominal 5x (actual ~2.5x),nominal 20x (actual ~10x),True,7584.0,7170.0,91895.45128205128,33652.42857142857,7584.0,7170.0,92919.03076676549,34675.07140864714,0.951270980599559,0.5197461313632334,0.5463702162297144,1.0512251717904066,0.006653912324026194,42,536,12.761904761904763
25029565B5,nominal 5x (actual ~2.5x),nominal 20x (actual ~10x),True,7696.0,20017.0,114007.33759725702,63218.28312320283,7696.0,20017.0,114007.01687874991,64242.01415537739,0.9768488860013369,0.5232327125509995,0.5356300238766929,1.0236936854831777,0.003623412063621097,76,975,12.828947368421053
25029737B2,nominal 5x (actual ~2.5x),nominal 20x (actual ~10x),True,7600.0,6416.0,133769.3597060095,79649.51321304902,7600.0,6416.0,132379.00691686256,79240.03498861048,0.9834504768480318,0.7108216857909564,0.6990579258450379,0.9834504768480318,0.004210328413227025,239,3259,13.635983263598327
25029906B2,nominal 5x (actual ~2.5x),nominal 20x (actual ~10x),True,7744.0,10785.0,131253.18045112782,87602.51321304902,7744.0,6592.0,136037.01503715233,87602.03498861048,0.9128774526157646,0.7933766209785404,0.869083983556305,1.0954242418744178,0.019628952985352773,264,3730,14.128787878787879
25030118B2,nominal 5x (actual ~2.5x),nominal 20x (actual ~10x),True,7664.0,6945.0,113972.20770791075,80625.61641044638,7664.0,6945.0,110900.01730840742,78577.01185240058,0.9441007527148056,0.766198329442562,0.7233684195555495,0.9441007527148058,0.012601706943698799,134,1723,12.85820895522388
25030157B3,nominal 5x (actual ~2.5x),nominal 20x (actual ~10x),True,7648.0,15441.0,103985.07482098494,73249.35499207607,7648.0,15441.0,102961.01870524624,72225.03803298173,0.9718392408205061,0.6296984785343726,0.6119656913246723,0.9718392408205059,0.0053226713033881125,93,1256,13.505376344086022
25030157B4,nominal 5x (actual ~2.5x),nominal 20x (actual ~10x),True,17232.0,10977.0,153780.1329317686,76513.53781512605,17232.0,2352.0,154804.00664641586,77537.03666571183,0.8651825928295994,0.6932300120264367,0.8012528427776292,1.1558253810094317,0.02186744190072887,214,3100,14.485981308411215
25030334B2,nominal 5x (actual ~2.5x),nominal 20x (actual ~10x),True,7648.0,6496.0,128453.27820039121,83233.61641044638,7648.0,4720.0,147945.0139092638,83233.01185240058,0.8415847335418208,0.7287252948132611,0.8658839604450583,1.188217242640033,0.05732415354358237,228,3202,14.043859649122806
25030619B2,nominal 5x (actual ~2.5x),nominal 20x (actual ~10x),True,29616.0,688.0,191556.10789850797,78440.51321304902,12240.0,688.0,189508.0053948117,78440.03498861048,0.891671803122898,0.75549840516485,0.8270024849148427,1.0946449115725012,0.04643867381379818,255,3387,13.282352941176471
25030630B,nominal 5x (actual ~2.5x),nominal 20x (actual ~10x),True,8400.0,1616.0,129123.18045112782,77552.51321304902,8400.0,1616.0,128099.01503715233,78576.03498861048,0.9784402418178653,0.7665866203530708,0.7703281138494658,1.0048807184955455,0.004467631897421778,305,4265,13.98360655737705
25030750B2,nominal 5x (actual ~2.5x),nominal 20x (actual ~10x),True,12064.0,0.0,150598.28612070717,79984.51321304902,12064.0,0.0,150598.01950723902,77936.03498861048,0.9743871890641712,0.8013461281220643,0.7808214012483156,0.9743871890641714,0.005680559646358096,336,5104,15.19047619047619
25030988B4,nominal 5x (actual ~2.5x),nominal 20x (actual ~10x),True,7696.0,11393.0,106976.0,74049.40370589394,7696.0,11393.0,109024.0,72833.0,0.9611440571989683,0.6668592838762806,0.6674022199482149,1.0008141688734966,0.008465298132573528,144,2083,14.465277777777779
25030998B2,nominal 5x (actual ~2.5x),nominal 20x (actual ~10x),True,8224.0,5440.0,139388.3921654448,83264.51321304902,8224.0,5440.0,139292.01400475943,83264.03498861048,0.9992590705456773,0.7949920215427728,0.7944029885380602,0.9992590705456773,0.00028251753275034897,226,3001,13.278761061946902
25031267B2,nominal 5x (actual ~2.5x),nominal 20x (actual ~10x),True,7648.0,6480.0,116466.10110584518,65716.33787945447,7648.0,6480.0,119538.0252764613,65716.02815507287,0.9725402017668557,0.7291022667948752,0.7496808314485693,1.0282245243100907,0.010843792174850276,162,2345,14.475308641975309
25031271B2,nominal 5x (actual ~2.5x),nominal 20x (actual ~10x),True,7616.0,20464.0,114280.40987324883,67104.09800918837,7616.0,6720.0,120571.0,67104.02450229709,0.7293740219071487,0.49626125628390444,0.6803915258606353,1.3710349483164015,0.051698777308919634,143,1888,13.202797202797203
25031281B2,nominal 5x (actual ~2.5x),nominal 20x (actual ~10x),True,7728.0,5888.0,122256.03171064041,78242.15366146459,7728.0,5888.0,122256.0079276601,77218.03841536614,0.9858455941127916,0.8022032936556637,0.7908485826332061,0.9858455941127917,0.003370551867801048,192,2839,14.786458333333334
25031302B,nominal 5x (actual ~2.5x),nominal 20x (actual ~10x),True,7552.0,2128.0,118663.42212075088,75856.51321304902,7552.0,2128.0,118663.0081169346,79521.03498861048,0.9526471150437578,0.7395601033822792,0.7763155012520401,1.0496990003945115,0.011920701540554239,245,3539,14.444897959183674
25031385B4,nominal 5x (actual ~2.5x),nominal 20x (actual ~10x),True,76114.0,11585.0,188357.14762336272,75736.51321304902,76114.0,6832.0,186309.01581646313,78808.03498861048,0.8767654963365961,0.4222200385597173,0.4650739017218888,1.1014965166228377,0.00621600713967937,185,2588,13.989189189189188
25031387B2,nominal 5x (actual ~2.5x),nominal 20x (actual ~10x),True,7552.0,6784.0,149003.34119335658,82961.51321304902,7552.0,6784.0,147979.00656090621,80913.03498861048,0.9660622767843354,0.7862951505461867,0.7596100833611309,0.9660622767843354,0.0063946837021342665,350,5205,14.871428571428572
25031411B3,nominal 5x (actual ~2.5x),nominal 20x (actual ~10x),True,8432.0,21425.0,91060.25485316078,60689.233629933835,8432.0,21425.0,89012.02123688249,61713.0,0.9510292295177357,0.47969068636457535,0.4799971588080828,1.0006388959640433,0.009601598330136955,45,537,11.933333333333334
25031706B,nominal 5x (actual ~2.5x),nominal 20x (actual ~10x),True,7824.0,7616.0,109073.10619469026,60976.055846422336,7824.0,7616.0,109073.02654867257,58928.01396160558,0.9616176891849484,0.6365716612407734,0.6121385698829763,0.9616176891849485,0.007474515772058151,144,2044,14.194444444444445
25031706B2,nominal 5x (actual ~2.5x),nominal 20x (actual ~10x),True,7696.0,6816.0,143668.1329317686,82739.51321304902,7696.0,6816.0,146740.00664641586,80691.03498861048,0.9520899751428864,0.7631353783679359,0.7593209015944263,0.9950015726152451,0.01041054516793412,257,3393,13.202334630350194
25032143B2,nominal 5x (actual ~2.5x),nominal 20x (actual ~10x),True,12400.0,22499.0,95540.27930174564,73124.6131736527,12400.0,16354.0,94516.02992402104,72100.0,0.86409766187858,0.5113816107297195,0.5561667047099135,1.0875766610306685,0.0278001561502417,95,1315,13.842105263157896
25032143B3,nominal 5x (actual ~2.5x),nominal 20x (actual ~10x),True,7728.0,6736.0,86032.04490440273,56772.45586364793,7728.0,6736.0,84512.01122610069,54724.04883942766,0.9404444568467469,0.6828472959629062,0.6421799543611052,0.9404444568467469,0.011510412989441074,63,770,12.222222222222221
25032146B2,nominal 5x (actual ~2.5x),nominal 20x (actual ~10x),True,7744.0,6930.0,71636.31283095723,27556.21269540502,7744.0,6930.0,71636.02606791916,25507.06062041203,0.9006489711285459,0.49647419564323936,0.44714897349795585,0.9006489711285457,0.011980182955684322,20,241,12.05
25032179B3,nominal 5x (actual ~2.5x),nominal 20x (actual ~10x),True,8096.0,8145.0,88065.08941669577,58690.68366108279,8096.0,8145.0,84993.02235417394,57666.04660759801,0.9420915577440846,0.6693313432249407,0.6305714077857247,0.9420915577440845,0.014346431785998271,47,604,12.851063829787234
25032245B2,nominal 5x (actual ~2.5x),nominal 20x (actual ~10x),True,7984.0,6448.0,100883.19271303824,43104.0,7984.0,6448.0,99859.00963528924,40032.0,0.9060930661823635,0.601566921325199,0.5450756162574342,0.9060930661823635,0.013620032648704612,62,677,10.919354838709678
25032360B2,nominal 5x (actual ~2.5x),nominal 20x (actual ~10x),True,7760.0,10673.0,147749.24085302113,74065.51321304902,7760.0,10561.0,145701.00669001203,73041.03498861048,0.9677594246372546,0.660309244487474,0.6412825235060426,0.9711851361460195,0.006637189385468845,189,2665,14.100529100529101
25032626B2,nominal 5x (actual ~2.5x),nominal 20x (actual ~10x),True,7744.0,6800.0,101909.33184502377,61872.474074074074,7744.0,6800.0,102933.00921725355,61072.0,0.9750196405049888,0.6752573259364535,0.6726765821963513,0.9961781329265503,0.004965643355818916,159,2265,14.245283018867925
25032788B4,nominal 5x (actual ~2.5x),nominal 20x (actual ~10x),True,7696.0,6272.0,138525.42543762465,78616.51321304902,7696.0,6272.0,139549.02127011382,79640.03498861048,0.9783946283978447,0.7463478047953809,0.7628290090038119,1.022082471607121,0.004281984671498539,210,2883,13.728571428571428
25032789B2,nominal 5x (actual ~2.5x),nominal 20x (actual ~10x),True,7856.0,7216.0,119285.2899207248,84097.51321304902,7856.0,7216.0,119285.00805284681,82049.03498861048,0.9733529240774316,0.7672872759164615,0.746841313620695,0.9733529240774317,0.006628124920441793,254,3767,14.830708661417322
25033169B1,nominal 5x (actual ~2.5x),nominal 20x (actual ~10x),True,7648.0,6784.0,141401.28965829374,76416.51321304902,7648.0,6784.0,139353.01448209537,76416.03498861048,0.9846794070679328,0.7500712107824241,0.7385796750919638,0.9846794070679328,0.006152511812128511,335,4928,14.710447761194029
25033178B4,nominal 5x (actual ~2.5x),nominal 20x (actual ~10x),True,7632.0,6416.0,146960.0,80292.51321304902,7632.0,6416.0,147984.0,79268.03498861048,0.9790368479965373,0.7875759290456273,0.7823623358688999,0.9933802024865778,0.00419087230017217,294,4126,14.034013605442176
25033211B,nominal 5x (actual ~2.5x),nominal 20x (actual ~10x),True,7968.0,16306.0,132866.08567603747,81458.51321304902,7968.0,16306.0,131842.02141900937,82482.03498861048,0.9765848068886992,0.6461698430609981,0.6509396253034496,1.0073816231036972,0.004304793510320669,217,2931,13.506912442396313
25033447B4,nominal 5x (actual ~2.5x),nominal 20x (actual ~10x),True,13345.0,9953.0,112824.36742016506,54533.513213049024,13345.0,9953.0,112824.0,65015.03498861048,0.8096391626391377,0.37753008199187116,0.4662911283025647,1.2351098642057476,0.03274925789481919,75,1054,14.053333333333333
25033482B2,nominal 5x (actual ~2.5x),nominal 20x (actual ~10x),True,7536.0,9761.0,98165.35020519835,73187.64551376339,7536.0,9761.0,98165.00972718291,73187.0,0.9999860658919675,0.7170005434600383,0.7169905526970064,0.9999860658919675,2.8084212281630145e-06,101,1345,13.316831683168317
25033486B,nominal 5x (actual ~2.5x),nominal 20x (actual ~10x),True,7776.0,6784.0,144581.16578521318,80688.51321304902,7776.0,6784.0,143509.01381506165,84113.03498861048,0.9485541326378598,0.7767497437276288,0.8063725658834761,1.0381368933753194,0.010413515242586636,281,3983,14.174377224199288
25033894B2,nominal 5x (actual ~2.5x),nominal 20x (actual ~10x),True,11377.0,6176.0,110216.42407509663,49042.26384952332,11377.0,7024.0,109192.0,54211.0,0.86664290017419,0.5885872532741961,0.6411990054267183,1.0893864959865394,0.02320609785486842,89,1110,12.47191011235955
25034245B2,nominal 5x (actual ~2.5x),nominal 20x (actual ~10x),True,7968.0,10256.0,114841.37013669821,71696.28312320283,7968.0,10256.0,115865.02523493461,72720.01415537739,0.9742790223967762,0.7456044219267526,0.7652883873990507,1.0264000117132244,0.0051116197803336046,174,2513,14.442528735632184
25034327B2,nominal 5x (actual ~2.5x),nominal 20x (actual ~10x),True,11232.0,2176.0,143764.21722528638,87472.51321304902,11232.0,2176.0,145991.0,88496.03498861048,0.9718144551114093,0.8534553378134413,0.8782081119750382,1.029003010544188,0.007020277235680709,336,5068,15.083333333333334
25034929B2,nominal 5x (actual ~2.5x),nominal 20x (actual ~10x),True,8816.0,5440.0,130246.36742016506,80497.51321304902,8816.0,6464.0,127226.0,80497.03498861048,0.9618170119817059,0.7758807270606124,0.7462552825556317,0.9618170119817059,0.009964194910667598,274,3840,14.014598540145986
25034940B10,nominal 5x (actual ~2.5x),nominal 20x (actual ~10x),True,8416.0,6513.0,92116.2906731549,67953.79850280724,8416.0,6513.0,92116.03114228944,67953.0399189147,0.9999845527392849,0.6773927113042293,0.6773822474424113,0.9999845527392849,3.204043205412895e-06,125,1689,13.512
25034940B11,nominal 5x (actual ~2.5x),nominal 20x (actual ~10x),True,7680.0,9056.0,116277.29937629937,73200.25482779216,7680.0,9056.0,116277.00831546808,75248.01274075548,0.9690608514825363,0.7038009153372162,0.7262672926973491,1.0319214949434505,0.006962664714137438,188,2700,14.361702127659575
25034940B12,nominal 5x (actual ~2.5x),nominal 20x (actual ~10x),True,7648.0,6448.0,84342.4132735426,64896.33787945446,7648.0,6448.0,82294.01147879114,63872.02815507286,0.9562344070830008,0.6907835487381988,0.6605509971503627,0.9562344070830008,0.009948263485114303,110,1455,13.227272727272727
25034940B8,nominal 5x (actual ~2.5x),nominal 20x (actual ~10x),True,7537.0,6544.0,93913.62166100049,52400.0688542227,7537.0,6544.0,91865.03107927644,51376.01721355568,0.9544808201721173,0.6735857226237253,0.6429246529861217,0.9544808201721173,0.009926036556847597,100,1391,13.91
25034940B9,nominal 5x (actual ~2.5x),nominal 20x (actual ~10x),True,7936.0,7137.0,101029.35020519835,71954.71181727905,7936.0,7137.0,98981.00972718291,71954.02541825945,0.9779865628287285,0.7113780028023436,0.6957181278326298,0.9779865628287285,0.007725556492951461,134,1891,14.111940298507463
25035354B,nominal 5x (actual ~2.5x),nominal 20x (actual ~10x),True,9680.0,3088.0,134006.36742016504,82298.59964864337,9680.0,3088.0,132187.0,82298.0,0.9853587386676672,0.8978865584600261,0.8847403667108237,0.985358738667667,0.005797581518135717,268,3716,13.865671641791044
25035354B2,nominal 5x (actual ~2.5x),nominal 20x (actual ~10x),True,8112.0,5536.0,90001.0856617032,83360.51321304902,8112.0,5536.0,88977.0214154258,83544.03498861048,0.9852003010887321,0.7589632704425928,0.7512394191729155,0.989823155387779,0.004006767362096088,127,1653,13.015748031496063
25035354B3,nominal 5x (actual ~2.5x),nominal 20x (actual ~10x),True,8048.0,1296.0,131640.2690960056,75120.39490937139,8048.0,1296.0,133688.00747445255,75120.0,0.9836963656939186,0.8025518491055674,0.8158445643332757,1.016563060994156,0.0063922424639284185,241,3318,13.767634854771785
25035882B3,nominal 5x (actual ~2.5x),nominal 20x (actual ~10x),True,9488.0,15057.0,122484.25852057562,63361.40424092037,7664.0,15057.0,120436.0,63361.04330908476,0.9662683710371954,0.6070269742689098,0.6058177087989262,0.9980078884114827,0.013328904052963346,137,1905,13.905109489051094
25035882B4,nominal 5x (actual ~2.5x),nominal 20x (actual ~10x),True,8128.0,4848.0,126905.33231059712,78364.70796460177,8128.0,4848.0,127929.0226562039,79388.0353933361,0.9778438268038792,0.7419270769821479,0.7587378031593914,1.0226581920228908,0.004495298531564631,114,1431,12.552631578947368
25036226B4,nominal 5x (actual ~2.5x),nominal 20x (actual ~10x),True,20240.0,6160.0,140964.20132569375,78376.51321304902,20240.0,6160.0,137892.0215700042,77352.03498861048,0.9607268854048995,0.6971743049042406,0.6697940985349768,0.9607268854048995,0.00967794469858265,241,3409,14.145228215767634
25036333B3,nominal 5x (actual ~2.5x),nominal 20x (actual ~10x),True,7856.0,6546.0,88916.29610046266,36552.42857142857,7856.0,6546.0,87429.0317237391,34886.07140864714,0.9271379357393846,0.58380996958595,0.5412723700659905,0.9271379357393844,0.010538957731815117,59,697,11.813559322033898
25036340B1,nominal 5x (actual ~2.5x),nominal 20x (actual ~10x),True,8064.0,6592.0,92882.16376139453,60256.055846422336,8064.0,6592.0,92882.0,59232.01396160558,0.980915651965195,0.6202632803799711,0.6084259600639902,0.9809156519651953,0.0041273371629818615,101,1318,13.049504950495049
25036341B,nominal 5x (actual ~2.5x),nominal 20x (actual ~10x),True,11632.0,5472.0,121347.12606179983,59120.06066350711,11632.0,5472.0,121347.0,59120.01516587678,0.9999980029330393,0.6707054974842978,0.6707041580405084,0.9999980029330393,4.5752067458076406e-07,77,1072,13.922077922077921
25036634B2,nominal 5x (actual ~2.5x),nominal 20x (actual ~10x),True,7888.0,20897.0,116880.0,67186.22097539922,7888.0,20897.0,118928.0,66113.0,0.9592088799027491,0.5359300868696699,0.5333413283788526,0.9951695966428418,0.0078630939101773,147,2063,14.034013605442176
25041732B,nominal 5x (actual ~2.5x),nominal 20x (actual ~10x),True,7712.0,11472.0,126952.45654500059,70464.0,7712.0,8848.0,126493.02282521474,77216.0,0.8599896365679928,0.6601628130954347,0.7621390996985745,1.1544714191412624,0.013299813599806863,253,3838,15.1699604743083
25041763B,nominal 5x (actual ~2.5x),nominal 20x (actual ~10x),True,7568.0,6784.0,143312.0,82913.51321304902,7568.0,6784.0,142288.0,81889.03498861048,0.9791008590067434,0.7907174749339927,0.7741921589395152,0.9791008590067432,0.00419087230017217,337,5032,14.931750741839762
25042220B2,nominal 5x (actual ~2.5x),nominal 20x (actual ~10x),True,7744.0,4224.0,142048.0,77952.38467317806,7744.0,4224.0,142816.0,76928.0,0.9805765742297355,0.7808755932028151,0.7744293755155001,0.9917448851732252,0.003732602460986956,356,5216,14.651685393258427
25042465B3,nominal 5x (actual ~2.5x),nominal 20x (actual ~10x),True,10609.0,6641.0,109324.4930526895,79068.70796460177,7504.0,6641.0,110620.01760720795,79068.0353933361,0.9573160191836976,0.7081551418346458,0.7397163071846797,1.0445681510809441,0.006233800329892631,197,2919,14.817258883248732
25042830B2,nominal 5x (actual ~2.5x),nominal 20x (actual ~10x),True,10833.0,11712.0,118409.4855228221,60864.05908146781,10833.0,11712.0,119433.02427383926,61616.01477036695,0.9756491257558098,0.6026304850760372,0.6176713217563693,1.0249586389218832,0.004400657969078333,157,2308,14.700636942675159
25043126B2,nominal 5x (actual ~2.5x),nominal 20x (actual ~10x),True,14801.0,22882.0,101445.2899207248,67987.51321304902,14801.0,2736.0,121848.00805284681,81689.03498861048,0.46240893050419635,0.3500308205275216,0.7569724489227725,2.162587990914516,0.06923062782223371,84,1222,14.547619047619047
25043600B3,nominal 5x (actual ~2.5x),nominal 20x (actual ~10x),True,9408.0,27009.0,110560.0,72065.23760905885,9408.0,27009.0,111584.0,70017.01187990162,0.9454050679831211,0.39819105470057603,0.3839373524069719,0.9642038611230923,0.007232519424959463,102,1399,13.715686274509803
25044694B,nominal 5x (actual ~2.5x),nominal 20x (actual ~10x),True,7712.0,6016.0,139044.1484057971,80082.15802469137,7712.0,6016.0,138020.00742007478,78034.03950617283,0.9647649840363451,0.9064065557313983,0.8744693062706408,0.9647649840363449,0.007227953845879442,290,4237,14.610344827586207
25045403B,nominal 5x (actual ~2.5x),nominal 20x (actual ~10x),True,7904.0,6336.0,85399.45714285714,57968.19228843265,7904.0,6336.0,83351.02285510223,54896.04807210816,0.9156392589181097,0.6987018638691227,0.6397588568378255,0.9156392589181097,0.016774102246438796,74,945,12.77027027027027
25045403B-1,nominal 5x (actual ~2.5x),nominal 20x (actual ~10x),True,7648.0,18530.0,88259.21846110084,66118.44804200393,7648.0,18530.0,87235.01820444444,65094.0,0.9660408400027506,0.4661847660142762,0.45035352295691716,0.9660408400027506,0.00539765115359883,83,1115,13.433734939759036
25045403B2,nominal 5x (actual ~2.5x),nominal 20x (actual ~10x),True,7537.0,14353.0,78744.57164123558,66658.38257899231,7537.0,14353.0,75672.0,66658.04098841864,0.9568442436751319,0.5778523394445,0.5529146846916781,0.9568442436751319,0.013467404474802987,79,1088,13.772151898734178
25045450B2,nominal 5x (actual ~2.5x),nominal 20x (actual ~10x),True,7872.0,23860.0,72693.40370589394,57940.76684972541,7872.0,23860.0,71669.0,55892.0,0.9250315021643137,0.42450998911736276,0.39268511291699054,0.9250315021643137,0.011072354713268314,48,576,12.0
25045450B5,nominal 5x (actual ~2.5x),nominal 20x (actual ~10x),True,7488.0,6801.0,130630.22302426882,68331.77720691265,7488.0,112.0,129158.02389471392,68331.01494366938,0.8922010224456847,0.8600443276720712,0.9421292405769706,1.095442653667728,0.023508502780869973,186,2587,13.908602150537634
25045625B1,nominal 5x (actual ~2.5x),nominal 20x (actual ~10x),True,7552.0,11473.0,109143.42407509663,71346.36312056737,7552.0,11473.0,109143.0,70322.03890380426,0.9828877180423233,0.6645102375258515,0.6531389509775465,0.9828877180423233,0.0036515718014522884,153,2202,14.392156862745098
25045625B2,nominal 5x (actual ~2.5x),nominal 20x (actual ~10x),True,9633.0,6528.0,130686.4705882353,75217.51321304902,9633.0,6528.0,130686.02352724933,79608.03498861048,0.9399184714100762,0.7252676297272642,0.7716227053325311,1.0639144416561077,0.013951402249335897,232,3377,14.556034482758621
25045625B3,nominal 5x (actual ~2.5x),nominal 20x (actual ~10x),True,8560.0,19809.0,103652.30095518002,70929.20962128966,8560.0,19809.0,102628.0,69905.0,0.9694088463973193,0.571151320399737,0.5536791426270149,0.9694088463973195,0.005403373799540993,154,2225,14.448051948051948
25045676B4,nominal 5x (actual ~2.5x),nominal 20x (actual ~10x),True,13841.0,9489.0,137784.42543762465,83217.51321304902,13841.0,9489.0,134712.02127011382,82193.03498861048,0.961660405513387,0.7205916041338604,0.6929644142409102,0.961660405513387,0.009580517561656387,245,3477,14.191836734693878
25045801B1,nominal 5x (actual ~2.5x),nominal 20x (actual ~10x),True,7728.0,14800.0,101347.22654867257,59856.19937694704,7728.0,14800.0,101347.01887835994,58832.0,0.9772662349500629,0.4731292197213982,0.46237321120199193,0.977266234950063,0.0037627175313418725,109,1546,14.18348623853211
25045801B2,nominal 5x (actual ~2.5x),nominal 20x (actual ~10x),True,7552.0,6577.0,109921.10619469026,70019.7491638796,7552.0,6577.0,107873.02654867257,68995.02675165892,0.9641644115227116,0.7331125704568887,0.7068410500744687,0.9641644115227118,0.00825281509459858,136,1735,12.757352941176471
25045807B4,nominal 5x (actual ~2.5x),nominal 20x (actual ~10x),True,7857.0,13888.0,70840.64728192161,53809.27176220807,7857.0,13888.0,71864.02311408063,52785.0,0.9591579028310979,0.47066223474499097,0.4660375540412028,0.9901740986159769,0.006754964176286254,50,598,11.96
25045829B2,nominal 5x (actual ~2.5x),nominal 20x (actual ~10x),True,8880.0,2640.0,137014.31372549018,77984.51321304902,8880.0,2640.0,137014.02138918286,77984.03498861048,0.9999913713610387,0.7655466041831056,0.76553999855785,0.9999913713610387,1.6647906244537062e-06,298,4354,14.610738255033556
25045839B,nominal 5x (actual ~2.5x),nominal 20x (actual ~10x),True,27826.0,12640.0,145128.3816826411,74144.15026413617,27826.0,12640.0,144104.0136304342,74080.03756603405,0.9902339773800655,0.5871423606640316,0.5814083150886649,0.9902339773800655,0.0029999058096215835,240,3188,13.283333333333333
25046521B3,nominal 5x (actual ~2.5x),nominal 20x (actual ~10x),True,8209.0,6736.0,96793.58706619783,68176.52816174953,8209.0,6736.0,97817.02934994458,68176.02640536359,0.9885706955270955,0.6704057536739944,0.6781455989883762,1.0115450162412323,0.003927972237920259,162,2300,14.197530864197532
25046631B2,nominal 5x (actual ~2.5x),nominal 20x (actual ~10x),True,12401.0,18450.0,152919.35822088955,77513.51321304902,12401.0,17378.0,151895.01279264424,76489.03498861048,0.958226334507529,0.5904293424986107,0.5865968421074793,0.9935089601493842,0.006389544993743289,240,3437,14.320833333333333
25046855B,nominal 5x (actual ~2.5x),nominal 20x (actual ~10x),True,7520.0,3120.0,126025.32678069951,80914.51321304902,7520.0,3120.0,126025.01633799222,80914.03498861048,0.9999912330869644,0.8376050522529909,0.8375977090423398,0.9999912330869646,1.8626851843488073e-06,228,3144,13.789473684210526
25047066B,nominal 5x (actual ~2.5x),nominal 20x (actual ~10x),True,7856.0,18482.0,124352.0,79907.51321304902,7856.0,18482.0,121280.0,77859.03498861048,0.9411604284166993,0.6329107936464472,0.5956705936978435,0.9411604284166993,0.01184551745301759,194,2568,13.237113402061855
25047067B2,nominal 5x (actual ~2.5x),nominal 20x (actual ~10x),True,15232.0,12881.0,114883.18287891416,77970.51321304902,15232.0,12881.0,116805.0152394559,76946.03498861048,0.9659252318838025,0.5496891604293014,0.5514715389451511,1.00324252076293,0.006783265443505665,194,2784,14.350515463917526
25047077B2,nominal 5x (actual ~2.5x),nominal 20x (actual ~10x),True,7568.0,6448.0,143124.1442091032,79816.51321304902,7568.0,6448.0,142100.00721025208,78792.03498861048,0.97858695981999,0.7975666840778775,0.7804883566254804,0.9785869598199899,0.004337847022012003,189,2735,14.470899470899472
25047088B,nominal 5x (actual ~2.5x),nominal 20x (actual ~10x),True,7840.0,8449.0,119137.06641587755,55153.789108656565,7840.0,8449.0,117089.01660396939,54129.0,0.9600602726680292,0.6764442597699246,0.6494272604794371,0.9600602726680294,0.008286374388140904,81,1126,13.901234567901234
25047401B2,nominal 5x (actual ~2.5x),nominal 20x (actual ~10x),True,9360.0,8592.0,132420.16578521318,74096.0,9360.0,4528.0,143253.01381506165,81360.0,0.7835834616399774,0.6714999935965479,0.8569603960134028,1.2761882415270485,0.03343475096041433,209,2996,14.334928229665072
25047538B2,nominal 5x (actual ~2.5x),nominal 20x (actual ~10x),True,8144.0,6305.0,107107.19450424211,59347.757224118315,8144.0,6305.0,124261.01620817374,64955.01455951772,0.7707895270181565,0.5906604763502996,0.7663057886052286,1.2973710266517986,0.06239740922805168,122,1719,14.09016393442623
25047815B,nominal 5x (actual ~2.5x),nominal 20x (actual ~10x),True,9088.0,13809.0,126961.0597084548,71153.38467317806,9088.0,13809.0,127985.0149271137,70673.0,0.9831537687981217,0.5782906862007945,0.5784277248744799,1.0002369719536481,0.003501687269543968,203,2890,14.236453201970443
25047835B3,nominal 5x (actual ~2.5x),nominal 20x (actual ~10x),True,7696.0,14753.0,93123.2446639057,63905.51682368775,7696.0,14753.0,92099.02038784693,61857.01435460357,0.9468337922543131,0.5859493586549833,0.5547966533242804,0.9468337922543131,0.009294450249716434,94,1239,13.180851063829786
25047844B2,nominal 5x (actual ~2.5x),nominal 20x (actual ~10x),True,8721.0,6992.0,104729.54522220645,71424.0,8721.0,6992.0,104729.02725820763,69376.0,0.968209328279213,0.7303574808035324,0.7071389258924863,0.968209328279213,0.007559349576709961,119,1542,12.957983193277311
25047972B2,nominal 5x (actual ~2.5x),nominal 20x (actual ~10x),True,7504.0,6688.0,119223.39088942614,83138.53781512605,7504.0,6688.0,119223.0,83138.03666571183,0.9999899459615178,0.810594678586973,0.8105865288368809,0.9999899459615177,2.1029664960149345e-06,211,3038,14.398104265402843
25048256B2,nominal 5x (actual ~2.5x),nominal 20x (actual ~10x),True,7632.0,7856.0,143164.40324032403,85441.51321304902,7632.0,3488.0,142140.01440022502,83393.03498861048,0.9151080347050959,0.8420689234168163,0.8606888388833771,1.0221121038299428,0.019437764132845235,274,3921,14.31021897810219
25048633B2,nominal 5x (actual ~2.5x),nominal 20x (actual ~10x),True,7696.0,12945.0,133415.40843304843,73170.38467317806,7696.0,3344.0,137341.01458564796,81255.0,0.7495960888458156,0.632954783031276,0.8443944578284321,1.3340517845280402,0.01281168042182746,191,2771,14.507853403141361
25048669B2,nominal 5x (actual ~2.5x),nominal 20x (actual ~10x),True,8272.0,4624.0,147011.10789168687,77296.51321304902,8272.0,2704.0,147875.0,81049.03498861048,0.9218554915252363,0.7561645735603517,0.8202636752852183,1.084768718300383,0.005774676740124862,347,4821,13.893371757925072
25049669B3,nominal 5x (actual ~2.5x),nominal 20x (actual ~10x),True,8000.0,7777.0,130231.39157547947,77553.67801740447,8000.0,7777.0,129207.00752963322,79276.02421147207,0.9679275097030522,0.7413865318562292,0.7533199877588279,1.016096132570308,0.006256175889883281,287,4306,15.003484320557492
25049966B2,nominal 5x (actual ~2.5x),nominal 20x (actual ~10x),True,10720.0,7104.0,98705.07766990291,67184.1110870037,10720.0,7104.0,95633.01941747573,66160.02777175092,0.9486341777931758,0.6796039011074625,0.6446954879521124,0.9486341777931758,0.012580801079597807,132,1912,14.484848484848484
25049999B2,nominal 5x (actual ~2.5x),nominal 20x (actual ~10x),True,8928.0,9664.0,128472.42045987799,71249.36312056737,8928.0,7360.0,129496.01501510308,71249.03890380426,0.9557490608586907,0.6835230677293155,0.7151626489910373,1.0462889736360026,0.007999096881192493,201,2832,14.08955223880597
25050326B,nominal 5x (actual ~2.5x),nominal 20x (actual ~10x),True,7520.0,13729.0,48480.44804200394,87457.51321304902,7520.0,13729.0,48480.0,86433.03498861048,0.9860939350870055,0.4702319272385209,0.46369285153417955,0.9860939350870056,0.004482403758202198,126,1893,15.023809523809524
25050345B2,nominal 5x (actual ~2.5x),nominal 20x (actual ~10x),True,8064.0,8705.0,125912.4705882353,70049.48927585475,8064.0,8705.0,123864.02352724933,70049.01358955303,0.9826103384793212,0.7347488650566139,0.7219718309905765,0.9826103384793213,0.006793835950803766,220,3075,13.977272727272727
25050415B2,nominal 5x (actual ~2.5x),nominal 20x (actual ~10x),True,9184.0,6512.0,165318.17644742024,75913.52816174953,9184.0,6512.0,162246.0189046154,74977.02640536359,0.9670951542630154,0.8597192042181206,0.8314302764262004,0.9670951542630155,0.00891828556796219,314,4480,14.26751592356688
25050830B2,nominal 5x (actual ~2.5x),nominal 20x (actual ~10x),True,58480.0,14482.0,169601.0467708048,67730.61641044638,14000.0,14482.0,168577.0116927012,71706.01185240058,0.6587060415579568,0.39100825761470903,0.5845268793009009,1.494922083913841,0.11693956416390802,166,2153,12.96987951807229
25050862B2,nominal 5x (actual ~2.5x),nominal 20x (actual ~10x),True,8736.0,6752.0,131904.0,82977.51321304902,8736.0,6752.0,134976.0,85025.03498861048,0.9501432491032227,0.7593410665849868,0.7991858778154541,1.0524728781095207,0.01112346761550992,282,4031,14.294326241134751
25050888B2,nominal 5x (actual ~2.5x),nominal 20x (actual ~10x),True,9425.0,7072.0,109513.4930526895,60640.180918727914,9425.0,7072.0,109513.01760720795,59616.04522968198,0.9808769820275847,0.6786209512333761,0.6656436705864827,0.9808769820275847,0.003801614556006955,108,1540,14.25925925925926
25050888B3,nominal 5x (actual ~2.5x),nominal 20x (actual ~10x),True,23952.0,7937.0,152945.05149351302,76461.7491638796,23952.0,7937.0,152945.01287337826,76461.02675165892,0.999989158251305,0.725738745849528,0.725730877572427,0.9999891582513047,2.048807424073145e-06,81,1015,12.530864197530864
25050984B2,nominal 5x (actual ~2.5x),nominal 20x (actual ~10x),True,8208.0,11121.0,120134.3787916153,79569.51321304902,8208.0,11121.0,119110.0,78545.03498861048,0.9760175915032305,0.6723665811904318,0.6562416111807466,0.9760175915032306,0.004623168074459392,243,3439,14.152263374485596
25051008B4,nominal 5x (actual ~2.5x),nominal 20x (actual ~10x),True,8272.0,176.0,131762.0919870643,73601.36312056737,8272.0,176.0,131762.02299676609,72577.03890380426,0.9860488988876858,0.8595445301822013,0.8475529375310928,0.9860488988876858,0.00330040866844734,153,1989,13.0
25051207B5,nominal 5x (actual ~2.5x),nominal 20x (actual ~10x),True,8096.0,6496.0,113556.30946944258,55648.0,8096.0,6496.0,110484.00859579611,53600.0,0.9304148837094238,0.7098729124998477,0.6604763233320159,0.9304148837094239,0.013780086511565582,140,1969,14.064285714285715
25052288B,nominal 5x (actual ~2.5x),nominal 20x (actual ~10x),True,8224.0,8353.0,96215.44325515504,61601.77720691266,8224.0,8353.0,95191.03021956403,60577.01494366937,0.9693370587128662,0.6725974288679158,0.6519736133966618,0.9693370587128662,0.005909508232719186,96,1199,12.489583333333334
25052316B,nominal 5x (actual ~2.5x),nominal 20x (actual ~10x),True,7552.0,18752.0,105442.15159141377,76096.14323013801,7552.0,17776.0,105442.0,75072.0358075345,0.9657032190130191,0.6053474009035394,0.6048386233232274,0.9991595279346162,0.007246969049288962,180,2539,14.105555555555556
25052654B2,nominal 5x (actual ~2.5x),nominal 20x (actual ~10x),True,13009.0,8624.0,99994.4556511421,52289.31848718587,13009.0,8624.0,101018.0,55361.01592336879,0.9234113505080302,0.5474626284328673,0.5928697195801975,1.0829409877297191,0.012889405661717986,69,939,13.608695652173912
25053425B2,nominal 5x (actual ~2.5x),nominal 20x (actual ~10x),True,7665.0,8465.0,96200.55973762299,58290.56277479238,7665.0,6640.0,95176.01998828811,57266.01563072414,0.9342786466784986,0.6571728817113264,0.660003408791158,1.0043071270263932,0.01244958974981243,117,1538,13.145299145299145
25053683B2,nominal 5x (actual ~2.5x),nominal 20x (actual ~10x),True,7888.0,14081.0,112674.15980024969,83400.51321304902,7888.0,14081.0,112674.00798976312,84424.03498861048,0.9854481578435591,0.6454767924194719,0.655006486746166,1.0147638062880209,0.0032941072877004434,232,3292,14.189655172413794
25054130B1,nominal 5x (actual ~2.5x),nominal 20x (actual ~10x),True,7696.0,14256.0,121489.06432160804,73616.0,7696.0,14256.0,120465.01608040201,73616.0,0.9910007850890471,0.6549580655382885,0.6490639571488475,0.9910007850890471,0.0033925854822543303,215,3032,14.102325581395348
25054130B2,nominal 5x (actual ~2.5x),nominal 20x (actual ~10x),True,7584.0,27877.0,91572.23360709165,69063.79850280724,7584.0,4112.0,115990.02502851556,69063.0399189147,0.49127540771263956,0.3662016804607837,0.745389686580511,2.0354622230094717,0.11759870315646236,71,975,13.732394366197184
25054212B,nominal 5x (actual ~2.5x),nominal 20x (actual ~10x),True,7888.0,12113.0,149655.30026390383,74450.51321304902,7888.0,2736.0,160603.0,81161.03498861048,0.7378857521613063,0.6148175905024822,0.8332151538387197,1.3552233486972032,0.030327516209414422,256,3745,14.62890625
25054489B3,nominal 5x (actual ~2.5x),nominal 20x (actual ~10x),True,7696.0,2528.0,124242.1243322001,81712.09351598173,7696.0,2528.0,125266.0,79664.02337899544,0.9658694913294427,0.7994149404123511,0.7855796762842779,0.9826932629993922,0.007234998918855008,220,3278,14.9
25054693B2,nominal 5x (actual ~2.5x),nominal 20x (actual ~10x),True,8048.0,6848.0,146291.19057747527,66272.1110870037,8048.0,6848.0,144243.02041847233,65248.02777175092,0.9682061575347866,0.7403913706937475,0.7168514840913072,0.9682061575347867,0.0068332864152192314,269,3966,14.743494423791821
25055380B2,nominal 5x (actual ~2.5x),nominal 20x (actual ~10x),True,9440.0,944.0,152891.35334713597,72144.51321304902,9440.0,944.0,157725.01261860752,82713.03498861048,0.8423675782420086,0.7167282909703045,0.8508498065251885,1.1871302099339633,0.03148930947247051,319,4783,14.993730407523511
25055681B2,nominal 5x (actual ~2.5x),nominal 20x (actual ~10x),True,7632.0,6480.0,120675.19450424211,44624.157975933354,7632.0,6480.0,119651.01620817374,43600.039493983335,0.9643345561837894,0.658042505913999,0.6345731278906448,0.9643345561837894,0.0053020439160603805,139,1913,13.762589928057555
25055778B2,nominal 5x (actual ~2.5x),nominal 20x (actual ~10x),True,20977.0,0.0,164262.2421948912,77824.51321304902,20977.0,0.0,162214.01210917174,76800.03498861048,0.9727294493316819,0.7509099711427504,0.7304322427273567,0.9727294493316819,0.00600890831620199,345,4815,13.956521739130435
25055784B2,nominal 5x (actual ~2.5x),nominal 20x (actual ~10x),True,7792.0,1216.0,126537.43321648736,79367.42182350787,7792.0,1216.0,125513.01547061489,78343.01171624714,0.9783780591797282,0.802062959106091,0.7847208012701673,0.9783780591797284,0.0045663716262067935,254,3530,13.89763779527559
25055857B2,nominal 5x (actual ~2.5x),nominal 20x (actual ~10x),True,7552.0,0.0,155008.04901866923,86016.51321304902,7552.0,0.0,164209.0122546673,84992.03498861048,0.9307071588935838,0.864373507972813,0.9073714035752324,1.0497445782474997,0.024519709237355632,258,3413,13.228682170542635
25057854B3,nominal 5x (actual ~2.5x),nominal 20x (actual ~10x),True,7856.0,7728.0,110263.35461975343,73264.51321304902,7856.0,7728.0,108215.01772975968,73264.03498861048,0.9799909955271472,0.6617142717294229,0.6484740279066383,0.9799909955271473,0.007058557295820753,102,1408,13.803921568627452
25057856B2,nominal 5x (actual ~2.5x),nominal 20x (actual ~10x),True,12112.0,8736.0,118914.1649697126,70865.46451612902,12112.0,8736.0,116866.00824821986,71889.0129019252,0.965226271232218,0.6734161578526899,0.6713833859792807,0.996981403178844,0.0077694309790784805,229,3470,15.152838427947598
25057858B2,nominal 5x (actual ~2.5x),nominal 20x (actual ~10x),True,8512.0,0.0,119319.39659178931,79729.51321304902,8512.0,0.0,117271.0,78705.03498861048,0.9689020131197351,0.8117811928610549,0.786536431975816,0.9689020131197351,0.007539034298603772,212,2892,13.641509433962264
25057865B1,nominal 5x (actual ~2.5x),nominal 20x (actual ~10x),True,8800.0,6800.0,158486.17644742024,79128.51321304902,8800.0,6800.0,158486.0189046154,80152.03498861048,0.9860454200302249,0.7587880715048912,0.7695248819230838,1.014149946238478,0.0027706666454978767,310,4598,14.832258064516129
25058118B3,nominal 5x (actual ~2.5x),nominal 20x (actual ~10x),True,7600.0,10960.0,106089.39591710486,58800.0688542227,7600.0,10960.0,104041.0197943246,59824.01721355568,0.9591008245718142,0.7655030785969925,0.7656259312889885,1.0001604862154456,0.00959391914607362,96,1259,13.114583333333334
25058118B4,nominal 5x (actual ~2.5x),nominal 20x (actual ~10x),True,7696.0,6032.0,131760.0,81361.37667831525,7696.0,6032.0,130736.0,80337.0,0.9782598012487205,0.8089937255474022,0.7914060411654638,0.9782598012487207,0.004562044071113974,275,3920,14.254545454545454
25058627B2,nominal 5x (actual ~2.5x),nominal 20x (actual ~10x),True,7616.0,6625.0,125059.1885125184,65153.7491638796,7616.0,6625.0,123011.01570889454,66177.02675165892,0.9659665229400455,0.6886768853287981,0.6884969606840051,0.99973873866159,0.007571799214671544,209,2976,14.239234449760765
25058713B2,nominal 5x (actual ~2.5x),nominal 20x (actual ~10x),True,7744.0,8992.0,126785.05876276828,77557.38467317806,7744.0,8992.0,124737.01469069207,77557.0,0.982789967926654,0.6872408345237566,0.6754133977194897,0.982789967926654,0.006267755414339791,187,2745,14.679144385026738
25058746B4,nominal 5x (actual ~2.5x),nominal 20x (actual ~10x),True,8416.0,11377.0,114647.43600157212,81009.51321304902,8416.0,11377.0,115671.00838382184,82033.03498861048,0.9761089139198438,0.6897541087545549,0.706636420299299,1.0244758404922405,0.004811403160012172,182,2630,14.45054945054945
25059470B2,nominal 5x (actual ~2.5x),nominal 20x (actual ~10x),True,13904.0,8289.0,103956.21500559911,82568.51321304902,13904.0,8289.0,104980.01791650629,80520.03498861048,0.9617890112252264,0.666453524301762,0.6554420377880298,0.9834774877584016,0.007943957535828869,144,2019,14.020833333333334
25059686B2,nominal 5x (actual ~2.5x),nominal 20x (actual ~10x),True,15633.0,6352.0,146205.40302267,80289.51321304902,15633.0,6352.0,147229.02014954743,79672.03498861048,0.9839990490058932,0.7211779180317408,0.7207615369697953,0.9994226375329379,0.00339731830226717,291,4295,14.759450171821307
25060539B2,nominal 5x (actual ~2.5x),nominal 20x (actual ~10x),True,15056.0,5664.0,134611.17528243753,79392.51321304902,15056.0,5664.0,133587.01460645307,77344.03498861048,0.9638875125488044,0.7159836793966644,0.6901277277591916,0.9638875125488044,0.0069217770624696385,295,4445,15.067796610169491
25061727B2,nominal 5x (actual ~2.5x),nominal 20x (actual ~10x),True,7760.0,10273.0,147198.42543762465,80741.51321304902,7760.0,10273.0,145150.02127011382,80741.03498861048,0.9853029282372108,0.7748324586295037,0.7634446903808872,0.9853029282372106,0.006059446768105637,282,4032,14.297872340425531
25062444B,nominal 5x (actual ~2.5x),nominal 20x (actual ~10x),True,10160.0,7264.0,127136.03075444498,67799.51682368775,10160.0,112.0,127456.00768861125,68823.01435460357,0.8786128380442562,0.7453100520988332,0.8482804027287517,1.1381577376287206,0.020309025148515084,191,2781,14.56020942408377
25062891B4,nominal 5x (actual ~2.5x),nominal 20x (actual ~10x),True,7824.0,7040.0,94613.28027918434,54960.064499874024,7824.0,272.0,117671.0,64016.016124968504,0.593958166618797,0.5601273174802017,0.9430416971431123,1.6836202550975297,0.08707398146170253,55,714,12.981818181818182
25063228B5,nominal 5x (actual ~2.5x),nominal 20x (actual ~10x),True,7936.0,6577.0,102791.38112252494,55145.94674556213,7936.0,6577.0,100743.01905470785,53675.04732852653,0.9487746366627064,0.6603385017631936,0.6265124220847699,0.9487746366627063,0.010041937282810727,101,1242,12.297029702970297
25063371B2,nominal 5x (actual ~2.5x),nominal 20x (actual ~10x),True,7616.0,18082.0,142952.41392691602,83257.51321304902,7616.0,18082.0,141928.02069467274,83257.03498861048,0.9924234822313567,0.676734541541346,0.6716072502627033,0.9924234822313567,0.0029697736636665178,237,3277,13.827004219409282
25063642B,nominal 5x (actual ~2.5x),nominal 20x (actual ~10x),True,7600.0,7968.0,100816.03754766793,53392.13278008299,7600.0,7968.0,101840.00938691698,53392.03319502075,0.9891322805833994,0.6291080402882917,0.6360173550002751,1.010982715637869,0.004085174977784229,131,1913,14.603053435114504
25063642B2,nominal 5x (actual ~2.5x),nominal 20x (actual ~10x),True,7937.0,6768.0,74825.64646464646,36864.29246001523,7937.0,6768.0,75849.0124302015,33792.073115003805,0.8857520766291752,0.581557464368689,0.5301815803615574,0.9116581126460085,0.017507793511121465,35,464,13.257142857142858
25063676B,nominal 5x (actual ~2.5x),nominal 20x (actual ~10x),True,7696.0,27602.0,103025.06970728387,64546.33787945446,7696.0,27602.0,103025.01742682097,63522.02815507286,0.9722737100602176,0.41197307307654674,0.4005505882050432,0.9722737100602175,0.003705549078841831,75,1079,14.386666666666667
25063676B2,nominal 5x (actual ~2.5x),nominal 20x (actual ~10x),True,7648.0,14161.0,128451.15285407213,76418.37667831525,7648.0,14161.0,127427.00764247545,78466.0,0.9602089971973921,0.6451796901807828,0.6607498219273433,1.0241330159388582,0.0071654848708062715,184,2436,13.23913043478261
25063700B,nominal 5x (actual ~2.5x),nominal 20x (actual ~10x),True,7552.0,7201.0,56704.45586364793,60449.72163495419,7552.0,7201.0,55680.04883942766,60449.0,0.9791453093236238,0.6107773298679656,0.5980397575814261,0.9791453093236238,0.005523983276360158,107,1530,14.299065420560748
