slide_id,level,width_px,height_px,openslide_downsample,downsample_x_from_dimensions,downsample_y_from_dimensions,effective_magnification,effective_magnification_x,effective_magnification_y,effective_mpp_x,effective_mpp_y
2460239-B2,0,150455,87803,1.0,1.0,1.0,40.0,40.0,40.0,0.264186,0.264186
2460239-B2,1,37613,21950,4.000108216958623,4.000079759657565,4.000136674259681,9.999729464922565,9.99980060483201,9.999658326025306,1.0567650713848933,1.0567801074259682
2460239-B2,2,9403,5487,16.00137459086777,16.00074444326279,16.002004738472753,2.499785238627475,2.4998836861520055,2.4996867988565312,4.227172671487823,4.227505623838162
2460239-B2,3,2350,1371,64.03321926843273,64.02340425531915,64.04303428154631,0.624675761378115,0.624771526370011,0.6245800257394395,16.914087076595745,16.919273054704593
2460242-B2,0,182383,87803,1.0,1.0,1.0,40.0,40.0,40.0,0.264186,0.264186
2460242-B2,1,45595,21950,4.000101235473958,4.000065796688233,4.000136674259681,9.999746917720332,9.999835510985125,9.999658326025306,1.0567613825638773,1.0567801074259682
2460242-B2,2,11398,5487,16.0016603794136,16.001316020354448,16.002004738472753,2.4997405926362903,2.499794388731406,2.4996867988565312,4.22732367415336,4.227505623838162
2460242-B2,3,2849,1371,64.02976564902167,64.01649701649701,64.04303428154631,0.6247094549628602,0.6248389378396013,0.6245800257394395,16.912262280800277,16.919273054704593
2460399-B2,0,143226,87803,1.0,1.0,1.0,40.0,40.0,40.0,0.264186,0.264186
2460399-B2,1,35806,21950,4.000096265410017,4.000055856560353,4.000136674259681,9.999759342266712,9.999860360549063,9.999658326025306,1.0567587565212533,1.0567801074259682
2460399-B2,2,8951,5487,16.001560966041204,16.00111719360965,16.002004738472753,2.499756122848809,2.499825450686328,2.4996867988565312,4.227271146910959,4.227505623838162
2460399-B2,3,2237,1371,64.03448093156439,64.02592758158248,64.04303428154631,0.6246634534720321,0.6247469034951755,0.6245800257394395,16.914753704067948,16.919273054704593
2460404-B3,0,166720,87803,1.0,1.0,1.0,40.0,40.0,40.0,0.264186,0.264186
2460404-B3,1,41680,21950,4.000068337129841,4.0,4.000136674259681,9.999829160094075,10.0,9.999658326025306,1.056744,1.0567801074259682
2460404-B3,2,10420,5487,16.001002369236375,16.0,16.002004738472753,2.4998433896181558,2.5,2.4996867988565312,4.226976,4.227505623838162
2460404-B3,3,2605,1371,64.02151714077316,64.0,64.04303428154631,0.6247899422946561,0.625,0.6245800257394395,16.907904,16.919273054704593
2460405-B2,0,146238,82984,1.0,1.0,1.0,40.0,40.0,40.0,0.264186,0.264186
2460405-B2,1,36559,20746,4.000027353045762,4.0000547060915235,4.0,9.99993161785321,9.99986323664164,10.0,1.0567584525834952,1.056744
2460405-B2,2,9139,5186,16.001537255500352,16.001531896268737,16.00154261473197,2.4997598269035333,2.4997606641228685,2.4997589896847585,4.227380705547652,4.22738353721558
2460405-B2,3,2284,1296,64.02900477827507,64.02714535901926,64.03086419753086,0.624716878522715,0.6247350209931756,0.6246987371059481,16.91507542381786,16.916057888888886
2460591-B2,0,185395,87803,1.0,1.0,1.0,40.0,40.0,40.0,0.264186,0.264186
2460591-B2,1,46348,21950,4.000100700985886,4.0000647277120915,4.000136674259681,9.999748253873056,9.999838183338277,9.999658326025306,1.0567611001553465,1.0567801074259682
2460591-B2,2,11587,5487,16.00113182466056,16.000258910848366,16.002004738472753,2.499823164905932,2.499959545834569,2.4996867988565312,4.227044400621386,4.227505623838162
2460591-B2,3,2896,1371,64.03032238939194,64.01761049723757,64.04303428154631,0.6247040231461789,0.6248280697969201,0.6245800257394395,16.912556446823203,16.919273054704593
2460602-B,0,154873,80574,1.0,1.0,1.0,40.0,40.0,40.0,0.264186,0.264186
2460602-B,1,38718,20143,4.000062558928159,4.000025827780361,4.000099290075957,9.999843605125577,9.999935430966017,9.999751780971529,1.0567508233379823,1.0567702310480065
2460602-B,2,9679,5035,16.00185519218554,16.000929848124805,16.002780536246277,2.4997101598278357,2.499854719673539,2.499565616700176,4.2272216528566995,4.227710578748758
2460602-B,3,2419,1258,64.03642401733495,64.02356345597354,64.04928457869634,0.6246444990302991,0.6247699728164366,0.624519075632338,16.914129135179824,16.920924295707472
2460628-B2,0,149652,77562,1.0,1.0,1.0,40.0,40.0,40.0,0.264186,0.264186
2460628-B2,1,37413,19390,4.00005157297576,4.0,4.000103145951521,9.999871069222936,10.0,9.999742141770454,1.056744,1.0567712497163486
2460628-B2,2,9353,4847,16.001245401050173,16.000427670266223,16.002063131834124,2.499805421231448,2.499933178307006,2.4996776772130684,4.227088984496952,4.22752105054673
2460628-B2,3,2338,1211,64.02822431108056,64.00855431993156,64.04789430222957,0.6247244934618263,0.6249164728837571,0.6245326319589489,16.91016393156544,16.920557004128817
2460641-B2,0,148045,87803,1.0,1.0,1.0,40.0,40.0,40.0,0.264186,0.264186
2460641-B2,1,37011,21950,4.000081846627017,4.000027018994353,4.000136674259681,9.999795387619166,9.99993245297038,9.999658326025306,1.056751138040042,1.0567801074259682
2460641-B2,2,9252,5487,16.001704920036204,16.001405101599655,16.002004738472753,2.499733634627572,2.499780472153737,2.4996867988565312,4.2273472081712065,4.227505623838162
2460641-B2,3,2313,1371,64.02432734397246,64.00562040639862,64.04303428154631,0.6247625185517202,0.6249451180384342,0.6245800257394395,16.909388832684826,16.919273054704593
2460643-B,0,123747,80574,1.0,1.0,1.0,40.0,40.0,40.0,0.264186,0.264186
2460643-B,1,30936,20143,4.000098132237358,4.000096974398759,4.000099290075957,9.999754675425166,9.999757569880481,9.999751780971529,1.0567696192785105,1.0567702310480065
2460643-B,2,7734,5035,16.001584216920655,16.000387897595036,16.002780536246277,2.4997524906129325,2.4999393924701203,2.499565616700176,4.227078477114042,4.227710578748758
2460643-B,3,1933,1258,64.03369557439731,64.0181065700983,64.04928457869634,0.6246711148121405,0.6248232280378514,0.624519075632338,16.912687502327987,16.920924295707472
2460753-B2,0,134591,84992,1.0,1.0,1.0,40.0,40.0,40.0,0.264186,0.264186
2460753-B2,1,33647,21248,4.000044580497518,4.000089160995037,4.0,9.999888549998328,9.999777102480849,10.0,1.0567675550866347,1.056744
2460753-B2,2,8411,5312,16.000891689454285,16.001783378908573,16.0,2.4998606812870823,2.4997213781010617,2.5,4.22744714374034,4.226976
2460753-B2,3,2102,1328,64.01498572787821,64.02997145575642,64.0,0.6248536892601414,0.6247074470061148,0.625,16.915822039010465,16.907904
2460770-B2,0,151258,87803,1.0,1.0,1.0,40.0,40.0,40.0,0.264186,0.264186
2460770-B2,1,37814,21950,4.000094782361765,4.0000528904638495,4.000136674259681,9.999763049710264,9.99986777558873,9.999658326025306,1.0567579729200824,1.0567801074259682
2460770-B2,2,9453,5487,16.001531301850363,16.00105786522797,16.002004738472753,2.4997607569829605,2.4998347194859116,2.4996867988565312,4.227255473183116,4.227505623838162
2460770-B2,3,2363,1371,64.02701862194115,64.01100296233601,64.04303428154631,0.624736257613166,0.6248925676658426,0.6245800257394395,16.910810828607698,16.919273054704593
2460949-B3,0,133386,87803,1.0,1.0,1.0,40.0,40.0,40.0,0.264186,0.264186
2460949-B3,1,33346,21950,4.000098325734172,4.000059977208661,4.000136674259681,9.999754191706892,9.999850059226604,9.999658326025306,1.0567598451388471,1.0567801074259682
2460949-B3,2,8336,5487,16.001602177297798,16.00119961612284,16.002004738472753,2.499749684862796,2.499812574033257,2.4996867988565312,4.227292921785028,4.227505623838162
2460949-B3,3,2084,1371,64.02391637301884,64.00479846449136,64.04303428154631,0.6247665289163243,0.6249531435083142,0.6245800257394395,16.909171687140113,16.919273054704593
2460960-B,0,147644,87803,1.0,1.0,1.0,40.0,40.0,40.0,0.264186,0.264186
2460960-B,1,36911,21950,4.000068337129841,4.0,4.000136674259681,9.999829160094075,10.0,9.999658326025306,1.056744,1.0567801074259682
2460960-B,2,9227,5487,16.001652634761466,16.00130053105018,16.002004738472753,2.4997418024876574,2.4997968085394597,2.4996867988565312,4.2273195820960225,4.227505623838162
2460960-B,3,2306,1371,64.03452668110273,64.02601908065915,64.04303428154631,0.6246630071805376,0.6247460106743247,0.6245800257394395,16.91477787684302,16.919273054704593
2460974-B2,0,140816,80574,1.0,1.0,1.0,40.0,40.0,40.0,0.264186,0.264186
2460974-B2,1,35204,20143,4.000049645037978,4.0,4.000099290075957,9.999875888945429,10.0,9.999751780971529,1.056744,1.0567702310480065
2460974-B2,2,8801,5035,16.00139026812314,16.0,16.002780536246277,2.4997827894795637,2.5,2.499565616700176,4.226976,4.227710578748758
2460974-B2,3,2200,1258,64.02827865298454,64.00727272727272,64.04928457869634,0.6247239632473781,0.6249289853425748,0.624519075632338,16.90982535272727,16.920924295707472
2461002-B2,0,123747,58887,1.0,1.0,1.0,40.0,40.0,40.0,0.264186,0.264186
2461002-B2,1,30936,14721,4.000150382451061,4.000096974398759,4.000203790503362,9.999624058006118,9.999757569880481,9.999490549696878,1.0567696192785105,1.056797838597921
2461002-B2,2,7734,3680,16.001145035754043,16.000387897595036,16.001902173913045,2.4998211009662925,2.4999393924701203,2.4997028206565113,4.227078477114042,4.227478527717391
2461487-B2,0,173748,53264,1.0,1.0,1.0,40.0,40.0,40.0,0.264186,0.264186
2461487-B2,1,43437,13316,4.0,4.0,4.0,10.0,10.0,10.0,1.056744,1.056744
2461487-B2,2,10859,3329,16.000184179022007,16.000368358044017,16.0,2.4999712223590764,2.4999424453806665,2.5,4.227073315038217,4.226976
2461671-B2,0,142423,83385,1.0,1.0,1.0,40.0,40.0,40.0,0.264186,0.264186
2461671-B2,1,35605,20846,4.000066114331345,4.000084257828957,4.000047970833733,9.999834716903534,9.999789359864629,9.999880074353902,1.0567662597388006,1.0567566732226805
2461671-B2,2,8901,5211,16.001256772103968,16.000786428491182,16.001727115716754,2.499803644782115,2.4998771265877,2.499730167296276,4.227183763397371,4.227432279792746
2461671-B2,3,2225,1302,64.0270579402475,64.01033707865169,64.04377880184332,0.6247358739695572,0.6248990682684679,0.6245727648857708,16.910634911460672,16.919469746543776
2461672-B2,0,167724,72742,1.0,1.0,1.0,40.0,40.0,40.0,0.264186,0.264186
2461672-B2,1,41931,18185,4.000054990376684,4.0,4.000109980753368,9.999862525948227,10.0,9.999725055676224,1.056744,1.0567730553753092
2461672-B2,2,10482,4546,16.00123233065495,16.0011448196909,16.001319841619004,2.4998074631644793,2.4998211347213277,2.4997937917571695,4.22727844533486,4.227324683677958
2461672-B2,3,2620,1136,64.02512229867756,64.01679389312977,64.03345070422536,0.6247547613169683,0.6248360401612172,0.6246735036155178,16.91234071145038,16.91674120774648
2461677-B2,0,146840,64108,1.0,1.0,1.0,40.0,40.0,40.0,0.264186,0.264186
2461677-B2,1,36710,16027,4.0,4.0,4.0,10.0,10.0,10.0,1.056744,1.056744
2461677-B2,2,9177,4006,16.001933625659362,16.000871744578838,16.00299550673989,2.4996979074990877,2.499863797330428,2.499532039683035,4.227206302713305,4.227767370943584
2461698-B,0,157081,83586,1.0,1.0,1.0,40.0,40.0,40.0,0.264186,0.264186
2461698-B,1,39270,20896,4.000060588414678,4.000025464731347,4.000095712098009,9.999848531257618,9.999936338576914,9.999760725480344,1.0567507274255155,1.0567692857963245
2461698-B,2,9817,5224,16.000649812705745,16.000916777019455,16.000382848392036,2.499898470888159,2.4998567617980534,2.499940181370086,4.227218199653661,4.227077143185298
2461698-B,3,2454,1306,64.00585942131545,64.01018744906276,64.00153139356814,0.624942784327009,0.6249005290264259,0.6249850453425215,16.91059538141809,16.90830857274119
2461700-B2,0,109691,56477,1.0,1.0,1.0,40.0,40.0,40.0,0.264186,0.264186
2461700-B2,1,27422,14119,4.000090113878247,4.000109401210707,4.000070826545789,9.999774720379586,9.99972650445342,9.999822936770721,1.0567729022682517,1.0567627113818259
2461700-B2,2,6855,3529,16.002644215615575,16.001604668125456,16.003683763105695,2.4995869095788255,2.4997492957489675,2.499424544504843,4.227399930853391,4.22794919863984
2461703-B3,0,153065,87803,1.0,1.0,1.0,40.0,40.0,40.0,0.264186,0.264186
2461703-B3,1,38266,21950,4.0000814035595695,4.000026132859458,4.000136674259681,9.99979649524258,9.999934668278183,9.999658326025306,1.0567509039356087,1.0567801074259682
2461703-B3,2,9566,5487,16.001472785293245,16.000940832113738,16.002004738472753,2.499769898478564,2.49985300362591,2.4996867988565312,4.2272245546728,4.227505623838162
2461703-B3,3,2391,1371,64.03009095925916,64.01714763697198,64.04303428154631,0.6247062810741759,0.6248325874628425,0.6245800257394395,16.91243416562108,16.919273054704593
2461718-B3,0,127362,84188,1.0,1.0,1.0,40.0,40.0,40.0,0.264186,0.264186
2461718-B3,1,31840,21047,4.000031407035175,4.000062814070351,4.0,9.999921483028558,9.999842967290087,10.0,1.0567605945979897,1.056744
2461718-B3,2,7960,5261,16.001266095732415,16.000251256281405,16.002280935183425,2.499802188194853,2.499960741822522,2.499643654677626,4.227042378391959,4.227578591142368
2461718-B3,3,1990,1315,64.01114890039551,64.00100502512562,64.0212927756654,0.6248911429826383,0.6249901854556305,0.6247921318952819,16.908169513567834,16.91352925323194
2461755-B3,0,161098,87803,1.0,1.0,1.0,40.0,40.0,40.0,0.264186,0.264186
2461755-B3,1,40274,21950,4.0000931670449225,4.000049659830164,4.000136674259681,9.999767087812629,9.999875851965884,9.999658326025306,1.0567571194318914,1.0567801074259682
2461755-B3,2,10068,5487,16.001498992200222,16.000993245927692,16.002004738472753,2.4997658044098006,2.4998448149573553,2.4996867988565312,4.227238401668653,4.227505623838162
2461755-B3,3,2517,1371,64.02350363262855,64.00397298371077,64.04303428154631,0.6247705565993836,0.6249612037393388,0.6245800257394395,16.90895360667461,16.919273054704593
2461836-B2,0,125354,71538,1.0,1.0,1.0,40.0,40.0,40.0,0.264186,0.264186
2461836-B2,1,31338,17884,4.000087826043526,4.000063820282086,4.000111831804966,9.999780439711964,9.999840451840388,9.999720428303837,1.056760860425043,1.0567735443972266
2461836-B2,2,7834,4471,16.00086190716367,16.00127648710748,16.000447327219863,2.499865334260012,2.499800564800485,2.499930107075959,4.227313230022976,4.227094177588906
2461836-B2,3,1958,1117,64.03310660851929,64.02145045965271,64.04476275738585,0.6246768604332903,0.6247905930405092,0.6245631692247477,16.91357091113381,16.919729693822738
2461857-B2,0,138005,87803,1.0,1.0,1.0,40.0,40.0,40.0,0.264186,0.264186
2461857-B2,1,34501,21950,4.0000828294633965,4.000028984667111,4.000136674259681,9.99979293062937,9.999927538857289,9.999658326025306,1.0567516573432651,1.0567801074259682
2461857-B2,2,8625,5487,16.00129222430884,16.000579710144926,16.002004738472753,2.4997981062574937,2.49990942357161,2.4996867988565312,4.227129151304347,4.227505623838162
2461857-B2,3,2156,1371,64.02638727064328,64.00974025974025,64.04303428154631,0.6247424180114624,0.6249048947501903,0.6245800257394395,16.910477240259738,16.919273054704593
2461861-B2,0,81779,57481,1.0,1.0,1.0,40.0,40.0,40.0,0.264186,0.264186
2461861-B2,1,20444,14370,4.000108165871446,4.000146742320485,4.000069589422408,9.999729592633596,9.99963315765661,9.999826029470608,1.0567827672666796,1.056762384551148
2461861-B2,2,5111,3592,16.001546268605335,16.00058696928194,16.00250556792873,2.499758418877248,2.4999082894141527,2.4996085663088676,4.2271310690667185,4.2276379359688185
2462123-B2,0,110494,66317,1.0,1.0,1.0,40.0,40.0,40.0,0.264186,0.264186
2462123-B2,1,27623,16579,4.000066360350378,4.000072403431923,4.000060317268834,9.999834101876319,9.999818994696545,9.99984920910174,1.0567631279730658,1.056759934977984
2462123-B2,2,6905,4144,16.002582290964803,16.002027516292543,16.003137065637066,2.4995965821456423,2.499683240718953,2.4995099295806504,4.2275116414192615,4.227804768822393
2462123-B2,3,1726,1036,64.01496474541086,64.01738122827346,64.01254826254826,0.6248538940711912,0.6248303075280106,0.6248774823951626,16.912495877172653,16.911219075289573
2462170-B4,0,132985,70333,1.0,1.0,1.0,40.0,40.0,40.0,0.264186,0.264186
2462170-B4,1,33246,17583,4.0000434759612755,4.000030078806473,4.000056873116078,9.999891311278148,9.999924803549272,9.999857819231371,1.0567519463995667,1.0567590250810441
2462170-B4,2,8311,4395,16.002020404445005,16.001082902177835,16.002957906712172,2.4996843516640492,2.4998308079858633,2.499537912501955,4.227262087594753,4.227757437542661
2462170-B4,3,2077,1098,64.04149949178837,64.02744342802119,64.05555555555556,0.6245949941432734,0.6247321126442832,0.6244579358196011,16.915154169475205,16.922580999999997
2462290-B2,0,134591,76558,1.0,1.0,1.0,40.0,40.0,40.0,0.264186,0.264186
2462290-B2,1,33647,19139,4.000096829831339,4.000089160995037,4.000104498667642,9.999757931281522,9.999777102480849,9.999738760155699,1.0567675550866347,1.0567716070850095
2462290-B2,2,8411,4784,16.00235490015663,16.001783378908573,16.002926421404684,2.4996321009983653,2.4997213781010617,2.499542830272473,4.22744714374034,4.2277491195652175
2462290-B2,3,2102,1196,64.02083857068757,64.02997145575642,64.01170568561874,0.624796564572247,0.6247074470061148,0.6248857075681182,16.915822039010465,16.91099647826087
2462293-B3,0,99249,82582,1.0,1.0,1.0,40.0,40.0,40.0,0.264186,0.264186
2462293-B3,1,24812,20645,4.000068589417999,4.000040303079155,4.000096875756842,9.999828529395272,9.999899243317314,9.999757816473322,1.0567546475092695,1.0567695932186971
2462293-B3,2,6203,5161,16.00066188885546,16.00016121231662,16.001162565394303,2.4998965841444467,2.4999748108293285,2.4998183623549926,4.227018590037078,4.227283133501259
2462293-B3,3,1550,1290,64.02433358339584,64.0316129032258,64.0170542635659,0.6247624576661529,0.6246914326592712,0.6248334988254098,16.91625568645161,16.912409497674417
2462478-B2,0,156680,79168,1.0,1.0,1.0,40.0,40.0,40.0,0.264186,0.264186
2462478-B2,1,39170,19792,4.0,4.0,4.0,10.0,10.0,10.0,1.056744,1.056744
2462478-B2,2,9792,4948,16.000408496732028,16.000816993464053,16.0,2.499936174015165,2.499872351289252,2.5,4.227191838235294,4.226976
2462478-B2,3,2448,1237,64.00163398692811,64.00326797385621,64.0,0.6249840435037912,0.624968087822313,0.625,16.908767352941176,16.907904
2462483-B,0,131177,77763,1.0,1.0,1.0,40.0,40.0,40.0,0.264186,0.264186
2462483-B,1,32794,19440,4.000092407185296,4.000030493382936,4.000154320987654,9.999768987373567,9.999923767123809,9.999614212414643,1.0567520559248642,1.0567847694444443
2462483-B,2,8198,4860,16.00085755634467,16.001097828738718,16.000617283950618,2.4998660140024294,2.499828476028572,2.499903553103661,4.2272660309831664,4.227139077777777
2462483-B,3,2049,1215,64.01123944833071,64.02000976085895,64.00246913580247,0.6248902590347065,0.6248046532547626,0.6249758882759152,16.91319029868228,16.90855631111111
2462598-B,0,136800,87803,1.0,1.0,1.0,40.0,40.0,40.0,0.264186,0.264186
2462598-B,1,34200,21950,4.000068337129841,4.0,4.000136674259681,9.999829160094075,10.0,9.999658326025306,1.056744,1.0567801074259682
2462598-B,2,8550,5487,16.001002369236375,16.0,16.002004738472753,2.4998433896181558,2.5,2.4996867988565312,4.226976,4.227505623838162
2462598-B,3,2137,1371,64.0290042722659,64.01497426298549,64.04303428154631,0.6247168834597349,0.6248538011695907,0.6245800257394395,16.911859990641084,16.919273054704593
2462614-B3,0,134792,80574,1.0,1.0,1.0,40.0,40.0,40.0,0.264186,0.264186
2462614-B3,1,33698,20143,4.000049645037978,4.0,4.000099290075957,9.999875888945429,10.0,9.999751780971529,1.056744,1.0567702310480065
2462614-B3,2,8424,5035,16.00186510193131,16.000949667616336,16.002780536246277,2.4997086117900276,2.499851623241735,2.499565616700176,4.227226888888889,4.227710578748758
2462614-B3,3,2106,1258,64.02654162458084,64.00379867046534,64.04928457869634,0.6247409118946281,0.6249629058104338,0.624519075632338,16.908907555555555,16.920924295707472
2462637-B2,0,143226,83787,1.0,1.0,1.0,40.0,40.0,40.0,0.264186,0.264186
2462637-B2,1,35806,20946,4.000099540998596,4.000055856560353,4.000143225436838,9.999751153696113,9.999860360549063,9.999641949228401,1.0567587565212533,1.0567818381552563
2462637-B2,2,8951,5236,16.001609016972893,16.00111719360965,16.002100840336134,2.499748616378018,2.499825450686328,2.4996717867927005,4.227271146910959,4.227531012605041
2462637-B2,3,2237,1309,64.0171654714635,64.02592758158248,64.00840336134453,0.624832413391226,0.6247469034951755,0.6249179466981751,16.914753704067948,16.910124050420166
2462830-B2,0,165515,87803,1.0,1.0,1.0,40.0,40.0,40.0,0.264186,0.264186
2462830-B2,1,41378,21950,4.000104588277793,4.000072502295906,4.000136674259681,9.999738536142031,9.999818747545541,9.999658326025306,1.056763154091546,1.0567801074259682
2462830-B2,2,10344,5487,16.00153407843978,16.001063418406805,16.002004738472753,2.4997603232239705,2.499833851916745,2.4996867988565312,4.22725694025522,4.227505623838162
2462830-B2,3,2586,1371,64.02364397758677,64.00425367362722,64.04303428154631,0.6247691870522567,0.6249584629791862,0.6245800257394395,16.90902776102088,16.919273054704593
2462830-B4,0,137603,82984,1.0,1.0,1.0,40.0,40.0,40.0,0.264186,0.264186
2462830-B4,1,34400,20746,4.000043604651163,4.000087209302325,4.0,9.999890989560434,9.999781981497497,10.0,1.056767039476744,1.056744
2462830-B4,2,8600,5186,16.000945725970638,16.0003488372093,16.00154261473197,2.4998522390509232,2.4999454953743743,2.4997589896847585,4.227068157906976,4.22738353721558
2462830-B4,3,2150,1296,64.01612977318403,64.0013953488372,64.03086419753086,0.6248425223724748,0.6249863738435936,0.6246987371059481,16.908272631627906,16.916057888888886
2462840-B5,0,161298,84188,1.0,1.0,1.0,40.0,40.0,40.0,0.264186,0.264186
2462840-B5,1,40324,21047,4.00002479912707,4.000049598254141,4.0,9.999938002566696,9.99987600590212,10.0,1.0567571031643683,1.056744
2462840-B5,2,10081,5261,16.001239664099995,16.000198393016564,16.002280935183425,2.4998063174907044,2.49996900147553,2.499643654677626,4.227028412657473,4.227578591142368
2462840-B5,3,2520,1315,64.01421781640413,64.00714285714285,64.0212927756654,0.6248611849749056,0.624930253319942,0.6247921318952819,16.90979104285714,16.91352925323194
2462885-B2,0,162503,87803,1.0,1.0,1.0,40.0,40.0,40.0,0.264186,0.264186
2462885-B2,1,40625,21950,4.000105260206764,4.000073846153846,4.000136674259681,9.999736856407727,9.999815388023606,9.999658326025306,1.0567635091199998,1.0567801074259682
2462885-B2,2,10156,5487,16.001346993104043,16.00068924773533,16.002004738472753,2.499789550044658,2.4998923096804364,2.4996867988565312,4.227158089602206,4.227505623838162
2462885-B2,3,2539,1371,64.02289563624382,64.00275699094132,64.04303428154631,0.6247764897618239,0.6249730774201091,0.6245800257394395,16.908632358408823,16.919273054704593
2462920-B3,0,131780,76759,1.0,1.0,1.0,40.0,40.0,40.0,0.264186,0.264186
2462920-B3,1,32945,19189,4.000078169784773,4.0,4.000156339569545,9.999804579357065,10.0,9.999609166351828,1.056744,1.0567853027255198
2462920-B3,2,8236,4797,16.000972459009155,16.00048567265663,16.001459245361684,2.4998480625143804,2.499924115950827,2.4997720137052335,4.2271043079164645,4.227361512195121
2462920-B3,3,2059,1199,64.01056267141834,64.00194269062652,64.01918265221018,0.6248968659333561,0.6249810289877068,0.6248127255435845,16.908417231665858,16.912971788156796
2462921-B,0,136599,82582,1.0,1.0,1.0,40.0,40.0,40.0,0.264186,0.264186
2462921-B,1,34149,20645,4.000092363029963,4.000087850303084,4.000096875756842,9.9997690977568,9.999780379065733,9.999757816473322,1.0567672088201703,1.0567695932186971
2462921-B,2,8537,5161,16.000991262783835,16.000819960173363,16.001162565394303,2.499845124785153,2.499871887788344,2.4998183623549926,4.22719262199836,4.227283133501259
2462921-B,3,2134,1290,64.01391607273891,64.0107778819119,64.0170542635659,0.6248641303954606,0.6248947649689968,0.6248334988254098,16.910751365510777,16.912409497674417
2462987-B2,0,166720,71939,1.0,1.0,1.0,40.0,40.0,40.0,0.264186,0.264186
2462987-B2,1,41680,17984,4.00008340747331,4.0,4.00016681494662,9.999791485664637,10.0,9.999582980024742,1.056744,1.0567880701734875
2462987-B2,2,10420,4496,16.00033362989324,16.0,16.00066725978648,2.4999478714161594,2.5,2.4998957450061856,4.226976,4.22715228069395
2462987-B2,3,2605,1124,64.00133451957296,64.0,64.00266903914591,0.6249869678540398,0.625,0.6249739362515464,16.907904,16.9086091227758
2463126-B2,0,111699,70734,1.0,1.0,1.0,40.0,40.0,40.0,0.264186,0.264186
2463126-B2,1,27924,17683,4.00011026872262,4.000107434464977,4.000113102980263,9.999724335792735,9.999731421051218,9.999717250544293,1.0567723826815643,1.0567738802239437
2463126-B2,2,6981,4420,16.001798579337194,16.000429737859907,16.00316742081448,2.499719003565712,2.4999328552628044,2.499505188452512,4.227089530726257,4.227812788235294
2463126-B2,3,1745,1105,64.01177896770346,64.010888252149,64.01266968325793,0.6248849921852917,0.6248936874994404,0.624876297113128,16.910780523782236,16.911251152941176
2463127-B3,0,113908,87803,1.0,1.0,1.0,40.0,40.0,40.0,0.264186,0.264186
2463127-B3,1,28477,21950,4.000068337129841,4.0,4.000136674259681,9.999829160094075,10.0,9.999658326025306,1.056744,1.0567801074259682
2463127-B3,2,7119,5487,16.00128330757041,16.000561876668073,16.002004738472753,2.4997994992736294,2.4999122098535658,2.4996867988565312,4.227124439949431,4.227505623838162
2463127-B3,3,1779,1371,64.03613209299351,64.0292299044407,64.04303428154631,0.6246473466247439,0.6247146820240896,0.6245800257394395,16.91562613153457,16.919273054704593
2463135-B,0,121539,87803,1.0,1.0,1.0,40.0,40.0,40.0,0.264186,0.264186
2463135-B,1,30384,21950,4.000117705218308,4.000098736176935,4.000136674259681,9.99970574561305,9.999753165650533,9.999658326025306,1.0567700847156396,1.0567801074259682
2463135-B,2,7596,5487,16.001199841590246,16.00039494470774,16.002004738472753,2.4998125388092576,2.4999382914126334,2.4996867988565312,4.227080338862558,4.227505623838162
2463135-B,3,1899,1371,64.02230703018864,64.00157977883096,64.04303428154631,0.6247822338101418,0.6249845728531583,0.6245800257394395,16.908321355450234,16.919273054704593
2463187-B2,0,106478,58284,1.0,1.0,1.0,40.0,40.0,40.0,0.264186,0.264186
2463187-B2,1,26619,14571,4.000037567151283,4.000075134302566,4.0,9.999906083003841,9.999812167771745,10.0,1.0567638494308578,1.056744
2463187-B2,2,6654,3642,16.002699445255708,16.00210399759543,16.00329489291598,2.4995782828289466,2.499671293600556,2.4994852789787934,4.227531846708746,4.227846464579901
2463351-B4,0,130173,87803,1.0,1.0,1.0,40.0,40.0,40.0,0.264186,0.264186
2463351-B4,1,32543,21950,4.000083701417092,4.000030728574502,4.000136674259681,9.999790750835883,9.999923179153894,9.999658326025306,1.0567521180591832,1.0567801074259682
2463351-B4,2,8135,5487,16.001801385831335,16.00159803318992,16.002004738472753,2.4997185651496507,2.499750332250159,2.4996867988565312,4.227398177996312,4.227505623838162
2463351-B4,3,2033,1371,64.03651960019273,64.03000491883915,64.04303428154631,0.6246435666669119,0.6247071205242255,0.6245800257394395,16.91583087948844,16.919273054704593
2463370-B2,0,129772,68325,1.0,1.0,1.0,40.0,40.0,40.0,0.264186,0.264186
2463370-B2,1,32443,17081,4.000029272290849,4.0,4.000058544581699,9.999926819808415,10.0,9.999853640687888,1.056744,1.0567594666588607
2463370-B2,2,8110,4270,16.00132530746729,16.001479654747225,16.001170960187352,2.4997929378595485,2.499768825324415,2.4998170508598614,4.22736690406905,4.227285351288056
2463370-B2,3,2027,1067,64.02819180981768,64.02170695609274,64.03467666354264,0.6247248105773721,0.6247880898807139,0.6246615440907428,16.913638673902316,16.917065089034676
2463379-B4,0,120334,67321,1.0,1.0,1.0,40.0,40.0,40.0,0.264186,0.264186
2463379-B4,1,30083,16830,4.000062950218794,4.0000664827311105,4.000059417706477,9.999842626929683,9.999833795934649,9.999851457940315,1.056761563806801,1.0567596973262032
2463379-B4,2,7520,4207,16.00200049689221,16.00186170212766,16.002139291656764,2.4996874614376186,2.499709142885635,2.49966578036571,4.227467835638297,4.227541170905633
2463379-B4,3,1880,1051,64.03084043565399,64.00744680851064,64.05423406279733,0.6246989689319616,0.6249272857214088,0.6244708189123751,16.90987134255319,16.922231880114175
2463404-B2,0,149852,82783,1.0,1.0,1.0,40.0,40.0,40.0,0.264186,0.264186
2463404-B2,1,37463,20695,4.00007248127567,4.0,4.0001449625513406,9.999818800094225,10.0,9.99963760675501,1.056744,1.0567822970765883
2463404-B2,2,9365,5173,16.00209051908091,16.001281366791243,16.002899671370578,2.4996733990664506,2.4997998024717725,2.4995470084437628,4.227314519167111,4.227742052580707
2463404-B2,3,2341,1293,64.01796797595438,64.01196070055532,64.02397525135345,0.6248245807337136,0.6248832181085338,0.6247659543626106,16.911063849636907,16.914237925754062
2463643-B,0,158889,74951,1.0,1.0,1.0,40.0,40.0,40.0,0.264186,0.264186
2463643-B,1,39722,18737,4.000092642988157,4.000025174966014,4.000160111010301,9.999768397893684,9.999937062981074,9.999599738495817,1.0567506508735713,1.056786299087367
2463643-B,2,9930,4684,16.001200396799803,16.000906344410875,16.001494449188726,2.4998124520707767,2.4998583917074186,2.4997665141225602,4.227215443504531,4.227370812553373
2463643-B,3,2482,1171,64.01124836654827,64.01651893634165,64.0059777967549,0.6248901719733317,0.6248387238890043,0.6249416285306401,16.912268071716355,16.90948325021349
2463647-B2,0,121739,68325,1.0,1.0,1.0,40.0,40.0,40.0,0.264186,0.264186
2463647-B2,1,30434,17081,4.000078559272515,4.000098573963331,4.000058544581699,9.999803605675861,9.99975357116454,9.999853640687888,1.0567700418610764,1.0567594666588607
2463647-B2,2,7608,4270,16.001308403332374,16.00144584647739,16.001170960187352,2.4997955786959114,2.499774106900829,2.4998170508598614,4.227357972397476,4.227285351288056
2463647-B2,3,1902,1067,64.0202300247261,64.00578338590957,64.03467666354264,0.6248025035922405,0.6249435267252073,0.6246615440907428,16.909431889589904,16.917065089034676
2463656-B2,0,119330,72542,1.0,1.0,1.0,40.0,40.0,40.0,0.264186,0.264186
2463656-B2,1,29832,18135,4.000088663041846,4.00006704210244,4.000110283981252,9.999778347308485,9.999832397553005,9.999724297648259,1.056761711584875,1.056773135483871
2463656-B2,2,7458,4533,16.00167831539835,16.00026816840976,16.00308846238694,2.4997377907233744,2.4999580993882513,2.499517520884453,4.2270468463395,4.227791928524156
2463656-B2,3,1864,1133,64.02235935967029,64.01824034334764,64.02647837599294,0.6247817231365151,0.6248219224000671,0.6247415290452428,16.912722843347638,16.91489921624007
2463720-B7,0,150656,75554,1.0,1.0,1.0,40.0,40.0,40.0,0.264186,0.264186
2463720-B7,1,37664,18888,4.000052943667937,4.0,4.000105887335875,9.99986764258203,10.0,9.999735288667708,1.056744,1.0567719739517152
2463720-B7,2,9416,4722,16.000211774671747,16.0,16.0004235493435,2.4999669106455076,2.5,2.499933822166927,4.226976,4.227087895806861
2463720-B7,3,2354,1180,64.01440677966102,64.0,64.02881355932203,0.6248593404556707,0.625,0.6247187442094396,16.907904,16.915516138983048
2464404-B5,0,131780,69128,1.0,1.0,1.0,40.0,40.0,40.0,0.264186,0.264186
2464404-B5,1,32945,17282,4.0,4.0,4.0,10.0,10.0,10.0,1.056744,1.056744
2464404-B5,2,8236,4320,16.001168762254242,16.00048567265663,16.001851851851853,2.499817394236695,2.499924115950827,2.49971068163407,4.2271043079164645,4.227465233333334
2464404-B5,3,2059,1080,64.00467504901697,64.00194269062652,64.00740740740741,0.6249543485591738,0.6249810289877068,0.6249276704085175,16.908417231665858,16.909860933333334
2464438-B5,0,92020,66919,1.0,1.0,1.0,40.0,40.0,40.0,0.264186,0.264186
2464438-B5,1,23005,16729,4.000089664654194,4.0,4.000179329308387,9.999775843389246,10.0,9.999551696827508,1.056744,1.0567913762926655
2464438-B5,2,5751,4182,16.001184685739887,16.000695531211964,16.001673840267813,2.49981490655799,2.49989132797218,2.4997384898160466,4.227159749608764,4.227418205164992
2464438-B5,3,1437,1045,64.03675353690736,64.03618649965205,64.03732057416268,0.6246412847419903,0.6246468159095849,0.6246357536723501,16.917463966597076,16.91776357320574
2464443-B,0,125555,81779,1.0,1.0,1.0,40.0,40.0,40.0,0.264186,0.264186
2464443-B,1,31388,20444,4.000121160124178,4.000095577927871,4.000146742320485,9.999697108864137,9.999761060889648,9.99963315765661,1.0567692503504524,1.0567827672666796
2464443-B,2,7847,5111,16.000484640496712,16.000382311711483,16.00058696928194,2.499924277216034,2.499940265222412,2.4999082894141527,4.22707700140181,4.2271310690667185
2464443-B,3,1961,1277,64.03297224619308,64.02600713921468,64.0399373531715,0.6246781712116776,0.6247461271952531,0.6246102300101493,16.91477472208057,16.918454889584964
2464548-B,0,158487,82984,1.0,1.0,1.0,40.0,40.0,40.0,0.264186,0.264186
2464548-B,1,39621,20746,4.0000378587112895,4.000075717422579,4.0,9.999905354117569,9.99981071002669,10.0,1.0567640034830013,1.056744
2464548-B,2,9905,5186,16.001124664256444,16.000706713780918,16.00154261473197,2.4998242835613054,2.4998895808489023,2.4997589896847585,4.2271627038869255,4.22738353721558
2464548-B,3,2476,1296,64.02007668681065,64.00928917609046,64.03086419753086,0.6248040000901898,0.6249092985544556,0.6246987371059481,16.910358070274633,16.916057888888886
2464690-B2,0,144832,81779,1.0,1.0,1.0,40.0,40.0,40.0,0.264186,0.264186
2464690-B2,1,36208,20444,4.0000733711602425,4.0,4.000146742320485,9.999816575463912,10.0,9.99963315765661,1.056744,1.0567827672666796
2464690-B2,2,9052,5111,16.00029348464097,16.0,16.00058696928194,2.499954143865978,2.5,2.4999082894141527,4.226976,4.2271310690667185
2464690-B2,3,2263,1277,64.01996867658575,64.0,64.0399373531715,0.6248050542178623,0.625,0.6246102300101493,16.907904,16.918454889584964
2464812-B3,0,149049,79168,1.0,1.0,1.0,40.0,40.0,40.0,0.264186,0.264186
2464812-B3,1,37262,19792,4.000013418496055,4.00002683699211,4.0,9.999966453872398,9.99993290796986,10.0,1.0567510899575976,1.056744
2464812-B3,2,9315,4948,16.000483091787437,16.000966183574878,16.0,2.499924519187223,2.4998490429321905,2.5,4.227231252173913,4.226976
2464812-B3,3,2328,1237,64.01224226804123,64.02448453608247,64.0,0.6248804694656105,0.6247609846426344,0.625,16.914372471649482,16.907904
2464817-B,0,137603,87803,1.0,1.0,1.0,40.0,40.0,40.0,0.264186,0.264186
2464817-B,1,34400,21950,4.000111941781004,4.000087209302325,4.000136674259681,9.999720153379123,9.999781981497497,9.999658326025306,1.056767039476744,1.0567801074259682
2464817-B,2,8600,5487,16.001176787841025,16.0003488372093,16.002004738472753,2.499816140422572,2.4999454953743743,2.4996867988565312,4.227068157906976,4.227505623838162
2464817-B,3,2150,1371,64.02221481519176,64.0013953488372,64.04303428154631,0.6247831337210853,0.6249863738435936,0.6245800257394395,16.908272631627906,16.919273054704593
2464879-B2,0,157885,79971,1.0,1.0,1.0,40.0,40.0,40.0,0.264186,0.264186
2464879-B2,1,39471,19992,4.000087697540064,4.000025335056117,4.000150060024009,9.999780760956522,9.99993666276087,9.999624864013205,1.0567506931671353,1.0567836437575029
2464879-B2,2,9867,4998,16.000958881576345,16.001317523056652,16.000600240096038,2.4998501837321996,2.4997941539728283,2.499906216003301,4.227324071146245,4.2271345750300116
2464879-B2,3,2466,1249,64.02637941659086,64.02473641524736,64.02802241793435,0.6247424946479948,0.6247585267758179,0.6247264633429618,16.91443901459854,16.915307130504402
2464929-B,0,150656,87803,1.0,1.0,1.0,40.0,40.0,40.0,0.264186,0.264186
2464929-B,1,37664,21950,4.000068337129841,4.0,4.000136674259681,9.999829160094075,10.0,9.999658326025306,1.056744,1.0567801074259682
2464929-B,2,9416,5487,16.001002369236375,16.0,16.002004738472753,2.4998433896181558,2.5,2.4996867988565312,4.226976,4.227505623838162
2464929-B,3,2354,1371,64.02151714077316,64.0,64.04303428154631,0.6247899422946561,0.625,0.6245800257394395,16.907904,16.919273054704593
2464943-B2,0,180174,74550,1.0,1.0,1.0,40.0,40.0,40.0,0.264186,0.264186
2464943-B2,1,45043,18637,4.000075857712331,4.000044402015852,4.000107313408811,9.9998103593156,9.999888996192569,9.999731723675385,1.0567557303909596,1.05677235070022
2464943-B2,2,11260,4659,16.001265584630218,16.001243339253996,16.00128783000644,2.4998022680419365,2.4998057433369967,2.4997987927565393,4.227304472824156,4.227316226658081
2464943-B2,3,2815,1164,64.02568255479665,64.00497335701598,64.04639175257732,0.6247492944064412,0.6249514358342492,0.6245472837022132,16.909217891296624,16.92016005154639
2465202-B3,0,165515,64911,1.0,1.0,1.0,40.0,40.0,40.0,0.264186,0.264186
2465202-B3,1,41378,16227,4.000128689676331,4.000072502295906,4.000184877056757,9.999678286159485,9.999818747545541,9.999537828719324,1.056763154091546,1.0567928419301162
2465202-B3,2,10344,4056,16.002380821629437,16.001063418406805,16.00369822485207,2.499628051966771,2.499833851916745,2.4994222858991546,4.22725694025522,4.227953019230768
2465243-B2,0,158085,80373,1.0,1.0,1.0,40.0,40.0,40.0,0.264186,0.264186
2465243-B2,1,39521,20093,4.000037535789794,4.000025303003467,4.000049768576121,9.999906161406091,9.999936742891482,9.999875580107748,1.0567506846992738,1.056757148161051
2465243-B2,2,9880,5023,16.0007507469688,16.000506072874494,16.00099542106311,2.499882701289978,2.499920928614353,2.4998444751346844,4.22710969736842,4.227238976308978
2465243-B2,3,2470,1255,64.0221276835976,64.00202429149797,64.04223107569722,0.6247839840263221,0.6249802321535882,0.624587859106914,16.90843878947368,16.919060858964144
2465263-B2,0,120535,71136,1.0,1.0,1.0,40.0,40.0,40.0,0.264186,0.264186
2465263-B2,1,30133,17784,4.000049779311718,4.000099558623436,4.0,9.999875553269423,9.999751109636206,10.0,1.056770301994491,1.056744
2465263-B2,2,7533,4446,16.000464622328423,16.00092924465684,16.0,2.4999274048692666,2.499854813954453,2.5,4.227221493428912,4.226976
2465263-B2,3,1883,1111,64.02050871576802,64.01221455124801,64.02880288028803,0.6247997837316177,0.6248807400340151,0.6247188484030589,16.911130913436004,16.915513317731772
2465339-B2,0,164712,87803,1.0,1.0,1.0,40.0,40.0,40.0,0.264186,0.264186
2465339-B2,1,41178,21950,4.000068337129841,4.0,4.000136674259681,9.999829160094075,10.0,9.999658326025306,1.056744,1.0567801074259682
2465339-B2,2,10294,5487,16.001390945105815,16.000777151738877,16.002004738472753,2.499782683719405,2.499878575938608,2.4996867988565312,4.227181312609287,4.227505623838162
2465339-B2,3,2573,1371,64.0292901683674,64.0155460551885,64.04303428154631,0.6247140940469357,0.62484821992326,0.6245800257394395,16.912011050136027,16.919273054704593
2465367-B3,0,120535,71136,1.0,1.0,1.0,40.0,40.0,40.0,0.264186,0.264186
2465367-B3,1,30133,17784,4.000049779311718,4.000099558623436,4.0,9.999875553269423,9.999751109636206,10.0,1.056770301994491,1.056744
2465367-B3,2,7533,4446,16.000464622328423,16.00092924465684,16.0,2.4999274048692666,2.499854813954453,2.5,4.227221493428912,4.226976
2465367-B3,3,1883,1111,64.02050871576802,64.01221455124801,64.02880288028803,0.6247997837316177,0.6248807400340151,0.6247188484030589,16.911130913436004,16.915513317731772
2465396-B2,0,126358,75152,1.0,1.0,1.0,40.0,40.0,40.0,0.264186,0.264186
2465396-B2,1,31589,18788,4.00003165658932,4.0000633131786385,4.0,9.999920859153033,9.999841719558713,10.0,1.0567607264554117,1.056744
2465396-B2,2,7897,4697,16.000379891097886,16.00075978219577,16.0,2.49994064342527,2.4998812896690352,2.5,4.227176723819172,4.226976
2465396-B2,3,1974,1174,64.01238675179377,64.01114488348531,64.01362862010221,0.6248790590342909,0.6248911821966159,0.6248669363423462,16.91084832218845,16.91150449063032
2465397-B,0,119129,72341,1.0,1.0,1.0,40.0,40.0,40.0,0.264186,0.264186
2465397-B,1,29782,18085,4.000044435885748,4.000033577328588,4.000055294442909,9.99988891151971,9.999916057383173,9.999861765803624,1.0567528706601301,1.0567586080176943
2465397-B,2,7445,4521,16.00115740751057,16.001208865010074,16.00110595001106,2.499819168157482,2.499811129112139,2.4998272072545307,4.2272953652115515,4.227268176509622
2465397-B,3,1861,1130,64.01600885431279,64.01343363782912,64.01858407079646,0.6248437026280682,0.6248688396612077,0.6248185676172571,16.911452979043524,16.912813651327433
2465568-B2,0,120936,83586,1.0,1.0,1.0,40.0,40.0,40.0,0.264186,0.264186
2465568-B2,1,30234,20896,4.0000478560490045,4.0,4.000095712098009,9.999880361308847,10.0,9.999760725480344,1.056744,1.0567692857963245
2465568-B2,2,7558,5224,16.000720664735844,16.00105848107965,16.000382848392036,2.499887401206648,2.4998346232718136,2.499940181370086,4.227255635882508,4.227077143185298
2465568-B2,3,1889,1306,64.01135330927745,64.02117522498676,64.00153139356814,0.6248891475038166,0.6247932790897666,0.6249850453425215,16.91349819798835,16.90830857274119
2465608-B2,0,149652,77361,1.0,1.0,1.0,40.0,40.0,40.0,0.264186,0.264186
2465608-B2,1,37413,19340,4.000025853154085,4.0,4.000051706308169,9.999935367532526,10.0,9.999870735900519,1.056744,1.05675766008273
2465608-B2,2,9353,4835,16.00031724774945,16.000427670266223,16.000206825232677,2.4999504310220013,2.499933178307006,2.4999676839751297,4.227088984496952,4.22703064033092
2465608-B2,3,2338,1208,64.02455861691942,64.00855431993156,64.04056291390728,0.6247602617510184,0.6249164728837571,0.6246041286953374,16.91016393156544,16.918620153973507
2465625-B,0,129370,80172,1.0,1.0,1.0,40.0,40.0,40.0,0.264186,0.264186
2465625-B,1,32342,20043,4.0000309195473385,4.000061839094676,4.0,9.99992270172916,9.99984540465332,10.0,1.056760337023066,1.056744
2465625-B,2,8085,5010,16.001816033980276,16.001236858379716,16.00239520958084,2.499716276893757,2.4998067558166497,2.499625804520281,4.227302760667904,4.227608780838323
2465625-B,3,2021,1252,64.02400434416265,64.01286491835725,64.03514376996804,0.6247656704660176,0.6248743912808224,0.6246569874769247,16.91130273132113,16.917188492012777
2465636-B,0,133185,82582,1.0,1.0,1.0,40.0,40.0,40.0,0.264186,0.264186
2465636-B,1,33296,20645,4.000063454697258,4.000030033637675,4.000096875756842,9.999841365773376,9.99992491646957,9.999757816473322,1.0567519344666025,1.0567695932186971
2465636-B,2,8324,5161,16.0006413499725,16.0001201345507,16.001162565394303,2.4998997930835283,2.4999812291173926,2.4998183623549926,4.22700773786641,4.227283133501259
2465636-B,3,2081,1290,64.00876740088435,64.0004805382028,64.0170542635659,0.6249143925781542,0.6249953072793482,0.6248334988254098,16.90803095146564,16.912409497674417
2465639-B2,0,128567,78767,1.0,1.0,1.0,40.0,40.0,40.0,0.264186,0.264186
2465639-B2,1,32141,19691,4.000122846296744,4.000093338726238,4.000152353867249,9.999692893689858,9.999766658629351,9.999619129838637,1.0567686587847298,1.056784249758773
2465639-B2,2,8035,4922,16.001959365099914,16.000871188550093,16.003047541649735,2.499693886689872,2.499863884200456,2.4995239122982977,4.227206155818294,4.227781117838276
2465639-B2,3,2008,1230,64.03280091018041,64.02739043824701,64.03821138211381,0.6246798426966905,0.6247326296794667,0.6246270646336665,16.915140170318722,16.91799891219512
2465643-B3,0,144029,80172,1.0,1.0,1.0,40.0,40.0,40.0,0.264186,0.264186
2465643-B3,1,36007,20043,4.000013886188796,4.000027772377593,4.0,9.999965284648525,9.99993056953808,10.0,1.0567513370733468,1.056744
2465643-B3,2,9001,5010,16.001919746774643,16.001444283968446,16.00239520958084,2.499700075552649,2.4997743509987576,2.499625804520281,4.227357559604488,4.227608780838323
2465643-B3,3,2250,1252,64.02401632942846,64.0128888888889,64.03514376996804,0.6247655535101773,0.6248741572877684,0.6246569874769247,16.911309064,16.917188492012777
2465661-B2,0,115715,79369,1.0,1.0,1.0,40.0,40.0,40.0,0.264186,0.264186
2465661-B2,1,28928,19842,4.0000770519487805,4.000103705752212,4.000050398145349,9.999807373838603,9.999740742341096,9.999874006224092,1.0567713976078539,1.056757314484427
2465661-B2,2,7232,4960,16.001114669568942,16.00041482300885,16.00181451612903,2.499825845012682,2.499935185585274,2.4997165140042084,4.2270855904314155,4.227455369758064
2465661-B2,3,1808,1240,64.00445867827577,64.0016592920354,64.00725806451612,0.6249564612531705,0.6249837963963185,0.6249291285010521,16.908342361725662,16.909821479032257
2465795-B4,0,152664,86197,1.0,1.0,1.0,40.0,40.0,40.0,0.264186,0.264186
2465795-B4,1,38166,21549,4.000023202932851,4.0,4.000046405865701,9.999941993004356,10.0,9.999883986681672,1.056744,1.056756259780036
2465795-B4,2,9541,5387,16.00088332345896,16.00083848653181,16.000928160386113,2.4998619883288464,2.499868993344862,2.499854983352089,4.227197516402892,4.227221206979765
2465795-B4,3,2385,1346,64.02471941087967,64.01006289308177,64.03937592867756,0.6247586927058494,0.6249017450086464,0.6246157058830354,16.910562475471696,16.91830656909361
2465827-B5,0,129169,72341,1.0,1.0,1.0,40.0,40.0,40.0,0.264186,0.264186
2465827-B5,1,32292,18085,4.000043130932591,4.000030967422272,4.000055294442909,9.999892173831183,9.999922582043679,9.999861765803624,1.0567521811594203,1.0567586080176943
2465827-B5,2,8073,4521,16.00061490985007,16.000123869689087,16.00110595001106,2.499903924028305,2.4999806455109197,2.4998272072545307,4.227008724637681,4.227268176509622
2465827-B5,3,2018,1130,64.01350412657762,64.00842418235877,64.01858407079646,0.624868151584167,0.6249177434214092,0.6248185676172571,16.910129551040633,16.912813651327433
2465843-B2,0,139611,87803,1.0,1.0,1.0,40.0,40.0,40.0,0.264186,0.264186
2465843-B2,1,34902,21950,4.000111314609642,4.0000859549596015,4.000136674259681,9.999721721220018,9.999785117218556,9.999658326025306,1.0567667080969572,1.0567801074259682
2465843-B2,2,8725,5487,16.00163274172921,16.00126074498567,16.002004738472753,2.4997449101358025,2.499803024117011,2.4996867988565312,4.227309071174784,4.227505623838162
2465843-B2,3,2181,1371,64.0277069619561,64.01237964236589,64.04303428154631,0.6247295412869799,0.6248791284354385,0.6245800257394395,16.91117452819807,16.919273054704593
2465989-B2,0,154873,80976,1.0,1.0,1.0,40.0,40.0,40.0,0.264186,0.264186
2465989-B2,1,38718,20244,4.00001291389018,4.000025827780361,4.0,9.99996771537878,9.999935430966017,10.0,1.0567508233379823,1.056744
2465989-B2,2,9679,5061,16.000464924062403,16.000929848124805,16.0,2.499927357726071,2.499854719673539,2.5,4.2272216528566995,4.226976
2465989-B2,3,2419,1265,64.01810583865871,64.02356345597354,64.01264822134388,0.6248232351767762,0.6247699728164366,0.6248765066192451,16.914129135179824,16.911245483003952
2466152-B2,0,103667,71738,1.0,1.0,1.0,40.0,40.0,40.0,0.264186,0.264186
2466152-B2,1,25916,17934,4.000113639311284,4.000115758604723,4.000111520017843,9.999715909792744,9.999710611862984,9.999721207728122,1.0567745818027472,1.0567734620274338
2466152-B2,2,6479,4483,16.001346841768893,16.000463034418893,16.002230649118893,2.4997895736867948,2.499927652965746,2.4996515096601524,4.227098327210989,4.227565306268123
2466152-B2,3,1619,1120,64.04164332039178,64.03150092649784,64.05178571428571,0.6245935913899858,0.6246925251044209,0.6244946890072207,16.91622610376776,16.921585060714285
2466159-B2,0,111297,87803,1.0,1.0,1.0,40.0,40.0,40.0,0.264186,0.264186
2466159-B2,1,27824,21950,4.000086307227598,4.000035940195515,4.000136674259681,9.99978423658649,9.999910150318517,9.999658326025306,1.0567534948964923,1.0567801074259682
2466159-B2,2,6956,5487,16.001074249627408,16.00014376078206,16.002004738472753,2.499832159764612,2.499977537579629,2.4996867988565312,4.227013979585969,4.227505623838162
2466159-B2,3,1739,1371,64.02180466233727,64.00057504312824,64.04303428154631,0.6247871363665446,0.6249943843949073,0.6245800257394395,16.908055918343877,16.919273054704593
2466264-B2,0,125354,87803,1.0,1.0,1.0,40.0,40.0,40.0,0.264186,0.264186
2466264-B2,1,31338,21950,4.0001002472708835,4.000063820282086,4.000136674259681,9.99974938810358,9.999840451840388,9.999658326025306,1.056760860425043,1.0567801074259682
2466264-B2,2,7834,5487,16.001640612790116,16.00127648710748,16.002004738472753,2.4997436805341064,2.499800564800485,2.4996867988565312,4.227313230022976,4.227505623838162
2466264-B2,3,1958,1371,64.0322423705995,64.02145045965271,64.04303428154631,0.6246852916456047,0.6247905930405092,0.6245800257394395,16.91357091113381,16.919273054704593
2466285-B,0,125756,72943,1.0,1.0,1.0,40.0,40.0,40.0,0.264186,0.264186
2466285-B,1,31439,18235,4.000082259391281,4.0,4.000164518782561,9.99979435575084,10.0,9.999588719959421,1.056744,1.0567874635590895
2466285-B,2,7859,4558,16.002408914444864,16.001526911820843,16.003290917068888,2.4996236637781,2.499761442793982,2.499485899949276,4.227379388726301,4.227845414216761
2466285-B,3,1964,1139,64.0359070825339,64.03054989816701,64.0412642669008,0.6246495415212162,0.6247018034924775,0.6245972882935991,16.91597485539715,16.91880544161545
2466580-B5,0,112703,63706,1.0,1.0,1.0,40.0,40.0,40.0,0.264186,0.264186
2466580-B5,1,28175,15926,4.000116029092405,4.000106477373558,4.000125580811252,9.999709935682962,9.99973381365181,9.999686057828148,1.0567721298314108,1.0567771766922014
2466580-B5,2,7043,3981,16.00232085295969,16.00212977424393,16.002511931675457,2.499637419318576,2.4996672670647633,2.499607572285185,4.227538656538407,4.2276396171816115
2466581-B1,0,131981,83787,1.0,1.0,1.0,40.0,40.0,40.0,0.264186,0.264186
2466581-B1,1,32995,20946,4.000086766529602,4.000030307622367,4.000143225436838,9.999783088381163,9.999924231518172,9.999641949228401,1.0567520068495226,1.0567818381552563
2466581-B1,2,8248,5236,16.00183849000318,16.001576139670224,16.002100840336134,2.4997127689414675,2.4997537524340623,2.4996717867927005,4.227392394034918,4.227531012605041
2466581-B1,3,2062,1309,64.00735396001272,64.0063045586809,64.00840336134453,0.6249281922353669,0.6249384381085156,0.6249179466981751,16.90956957613967,16.910124050420166
2466581-B2,0,125555,87401,1.0,1.0,1.0,40.0,40.0,40.0,0.264186,0.264186
2466581-B2,1,31388,21850,4.000070672259129,4.000095577927871,4.000045766590389,9.999823322473727,9.999761060889648,9.999885584833127,1.0567692503504524,1.0567560908924483
2466581-B2,2,7847,5462,16.001015029894553,16.000382311711483,16.001647748077627,2.4998414116397214,2.499940265222412,2.4997425658745325,4.22707700140181,4.227411311973635
2466581-B2,3,1961,1365,64.02802188462566,64.02600713921468,64.03003663003663,0.6247264685464968,0.6247461271952531,0.624706811134884,16.91477472208057,16.915839257142856
2466584-B,0,91417,87803,1.0,1.0,1.0,40.0,40.0,40.0,0.264186,0.264186
2466584-B,1,22854,21950,4.000090215138067,4.000043756016452,4.000136674259681,9.999774467241451,9.999890611155475,9.999658326025306,1.0567555597269622,1.0567801074259682
2466584-B,2,5713,5487,16.001790046463753,16.00157535445475,16.002004738472753,2.4997203365282017,2.4997538750998176,2.4996867988565312,4.227392186591983,4.227505623838162
2466584-B,3,1428,1371,64.03027064217372,64.01750700280112,64.04303428154631,0.6247045280120038,0.6248290799304287,0.6245800257394395,16.912529105042015,16.919273054704593
2466703-B4,0,93024,77361,1.0,1.0,1.0,40.0,40.0,40.0,0.264186,0.264186
2466703-B4,1,23256,19340,4.000025853154085,4.0,4.000051706308169,9.999935367532526,10.0,9.999870735900519,1.056744,1.05675766008273
2466703-B4,2,5814,4835,16.00010341261634,16.0,16.000206825232677,2.4999838418831315,2.5,2.4999676839751297,4.226976,4.22703064033092
2466703-B4,3,1453,1208,64.03129315688481,64.02202339986235,64.04056291390728,0.6246945521152433,0.6247850017199863,0.6246041286953374,16.913722273916033,16.918620153973507
2466718-B,0,152865,82582,1.0,1.0,1.0,40.0,40.0,40.0,0.264186,0.264186
2466718-B,1,38216,20645,4.000061521403646,4.00002616705045,4.000096875756842,9.9998461988564,9.999934582801819,9.999757816473322,1.05675091296839,1.0567695932186971
2466718-B,2,9554,5161,16.00063361679805,16.0001046682018,16.001162565394303,2.499901001295757,2.4999836457004547,2.4998183623549926,4.22700365187356,4.227283133501259
2466718-B,3,2388,1290,64.01543667952164,64.01381909547739,64.0170542635659,0.624849287528111,0.6248650770287508,0.6248334988254098,16.91155481155779,16.912409497674417
2466866-B,0,146037,87803,1.0,1.0,1.0,40.0,40.0,40.0,0.264186,0.264186
2466866-B,1,36509,21950,4.000082032383066,4.0000273905064505,4.000136674259681,9.99979492324807,9.99993152420277,9.999658326025306,1.056751236188337,1.0567801074259682
2466866-B,2,9127,5487,16.001276281803484,16.000547825134216,16.002004738472753,2.499800596874117,2.499914405253463,2.4996867988565312,4.227120727730908,4.227505623838162
2466866-B,3,2281,1371,64.03313485230319,64.02323542306006,64.04303428154631,0.6246765849003447,0.6247731739216774,0.6245800257394395,16.91404247347654,16.919273054704593
2466881-B2,0,127161,87803,1.0,1.0,1.0,40.0,40.0,40.0,0.264186,0.264186
2466881-B2,1,31790,21950,4.000084065346261,4.000031456432841,4.000136674259681,9.999789841051118,9.999921359536335,9.999658326025306,1.0567523103491663,1.0567801074259682
2466881-B2,2,7947,5487,16.001568620652005,16.001132502831258,16.002004738472753,2.49975492704978,2.4998230589567556,2.4996867988565312,4.2272751913929785,4.227505623838162
2466881-B2,3,1986,1371,64.03586759394537,64.02870090634441,64.04303428154631,0.6246499267198501,0.6247198433481964,0.6245800257394395,16.915486377643504,16.919273054704593
2466884-B2,0,111900,66919,1.0,1.0,1.0,40.0,40.0,40.0,0.264186,0.264186
2466884-B2,1,27975,16729,4.000089664654194,4.0,4.000179329308387,9.999775843389246,10.0,9.999551696827508,1.056744,1.0567913762926655
2466884-B2,2,6993,4182,16.00169492099191,16.001716001716,16.001673840267813,2.499735196646312,2.4997319034852548,2.4997384898160466,4.2274293436293435,4.227418205164992
2466884-B2,3,1748,1045,64.02666944039942,64.01601830663616,64.03732057416268,0.6247396647304113,0.6248436103663986,0.6246357536723501,16.91213581235698,16.91776357320574
2466891-B2,0,155877,87602,1.0,1.0,1.0,40.0,40.0,40.0,0.264186,0.264186
2466891-B2,1,38969,21900,4.000058492812048,4.000025661423183,4.0000913242009135,9.99985377010823,9.999935846853608,9.999771694710166,1.056750779388745,1.0567681265753424
2466891-B2,2,9742,5475,16.00043926921891,16.000513241634163,16.000365296803654,2.499931366068844,2.499919808567011,2.4999429236775415,4.227111591254363,4.227072506301369
2466891-B2,3,2435,1368,64.02587238973547,64.01519507186859,64.03654970760233,0.624747442042082,0.6248516458489706,0.6246432729846351,16.911918325256675,16.91755992105263
2466893-B2,0,120535,69931,1.0,1.0,1.0,40.0,40.0,40.0,0.264186,0.264186
2466893-B2,1,30133,17482,4.000135581851473,4.000099558623436,4.00017160507951,9.999661056859953,9.999751109636206,9.999571005705626,1.056770301994491,1.0567893356595353
2466893-B2,2,7533,4370,16.00172320356412,16.00092924465684,16.002517162471396,2.4997307784383285,2.499854813954453,2.4996067552301553,4.227221493428912,4.2276409990846675
2466893-B2,3,1883,1092,64.02579592031265,64.01221455124801,64.03937728937728,0.6247481882112724,0.6248807400340151,0.6246156926112884,16.911130913436004,16.918306928571425
2466898-B2,0,178769,85996,1.0,1.0,1.0,40.0,40.0,40.0,0.264186,0.264186
2466898-B2,1,44692,21499,4.000011187684597,4.000022375369194,4.0,9.999972030866735,9.999944061889924,10.0,1.0567499112592857,1.056744
2466898-B2,2,11173,5374,16.001161237526627,16.000089501476776,16.00223297357648,2.4998185698041864,2.499986015472481,2.4996511465649567,4.226999645037143,4.227565920357275
2466898-B2,3,2793,1343,64.01942455863092,64.0060866451844,64.03276247207744,0.6248103646006189,0.6249405657580452,0.6246802176845435,16.909512006444682,16.91655938644825
2466899-B2,0,128165,80172,1.0,1.0,1.0,40.0,40.0,40.0,0.264186,0.264186
2466899-B2,1,32041,20043,4.0000156050060856,4.000031210012172,4.0,9.999960987636983,9.999921975578356,10.0,1.0567522452482756,1.056744
2466899-B2,2,8010,5010,16.00150971465309,16.000624219725342,16.00239520958084,2.499764129341542,2.499902469472945,2.499625804520281,4.227140910112359,4.227608780838323
2466899-B2,3,2002,1252,64.02681264422478,64.01848151848152,64.03514376996804,0.6247382674234683,0.6248195685249482,0.6246569874769247,16.912786558441557,16.917188492012777
2466923-B2,0,105072,74750,1.0,1.0,1.0,40.0,40.0,40.0,0.264186,0.264186
2466923-B2,1,26268,18687,4.000053513137475,4.0,4.00010702627495,9.999866218946073,10.0,9.999732441471574,1.056744,1.0567722748434738
2466923-B2,2,6567,4671,16.001498608435025,16.0,16.00299721687005,2.49976586436188,2.5,2.4995317725752506,4.226976,4.2277678227360305
2466923-B2,3,1641,1167,64.04118906742237,64.02925045703839,64.05312767780634,0.6245980217183058,0.6247144814984011,0.6244816053511706,16.915631561243142,16.921939588688947
2468105-B2,0,150656,84992,1.0,1.0,1.0,40.0,40.0,40.0,0.264186,0.264186
2468105-B2,1,37664,21248,4.0,4.0,4.0,10.0,10.0,10.0,1.056744,1.056744
2468105-B2,2,9416,5312,16.0,16.0,16.0,2.5,2.5,2.5,4.226976,4.226976
2468105-B2,3,2354,1328,64.0,64.0,64.0,0.625,0.625,0.625,16.907904,16.907904
2468321-B2,0,127362,68927,1.0,1.0,1.0,40.0,40.0,40.0,0.264186,0.264186
2468321-B2,1,31840,17231,4.000118459440724,4.000062814070351,4.000174104811096,9.99970386016833,9.999842967290087,9.999564756916739,1.0567605945979897,1.0567899960536242
2468321-B2,2,7960,4307,16.001866979429302,16.000251256281405,16.003482702577198,2.4997083184993816,2.499960741822522,2.4994559461459227,4.227042378391959,4.22789608126306
2468321-B2,3,1990,1076,64.02977760549962,64.00100502512562,64.0585501858736,0.624709338308936,0.6249901854556305,0.6244287434532186,16.908169513567834,16.923372139405203
2468325-B,0,122342,78566,1.0,1.0,1.0,40.0,40.0,40.0,0.264186,0.264186
2468325-B,1,30585,19641,4.000083609670486,4.0000653915317965,4.000101827809175,9.999790980192804,9.999836523842998,9.999745436957461,1.056761275527219,1.0567709014815947
2468325-B,2,7646,4910,16.001003359982697,16.000784724038713,16.00122199592668,2.499843234833447,2.499877392882248,2.499809077718097,4.227183313104891,4.227298834215886
2468325-B,3,1911,1227,64.02542736108926,64.01988487702774,64.03096984515078,0.6247517845434883,0.6248058720635595,0.6246977063869867,16.913157306122446,16.916085799511002
2468417-B2,0,118125,66919,1.0,1.0,1.0,40.0,40.0,40.0,0.264186,0.264186
2468417-B2,1,29531,16729,4.000106596014459,4.000033862720531,4.000179329308387,9.999733517065357,9.999915343915344,9.999551696827508,1.056752946056686,1.0567913762926655
2468417-B2,2,7382,4182,16.00171744031814,16.001761040368464,16.001673840267813,2.499731678751899,2.4997248677248676,2.4997384898160466,4.227441242210783,4.227418205164992
2468417-B2,3,1845,1045,64.03085540903257,64.02439024390245,64.03732057416268,0.6246988228484195,0.6247619047619047,0.6246357536723501,16.91434756097561,16.91776357320574
2468419-B2,0,134390,87803,1.0,1.0,1.0,40.0,40.0,40.0,0.264186,0.264186
2468419-B2,1,33597,21950,4.000098101692153,4.000059529124624,4.000136674259681,9.999754751784435,9.99985117940323,9.999658326025306,1.056759726761318,1.0567801074259682
2468419-B2,2,8399,5487,16.00135955461559,16.000714370758423,16.002004738472753,2.499787587640452,2.4998883845524222,2.4996867988565312,4.227164726753185,4.227505623838162
2468419-B2,3,2099,1371,64.03438040899613,64.02572653644593,64.04303428154631,0.624664434082358,0.6247488652429496,0.6245800257394395,16.9147005907575,16.919273054704593
2468419-B3,0,128567,82582,1.0,1.0,1.0,40.0,40.0,40.0,0.264186,0.264186
2468419-B3,1,32141,20645,4.00009510724154,4.000093338726238,4.000096875756842,9.999762237549383,9.999766658629351,9.999757816473322,1.0567686587847298,1.0567695932186971
2468419-B3,2,8035,5161,16.001016876972198,16.000871188550093,16.001162565394303,2.499841123070487,2.499863884200456,2.4998183623549926,4.227206155818294,4.227283133501259
2468419-B3,3,2008,1290,64.02222235090645,64.02739043824701,64.0170542635659,0.6247830601811915,0.6247326296794667,0.6248334988254098,16.915140170318722,16.912409497674417
2468442-B2,0,179371,87803,1.0,1.0,1.0,40.0,40.0,40.0,0.264186,0.264186
2468442-B2,1,44842,21950,4.000101787912589,4.000066901565496,4.000136674259681,9.99974553669385,9.9998327488836,9.999658326025306,1.056761674456982,1.0567801074259682
2468442-B2,2,11210,5487,16.001493002599446,16.000981266726136,16.002004738472753,2.499766740109938,2.4998466864766327,2.4996867988565312,4.22723523693131,4.227505623838162
2468442-B2,3,2802,1371,64.02919023142269,64.01534618129907,64.04303428154631,0.6247150691024946,0.6248501708748907,0.6245800257394395,16.911958246252674,16.919273054704593
2468450-B2,0,136398,84389,1.0,1.0,1.0,40.0,40.0,40.0,0.264186,0.264186
2468450-B2,1,34099,21097,4.0000530264253475,4.000058652746415,4.00004740010428,9.999867435693984,9.99985337028402,9.999881501143514,1.0567594952344643,1.0567565224439492
2468450-B2,2,8524,5274,16.00129523421077,16.001642421398405,16.000948047023133,2.4997976360363627,2.499743397997038,2.499851876429392,4.227409904739559,4.227226460750853
2468450-B2,3,2131,1318,64.0173212616132,64.00656968559362,64.02807283763278,0.624830892822522,0.6249358494992595,0.624725971394376,16.909639618958234,16.915320450682852
2468673-B2,0,123747,86397,1.0,1.0,1.0,40.0,40.0,40.0,0.264186,0.264186
2468673-B2,1,30936,21599,4.000071636419251,4.000096974398759,4.0000462984397425,9.999820912159176,9.999757569880481,9.999884255240344,1.0567696192785105,1.0567562313996017
2468673-B2,2,7734,5399,16.0013978754506,16.000387897595036,16.002407853306167,2.499781601041753,2.4999393924701203,2.499623829531118,4.227078477114042,4.227612121133543
2468673-B2,3,1933,1349,64.03166262530118,64.0181065700983,64.04521868050408,0.6246909475718436,0.6248232280378514,0.6245587231038114,16.912687502327987,16.91985014232765
2468698-B2,0,141218,87803,1.0,1.0,1.0,40.0,40.0,40.0,0.264186,0.264186
2468698-B2,1,35304,21950,4.000096662532061,4.000056650804441,4.000136674259681,9.999758349509484,9.99985837499469,9.999658326025306,1.0567589663494221,1.0567801074259682
2468698-B2,2,8826,5487,16.00111567084526,16.000226603217765,16.002004738472753,2.4998256885850636,2.4999645937486723,2.4996867988565312,4.2270358653976885,4.227505623838162
2468698-B2,3,2206,1371,64.02922339643952,64.01541251133273,64.04303428154631,0.6247147455207818,0.6248495234318572,0.6245800257394395,16.911975769718946,16.919273054704593
2468720-B2,0,121539,73546,1.0,1.0,1.0,40.0,40.0,40.0,0.264186,0.264186
2468720-B2,1,30384,18386,4.000103757297648,4.000098736176935,4.000108778418362,9.99974061348419,9.999753165650533,9.99972806134936,1.0567700847156396,1.0567727377352332
2468720-B2,2,7596,4596,16.001285374877803,16.00039494470774,16.002175805047866,2.4997991763087013,2.4999382914126334,2.4996600766866997,4.227080338862558,4.227550817232375
2468720-B2,3,1899,1149,64.00514149951121,64.00157977883096,64.00870322019146,0.6249497940771753,0.6249845728531583,0.6249150191716749,16.908321355450234,16.9102032689295
2468796-B3,0,157684,87803,1.0,1.0,1.0,40.0,40.0,40.0,0.264186,0.264186
2468796-B3,1,39421,21950,4.000068337129841,4.0,4.000136674259681,9.999829160094075,10.0,9.999658326025306,1.056744,1.0567801074259682
2468796-B3,2,9855,5487,16.001205311905075,16.000405885337393,16.002004738472753,2.4998116842010365,2.4999365820248087,2.4996867988565312,4.227083229223744,4.227505623838162
2468796-B3,3,2463,1371,64.03207337301026,64.02111246447421,64.04303428154631,0.6246869403554272,0.6247938915806297,0.6245800257394395,16.913481617539585,16.919273054704593
2468954-B2,0,112904,70333,1.0,1.0,1.0,40.0,40.0,40.0,0.264186,0.264186
2468954-B2,1,28226,17583,4.000028436558039,4.0,4.000056873116078,9.999928909110297,10.0,9.999857819231371,1.056744,1.0567590250810441
2468954-B2,2,7056,4395,16.00204584678012,16.001133786848072,16.002957906712172,2.499680377309297,2.499822858357543,2.499537912501955,4.2272755306122445,4.227757437542661
2468954-B2,3,1764,1098,64.03004535147392,64.00453514739229,64.05555555555556,0.6247067260444981,0.6249557145893857,0.6244579358196011,16.909102122448978,16.922580999999997
2469004-B2,0,172945,87803,1.0,1.0,1.0,40.0,40.0,40.0,0.264186,0.264186
2469004-B2,1,43236,21950,4.000079901566884,4.000023128874086,4.000136674259681,9.999800250072873,9.999942178149123,9.999658326025306,1.0567501103247292,1.0567801074259682
2469004-B2,2,10809,5487,16.00104862698455,16.000092515496345,16.002004738472753,2.499836162771423,2.4999855445372807,2.4996867988565312,4.227000441298917,4.227505623838162
2469004-B2,3,2702,1371,64.02466295868581,64.00629163582532,64.04303428154631,0.6247592435716752,0.6249385642834426,0.6245800257394395,16.909566162102145,16.919273054704593
2469005-B2,0,144631,77763,1.0,1.0,1.0,40.0,40.0,40.0,0.264186,0.264186
2469005-B2,1,36157,19440,4.00011864623656,4.000082971485466,4.000154320987654,9.99970339320642,9.999792575588913,9.999614212414643,1.0567659199048594,1.0567847694444443
2469005-B2,2,9039,4860,16.000695852949974,16.00077442194933,16.000617283950618,2.4998912777049873,2.499879002426866,2.499903553103661,4.227180591437105,4.227139077777777
2469005-B2,3,2259,1215,64.01340809601102,64.02434705621957,64.00246913580247,0.6248690889884457,0.6247623261956289,0.6249758882759152,16.914336151394423,16.90855631111111
2469007-B2,0,121739,82582,1.0,1.0,1.0,40.0,40.0,40.0,0.264186,0.264186
2469007-B2,1,30434,20645,4.000097724860087,4.000098573963331,4.000096875756842,9.99975569381848,9.99975357116454,9.999757816473322,1.0567700418610764,1.0567695932186971
2469007-B2,2,7608,5161,16.001304205935845,16.00144584647739,16.001162565394303,2.499796234432041,2.499774106900829,2.4998183623549926,4.227357972397476,4.227283133501259
2469007-B2,3,1902,1290,64.01141882473773,64.00578338590957,64.0170542635659,0.6248885079319891,0.6249435267252073,0.6248334988254098,16.909431889589904,16.912409497674417
2469019-B2,0,136599,80373,1.0,1.0,1.0,40.0,40.0,40.0,0.264186,0.264186
2469019-B2,1,34149,20093,4.000068809439602,4.000087850303084,4.000049768576121,9.999827979360155,9.999780379065733,9.999875580107748,1.0567672088201703,1.056757148161051
2469019-B2,2,8537,5023,16.000907690618234,16.000819960173363,16.00099542106311,2.4998581813863647,2.499871887788344,2.4998444751346844,4.22719262199836,4.227238976308978
2469019-B2,3,2134,1255,64.02650447880455,64.0107778819119,64.04223107569722,0.6247412743458713,0.6248947649689968,0.624587859106914,16.910751365510777,16.919060858964144
2469023-B2,0,122342,63304,1.0,1.0,1.0,40.0,40.0,40.0,0.264186,0.264186
2469023-B2,1,30585,15826,4.000032695765898,4.0000653915317965,4.0,9.999918261253383,9.999836523842998,10.0,1.056761275527219,1.056744
2469023-B2,2,7646,3956,16.001403484365163,16.000784724038713,16.00202224469161,2.4997807248022754,2.499877392882248,2.4996840641981546,4.227183313104891,4.227510248736097
2469023-B4,0,145234,79971,1.0,1.0,1.0,40.0,40.0,40.0,0.264186,0.264186
2469023-B4,1,36308,19992,4.000102572151478,4.000055084278947,4.000150060024009,9.99974357619679,9.99986229119903,9.999624864013205,1.0567585524953178,1.0567836437575029
2469023-B4,2,9077,4998,16.000410288605913,16.00022033711579,16.000600240096038,2.4999358940491976,2.4999655727997574,2.499906216003301,4.227034209981271,4.2271345750300116
2469023-B4,3,2269,1249,64.01797771403548,64.00793301013663,64.02802241793435,0.624824485688655,0.6249225387994547,0.6247264633429618,16.909999790215952,16.915307130504402
2469024-B,0,126358,68325,1.0,1.0,1.0,40.0,40.0,40.0,0.264186,0.264186
2469024-B,1,31589,17081,4.000060928880169,4.0000633131786385,4.000058544581699,9.999847680119748,9.999841719558713,9.999853640687888,1.0567607264554117,1.0567594666588607
2469024-B,2,7897,4270,16.000965371191562,16.00075978219577,16.001170960187352,2.499849169851761,2.4998812896690352,2.4998170508598614,4.227176723819172,4.227285351288056
2469024-B,3,1974,1067,64.02291077351398,64.01114488348531,64.03467666354264,0.6247763420426651,0.6248911821966159,0.6246615440907428,16.91084832218845,16.917065089034676
2469029-B2,0,125354,73947,1.0,1.0,1.0,40.0,40.0,40.0,0.264186,0.264186
2469029-B2,1,31338,18486,4.000113052627249,4.000063820282086,4.000162284972411,9.999717376419712,9.999840451840388,9.99959430402856,1.056760860425043,1.0567868734177215
2469029-B2,2,7834,4621,16.001828462121146,16.00127648710748,16.002380437134818,2.499714335438998,2.499800564800485,2.499628112026181,4.227313230022976,4.2276048781648985
2469029-B2,3,1958,1155,64.02241354151467,64.02145045965271,64.02337662337662,0.6247811943869067,0.6247905930405092,0.6247717960160656,16.91357091113381,16.914079776623375
2469033-B2,0,100454,68124,1.0,1.0,1.0,40.0,40.0,40.0,0.264186,0.264186
2469033-B2,1,25113,17031,4.000039820013539,4.000079640027078,4.0,9.999900450957163,9.99980090389631,10.0,1.0567650397801935,1.056744
2469033-B2,2,6278,4257,16.001887302460734,16.00095571838165,16.002818886539817,2.499705143770691,2.499850677922233,2.4995596265633258,4.227228487416374,4.227720710359407
2469033-B2,3,1569,1064,64.02526751870116,64.02421924792861,64.02631578947368,0.6247533442685951,0.624763573376869,0.6247431154952733,16.914302386233267,16.914856263157894
2469047-B2,0,151258,65714,1.0,1.0,1.0,40.0,40.0,40.0,0.264186,0.264186
2469047-B2,1,37814,16428,4.000087316914418,4.0000528904638495,4.0001217433649865,9.999781712479002,9.99986777558873,9.999695650850656,1.0567579729200824,1.0567761628926222
2469047-B2,2,9453,4107,16.00077241934396,16.00105786522797,16.000486973459946,2.4998793153037058,2.4998347194859116,2.499923912712664,4.227255473183116,4.227104651570489
2469047-B2,3,2363,1026,64.02986795290289,64.01100296233601,64.04873294346979,0.6247084568317705,0.6248925676658426,0.6245244544541498,16.910810828607698,16.92077856140351
2469072-B2,0,136800,85192,1.0,1.0,1.0,40.0,40.0,40.0,0.264186,0.264186
2469072-B2,1,34200,21298,4.0,4.0,4.0,10.0,10.0,10.0,1.056744,1.056744
2469072-B2,2,8550,5324,16.0007513148009,16.0,16.001502629601802,2.4998826125745413,2.5,2.4997652361724105,4.226976,4.227372973703981
2469072-B2,3,2137,1331,64.01049239069636,64.01497426298549,64.00601051840721,0.6248975520427933,0.6248538011695907,0.6249413090431026,16.911859990641084,16.909491894815925
2469074-B2,0,110293,60895,1.0,1.0,1.0,40.0,40.0,40.0,0.264186,0.264186
2469074-B2,1,27573,15223,4.000116668792844,4.000036267363,4.000197070222689,9.999708336524895,9.99990933241457,9.999507348715001,1.0567535813295614,1.0567960631938513
2469074-B2,2,6893,3805,16.002333777453863,16.000725373567388,16.003942181340342,2.4996354004537213,2.4998866655182104,2.4993841858937516,4.227167633541273,4.228017469119579
2469110-B3,0,122543,70333,1.0,1.0,1.0,40.0,40.0,40.0,0.264186,0.264186
2469110-B3,1,30635,17583,4.000077400161761,4.000097927207443,4.000056873116078,9.999806503339766,9.999755187974833,9.999857819231371,1.0567698709972253,1.0567590250810441
2469110-B3,2,7658,4395,16.002458321337283,16.001958735962393,16.002957906712172,2.4996159462990124,2.4996939849685416,2.499537912501955,4.227493470618961,4.227757437542661
2469110-B3,3,1914,1098,64.0400557297109,64.02455590386624,64.05555555555556,0.6246090754328045,0.6247602882253577,0.6244579358196011,16.914391326018805,16.922580999999997
2469230-B,0,123547,87803,1.0,1.0,1.0,40.0,40.0,40.0,0.264186,0.264186
2469230-B,1,30886,21950,4.000116902823034,4.000097131386388,4.000136674259681,9.999707751483584,9.999757177430453,9.999658326025306,1.0567696607524442,1.0567801074259682
2469230-B,2,7721,5487,16.001714712197135,16.001424685921513,16.002004738472753,2.499732104929382,2.4997774126445806,2.4996867988565312,4.22735238207486,4.227505623838162
2469230-B,3,1930,1371,64.028511959426,64.0139896373057,64.04303428154631,0.624721686884547,0.624863412304629,0.6245800257394395,16.911599866321243,16.919273054704593
2469256-B2,0,133386,82381,1.0,1.0,1.0,40.0,40.0,40.0,0.264186,0.264186
2469256-B2,1,33346,20595,4.000054266341645,4.000059977208661,4.0000485554746295,9.999864335986384,9.999850059226604,9.99987861278693,1.0567598451388471,1.0567568276766204
2469256-B2,2,8336,5148,16.001862434324046,16.00119961612284,16.002525252525253,2.4997090285065737,2.499812574033257,2.4996054915575194,4.227292921785028,4.227643136363636
2469256-B2,3,2084,1287,64.00744973729618,64.00479846449136,64.01010101010101,0.6249272571266434,0.6249531435083142,0.6249013728893799,16.909171687140113,16.910572545454546
2469260-B3,0,124551,75955,1.0,1.0,1.0,40.0,40.0,40.0,0.264186,0.264186
2469260-B3,1,31137,18988,4.000127171459328,4.000096348395799,4.000157994522857,9.999682081459222,9.999759134812246,9.99960502929366,1.0567694538972925,1.0567857399410154
2469260-B3,2,7784,4747,16.000765629333483,16.00089928057554,16.000631978091427,2.4998803761408643,2.4998594953071436,2.499901257323415,4.227213577338129,4.227142959764062
2469260-B3,3,1946,1186,64.02329940432139,64.00359712230215,64.04300168634065,0.6247725495587332,0.6249648738267859,0.6245803436245144,16.908854309352517,16.91926444350759
2469496-B,0,154471,87803,1.0,1.0,1.0,40.0,40.0,40.0,0.264186,0.264186
2469496-B,1,38617,21950,4.000107180126449,4.000077685993215,4.000136674259681,9.999732056863422,9.999805788788835,9.999658326025306,1.0567645235518035,1.0567801074259682
2469496-B,2,9654,5487,16.00136491325958,16.000725088046405,16.002004738472753,2.499786750494883,2.49988671012682,2.4996867988565312,4.227167558110627,4.227505623838162
2469496-B,3,2413,1371,64.02959836746192,64.01616245337753,64.04303428154631,0.6247110870576209,0.6248422033909278,0.6245800257394395,16.912173893907994,16.919273054704593
2469505-B2,0,150656,84188,1.0,1.0,1.0,40.0,40.0,40.0,0.264186,0.264186
2469505-B2,1,37664,21047,4.0,4.0,4.0,10.0,10.0,10.0,1.056744,1.056744
2469505-B2,2,9416,5261,16.00114046759171,16.0,16.002280935183425,2.4998218146397093,2.5,2.499643654677626,4.226976,4.227578591142368
2469505-B2,3,2354,1315,64.01064638783271,64.0,64.0212927756654,0.6248960486611067,0.625,0.6247921318952819,16.907904,16.91352925323194
2469515-B2,0,113707,62903,1.0,1.0,1.0,40.0,40.0,40.0,0.264186,0.264186
2469515-B2,1,28426,15725,4.000148158099288,4.000105537184268,4.000190779014308,9.999629618470536,9.999736164000456,9.999523075211041,1.056771881446563,1.056794401144674
2469515-B2,2,7106,3931,16.001664352495407,16.0015479876161,16.001780717374714,2.4997399719712363,2.4997581503337525,2.499721793873106,4.227384956656347,4.227446440600356
2469569-B2,0,75152,61096,1.0,1.0,1.0,40.0,40.0,40.0,0.264186,0.264186
2469569-B2,1,18788,15274,4.0,4.0,4.0,10.0,10.0,10.0,1.056744,1.056744
2469569-B2,2,4697,3818,16.001047668936614,16.0,16.002095337873232,2.499836312446802,2.5,2.4996726463270917,4.226976,4.227529558931377
2469661-B,0,112301,83586,1.0,1.0,1.0,40.0,40.0,40.0,0.264186,0.264186
2469661-B,1,28075,20896,4.000065665488007,4.000035618878005,4.000095712098009,9.99983583897491,9.99991095359792,9.999760725480344,1.0567534100089047,1.0567692857963245
2469661-B,2,7018,5224,16.00111761399368,16.001852379595327,16.000382848392036,2.4998253850104972,2.4997105991932393,2.499940181370086,4.227465372755771,4.227077143185298
2469661-B,3,1754,1306,64.01359351890494,64.02565564424174,64.00153139356814,0.62486727898172,0.6247495569941496,0.6249850453425215,16.914681862029646,16.90830857274119
2469693-B,0,150053,87803,1.0,1.0,1.0,40.0,40.0,40.0,0.264186,0.264186
2469693-B,1,37513,21950,4.000081665842554,4.000026657425426,4.000136674259681,9.999795839561848,9.999933356880568,9.999658326025306,1.0567510425185935,1.0567801074259682
2469693-B,2,9378,5487,16.00126895059701,16.00053316272126,16.002004738472753,2.4998017421929277,2.499916696100711,2.4996867988565312,4.227116854126678,4.227505623838162
2469693-B,3,2344,1371,64.02940963224074,64.01578498293516,64.04303428154631,0.6247129284768353,0.6248458877863154,0.6245800257394395,16.912074171501708,16.919273054704593
2469849-B2,0,137804,73546,1.0,1.0,1.0,40.0,40.0,40.0,0.264186,0.264186
2469849-B2,1,34451,18386,4.000054389209181,4.0,4.000108778418362,9.99986402882589,10.0,9.99972806134936,1.056744,1.0567727377352332
2469849-B2,2,8612,4596,16.001784604799827,16.001393404551788,16.002175805047866,2.4997211865982605,2.4997822994978374,2.4996600766866997,4.227344117974918,4.227550817232375
2469849-B2,3,2153,1149,64.00713841919931,64.00557361820715,64.00870322019146,0.6249302966495651,0.6249455748744593,0.6249150191716749,16.909376471899673,16.9102032689295
2469916-B2,0,144631,87803,1.0,1.0,1.0,40.0,40.0,40.0,0.264186,0.264186
2469916-B2,1,36157,21950,4.000109822872574,4.000082971485466,4.000136674259681,9.999725450356523,9.999792575588913,9.999658326025306,1.0567659199048594,1.0567801074259682
2469916-B2,2,9039,5487,16.00138958021104,16.00077442194933,16.002004738472753,2.4997828969471567,2.499879002426866,2.4996867988565312,4.227180591437105,4.227505623838162
2469916-B2,3,2259,1371,64.03369066888294,64.02434705621957,64.04303428154631,0.6246711626671541,0.6247623261956289,0.6245800257394395,16.914336151394423,16.919273054704593
2469927-B2,0,139009,87803,1.0,1.0,1.0,40.0,40.0,40.0,0.264186,0.264186
2469927-B2,1,34752,21950,4.000082724790982,4.000028775322283,4.000136674259681,9.999793192299576,9.9999280622118,9.999658326025306,1.0567516020372927,1.0567801074259682
2469927-B2,2,8688,5487,16.001059919880944,16.000115101289133,16.002004738472753,2.4998343984888733,2.49998201555295,2.4996867988565312,4.227006408149171,4.227505623838162
2469927-B2,3,2172,1371,64.02174734335142,64.00046040515653,64.04303428154631,0.6247876957415464,0.6249955038882375,0.6245800257394395,16.908025632596683,16.919273054704593
2469963-B2,0,165114,87803,1.0,1.0,1.0,40.0,40.0,40.0,0.264186,0.264186
2469963-B2,1,41278,21950,4.0000925631097815,4.000048451959882,4.000136674259681,9.999768597580378,9.999878871567523,9.999658326025306,1.0567568003294732,1.0567801074259682
2469963-B2,2,10319,5487,16.001486912312256,16.00096908615176,16.002004738472753,2.499767691540104,2.4998485894594036,2.4996867988565312,4.227232018994088,4.227505623838162
2469963-B2,3,2579,1371,64.03276180924931,64.0224893369523,64.04303428154631,0.6246802241508524,0.6247804547161355,0.6245800257394395,16.91384536797208,16.919273054704593
2469965-B2,0,141418,86598,1.0,1.0,1.0,40.0,40.0,40.0,0.264186,0.264186
2469965-B2,1,35354,21649,4.000074476852536,4.000056570685071,4.000092383020001,9.999813811335347,9.999858575287448,9.999769047784014,1.056758945183006,1.0567684063005218
2469965-B2,2,8838,5412,16.00112006258,16.00113147770989,16.00110864745011,2.4998250024723863,2.499823219109307,2.4998267858380103,4.227274920570265,4.227268889135255
2469965-B2,3,2209,1353,64.01172385895634,64.01901312811226,64.00443458980044,0.6248855301590711,0.6248143800647725,0.6249566964595026,16.912927002263466,16.90907555654102
2469969-B2,0,125354,82381,1.0,1.0,1.0,40.0,40.0,40.0,0.264186,0.264186
2469969-B2,1,31338,20595,4.000056187878357,4.000063820282086,4.0000485554746295,9.999859532277252,9.999840451840388,9.99987861278693,1.056760860425043,1.0567568276766204
2469969-B2,2,7834,5148,16.001900869816367,16.00127648710748,16.002525252525253,2.499703024373193,2.499800564800485,2.4996054915575194,4.227313230022976,4.227643136363636
2469969-B2,3,1958,1287,64.01577573487685,64.02145045965271,64.01010101010101,0.6248459780548646,0.6247905930405092,0.6249013728893799,16.91357091113381,16.910572545454546
2470260-B,0,140615,85795,1.0,1.0,1.0,40.0,40.0,40.0,0.264186,0.264186
2470260-B,1,35153,21448,4.000112607202151,4.000085341222655,4.000139873181649,9.999718489919637,9.999786651495219,9.999650329273267,1.0567665459562483,1.056780952536367
2470260-B,2,8788,5362,16.00067801673198,16.00079654073737,16.000559492726595,2.499894064374761,2.4998755467055433,2.499912582318317,4.227186434911242,4.227123810145468
2470260-B,3,2197,1340,64.01465278296727,64.00318616294948,64.02611940298507,0.6248569391700741,0.6249688866763858,0.6247450317617577,16.908745739644967,16.914804380597012
2470270-B2,0,115514,73345,1.0,1.0,1.0,40.0,40.0,40.0,0.264186,0.264186
2470270-B2,1,28878,18336,4.00006189719778,4.000069256873744,4.000054537521815,9.999845259400054,9.999826860813409,9.9998636580544,1.056762296696447,1.056758408049738
2470270-B2,2,7219,4584,16.000801691749544,16.00138523341183,16.00021815008726,2.499874741940281,2.4997835760167595,2.4999659145136,4.2273419592741375,4.227033632198952
2470270-B2,3,1804,1146,64.01651168820112,64.03215077605321,64.00087260034904,0.6248387946351097,0.6246861852243019,0.6249914786284,16.916397784922392,16.90813452879581
2470405-B2,0,134591,81980,1.0,1.0,1.0,40.0,40.0,40.0,0.264186,0.264186
2470405-B2,1,33647,20495,4.000044580497518,4.000089160995037,4.0,9.999888549998328,9.999777102480849,10.0,1.0567675550866347,1.056744
2470405-B2,2,8411,5123,16.002062878210875,16.001783378908573,16.002342377513177,2.4996777168314837,2.4997213781010617,2.499634057087094,4.22744714374034,4.2275948233456955
2470405-B2,3,2102,1280,64.03842322787821,64.02997145575642,64.046875,0.6246249983023718,0.6247074470061148,0.624542571358868,16.915822039010465,16.92028771875
2470647-B2,0,180174,82783,1.0,1.0,1.0,40.0,40.0,40.0,0.264186,0.264186
2470647-B2,1,45043,20695,4.000094682283596,4.000044402015852,4.0001449625513406,9.999763299893837,9.999888996192569,9.99963760675501,1.0567557303909596,1.0567822970765883
2470647-B2,2,11260,5173,16.002071505312287,16.001243339253996,16.002899671370578,2.4996763691951385,2.4998057433369967,2.4995470084437628,4.227304472824156,4.227742052580707
2470647-B2,3,2815,1293,64.01447430418472,64.00497335701598,64.02397525135345,0.6248586813339674,0.6249514358342492,0.6247659543626106,16.909217891296624,16.914237925754062
2470657-B3,0,151459,87803,1.0,1.0,1.0,40.0,40.0,40.0,0.264186,0.264186
2470657-B3,1,37864,21950,4.000107952595719,4.000079230931756,4.000136674259681,9.999730125794109,9.999801926593996,9.999658326025306,1.0567649317029368,1.0567801074259682
2470657-B3,2,9466,5487,16.001160831099888,16.000316923727024,16.002004738472753,2.499818633299149,2.499950481648499,2.4996867988565312,4.227059726811747,4.227505623838162
2470657-B3,3,2366,1371,64.02891359047729,64.01479289940828,64.04303428154631,0.6247177682232142,0.6248555714747887,0.6245800257394395,16.911812076923074,16.919273054704593
2471072-B2,0,145635,85594,1.0,1.0,1.0,40.0,40.0,40.0,0.264186,0.264186
2471072-B2,1,36408,21398,4.000087933075886,4.000082399472643,4.000093466679129,9.99978017214282,9.99979400556185,9.999766338762063,1.0567657687870797,1.0567686925880921
2471072-B2,2,9102,5349,16.001099553104943,16.000329597890573,16.001869508319313,2.499828206633348,2.4999485013904623,2.4997079234525783,4.227063075148319,4.227469897924846
2471072-B2,3,2275,1337,64.01741556872447,64.01538461538462,64.01944652206433,0.6248299723543024,0.6248497957221821,0.624810150244176,16.9119684,16.913041498878084
2471237-B2,0,160495,87803,1.0,1.0,1.0,40.0,40.0,40.0,0.264186,0.264186
2471237-B2,1,40123,21950,4.00010572217084,4.000074770081998,4.000136674259681,9.999735701558452,9.999813078289042,9.999658326025306,1.0567637532088825,1.0567801074259682
2471237-B2,2,10030,5487,16.001750125966186,16.00149551345962,16.002004738472753,2.4997265727260443,2.4997663478613044,2.4996867988565312,4.227371093718843,4.227505623838162
2471237-B2,3,2507,1371,64.0308908942634,64.01874750698046,64.04303428154631,0.624698476647053,0.6248169724913548,0.6245800257394395,16.91285682887914,16.919273054704593
2471442-B3,0,140214,87803,1.0,1.0,1.0,40.0,40.0,40.0,0.264186,0.264186
2471442-B3,1,35053,21950,4.000096865358524,4.000057056457365,4.000136674259681,9.99975784246786,9.999857360891209,9.999658326025306,1.0567590735172454,1.0567801074259682
2471442-B3,2,8763,5487,16.00134471774716,16.00068469702157,16.002004738472753,2.499789905509368,2.4998930206684067,2.4996867988565312,4.2271568873673395,4.227505623838162
2471442-B3,3,2190,1371,64.03384590789645,64.02465753424657,64.04303428154631,0.6246696482596765,0.6247592965039155,0.6245800257394395,16.914418175342462,16.919273054704593
2471452-B2,0,132784,70333,1.0,1.0,1.0,40.0,40.0,40.0,0.264186,0.264186
2471452-B2,1,33196,17583,4.000028436558039,4.0,4.000056873116078,9.999928909110297,10.0,9.999857819231371,1.056744,1.0567590250810441
2471452-B2,2,8299,4395,16.001478953356084,16.0,16.002957906712172,2.499768934896519,2.5,2.499537912501955,4.226976,4.227757437542661
2471452-B2,3,2074,1098,64.03934961962926,64.02314368370298,64.05555555555556,0.6246159624915874,0.6247740691649597,0.6244579358196011,16.914018237222756,16.922580999999997
2471595-B3,0,142222,86397,1.0,1.0,1.0,40.0,40.0,40.0,0.264186,0.264186
2471595-B3,1,35555,21599,4.000051274659331,4.00005625087892,4.0000462984397425,9.999871814994833,9.999859374780273,9.999884255240344,1.0567588606946983,1.0567562313996017
2471595-B3,2,8888,5399,16.00199150541096,16.001575157515752,16.002407853306167,2.4996888660061023,2.499753905865478,2.499623829531118,4.227392134563456,4.227612121133543
2471595-B3,3,2222,1349,64.02575965528354,64.00630063006301,64.04521868050408,0.6247485420768314,0.6249384764663695,0.6245587231038114,16.909568538253826,16.91985014232765
2471618-B3,0,134591,77160,1.0,1.0,1.0,40.0,40.0,40.0,0.264186,0.264186
2471618-B3,1,33647,19290,4.000044580497518,4.000089160995037,4.0,9.999888549998328,9.999777102480849,10.0,1.0567675550866347,1.056744
2471618-B3,2,8411,4822,16.00172122076909,16.001783378908573,16.001659062629614,2.499731088183367,2.4997213781010617,2.4997407983411093,4.22744714374034,4.227414301119866
2471618-B3,3,2102,1205,64.03158323825166,64.02997145575642,64.03319502074689,0.6246917220704377,0.6247074470061148,0.6246759979263867,16.915822039010465,16.916673659751037
2471884-B2,0,123747,87803,1.0,1.0,1.0,40.0,40.0,40.0,0.264186,0.264186
2471884-B2,1,30936,21950,4.00011682432922,4.000096974398759,4.000136674259681,9.999707947706653,9.999757569880481,9.999658326025306,1.0567696192785105,1.0567801074259682
2471884-B2,2,7734,5487,16.001196318033895,16.000387897595036,16.002004738472753,2.4998130892824952,2.4999393924701203,2.4996867988565312,4.227078477114042,4.227505623838162
2471884-B2,3,1933,1371,64.0305704258223,64.0181065700983,64.04303428154631,0.6247016032184022,0.6248232280378514,0.6245800257394395,16.912687502327987,16.919273054704593
2471885-B2,0,122543,82783,1.0,1.0,1.0,40.0,40.0,40.0,0.264186,0.264186
2471885-B2,1,30635,20695,4.000121444879392,4.000097927207443,4.0001449625513406,9.999696397019276,9.999755187974833,9.99963760675501,1.0567698709972253,1.0567822970765883
2471885-B2,2,7658,5173,16.002429203666487,16.001958735962393,16.002899671370578,2.499620494545614,2.4996939849685416,2.4995470084437628,4.227493470618961,4.227742052580707
2471885-B2,3,1914,1293,64.02426557760984,64.02455590386624,64.02397525135345,0.6247631212811373,0.6247602882253577,0.6247659543626106,16.914391326018805,16.914237925754062
2471887-B,0,118928,83787,1.0,1.0,1.0,40.0,40.0,40.0,0.264186,0.264186
2471887-B,1,29732,20946,4.000071612718418,4.0,4.000143225436838,9.999820971409136,10.0,9.999641949228401,1.056744,1.0567818381552563
2471887-B,2,7433,5236,16.001050420168067,16.0,16.002100840336134,2.4998358826232523,2.5,2.4996717867927005,4.226976,4.227531012605041
2471887-B,3,1858,1309,64.00850738573146,64.0086114101184,64.00840336134453,0.6249169311033903,0.6249159155119064,0.6249179466981751,16.910179013993538,16.910124050420166
2471921-B2,0,125756,82180,1.0,1.0,1.0,40.0,40.0,40.0,0.264186,0.264186
2471921-B2,1,31439,20545,4.0,4.0,4.0,10.0,10.0,10.0,1.056744,1.056744
2471921-B2,2,7859,5136,16.00115286401011,16.001526911820843,16.00077881619938,2.499819877976933,2.499761442793982,2.4998783158919444,4.227379388726301,4.227181752336449
2471921-B2,3,1964,1284,64.01683258148226,64.03054989816701,64.00311526479751,0.6248356625437064,0.6247018034924775,0.6249695789729861,16.91597485539715,16.908727009345796
2471957-B,0,116920,70132,1.0,1.0,1.0,40.0,40.0,40.0,0.264186,0.264186
2471957-B,1,29230,17533,4.0,4.0,4.0,10.0,10.0,10.0,1.056744,1.056744
2471957-B,2,7307,4383,16.001003728746443,16.001094840563844,16.000912616929043,2.4998431772213388,2.4998289428669174,2.499857411737866,4.227265241549199,4.2272171006160155
2471957-B,3,1826,1095,64.03907835576427,64.03066812705367,64.04748858447489,0.6246186083094921,0.6247006500171057,0.6245365881480636,16.9160060898138,16.92044981917808
2471959-B2,0,141820,87803,1.0,1.0,1.0,40.0,40.0,40.0,0.264186,0.264186
2471959-B2,1,35455,21950,4.000068337129841,4.0,4.000136674259681,9.999829160094075,10.0,9.999658326025306,1.056744,1.0567801074259682
2471959-B2,2,8863,5487,16.001679340916397,16.001353943360037,16.002004738472753,2.499737630519801,2.499788464250458,2.4996867988565312,4.2273336928805145,4.227505623838162
2471959-B2,3,2215,1371,64.03506115883184,64.02708803611738,64.04303428154631,0.6246577933420638,0.624735580313073,0.6245800257394395,16.915060279909703,16.919273054704593
2471963-B,0,158487,82381,1.0,1.0,1.0,40.0,40.0,40.0,0.264186,0.264186
2471963-B,1,39621,20595,4.000062136448604,4.000075717422579,4.0000485554746295,9.999844661291538,9.99981071002669,9.99987861278693,1.0567640034830013,1.0567568276766204
2471963-B,2,9905,5148,16.001615983153087,16.000706713780918,16.002525252525253,2.499747528131723,2.4998895808489023,2.4996054915575194,4.2271627038869255,4.227643136363636
2471963-B,3,2476,1287,64.00969509309573,64.00928917609046,64.01010101010101,0.6249053356967875,0.6249092985544556,0.6249013728893799,16.910358070274633,16.910572545454546
2472316-B7,0,90213,46035,1.0,1.0,1.0,40.0,40.0,40.0,0.264186,0.264186
2472316-B7,1,22553,11508,4.000152514108002,4.000044339999113,4.000260688216892,9.999618729267286,9.999889151230976,9.999348321928968,1.0567557140070056,1.0568128701772679
2472316-B7,2,5638,2877,16.000964796086144,16.00088683930472,16.00104275286757,2.499849259701143,2.4998614390387193,2.499837080482242,4.227210290528556,4.2272514807090715
2472453-B2,0,105675,51658,1.0,1.0,1.0,40.0,40.0,40.0,0.264186,0.264186
2472453-B2,1,26418,12914,4.000134214810034,4.000113558937088,4.00015487068298,9.999664474233047,9.99971611071682,9.99961283828255,1.0567740006813535,1.0567849146662538
2472453-B2,2,6604,3228,16.00238177530497,16.00166565717747,16.003097893432464,2.4996279029993143,2.4997397681570854,2.4995160478531884,4.227416043307087,4.227794420074349
2472465-B2,0,147041,87803,1.0,1.0,1.0,40.0,40.0,40.0,0.264186,0.264186
2472465-B2,1,36760,21950,4.0000819388708635,4.000027203482046,4.000136674259681,9.999795157018992,9.999931991757402,9.999658326025306,1.0567511867791075,1.0567801074259682
2472465-B2,2,9190,5487,16.001056776200468,16.000108813928183,16.002004738472753,2.4998348896239717,2.4999829979393504,2.4996867988565312,4.22700474711643,4.227505623838162
2472465-B2,3,2297,1371,64.0287004233156,64.0143665650849,64.04303428154631,0.6247198480610467,0.6248597329996395,0.6245800257394395,16.911699445363517,16.919273054704593
2472471-B2,0,142623,85393,1.0,1.0,1.0,40.0,40.0,40.0,0.264186,0.264186
2472471-B2,1,35655,21348,4.000065491233717,4.000084139671856,4.000046842795578,9.999836274596353,9.999789655244946,9.999882894382443,1.0567662285233488,1.0567563752107927
2472471-B2,2,8913,5337,16.00093515311051,16.00168293503871,16.000187371182314,2.499853890866133,2.499737069056183,2.499970723595611,4.227420607876136,4.227025500843171
2472471-B2,3,2228,1334,64.01332872612167,64.01391382405745,64.0127436281859,0.6248698637613163,0.6248641523456946,0.6248755752813463,16.911579837522442,16.91127068815592
2472481-B2,0,147242,87803,1.0,1.0,1.0,40.0,40.0,40.0,0.264186,0.264186
2472481-B2,1,36810,21950,4.000095503660675,4.0000543330616685,4.000136674259681,9.99976124654877,9.999864169190856,9.999658326025306,1.0567583540342298,1.0567801074259682
2472481-B2,2,9202,5487,16.001545729375476,16.0010867202782,16.002004738472753,2.4997585031156335,2.49983021148857,2.4996867988565312,4.227263096283416,4.227505623838162
2472481-B2,3,2300,1371,64.03064757555576,64.01826086956521,64.04303428154631,0.624700850523185,0.6248217220629984,0.6245800257394395,16.912728266086955,16.919273054704593
2472500-B2,0,118125,74951,1.0,1.0,1.0,40.0,40.0,40.0,0.264186,0.264186
2472500-B2,1,29531,18737,4.000096986865415,4.000033862720531,4.000160111010301,9.999757538715352,9.999915343915344,9.999599738495817,1.056752946056686,1.056786299087367
2472500-B2,2,7382,4684,16.001627744778595,16.001761040368464,16.001494449188726,2.499745690750254,2.4997248677248676,2.4997665141225602,4.227441242210783,4.227370812553373
2472500-B2,3,1845,1171,64.01518402032868,64.02439024390245,64.0059777967549,0.6248517537229541,0.6247619047619047,0.6249416285306401,16.91434756097561,16.90948325021349
2472505-B,0,115314,54670,1.0,1.0,1.0,40.0,40.0,40.0,0.264186,0.264186
2472505-B,1,28828,13667,4.000107857444393,4.000069376994588,4.000146337894198,9.99973036365959,9.999826560521706,9.999634168648253,1.0567623284306922,1.0567826604229165
2472505-B,2,7207,3416,16.002187934317046,16.000277507978353,16.00409836065574,2.4996581820051693,2.4999566401304265,2.499359795134443,4.227049313722769,4.228058729508197
2472509-B4,0,149852,78967,1.0,1.0,1.0,40.0,40.0,40.0,0.264186,0.264186
2472509-B4,1,37463,19741,4.000075983992705,4.0,4.000151967985411,9.999810043626649,10.0,9.999620094469842,1.056744,1.0567841478141937
2472509-B4,2,9365,4935,16.001349903253775,16.001281366791243,16.00141843971631,2.499789095410397,2.4997998024717725,2.4997783884407414,4.227314519167111,4.227350731914893
2472509-B4,3,2341,1233,64.02828367550069,64.01196070055532,64.04460665044607,0.6247239142426881,0.6248832181085338,0.624564691580027,16.911063849636907,16.919688452554745
2472509-B6,0,152865,84188,1.0,1.0,1.0,40.0,40.0,40.0,0.264186,0.264186
2472509-B6,1,38216,21047,4.000013083525225,4.00002616705045,4.0,9.999967291293924,9.999934582801819,10.0,1.05675091296839,1.056744
2472509-B6,2,9554,5261,16.00119280169261,16.0001046682018,16.002280935183425,2.4998136386287895,2.4999836457004547,2.499643654677626,4.22700365187356,4.227578591142368
2472509-B6,3,2388,1315,64.0175559355714,64.01381909547739,64.0212927756654,0.6248286023330356,0.6248650770287508,0.6247921318952819,16.91155481155779,16.91352925323194
2473212-B4,0,135997,63907,1.0,1.0,1.0,40.0,40.0,40.0,0.264186,0.264186
2473212-B4,1,33999,15976,4.000108597151145,4.000029412629783,4.000187781672508,9.999728514492775,9.999926468966226,9.999530567856418,1.0567517704050118,1.0567936092889332
2473212-B4,2,8499,3994,16.001140359203355,16.00152959171667,16.000751126690034,2.499821831572976,2.4997610241402386,2.4998826419641045,4.22738009671726,4.227174437155733
2473218-B2,0,151660,87803,1.0,1.0,1.0,40.0,40.0,40.0,0.264186,0.264186
2473218-B2,1,37915,21950,4.000068337129841,4.0,4.000136674259681,9.999829160094075,10.0,9.999658326025306,1.056744,1.0567801074259682
2473218-B2,2,9478,5487,16.001635414182566,16.001266089892383,16.002004738472753,2.4997444926502457,2.4998021891072133,2.4996867988565312,4.227310483224309,4.227505623838162
2473218-B2,3,2369,1371,64.03080375959966,64.01857323765302,64.04303428154631,0.6246993267518229,0.6248186733482791,0.6245800257394395,16.9128107893626,16.919273054704593
2473218-B3,0,128366,87803,1.0,1.0,1.0,40.0,40.0,40.0,0.264186,0.264186
2473218-B3,1,32091,21950,4.000099498514652,4.000062322769624,4.000136674259681,9.999751259900687,9.999844195503481,9.999658326025306,1.0567604648032158,1.0567801074259682
2473218-B3,2,8022,5487,16.001874969585415,16.001745200698082,16.002004738472753,2.4997070703294177,2.4997273421310937,2.4996867988565312,4.227437057591623,4.227505623838162
2473218-B3,3,2005,1371,64.03298846246892,64.02294264339152,64.04303428154631,0.6246780130126964,0.6247760310362558,0.6245800257394395,16.91396512518703,16.919273054704593
2473228-B2,0,122944,82783,1.0,1.0,1.0,40.0,40.0,40.0,0.264186,0.264186
2473228-B2,1,30736,20695,4.00007248127567,4.0,4.0001449625513406,9.999818800094225,10.0,9.99963760675501,1.056744,1.0567822970765883
2473228-B2,2,7684,5173,16.00144983568529,16.0,16.002899671370578,2.499773483699887,2.5,2.4995470084437628,4.226976,4.227742052580707
2473228-B2,3,1921,1293,64.01198762567672,64.0,64.02397525135345,0.6248829552662578,0.625,0.6247659543626106,16.907904,16.914237925754062
2473266-B,0,153869,83385,1.0,1.0,1.0,40.0,40.0,40.0,0.264186,0.264186
2473266-B,1,38467,20846,4.000036983571128,4.0000259963085245,4.000047970833733,9.999907541927037,9.999935009651066,9.999880074353902,1.0567508678607638,1.0567566732226805
2473266-B,2,9616,5211,16.001539514597148,16.00135191347754,16.001727115716754,2.4997594739875275,2.499788781365967,2.499730167296276,4.227333156613977,4.227432279792746
2473266-B,3,2404,1302,64.02459322787674,64.00540765391015,64.04377880184332,0.6247599240128203,0.6249471953414918,0.6245727648857708,16.909332626455907,16.919469746543776
2473272-B3,0,141418,87803,1.0,1.0,1.0,40.0,40.0,40.0,0.264186,0.264186
2473272-B3,1,35354,21950,4.000096622472376,4.000056570685071,4.000136674259681,9.999758449653857,9.999858575287448,9.999658326025306,1.056758945183006,1.0567801074259682
2473272-B3,2,8838,5487,16.00156810809132,16.00113147770989,16.002004738472753,2.4997550071216885,2.499823219109307,2.4996867988565312,4.227274920570265,4.227505623838162
2473272-B3,3,2209,1371,64.0310237048293,64.01901312811226,64.04303428154631,0.6246971809226776,0.6248143800647725,0.6245800257394395,16.912927002263466,16.919273054704593
2473366-B2,0,125956,77963,1.0,1.0,1.0,40.0,40.0,40.0,0.264186,0.264186
2473366-B2,1,31489,19490,4.000076962544895,4.0,4.00015392508979,9.99980759733971,10.0,9.999615202083039,1.056744,1.056784664853771
2473366-B2,2,7872,4872,16.00138296487645,16.0005081300813,16.002257799671593,2.4997839304140954,2.499920607196164,2.4996472685761195,4.227110240853658,4.227572479064039
2473366-B2,3,1968,1218,64.0055318595058,64.0020325203252,64.00903119868637,0.6249459826035239,0.624980151799041,0.6249118171440299,16.90844096341463,16.910289916256158
2473394-B2,0,173347,87803,1.0,1.0,1.0,40.0,40.0,40.0,0.264186,0.264186
2473394-B2,1,43336,21950,4.000102950384409,4.0000692265091375,4.000136674259681,9.999742630663045,9.999826936722298,9.999658326025306,1.056762288674543,1.0567801074259682
2473394-B2,2,10834,5487,16.00114082225465,16.00027690603655,16.002004738472753,2.4998217592315255,2.4999567341805746,2.4996867988565312,4.227049154698172,4.227505623838162
2473394-B2,3,2708,1371,64.02797947459885,64.0129246676514,64.04303428154631,0.6247268823447534,0.6248738080266748,0.6245800257394395,16.91131851624815,16.919273054704593
2473534-B2,0,182182,78967,1.0,1.0,1.0,40.0,40.0,40.0,0.264186,0.264186
2473534-B2,1,45545,19741,4.000097940299654,4.000043912613898,4.000151967985411,9.999755155245905,9.99989021967044,9.999620094469842,1.0567556010978152,1.0567841478141937
2473534-B2,2,11386,4935,16.000972701326624,16.00052696293694,16.00141843971631,2.4998480246568784,2.499917664752829,2.4997783884407414,4.227115216230459,4.227350731914893
2473534-B2,3,2846,1233,64.02897936176555,64.01335207308503,64.04460665044607,0.6247171265060913,0.6248696358586469,0.624564691580027,16.91143143078004,16.919688452554745
2473545-B2,0,171740,87803,1.0,1.0,1.0,40.0,40.0,40.0,0.264186,0.264186
2473545-B2,1,42935,21950,4.000068337129841,4.0,4.000136674259681,9.999829160094075,10.0,9.999658326025306,1.056744,1.0567801074259682
2473545-B2,2,10733,5487,16.001561392808537,16.00111804714432,16.002004738472753,2.4997560561794243,2.4998253173401657,2.4996867988565312,4.227271372402869,4.227505623838162
2473545-B2,3,2683,1371,64.02673518028118,64.01043607901603,64.04303428154631,0.624739023274751,0.6248981017817631,0.6245800257394395,16.910661065970928,16.919273054704593
2473545-B3,0,142021,80976,1.0,1.0,1.0,40.0,40.0,40.0,0.264186,0.264186
2473545-B3,1,35505,20244,4.000014082523588,4.000028165047176,4.0,9.999964793814978,9.99992958787785,10.0,1.0567514408111531,1.056744
2473545-B3,2,8876,5061,16.00028165840469,16.000563316809373,16.0,2.499955991648975,2.4999119848473113,2.5,4.227124820414601,4.226976
2473545-B3,3,2219,1265,64.00745074429068,64.00225326723749,64.01264822134388,0.6249272472950019,0.6249779962118278,0.6248765066192451,16.908499281658404,16.911245483003952
2473549-B,0,159491,84188,1.0,1.0,1.0,40.0,40.0,40.0,0.264186,0.264186
2473549-B,1,39872,21047,4.000037620385233,4.000075240770466,4.0,9.999905949921468,9.999811901612002,10.0,1.0567638775581862,1.056744
2473549-B,2,9968,5261,16.001290949132645,16.000300963081862,16.002280935183425,2.49979830547161,2.4999529754030005,2.499643654677626,4.227055510232745,4.227578591142368
2473549-B,3,2492,1315,64.01124831399642,64.00120385232745,64.0212927756654,0.624890172486353,0.6249882438507501,0.6247921318952819,16.90822204093098,16.91352925323194
2473600-B3,0,168126,85795,1.0,1.0,1.0,40.0,40.0,40.0,0.264186,0.264186
2473600-B3,1,42031,21448,4.0000937285538996,4.00004758392615,4.000139873181649,9.999765684105773,9.999881041599753,9.999650329273267,1.0567565710071136,1.056780952536367
2473600-B3,2,10507,5362,16.000945968881616,16.001332445036642,16.000559492726595,2.4998522011005697,2.4997918227995672,2.499912582318317,4.22732801332445,4.227123810145468
2473600-B3,3,2626,1340,64.02486472814905,64.02361005331302,64.02611940298507,0.6247572746907136,0.6247695180995206,0.6247450317617577,16.91414144554455,16.914804380597012
2473608-B2,0,150254,87803,1.0,1.0,1.0,40.0,40.0,40.0,0.264186,0.264186
2473608-B2,1,37563,21950,4.000094959071645,4.000053243883609,4.000136674259681,9.99976260795652,9.999866892062775,9.999658326025306,1.056758066288635,1.0567801074259682
2473608-B2,2,9390,5487,16.00174784314479,16.001490947816826,16.002004738472753,2.499726929338919,2.499767061109854,2.4996867988565312,4.227369887539936,4.227505623838162
2473608-B2,3,2347,1371,64.03131688512765,64.01959948870899,64.04303428154631,0.6246943206206441,0.6248086573402372,0.6245800257394395,16.91308191052407,16.919273054704593
2473621-B3,0,136599,82381,1.0,1.0,1.0,40.0,40.0,40.0,0.264186,0.264186
2473621-B3,1,34149,20595,4.000068202888857,4.000087850303084,4.0000485554746295,9.99982949568508,9.999780379065733,9.99987861278693,1.0567672088201703,1.0567568276766204
2473621-B3,2,8537,5148,16.00167260634931,16.000819960173363,16.002525252525253,2.499738682575494,2.499871887788344,2.4996054915575194,4.22719262199836,4.227643136363636
2473621-B3,3,2134,1287,64.01043944600646,64.0107778819119,64.01010101010101,0.6248980689117196,0.6248947649689968,0.6249013728893799,16.910751365510777,16.910572545454546
2473623-B2,0,116518,57079,1.0,1.0,1.0,40.0,40.0,40.0,0.264186,0.264186
2473623-B2,1,29129,14269,4.000139453042995,4.000068660098184,4.000210245987806,9.999651379546558,9.99982835270087,9.999474412656141,1.0567621390366988,1.0567995440465345
2473623-B2,2,7282,3567,16.001393191440933,16.000823949464433,16.001962433417436,2.49978233279061,2.4998712645256527,2.4996934073827504,4.2271936759132105,4.227494447434818
2473738-B3,0,132382,87803,1.0,1.0,1.0,40.0,40.0,40.0,0.264186,0.264186
2473738-B3,1,33095,21950,4.00009855317456,4.000060432089439,4.000136674259681,9.999753623133905,9.999848922058892,9.999658326025306,1.0567599653119806,1.0567801074259682
2473738-B3,2,8273,5487,16.00184849518827,16.001692251903783,16.002004738472753,2.499711205991479,2.499735613603058,2.4996867988565312,4.2274230692614525,4.227505623838162
2473738-B3,3,2068,1371,64.02877052568611,64.01450676982591,64.04303428154631,0.6247191640819246,0.6248583644302096,0.6245800257394395,16.91173648549323,16.919273054704593
2474124-B2,0,161499,82180,1.0,1.0,1.0,40.0,40.0,40.0,0.264186,0.264186
2474124-B2,1,40374,20545,4.0000371526229745,4.00007430524595,4.0,9.999907119305254,9.999814240335855,10.0,1.0567636304057064,1.056744
2474124-B2,2,10093,5136,16.00093434023087,16.00108986426236,16.00077881619938,2.499854017863738,2.4998297203078654,2.4998783158919444,4.227263926880016,4.227181752336449
2474124-B2,3,2523,1284,64.00690840528817,64.01070154577883,64.00311526479751,0.6249325423862411,0.6248955101889176,0.6249695789729861,16.910731198573124,16.908727009345796
2474140-B3,0,138406,81176,1.0,1.0,1.0,40.0,40.0,40.0,0.264186,0.264186
2474140-B3,1,34601,20294,4.000028900898818,4.000057801797636,4.0,9.99992774827499,9.999855497594034,10.0,1.0567592704257103,1.056744
2474140-B3,2,8650,5073,16.001135308883367,16.000693641618497,16.001576976148236,2.4998226205732514,2.499891623195526,2.499753621760126,4.227159250404624,4.2273926150206975
2474140-B3,3,2162,1268,64.0182518815094,64.01757631822386,64.01892744479495,0.6248218097869263,0.6248284033929166,0.6248152163200946,16.912547417206287,16.912904365930597
2474150-B3,0,137001,77361,1.0,1.0,1.0,40.0,40.0,40.0,0.264186,0.264186
2474150-B3,1,34250,19340,4.000040451694231,4.000029197080292,4.000051706308169,9.999898871787124,9.99992700783206,9.999870735900519,1.0567517134598539,1.05675766008273
2474150-B3,2,8562,4835,16.00062899075229,16.0010511562719,16.000206825232677,2.499901724058371,2.4998357676221343,2.4999676839751297,4.227253700770848,4.22703064033092
2474150-B3,3,2140,1208,64.02986089620597,64.01915887850467,64.04056291390728,0.6247085256805572,0.6248129575696528,0.6246041286953374,16.912965507476635,16.918620153973507
2474188-B2,0,155073,87602,1.0,1.0,1.0,40.0,40.0,40.0,0.264186,0.264186
2474188-B2,1,38768,21900,4.00005855933529,4.000025794469666,4.0000913242009135,9.99985360380499,9.99993551424168,9.999771694710166,1.056750814537763,1.0567681265753424
2474188-B2,2,9692,5475,16.00023423734116,16.000103177878664,16.000365296803654,2.4999634009512475,2.49998387856042,2.4999429236775415,4.227003258151052,4.227072506301369
2474188-B2,3,2423,1368,64.0184812095585,64.00041271151466,64.03654970760233,0.6248195715400331,0.624995969640105,0.6246432729846351,16.90801303260421,16.91755992105263
2474189-B7,0,113908,81578,1.0,1.0,1.0,40.0,40.0,40.0,0.264186,0.264186
2474189-B7,1,28477,20394,4.000049034029617,4.0,4.000098068059233,9.99987741642865,10.0,9.999754835862609,1.056744,1.0567699082082964
2474189-B7,2,7119,5098,16.001261715109244,16.000561876668073,16.001961553550412,2.4998028725590977,2.4999122098535658,2.4996935448282627,4.227124439949431,4.227494214986269
2474189-B7,3,1779,1274,64.03109846870387,64.0292299044407,64.03296703296704,0.6246964515148928,0.6247146820240896,0.6246782220696756,16.91562613153457,16.916613428571427
2474291-B2,0,156881,85594,1.0,1.0,1.0,40.0,40.0,40.0,0.264186,0.264186
2474291-B2,1,39220,21398,4.000059481937219,4.000025497195309,4.000093466679129,9.999851297368233,9.999936257418042,9.999766338762063,1.0567507360020398,1.0567686925880921
2474291-B2,2,9805,5349,16.000985748550274,16.000101988781235,16.001869508319313,2.4998459862776947,2.4999840643545106,2.4997079234525783,4.227002944008159,4.227469897924846
2474291-B2,3,2451,1337,64.01319123328838,64.00693594451245,64.01944652206433,0.6248712059085573,0.6249322735066706,0.624810150244176,16.909736379436964,16.913041498878084
2474337-B3,0,145033,87803,1.0,1.0,1.0,40.0,40.0,40.0,0.264186,0.264186
2474337-B3,1,36258,21950,4.000082127189965,4.000027580120249,4.000136674259681,9.999794686240548,9.999931050174789,9.999658326025306,1.056751286281648,1.0567801074259682
2474337-B3,2,9064,5487,16.001498838786244,16.000992939099735,16.002004738472753,2.499765828376244,2.499844862893273,2.4996867988565312,4.227238320609002,4.227505623838162
2474337-B3,3,2266,1371,64.02350301897263,64.00397175639894,64.04303428154631,0.6247705625877181,0.6249612157233182,0.6245800257394395,16.90895328243601,16.919273054704593
2474500-B2,0,130776,83184,1.0,1.0,1.0,40.0,40.0,40.0,0.264186,0.264186
2474500-B2,1,32694,20796,4.0,4.0,4.0,10.0,10.0,10.0,1.056744,1.056744
2474500-B2,2,8173,5199,16.000489416370975,16.000978832741954,16.0,2.499923531031108,2.4998470667400747,2.5,4.227234593906766,4.226976
2474500-B2,3,2043,1299,64.02434946570219,64.01174743024963,64.03695150115473,0.6247623026834186,0.624885300055056,0.6246393537218696,16.911007506607927,16.917666069284063
2474612-B2,0,147242,82180,1.0,1.0,1.0,40.0,40.0,40.0,0.264186,0.264186
2474612-B2,1,36810,20545,4.000027166530835,4.0000543330616685,4.0,9.999932084134173,9.999864169190856,10.0,1.0567583540342298,1.056744
2474612-B2,2,9202,5136,16.00093276823879,16.0010867202782,16.00077881619938,2.49985426345884,2.49983021148857,2.4998783158919444,4.227263096283416,4.227181752336449
2474612-B2,3,2300,1284,64.01068806718136,64.01826086956521,64.00311526479751,0.6248956417718656,0.6248217220629984,0.6249695789729861,16.912728266086955,16.908727009345796
2474626-B2,0,143828,71738,1.0,1.0,1.0,40.0,40.0,40.0,0.264186,0.264186
2474626-B2,1,35957,17934,4.000055760008921,4.0,4.000111520017843,9.999860601920906,10.0,9.999721207728122,1.056744,1.0567734620274338
2474626-B2,2,8989,4483,16.001337818718973,16.000444988319057,16.002230649118893,2.4997909833018137,2.49993047250883,2.4996515096601524,4.227093559684058,4.227565306268123
2474626-B2,3,2247,1120,64.03034323542501,64.0089007565643,64.05178571428571,0.6247038197644685,0.6249130906360375,0.6244946890072207,16.910255455273695,16.921585060714285
2474631-B3,0,163708,73746,1.0,1.0,1.0,40.0,40.0,40.0,0.264186,0.264186
2474631-B3,1,40927,18436,4.00005424170102,4.0,4.000108483402039,9.999864397586277,10.0,9.999728798850107,1.056744,1.056772659796051
2474631-B3,2,10231,4609,16.00080341974123,16.001172905874302,16.000433933608157,2.499874471968664,2.4998167468908057,2.499932199712527,4.227285865311308,4.227090639184204
2474631-B3,3,2557,1152,64.01954499902229,64.02346499804459,64.015625,0.6248091891407677,0.6247709336135069,0.6248474493531853,16.914103123973405,16.91203190625
2474638-B3,0,114109,84791,1.0,1.0,1.0,40.0,40.0,40.0,0.264186,0.264186
2474638-B3,1,28527,21197,4.0000882919857395,4.0000350545097625,4.000141529461716,9.999779274907716,9.999912364493598,9.999646188864384,1.056753260910716,1.0567813901023728
2474638-B3,2,7131,5299,16.00157201509327,16.00182302622353,16.00132100396301,2.4997543967724254,2.4997151846041943,2.499793610170891,4.227457618005889,4.2273249907529715
2474638-B3,3,1782,1324,64.03788599319817,64.03423120089786,64.04154078549848,0.6246302384848966,0.6246658896318433,0.6245945914071069,16.9169474040404,16.918878493957703
2474704-B2,0,108687,80574,1.0,1.0,1.0,40.0,40.0,40.0,0.264186,0.264186
2474704-B2,1,27171,20143,4.000104850956053,4.000110411836149,4.000099290075957,9.999737879480765,9.999723978028651,9.999751780971529,1.0567731692613447,1.0567702310480065
2474704-B2,2,6792,5035,16.002494508405825,16.002208480565372,16.002780536246277,2.499610293819424,2.4996549725358137,2.499565616700176,4.227559449646643,4.227710578748758
2474704-B2,3,1698,1258,64.02905925047892,64.00883392226149,64.04928457869634,0.6247163470498875,0.6249137431339534,0.624519075632338,16.91023779858657,16.920924295707472
2474718-B4,0,122342,68124,1.0,1.0,1.0,40.0,40.0,40.0,0.264186,0.264186
2474718-B4,1,30585,17031,4.000032695765898,4.0000653915317965,4.0,9.999918261253383,9.999836523842998,10.0,1.056761275527219,1.056744
2474718-B4,2,7646,4257,16.001801805289265,16.000784724038713,16.002818886539817,2.4997184996241066,2.499877392882248,2.4995596265633258,4.227183313104891,4.227720710359407
2474718-B4,3,1911,1064,64.02310033325071,64.01988487702774,64.02631578947368,0.624774492203493,0.6248058720635595,0.6247431154952733,16.913157306122446,16.914856263157894
2474721-B,0,134792,87401,1.0,1.0,1.0,40.0,40.0,40.0,0.264186,0.264186
2474721-B,1,33698,21850,4.000022883295195,4.0,4.000045766590389,9.99994279208929,10.0,9.999885584833127,1.056744,1.0567560908924483
2474721-B,2,8424,5462,16.00129870784698,16.000949667616336,16.001647748077627,2.499797093368686,2.499851623241735,2.4997425658745325,4.227226888888889,4.227411311973635
2474721-B,3,2106,1365,64.01691765025099,64.00379867046534,64.03003663003663,0.6248348322319323,0.6249629058104338,0.624706811134884,16.908907555555555,16.915839257142856
2474739-B2,0,144029,82180,1.0,1.0,1.0,40.0,40.0,40.0,0.264186,0.264186
2474739-B2,1,36007,20545,4.000013886188796,4.000027772377593,4.0,9.999965284648525,9.99993056953808,10.0,1.0567513370733468,1.056744
2474739-B2,2,9001,5136,16.001111550083913,16.001444283968446,16.00077881619938,2.499826332364406,2.4997743509987576,2.4998783158919444,4.227357559604488,4.227181752336449
2474739-B2,3,2250,1284,64.00800207684321,64.0128888888889,64.00311526479751,0.6249218644878026,0.6248741572877684,0.6249695789729861,16.911309064,16.908727009345796
2474901-B,0,134591,71738,1.0,1.0,1.0,40.0,40.0,40.0,0.264186,0.264186
2474901-B,1,33647,17934,4.000100340506441,4.000089160995037,4.000111520017843,9.999749155026377,9.999777102480849,9.999721207728122,1.0567675550866347,1.0567734620274338
2474901-B,2,8411,4483,16.002007014013735,16.001783378908573,16.002230649118893,2.4996864433923855,2.4997213781010617,2.4996515096601524,4.22744714374034,4.227565306268123
2474901-B,3,2102,1120,64.04087858502106,64.02997145575642,64.05178571428571,0.6246010498887169,0.6247074470061148,0.6244946890072207,16.915822039010465,16.921585060714285
2475011-B2,0,113105,76357,1.0,1.0,1.0,40.0,40.0,40.0,0.264186,0.264186
2475011-B2,1,28276,19089,4.000043875936072,4.000035365681143,4.000052386191,9.999890311362993,9.999911586578843,9.999869036237673,1.0567533431178382,1.0567578396982555
2475011-B2,2,7069,4772,16.000594620716853,16.00014146272457,16.001047778709136,2.4999070939657324,2.499977896644711,2.4998362952970914,4.227013372471353,4.2272528084660514
2475011-B2,3,1767,1193,64.00690597054788,64.0096208262592,64.00419111483654,0.6249325661578704,0.6249060607400203,0.6249590738242728,16.91044568760611,16.909011233864206
2475022-B,0,127362,84188,1.0,1.0,1.0,40.0,40.0,40.0,0.264186,0.264186
2475022-B,1,31840,21047,4.000031407035175,4.000062814070351,4.0,9.999921483028558,9.999842967290087,10.0,1.0567605945979897,1.056744
2475022-B,2,7960,5261,16.001266095732415,16.000251256281405,16.002280935183425,2.499802188194853,2.499960741822522,2.499643654677626,4.227042378391959,4.227578591142368
2475022-B,3,1990,1315,64.01114890039551,64.00100502512562,64.0212927756654,0.6248911429826383,0.6249901854556305,0.6247921318952819,16.908169513567834,16.91352925323194
2475126-B2,0,150254,83586,1.0,1.0,1.0,40.0,40.0,40.0,0.264186,0.264186
2475126-B2,1,37563,20896,4.000074477990809,4.000053243883609,4.000095712098009,9.999813808489769,9.999866892062775,9.999760725480344,1.056758066288635,1.0567692857963245
2475126-B2,2,9390,5224,16.00093689810443,16.001490947816826,16.000382848392036,2.499853618242732,2.499767061109854,2.499940181370086,4.227369887539936,4.227077143185298
2475126-B2,3,2347,1306,64.01056544113857,64.01959948870899,64.00153139356814,0.6248968388942342,0.6248086573402372,0.6249850453425215,16.91308191052407,16.90830857274119
2475159-B,0,111498,73746,1.0,1.0,1.0,40.0,40.0,40.0,0.264186,0.264186
2475159-B,1,27874,18436,4.0000901174275025,4.000071751452967,4.000108483402039,9.999774711506848,9.999820624585196,9.999728798850107,1.0567629557293534,1.056772659796051
2475159-B,2,6968,4609,16.000934532820153,16.001435132032146,16.000433933608157,2.499853987775177,2.4997757807314933,2.499932199712527,4.227355141791044,4.227090639184204
2475159-B,3,1742,1152,64.01068276406428,64.00574052812858,64.015625,0.6248956935428296,0.6249439451828733,0.6248474493531853,16.909420567164176,16.91203190625
2475184-B2,0,120133,82783,1.0,1.0,1.0,40.0,40.0,40.0,0.264186,0.264186
2475184-B2,1,30033,20695,4.000089129629148,4.000033296706956,4.0001449625513406,9.999777180892075,9.999916758925524,9.99963760675501,1.0567527965238237,1.0567822970765883
2475184-B2,2,7508,5173,16.00178281384192,16.000665956313266,16.002899671370578,2.4997214663730505,2.499895948656905,2.4995470084437628,4.227151936334576,4.227742052580707
2475184-B2,3,1877,1293,64.01331953830325,64.00266382525307,64.02397525135345,0.6248699534487576,0.6249739871642263,0.6247659543626106,16.908607745338305,16.914237925754062
2475349-B2,0,139611,87000,1.0,1.0,1.0,40.0,40.0,40.0,0.264186,0.264186
2475349-B2,1,34902,21750,4.000042977479801,4.0000859549596015,4.0,9.999892557454901,9.999785117218556,10.0,1.0567667080969572,1.056744
2475349-B2,2,8725,5437,16.001366072327304,16.00126074498567,16.001471399668937,2.499786569421459,2.499803024117011,2.4997701149425287,4.227309071174784,4.227364723192937
2475349-B2,3,2181,1359,64.01501984325799,64.01237964236589,64.0176600441501,0.6248533562582776,0.6248791284354385,0.6248275862068966,16.91117452819807,16.912569536423838
2476242-B2,0,144631,84590,1.0,1.0,1.0,40.0,40.0,40.0,0.264186,0.264186
2476242-B2,1,36157,21147,4.000088773774133,4.000082971485466,4.000094576062798,9.999778070490049,9.999792575588913,9.999763565433268,1.0567659199048594,1.0567689856717264
2476242-B2,2,9039,5286,16.00171146371776,16.00077442194933,16.00264850548619,2.4997326123956114,2.499879002426866,2.4995862395082162,4.227180591437105,4.227675698070374
2476242-B2,3,2259,1321,64.02958458034294,64.02434705621957,64.03482210446631,0.6247112215730349,0.6247623261956289,0.6246601253103203,16.914336151394423,16.917103512490538
2476250-B2,0,111097,75152,1.0,1.0,1.0,40.0,40.0,40.0,0.264186,0.264186
2476250-B2,1,27774,18788,4.000018002448333,4.000036004896666,4.0,9.999954994081723,9.999909988568549,10.0,1.0567535119896305,1.056744
2476250-B2,2,6943,4697,16.00064813481204,16.00129626962408,16.0,2.499898733037784,2.4997974742792337,2.5,4.227318456286907,4.226976
2476250-B2,3,1735,1174,64.0232408230194,64.0328530259366,64.01362862010221,0.6247731212259735,0.624679334275453,0.6248669363423462,16.916583309510084,16.91150449063032
2476252-B2,0,117522,64911,1.0,1.0,1.0,40.0,40.0,40.0,0.264186,0.264186
2476252-B2,1,29380,16227,4.000126475288079,4.000068073519401,4.000184877056757,9.999683821776985,9.9998298190977,9.999537828719324,1.0567619840707965,1.0567928419301162
2476252-B2,2,7345,4056,16.00198525946484,16.000272294077604,16.00369822485207,2.4996898416926636,2.499957454774425,2.4994222858991546,4.227047936283186,4.227953019230768
2476295-B3,0,135796,77361,1.0,1.0,1.0,40.0,40.0,40.0,0.264186,0.264186
2476295-B3,1,33949,19340,4.000025853154085,4.0,4.000051706308169,9.999935367532526,10.0,9.999870735900519,1.056744,1.05675766008273
2476295-B3,2,8487,4835,16.000339067146797,16.000471309060917,16.000206825232677,2.499947021881009,2.499926360128428,2.4999676839751297,4.227100513255567,4.22703064033092
2476295-B3,3,2121,1208,64.03253982564766,64.02451673738803,64.04056291390728,0.6246823897492562,0.6247606704173908,0.6246041286953374,16.91438097878359,16.918620153973507
2476358-B2,0,122141,79168,1.0,1.0,1.0,40.0,40.0,40.0,0.264186,0.264186
2476358-B2,1,30535,19792,4.000016374652039,4.0000327493040775,4.0,9.999959063537483,9.999918127410124,10.0,1.056752651907647,1.056744
2476358-B2,2,7633,4948,16.00085156557055,16.0017031311411,16.0,2.4998669499609036,2.499733914082904,2.5,4.227425943403642,4.226976
2476358-B2,3,1908,1237,64.00759958071279,64.01519916142557,64.0,0.6249257941560594,0.6248516059308504,0.625,16.911919405660374,16.907904
2476376-B2,0,155475,83184,1.0,1.0,1.0,40.0,40.0,40.0,0.264186,0.264186
2476376-B2,1,38868,20796,4.000038592158074,4.000077184316147,4.0,9.999903520535653,9.999807042932947,10.0,1.0567643910157456,1.056744
2476376-B2,2,9717,5199,16.000154368632295,16.00030873726459,16.0,2.4999758801339134,2.4999517607332367,2.5,4.227057564062982,4.226976
2476376-B2,3,2429,1299,64.02238682509363,64.00782214903252,64.03695150115473,0.6247814551069184,0.6249236211609583,0.6246393537218696,16.909970502264304,16.917666069284063
2476391-B2,0,133587,65112,1.0,1.0,1.0,40.0,40.0,40.0,0.264186,0.264186
2476391-B2,1,33396,16278,4.00004491555875,4.000089831117499,4.0,9.999887712363991,9.999775427249658,10.0,1.0567677321236075,1.056744
2476391-B2,2,8349,4069,16.001162704751586,16.000359324469997,16.001966085033178,2.499818340583581,2.4999438568124144,2.4996928369578573,4.22707092849443,4.227495412140575
2476681-B2,0,128165,72140,1.0,1.0,1.0,40.0,40.0,40.0,0.264186,0.264186
2476681-B2,1,32041,18035,4.0000156050060856,4.000031210012172,4.0,9.999960987636983,9.999921975578356,10.0,1.0567522452482756,1.056744
2476681-B2,2,8010,4508,16.00164307703215,16.000624219725342,16.002661934338953,2.499743295575298,2.499902469472945,2.4995841419462157,4.227140910112359,4.2276792457852705
2476681-B2,3,2002,1127,64.01456462791867,64.01848151848152,64.01064773735581,0.6248577996663403,0.6248195685249482,0.6248960354865539,16.912786558441557,16.910716983141082
2476750-B,0,147644,87803,1.0,1.0,1.0,40.0,40.0,40.0,0.264186,0.264186
2476750-B,1,36911,21950,4.000068337129841,4.0,4.000136674259681,9.999829160094075,10.0,9.999658326025306,1.056744,1.0567801074259682
2476750-B,2,9227,5487,16.001652634761466,16.00130053105018,16.002004738472753,2.4997418024876574,2.4997968085394597,2.4996867988565312,4.2273195820960225,4.227505623838162
2476750-B,3,2306,1371,64.03452668110273,64.02601908065915,64.04303428154631,0.6246630071805376,0.6247460106743247,0.6245800257394395,16.91477787684302,16.919273054704593
2476834-B3,0,133587,87803,1.0,1.0,1.0,40.0,40.0,40.0,0.264186,0.264186
2476834-B3,1,33396,21950,4.000113252688591,4.000089831117499,4.000136674259681,9.999716876294654,9.999775427249658,9.999658326025306,1.0567677321236075,1.0567801074259682
2476834-B3,2,8349,5487,16.001182031471373,16.000359324469997,16.002004738472753,2.4998153212261056,2.4999438568124144,2.4996867988565312,4.22707092849443,4.227505623838162
2476834-B3,3,2087,1371,64.0260691292734,64.00910397700048,64.04303428154631,0.6247455223158714,0.6249111066196561,0.6245800257394395,16.910309143267845,16.919273054704593
2476856-B2,0,141418,87803,1.0,1.0,1.0,40.0,40.0,40.0,0.264186,0.264186
2476856-B2,1,35354,21950,4.000096622472376,4.000056570685071,4.000136674259681,9.999758449653857,9.999858575287448,9.999658326025306,1.056758945183006,1.0567801074259682
2476856-B2,2,8838,5487,16.00156810809132,16.00113147770989,16.002004738472753,2.4997550071216885,2.499823219109307,2.4996867988565312,4.227274920570265,4.227505623838162
2476856-B2,3,2209,1371,64.0310237048293,64.01901312811226,64.04303428154631,0.6246971809226776,0.6248143800647725,0.6245800257394395,16.912927002263466,16.919273054704593
2476983-B,0,138808,79570,1.0,1.0,1.0,40.0,40.0,40.0,0.264186,0.264186
2476983-B,1,34702,19892,4.000050271465916,4.0,4.000100542931832,9.999874322914701,10.0,9.999748648988312,1.056744,1.0567705620349888
2476983-B,2,8675,4973,16.000662180964525,16.000922190201727,16.000402171727327,2.4998965385061824,2.4998559160855285,2.499937162247078,4.227219629740633,4.227082248139955
2476983-B,3,2168,1243,64.02015567621484,64.02583025830258,64.0144810941271,0.6248032291939747,0.6247478531496744,0.6248586150559257,16.914727992619923,16.911729702333062
2476984-B2,0,110494,63304,1.0,1.0,1.0,40.0,40.0,40.0,0.264186,0.264186
2476984-B2,1,27623,15826,4.000036201715961,4.000072403431923,4.0,9.999909496529193,9.999818994696545,10.0,1.0567631279730658,1.056744
2476984-B2,2,6905,3956,16.002024880492076,16.002027516292543,16.00202224469161,2.499683652458486,2.499683240718953,2.4996840641981546,4.2275116414192615,4.227510248736097
2477039-B,0,164712,87803,1.0,1.0,1.0,40.0,40.0,40.0,0.264186,0.264186
2477039-B,1,41178,21950,4.000068337129841,4.0,4.000136674259681,9.999829160094075,10.0,9.999658326025306,1.056744,1.0567801074259682
2477039-B,2,10294,5487,16.001390945105815,16.000777151738877,16.002004738472753,2.499782683719405,2.499878575938608,2.4996867988565312,4.227181312609287,4.227505623838162
2477039-B,3,2573,1371,64.0292901683674,64.0155460551885,64.04303428154631,0.6247140940469357,0.62484821992326,0.6245800257394395,16.912011050136027,16.919273054704593
2477053-B3,0,153869,87803,1.0,1.0,1.0,40.0,40.0,40.0,0.264186,0.264186
2477053-B3,1,38467,21950,4.0000813352841025,4.0000259963085245,4.000136674259681,9.999796665924302,9.999935009651066,9.999658326025306,1.0567508678607638,1.0567801074259682
2477053-B3,2,9616,5487,16.001678325975146,16.00135191347754,16.002004738472753,2.499737789071097,2.499788781365967,2.4996867988565312,4.227333156613977,4.227505623838162
2477053-B3,3,2404,1371,64.02422096772824,64.00540765391015,64.04303428154631,0.6247635565946553,0.6249471953414918,0.6245800257394395,16.909332626455907,16.919273054704593
2477058-B2,0,120936,83988,1.0,1.0,1.0,40.0,40.0,40.0,0.264186,0.264186
2477058-B2,1,30234,20997,4.0,4.0,4.0,10.0,10.0,10.0,1.056744,1.056744
2477058-B2,2,7558,5249,16.00091026549696,16.00105848107965,16.000762049914268,2.4998577791072734,2.4998346232718136,2.4998809353717197,4.227255635882508,4.22717732291865
2477058-B2,3,1889,1312,64.0182095637129,64.02117522498676,64.01524390243902,0.62482222281132,0.6247932790897666,0.6248511692146497,16.91349819798835,16.911931225609756
2477118-B3,0,133386,77963,1.0,1.0,1.0,40.0,40.0,40.0,0.264186,0.264186
2477118-B3,1,33346,19490,4.000106951149226,4.000059977208661,4.00015392508979,9.999732629275837,9.999850059226604,9.999615202083039,1.0567598451388471,1.056784664853771
2477118-B3,2,8336,4872,16.001728707897215,16.00119961612284,16.002257799671593,2.499729918571804,2.499812574033257,2.4996472685761195,4.227292921785028,4.227572479064039
2477118-B3,3,2084,1218,64.00691483158886,64.00479846449136,64.00903119868637,0.624932479642951,0.6249531435083142,0.6249118171440299,16.909171687140113,16.910289916256158
2477118-B4,0,111900,80172,1.0,1.0,1.0,40.0,40.0,40.0,0.264186,0.264186
2477118-B4,1,27975,20043,4.0,4.0,4.0,10.0,10.0,10.0,1.056744,1.056744
2477118-B4,2,6993,5010,16.002055605648422,16.001716001716,16.00239520958084,2.499678852876924,2.4997319034852548,2.499625804520281,4.2274293436293435,4.227608780838323
2477118-B4,3,1748,1252,64.02558103830211,64.01601830663616,64.03514376996804,0.6247502849848523,0.6248436103663986,0.6246569874769247,16.91213581235698,16.917188492012777
2477189-B2,0,132382,87803,1.0,1.0,1.0,40.0,40.0,40.0,0.264186,0.264186
2477189-B2,1,33095,21950,4.00009855317456,4.000060432089439,4.000136674259681,9.999753623133905,9.999848922058892,9.999658326025306,1.0567599653119806,1.0567801074259682
2477189-B2,2,8273,5487,16.00184849518827,16.001692251903783,16.002004738472753,2.499711205991479,2.499735613603058,2.4996867988565312,4.2274230692614525,4.227505623838162
2477189-B2,3,2068,1371,64.02877052568611,64.01450676982591,64.04303428154631,0.6247191640819246,0.6248583644302096,0.6245800257394395,16.91173648549323,16.919273054704593
2477189-B3,0,119531,62501,1.0,1.0,1.0,40.0,40.0,40.0,0.264186,0.264186
2477189-B3,1,29882,15625,4.000082197443277,4.0001003948865534,4.000064,9.999794510614484,9.999749019082916,9.999840002559958,1.056770522923499,1.056760907904
2477189-B3,2,7470,3906,16.001376319409744,16.001472556894242,16.001280081925245,2.4997849685892217,2.49976993415934,2.4998000031999488,4.227365028915662,4.2273141797235025
2477274-B3,0,115916,87803,1.0,1.0,1.0,40.0,40.0,40.0,0.264186,0.264186
2477274-B3,1,28979,21950,4.000068337129841,4.0,4.000136674259681,9.999829160094075,10.0,9.999658326025306,1.056744,1.0567801074259682
2477274-B3,2,7244,5487,16.001830640909485,16.00165654334622,16.002004738472753,2.4997139950811618,2.4997411918975807,2.4996867988565312,4.227413635560463,4.227505623838162
2477274-B3,3,1811,1371,64.0248302274656,64.00662617338487,64.04303428154631,0.6247576113499893,0.6249352979743952,0.6245800257394395,16.909654542241853,16.919273054704593
2477285-B2,0,126559,85996,1.0,1.0,1.0,40.0,40.0,40.0,0.264186,0.264186
2477285-B2,1,31639,21499,4.000047409842283,4.000094819684566,4.0,9.999881476799084,9.999762956407684,10.0,1.0567690500331868,1.056744
2477285-B2,2,7909,5374,16.002064773550156,16.001896573523833,16.00223297357648,2.4996774207611057,2.4997036955096044,2.4996511465649567,4.227477048172967,4.227565920357275
2477285-B2,3,1977,1343,64.02422139790013,64.01568032372282,64.03276247207744,0.6247635523969358,0.6248469093466288,0.6246802176845435,16.912046522003035,16.91655938644825
2477299-B2,0,164913,87803,1.0,1.0,1.0,40.0,40.0,40.0,0.264186,0.264186
2477299-B2,1,41228,21950,4.000080464810058,4.000024255360435,4.000136674259681,9.99979884202139,9.999939361966613,9.999658326025306,1.0567504079266516,1.0567801074259682
2477299-B2,2,10307,5487,16.001050879957248,16.00009702144174,16.002004738472753,2.4998358107906267,2.499984840491653,2.4996867988565312,4.227001631706607,4.227505623838162
2477299-B2,3,2576,1371,64.03102801033837,64.01902173913044,64.04303428154631,0.6246971389174268,0.6248142960227514,0.6245800257394395,16.912929277173912,16.919273054704593
2477473-B2,0,134390,81980,1.0,1.0,1.0,40.0,40.0,40.0,0.264186,0.264186
2477473-B2,1,33597,20495,4.000029764562312,4.000059529124624,4.0,9.999925589147923,9.99985117940323,10.0,1.056759726761318,1.056744
2477473-B2,2,8399,5123,16.001528374135802,16.000714370758423,16.002342377513177,2.4997612143508943,2.4998883845524222,2.499634057087094,4.227164726753185,4.2275948233456955
2477473-B2,3,2099,1280,64.03630076822296,64.02572653644593,64.046875,0.6246457012683874,0.6247488652429496,0.624542571358868,16.9147005907575,16.92028771875
2477476-B2,0,143226,84188,1.0,1.0,1.0,40.0,40.0,40.0,0.264186,0.264186
2477476-B2,1,35806,21047,4.0000279282801765,4.000055856560353,4.0,9.999930179787048,9.999860360549063,10.0,1.0567587565212533,1.056744
2477476-B2,2,8951,5261,16.00169906439654,16.00111719360965,16.002280935183425,2.499734549376647,2.499825450686328,2.499643654677626,4.227271146910959,4.227578591142368
2477476-B2,3,2237,1315,64.02361017862394,64.02592758158248,64.0212927756654,0.6247695168766836,0.6247469034951755,0.6247921318952819,16.914753704067948,16.91352925323194
2477541-B2,0,130776,58284,1.0,1.0,1.0,40.0,40.0,40.0,0.264186,0.264186
2477541-B2,1,32694,14571,4.0,4.0,4.0,10.0,10.0,10.0,1.056744,1.056744
2477541-B2,2,8173,3642,16.00213686282897,16.000978832741954,16.00329489291598,2.4996661597686476,2.4998470667400747,2.4994852789787934,4.227234593906766,4.227846464579901
2477577-B3,0,155073,87803,1.0,1.0,1.0,40.0,40.0,40.0,0.264186,0.264186
2477577-B3,1,38768,21950,4.000081234364673,4.000025794469666,4.000136674259681,9.999796918212622,9.99993551424168,9.999658326025306,1.056750814537763,1.0567801074259682
2477577-B3,2,9692,5487,16.00105395817571,16.000103177878664,16.002004738472753,2.499835329882259,2.49998387856042,2.4996867988565312,4.227003258151052,4.227505623838162
2477577-B3,3,2423,1371,64.02172349653048,64.00041271151466,64.04303428154631,0.6247879284625587,0.624995969640105,0.6245800257394395,16.90801303260421,16.919273054704593
2477668-B3,0,148648,84188,1.0,1.0,1.0,40.0,40.0,40.0,0.264186,0.264186
2477668-B3,1,37162,21047,4.0,4.0,4.0,10.0,10.0,10.0,1.056744,1.056744
2477668-B3,2,9290,5261,16.00157103809763,16.00086114101184,16.002280935183425,2.499754549398011,2.499865453958345,2.499643654677626,4.227203501399353,4.227578591142368
2477668-B3,3,2322,1315,64.01925965225992,64.01722652885444,64.0212927756654,0.6248119740414395,0.6248318174479307,0.6247921318952819,16.912455007751937,16.91352925323194
2477670-B2,0,140013,80574,1.0,1.0,1.0,40.0,40.0,40.0,0.264186,0.264186
2477670-B2,1,35003,20143,4.0000639295278795,4.000028568979801,4.000099290075957,9.999840178734626,9.99992857806061,9.999751780971529,1.0567515475244977,1.0567702310480065
2477670-B2,2,8750,5035,16.002133125265996,16.001485714285714,16.002780536246277,2.4996667436070403,2.499767878696978,2.499565616700176,4.227368504914285,4.227710578748758
2477670-B2,3,2187,1258,64.03493035519179,64.02057613168725,64.04928457869634,0.6246590693255419,0.6247991257954618,0.624519075632338,16.913339925925925,16.920924295707472
2477695-B2,0,148848,87803,1.0,1.0,1.0,40.0,40.0,40.0,0.264186,0.264186
2477695-B2,1,37212,21950,4.000068337129841,4.0,4.000136674259681,9.999829160094075,10.0,9.999658326025306,1.056744,1.0567801074259682
2477695-B2,2,9303,5487,16.001002369236375,16.0,16.002004738472753,2.4998433896181558,2.5,2.4996867988565312,4.226976,4.227505623838162
2477695-B2,3,2325,1371,64.03183972141832,64.02064516129032,64.04303428154631,0.6246892198323049,0.624798452112222,0.6245800257394395,16.913358162580643,16.919273054704593
2477809-B3,0,112101,81779,1.0,1.0,1.0,40.0,40.0,40.0,0.264186,0.264186
2477809-B3,1,28025,20444,4.0000912123734444,4.000035682426405,4.000146742320485,9.99977197426608,9.999910794729754,9.99963315765661,1.056753426797502,1.0567827672666796
2477809-B3,2,7006,5111,16.000650321637828,16.00071367399372,16.00058696928194,2.4998983913739825,2.499888493412191,2.4999082894141527,4.227164542677704,4.2271310690667185
2477809-B3,3,1751,1277,64.03053406779077,64.02113078241005,64.0399373531715,0.6247019579385512,0.6247937128125529,0.6246102300101493,16.91348645688178,16.918454889584964
2477814-B5,0,124751,52863,1.0,1.0,1.0,40.0,40.0,40.0,0.264186,0.264186
2477814-B5,1,31187,13215,4.000161604341457,4.000096193926956,4.000227014755959,9.999596005468174,9.999759520965764,9.999432495318088,1.0567694130887868,1.0568039741203177
2477814-B5,2,7796,3303,16.00323269484479,16.001924063622372,16.004541326067212,2.4994949934637534,2.4996994012072045,2.499290619147608,4.22748431067214,4.228175754768392
2477941-B2,0,142021,79369,1.0,1.0,1.0,40.0,40.0,40.0,0.264186,0.264186
2477941-B2,1,35505,19842,4.000039281596262,4.000028165047176,4.000050398145349,9.999901796973738,9.99992958787785,9.999874006224092,1.0567514408111531,1.056757314484427
2477941-B2,2,8876,4960,16.001188916469204,16.000563316809373,16.00181451612903,2.4998142456045906,2.4999119848473113,2.4997165140042084,4.227124820414601,4.227455369758064
2477941-B2,3,2219,1240,64.00475566587681,64.00225326723749,64.00725806451612,0.6249535614011477,0.6249779962118278,0.6249291285010521,16.908499281658404,16.909821479032257
2477949-B2,0,118125,76156,1.0,1.0,1.0,40.0,40.0,40.0,0.264186,0.264186
2477949-B2,1,29531,19039,4.000016931360266,4.000033862720531,4.0,9.999957671778503,9.999915343915344,10.0,1.056752946056686,1.056744
2477949-B2,2,7382,4759,16.002141289253366,16.001761040368464,16.002521538138264,2.499665468324729,2.4997248677248676,2.4996060717474657,4.227441242210783,4.227642155074595
2477949-B2,3,1845,1189,64.03742640874685,64.02439024390245,64.05046257359125,0.6246347213375273,0.6247619047619047,0.6245075896843322,16.91434756097561,16.921235505466775
2477977-B3,0,136599,73345,1.0,1.0,1.0,40.0,40.0,40.0,0.264186,0.264186
2477977-B3,1,34149,18336,4.000071193912449,4.000087850303084,4.000054537521815,9.999822018386679,9.999780379065733,9.9998636580544,1.0567672088201703,1.056758408049738
2477977-B3,2,8537,4584,16.00051905513031,16.000819960173363,16.00021815008726,2.4999189002668407,2.499871887788344,2.4999659145136,4.22719262199836,4.227033632198952
2477977-B3,3,2134,1146,64.00582524113048,64.0107778819119,64.00087260034904,0.624943118056945,0.6248947649689968,0.6249914786284,16.910751365510777,16.90813452879581
2478091-B4,0,131780,83385,1.0,1.0,1.0,40.0,40.0,40.0,0.264186,0.264186
2478091-B4,1,32945,20846,4.000023985416867,4.0,4.000047970833733,9.999940036817394,10.0,9.999880074353902,1.056744,1.0567566732226805
2478091-B4,2,8236,5211,16.001106394186692,16.00048567265663,16.001727115716754,2.499827137861683,2.499924115950827,2.499730167296276,4.2271043079164645,4.227432279792746
2478091-B4,3,2059,1302,64.02286074623493,64.00194269062652,64.04377880184332,0.6247768302411,0.6249810289877068,0.6245727648857708,16.908417231665858,16.919469746543776
2481696-B4,0,120334,70534,1.0,1.0,1.0,40.0,40.0,40.0,0.264186,0.264186
2481696-B4,1,30083,17633,4.00008995321266,4.0000664827311105,4.000113423694209,9.999775122025474,9.999833795934649,9.999716448804833,1.056761563806801,1.0567739649520782
2481696-B4,2,7520,4408,16.001611431826078,16.00186170212766,16.0013611615245,2.4997482391331425,2.499709142885635,2.499787336603624,4.227467835638297,4.227335599818511
2481696-B4,3,1880,1102,64.00644572730431,64.00744680851064,64.005444646098,0.6249370597832856,0.6249272857214088,0.624946834150906,16.90987134255319,16.909342399274045
2481703-B2,0,128968,84992,1.0,1.0,1.0,40.0,40.0,40.0,0.264186,0.264186
2481703-B2,1,32242,21248,4.0,4.0,4.0,10.0,10.0,10.0,1.056744,1.056744
2481703-B2,2,8060,5312,16.00049627791563,16.000992555831264,16.0,2.499922458980801,2.4998449227715405,2.5,4.227238219354838,4.226976
2481703-B2,3,2015,1328,64.00198511166252,64.00397022332506,64.0,0.6249806147452003,0.6249612306928851,0.625,16.908952877419352,16.907904
2481723-B2,0,139210,73546,1.0,1.0,1.0,40.0,40.0,40.0,0.264186,0.264186
2481723-B2,1,34802,18386,4.000083123189986,4.000057467961612,4.000108778418362,9.99979219634336,9.999856332160045,9.99972806134936,1.0567591822309061,1.0567727377352332
2481723-B2,2,8700,4596,16.00166261516761,16.001149425287355,16.002175805047866,2.4997402433722677,2.4998204152000576,2.4996600766866997,4.227279662068965,4.227550817232375
2481723-B2,3,2175,1149,64.00665046067044,64.00459770114942,64.00870322019146,0.6249350608430669,0.6249551038000144,0.6249150191716749,16.90911864827586,16.9102032689295
2481750-B2,0,137402,79369,1.0,1.0,1.0,40.0,40.0,40.0,0.264186,0.264186
2481750-B2,1,34350,19842,4.000054311154188,4.000058224163028,4.000050398145349,9.999864223958069,9.999854441711182,9.999874006224092,1.0567593820087335,1.056757314484427
2481750-B2,2,8587,4960,16.001489533597297,16.001164551065564,16.00181451612903,2.4997672820404984,2.4998180521389792,2.4997165140042084,4.227283658087806,4.227455369758064
2481750-B2,3,2146,1240,64.01714254577158,64.02702702702703,64.00725806451612,0.6248326371549687,0.6247361756015196,0.6249291285010521,16.91504416216216,16.909821479032257
2482055-B2,0,163306,87803,1.0,1.0,1.0,40.0,40.0,40.0,0.264186,0.264186
2482055-B2,1,40826,21950,4.000092831324716,4.000048988389752,4.000136674259681,9.999767927074119,9.999877530525517,9.999658326025306,1.0567569420467349,1.0567801074259682
2482055-B2,2,10206,5487,16.001492277133693,16.00097981579463,16.002004738472753,2.4997668534428152,2.4998469131568957,2.4996867988565312,4.22723485361552,4.227505623838162
2482055-B2,3,2551,1371,64.02974920662967,64.01646413171305,64.04303428154631,0.6247096153838813,0.6248392588147405,0.6245800257394395,16.912253593100743,16.919273054704593
2482056-B4,0,150856,69128,1.0,1.0,1.0,40.0,40.0,40.0,0.264186,0.264186
2482056-B4,1,37714,17282,4.0,4.0,4.0,10.0,10.0,10.0,1.056744,1.056744
2482056-B4,2,9428,4320,16.00135019406339,16.000848536274926,16.001851851851853,2.4997890499790616,2.499867423238055,2.49971068163407,4.227200171404327,4.227465233333334
2482056-B4,3,2357,1080,64.00540077625357,64.0033941450997,64.00740740740741,0.6249472624947654,0.6249668558095137,0.6249276704085175,16.908800685617308,16.909860933333334
2482056-B9,0,141017,82984,1.0,1.0,1.0,40.0,40.0,40.0,0.264186,0.264186
2482056-B9,1,35254,20746,4.000014182787769,4.000028365575537,4.0,9.999964543156297,9.999929086564032,10.0,1.0567514937879388,1.056744
2482056-B9,2,8813,5186,16.001281916693117,16.001021218654262,16.00154261473197,2.499799716563368,2.4998404447690703,2.4997589896847585,4.227245791671395,4.22738353721558
2482056-B9,3,2203,1296,64.02110617956434,64.01134816159782,64.03086419753086,0.624793952916235,0.6248891977562989,0.6246987371059481,16.91090202541988,16.916057888888886
2482461-B2,0,137402,81578,1.0,1.0,1.0,40.0,40.0,40.0,0.264186,0.264186
2482461-B2,1,34350,20394,4.0000781461111306,4.000058224163028,4.000098068059233,9.999804638538858,9.999854441711182,9.999754835862609,1.0567593820087335,1.0567699082082964
2482461-B2,2,8587,5098,16.001563052307986,16.001164551065564,16.001961553550412,2.4997557969332624,2.4998180521389792,2.4996935448282627,4.227283658087806,4.227494214986269
2482461-B2,3,2146,1274,64.02999702999703,64.02702702702703,64.03296703296704,0.6247071974915231,0.6247361756015196,0.6246782220696756,16.91504416216216,16.916613428571427
2482483-B2,0,142623,87803,1.0,1.0,1.0,40.0,40.0,40.0,0.264186,0.264186
2482483-B2,1,35655,21950,4.000110406965769,4.000084139671856,4.000136674259681,9.999723990203929,9.999789655244946,9.999658326025306,1.0567662285233488,1.0567801074259682
2482483-B2,2,8913,5487,16.001843836755732,16.00168293503871,16.002004738472753,2.4997119337036184,2.499737069056183,2.4996867988565312,4.227420607876136,4.227505623838162
2482483-B2,3,2228,1371,64.02847405280188,64.01391382405745,64.04303428154631,0.6247220567370307,0.6248641523456946,0.6245800257394395,16.911579837522442,16.919273054704593
2482607-B,0,144832,70935,1.0,1.0,1.0,40.0,40.0,40.0,0.264186,0.264186
2482607-B,1,36208,17733,4.000084588056167,4.0,4.000169176112333,9.99978853433145,10.0,9.999577077606258,1.056744,1.0567886939604128
2482607-B,2,9052,4433,16.000789533047598,16.0,16.001579066095196,2.499876641548536,2.5,2.4997532952703176,4.226976,4.227393167155425
2482607-B,3,2263,1108,64.01037906137185,64.0,64.02075812274369,0.6248986584136428,0.625,0.6247973496863325,16.907904,16.91338800541516
2482886-B2,0,140414,87803,1.0,1.0,1.0,40.0,40.0,40.0,0.264186,0.264186
2482886-B2,1,35103,21950,4.000096824723494,4.000056975187306,4.000136674259681,9.999757944050515,9.999857564060564,9.999658326025306,1.0567590520468335,1.0567801074259682
2482886-B2,2,8775,5487,16.001800090034095,16.00159544159544,16.002004738472753,2.499718767572403,2.4997507371059866,2.4996867988565312,4.227397493333333,4.227505623838162
2482886-B2,3,2193,1371,64.03565302768607,64.02827177382581,64.04303428154631,0.6246520197538369,0.6247240303673424,0.6245800257394395,16.915373006839943,16.919273054704593
2482896-B2,0,135595,79369,1.0,1.0,1.0,40.0,40.0,40.0,0.264186,0.264186
2482896-B2,1,33898,19842,4.000069449470928,4.000088500796507,4.000050398145349,9.999826379337145,9.999778752903868,9.999874006224092,1.056767380671426,1.056757314484427
2482896-B2,2,8474,4960,16.001556302199518,16.00129808827,16.00181451612903,2.499756851432116,2.499797190161879,2.4997165140042084,4.227318936747698,4.227455369758064
2482896-B2,3,2118,1240,64.01378011818818,64.02030217186025,64.00725806451612,0.6248654575022485,0.6248017994763818,0.6249291285010521,16.91326754957507,16.909821479032257
2482947-B2,0,121338,70132,1.0,1.0,1.0,40.0,40.0,40.0,0.264186,0.264186
2482947-B2,1,30334,17533,4.000032966308433,4.000065932616866,4.0,9.999917584908147,9.999835171174734,10.0,1.0567614184743193,1.056744
2482947-B2,2,7583,4383,16.00111567810714,16.001318739285242,16.000912616929043,2.499825687450553,2.499793963968419,2.499857411737866,4.2273243924568105,4.2272171006160155
2482947-B2,3,1895,1095,64.03904772231661,64.03060686015831,64.04748858447489,0.6246189070994044,0.6247012477542072,0.6245365881480636,16.915989903957783,16.92044981917808
2482952-B2,0,147041,87803,1.0,1.0,1.0,40.0,40.0,40.0,0.264186,0.264186
2482952-B2,1,36760,21950,4.0000819388708635,4.000027203482046,4.000136674259681,9.999795157018992,9.999931991757402,9.999658326025306,1.0567511867791075,1.0567801074259682
2482952-B2,2,9190,5487,16.001056776200468,16.000108813928183,16.002004738472753,2.4998348896239717,2.4999829979393504,2.4996867988565312,4.22700474711643,4.227505623838162
2482952-B2,3,2297,1371,64.0287004233156,64.0143665650849,64.04303428154631,0.6247198480610467,0.6248597329996395,0.6245800257394395,16.911699445363517,16.919273054704593
2482956-B,0,152061,62903,1.0,1.0,1.0,40.0,40.0,40.0,0.264186,0.264186
2482956-B,1,38015,15725,4.000108542210034,4.000026305405761,4.000190779014308,9.999728651838097,9.999934236918078,9.999523075211041,1.0567509495199263,1.056794401144674
2482956-B,2,9503,3931,16.001574353215403,16.00136798905609,16.001780717374714,2.499754031512673,2.4997862699837565,2.499721793873106,4.2273374035567715,4.227446440600356
2482957-B2,0,114109,69329,1.0,1.0,1.0,40.0,40.0,40.0,0.264186,0.264186
2482957-B2,1,28527,17332,4.000046375627833,4.0000350545097625,4.000057696745904,9.999884062274589,9.999912364493598,9.999855760215782,1.056753260910716,1.0567592426725132
2482957-B2,2,7131,4333,16.00102690660357,16.00182302622353,16.000230786983614,2.4998395561407456,2.4997151846041943,2.4999639400539455,4.227457618005889,4.227036970690053
2482957-B2,3,1782,1083,64.02496416923933,64.03423120089786,64.01569713758079,0.6247563043419543,0.6246658896318433,0.6248467452292692,16.9169474040404,16.912050963988918
2482962-B2,0,190817,87401,1.0,1.0,1.0,40.0,40.0,40.0,0.264186,0.264186
2482962-B2,1,47704,21850,4.000033364596552,4.000020962602717,4.000045766590389,9.99991658920436,9.999947593767851,9.999885584833127,1.0567495380261613,1.0567560908924483
2482962-B2,2,11926,5462,16.000865799244245,16.000083850410867,16.001647748077627,2.4998647261880844,2.499986898441963,2.4997425658745325,4.226998152104645,4.227411311973635
2482962-B2,3,2981,1365,64.02055337036887,64.01107011070111,64.03003663003663,0.6247993479311834,0.6248919121461923,0.624706811134884,16.910828568265682,16.915839257142856
2482964-B2,0,193227,87803,1.0,1.0,1.0,40.0,40.0,40.0,0.264186,0.264186
2482964-B2,1,48306,21950,4.000099389173065,4.000062104086449,4.000136674259681,9.999751533241064,9.999844742194414,9.999658326025306,1.0567604070301824,1.0567801074259682
2482964-B2,2,12076,5487,16.00145781806049,16.00091089764823,16.002004738472753,2.499772236680391,2.499857680344879,2.4996867988565312,4.227216646406094,4.227505623838162
2482964-B2,3,3019,1371,64.02333893606962,64.00364359059292,64.04303428154631,0.6247721637876763,0.6249644200862198,0.6245800257394395,16.908866585624377,16.919273054704593
2482969-B,0,143627,87803,1.0,1.0,1.0,40.0,40.0,40.0,0.264186,0.264186
2482969-B,1,35906,21950,4.000110112877627,4.000083551495572,4.000136674259681,9.999724725383754,9.999791125624013,9.999658326025306,1.0567660731354092,1.0567801074259682
2482969-B,2,8976,5487,16.001615114334413,16.001225490196077,16.002004738472753,2.4997476638572307,2.4998085318220116,2.4996867988565312,4.227299757352941,4.227505623838162
2482969-B,3,2244,1371,64.02396812116531,64.00490196078431,64.04303428154631,0.6247660239412219,0.6249521329555029,0.6245800257394395,16.909199029411763,16.919273054704593
2482992-B,0,163909,76959,1.0,1.0,1.0,40.0,40.0,40.0,0.264186,0.264186
2482992-B,1,40977,19239,4.000090168597239,4.000024403933915,4.000155933260564,9.999774583588271,9.999938990537432,9.999610182044986,1.056750447177685,1.0567851953843754
2482992-B,2,10244,4809,16.00180362109019,16.000488090589613,16.003119151590766,2.4997182159691342,2.4999237381717907,2.4995127275562314,4.227104946700507,4.227800036182158
2482992-B,3,2561,1202,64.01387135588804,64.00195236235845,64.02579034941763,0.6248645668939186,0.6249809345429477,0.6247482425707195,16.90841978680203,16.914717449251246
2483014-B4,0,171740,87803,1.0,1.0,1.0,40.0,40.0,40.0,0.264186,0.264186
2483014-B4,1,42935,21950,4.000068337129841,4.0,4.000136674259681,9.999829160094075,10.0,9.999658326025306,1.056744,1.0567801074259682
2483014-B4,2,10733,5487,16.001561392808537,16.00111804714432,16.002004738472753,2.4997560561794243,2.4998253173401657,2.4996867988565312,4.227271372402869,4.227505623838162
2483014-B4,3,2683,1371,64.02673518028118,64.01043607901603,64.04303428154631,0.624739023274751,0.6248981017817631,0.6245800257394395,16.910661065970928,16.919273054704593
2483055-B2,0,166519,84992,1.0,1.0,1.0,40.0,40.0,40.0,0.264186,0.264186
2483055-B2,1,41629,21248,4.000036032573446,4.000072065146893,4.0,9.999909919377844,9.999819840378576,10.0,1.0567630386028968,1.056744
2483055-B2,2,10407,5312,16.000336312097627,16.000672624195253,16.0,2.4999474523392715,2.4998949068875023,2.5,4.2271536978956465,4.226976
2483055-B2,3,2601,1328,64.01057285659363,64.02114571318724,64.0,0.6248967665015931,0.624793567100451,0.625,16.91349040138408,16.907904
2483211-B2,0,133185,82180,1.0,1.0,1.0,40.0,40.0,40.0,0.264186,0.264186
2483211-B2,1,33296,20545,4.000015016818837,4.000030033637675,4.0,9.999962458093847,9.99992491646957,10.0,1.0567519344666025,1.056744
2483211-B2,2,8324,5136,16.00044947537504,16.0001201345507,16.00077881619938,2.4999297714455255,2.4999812291173926,2.4998783158919444,4.22700773786641,4.227181752336449
2483211-B2,3,2081,1284,64.00179790150015,64.0004805382028,64.00311526479751,0.6249824428613814,0.6249953072793482,0.6249695789729861,16.90803095146564,16.908727009345796
2483215-B5,0,136398,86197,1.0,1.0,1.0,40.0,40.0,40.0,0.264186,0.264186
2483215-B5,1,34099,21549,4.000052529306059,4.000058652746415,4.000046405865701,9.99986867845941,9.99985337028402,9.999883986681672,1.0567594952344643,1.056756259780036
2483215-B5,2,8524,5387,16.00128529089226,16.001642421398405,16.000928160386113,2.4997991894293343,2.499743397997038,2.499854983352089,4.227409904739559,4.227221206979765
2483215-B5,3,2131,1346,64.02297280713559,64.00656968559362,64.03937592867756,0.6247757366796604,0.6249358494992595,0.6246157058830354,16.909639618958234,16.91830656909361
2483215-B6,0,157282,84590,1.0,1.0,1.0,40.0,40.0,40.0,0.264186,0.264186
2483215-B6,1,39320,21147,4.000072720381349,4.000050864699898,4.000094576062798,9.999818202351728,9.999872839867244,9.999763565433268,1.0567574377416071,1.0567689856717264
2483215-B6,2,9830,5286,16.00142598214289,16.000203458799593,16.00264850548619,2.4997772101460702,2.499968209966811,2.4995862395082162,4.2270297509664285,4.227675698070374
2483215-B6,3,2457,1321,64.02433005915216,64.01383801383801,64.03482210446631,0.6247624920564409,0.6248648923589476,0.6246601253103203,16.91155980952381,16.917103512490538
2483220-B1,0,149049,86197,1.0,1.0,1.0,40.0,40.0,40.0,0.264186,0.264186
2483220-B1,1,37262,21549,4.000036621428906,4.00002683699211,4.000046405865701,9.999908447265932,9.99993290796986,9.999883986681672,1.0567510899575976,1.056756259780036
2483220-B1,2,9315,5387,16.000947171980496,16.000966183574878,16.000928160386113,2.4998520131386104,2.4998490429321905,2.499854983352089,4.227231252173913,4.227221206979765
2483220-B1,3,2328,1346,64.03193023238,64.02448453608247,64.03937592867756,0.6246883368162559,0.6247609846426344,0.6246157058830354,16.914372471649482,16.91830656909361
2483363-B3,0,151660,86197,1.0,1.0,1.0,40.0,40.0,40.0,0.264186,0.264186
2483363-B3,1,37915,21549,4.000023202932851,4.0,4.000046405865701,9.999941993004356,10.0,9.999883986681672,1.056744,1.056756259780036
2483363-B3,2,9478,5387,16.001097125139246,16.001266089892383,16.000928160386113,2.499828585950909,2.4998021891072133,2.499854983352089,4.227310483224309,4.227221206979765
2483363-B3,3,2369,1346,64.02897458316528,64.01857323765302,64.03937592867756,0.6247171731298807,0.6248186733482791,0.6246157058830354,16.9128107893626,16.91830656909361
2483768-B4,0,115314,67521,1.0,1.0,1.0,40.0,40.0,40.0,0.264186,0.264186
2483768-B4,1,28828,16880,4.000064309350375,4.000069376994588,4.000059241706161,9.99983922920883,9.999826560521706,9.999851897928052,1.0567623284306922,1.0567596508293837
2483768-B4,2,7207,4220,16.0002572374015,16.000277507978353,16.000236966824644,2.4999598073022073,2.4999566401304265,2.499962974482013,4.227049313722769,4.227038603317535
2483768-B4,3,1801,1055,64.01435511077311,64.02776235424764,64.00094786729858,0.6248598448079705,0.6247290008151656,0.6249907436205032,16.915238425319266,16.90815441327014
2483846-B,0,132784,66317,1.0,1.0,1.0,40.0,40.0,40.0,0.264186,0.264186
2483846-B,1,33196,16579,4.0000301586344165,4.0,4.000060317268834,9.99992460398242,10.0,9.99984920910174,1.056744,1.056759934977984
2483846-B,2,8299,4144,16.00156853281853,16.0,16.003137065637066,2.4997549407710697,2.5,2.4995099295806504,4.226976,4.227804768822393
2483846-B,3,2074,1036,64.01784597312562,64.02314368370298,64.01254826254826,0.6248257715011499,0.6247740691649597,0.6248774823951626,16.914018237222756,16.911219075289573
2483862-B2,0,128165,87803,1.0,1.0,1.0,40.0,40.0,40.0,0.264186,0.264186
2483862-B2,1,32041,21950,4.000083942135927,4.000031210012172,4.000136674259681,9.999790149064017,9.999921975578356,9.999658326025306,1.0567522452482756,1.0567801074259682
2483862-B2,2,8010,5487,16.001314479099047,16.000624219725342,16.002004738472753,2.4997946295129747,2.499902469472945,2.4996867988565312,4.227140910112359,4.227505623838162
2483862-B2,3,2002,1371,64.03075790001392,64.01848151848152,64.04303428154631,0.6246997741688655,0.6248195685249482,0.6245800257394395,16.912786558441557,16.919273054704593
2483868-B4,0,124551,84791,1.0,1.0,1.0,40.0,40.0,40.0,0.264186,0.264186
2483868-B4,1,31137,21197,4.0001189389287575,4.000096348395799,4.000141529461716,9.999702661519386,9.999759134812246,9.999646188864384,1.0567694538972925,1.0567813901023728
2483868-B4,2,7784,5299,16.001110142269276,16.00089928057554,16.00132100396301,2.499826552304902,2.4998594953071436,2.499793610170891,4.227213577338129,4.2273249907529715
2483868-B4,3,1946,1324,64.02256895390032,64.00359712230215,64.04154078549848,0.624779677753983,0.6249648738267859,0.6245945914071069,16.908854309352517,16.918878493957703
2483961-B3,0,120133,73144,1.0,1.0,1.0,40.0,40.0,40.0,0.264186,0.264186
2483961-B3,1,30033,18286,4.000016648353478,4.000033296706956,4.0,9.999958379289534,9.999916758925524,10.0,1.0567527965238237,1.056744
2483961-B3,2,7508,4571,16.001208060195573,16.000665956313266,16.001750164077883,2.499811254845411,2.499895948656905,2.4997265667723942,4.227151936334576,4.227438368847079
2483961-B3,3,1877,1142,64.02585030141813,64.00266382525307,64.04903677758318,0.624747657574085,0.6249739871642263,0.6245214918516898,16.908607745338305,16.92085883012259
2483973-B1,0,142623,83184,1.0,1.0,1.0,40.0,40.0,40.0,0.264186,0.264186
2483973-B1,1,35655,20796,4.000042069835928,4.000084139671856,4.0,9.999894826516337,9.999789655244946,10.0,1.0567662285233488,1.056744
2483973-B1,2,8913,5199,16.000841467519354,16.00168293503871,16.0,2.49986852761446,2.499737069056183,2.5,4.227420607876136,4.226976
2483973-B1,3,2228,1299,64.0254326626061,64.01391382405745,64.03695150115473,0.6247517328119816,0.6248641523456946,0.6246393537218696,16.911579837522442,16.917666069284063
2483993-B2,0,91417,87803,1.0,1.0,1.0,40.0,40.0,40.0,0.264186,0.264186
2483993-B2,1,22854,21950,4.000090215138067,4.000043756016452,4.000136674259681,9.999774467241451,9.999890611155475,9.999658326025306,1.0567555597269622,1.0567801074259682
2483993-B2,2,5713,5487,16.001790046463753,16.00157535445475,16.002004738472753,2.4997203365282017,2.4997538750998176,2.4996867988565312,4.227392186591983,4.227505623838162
2483993-B2,3,1428,1371,64.03027064217372,64.01750700280112,64.04303428154631,0.6247045280120038,0.6248290799304287,0.6245800257394395,16.912529105042015,16.919273054704593
2484004-B2,0,126559,86197,1.0,1.0,1.0,40.0,40.0,40.0,0.264186,0.264186
2484004-B2,1,31639,21549,4.000070612775134,4.000094819684566,4.000046405865701,9.999823471178463,9.999762956407684,9.999883986681672,1.0567690500331868,1.056756259780036
2484004-B2,2,7909,5387,16.001412366954973,16.001896573523833,16.000928160386113,2.4997793371418435,2.4997036955096044,2.499854983352089,4.227477048172967,4.227221206979765
2484004-B2,3,1977,1346,64.0275281262002,64.01568032372282,64.03937592867756,0.6247312862236192,0.6248469093466288,0.6246157058830354,16.912046522003035,16.91830656909361
2484209-B2,0,149852,77763,1.0,1.0,1.0,40.0,40.0,40.0,0.264186,0.264186
2484209-B2,1,37463,19440,4.000077160493827,4.0,4.000154320987654,9.999807102486448,10.0,9.999614212414643,1.056744,1.0567847694444443
2484209-B2,2,9365,4860,16.000949325370932,16.001281366791243,16.000617283950618,2.4998516767112333,2.4997998024717725,2.499903553103661,4.227314519167111,4.227139077777777
2484209-B2,3,2341,1215,64.0072149181789,64.01196070055532,64.00246913580247,0.6249295497567332,0.6248832181085338,0.6249758882759152,16.911063849636907,16.90855631111111
2484220-B3,0,136198,87803,1.0,1.0,1.0,40.0,40.0,40.0,0.264186,0.264186
2484220-B3,1,34049,21950,4.0000977065680035,4.000058738876326,4.000136674259681,9.999755739546455,9.999853154965564,9.999658326025306,1.0567595179887808,1.0567801074259682
2484220-B3,2,8512,5487,16.0013548128454,16.000704887218046,16.002004738472753,2.4997883284163676,2.4998898662241738,2.4996867988565312,4.227162221334586,4.227505623838162
2484220-B3,3,2128,1371,64.02292691520924,64.00281954887218,64.04303428154631,0.6247761845217612,0.6249724665560434,0.6245800257394395,16.908648885338344,16.919273054704593
2484228-B,0,144230,87803,1.0,1.0,1.0,40.0,40.0,40.0,0.264186,0.264186
2484228-B,1,36057,21950,4.000096070995664,4.000055467731647,4.000136674259681,9.999759828279226,9.999861332593774,9.999658326025306,1.0567586537981528,1.0567801074259682
2484228-B,2,9014,5487,16.001335184856522,16.00066563124029,16.002004738472753,2.499791394774077,2.4998959994453305,2.4996867988565312,4.227151850454847,4.227505623838162
2484228-B,3,2253,1371,64.0299503409507,64.01686640035508,64.04303428154631,0.624707653012465,0.6248353324551064,0.6245800257394395,16.912359866844206,16.919273054704593
2484301-B2,0,122743,85594,1.0,1.0,1.0,40.0,40.0,40.0,0.264186,0.264186
2484301-B2,1,30685,21398,4.000095617159021,4.000097767638912,4.000093466679129,9.999760962816461,9.999755586876644,9.999766338762063,1.0567698288414535,1.0567686925880921
2484301-B2,2,7671,5349,16.001391018010523,16.000912527701733,16.001869508319313,2.4997826723300247,2.499857425678043,2.4997079234525783,4.227217077043409,4.227469897924846
2484301-B2,3,1917,1337,64.0240685922789,64.02869066249347,64.01944652206433,0.6247650435140243,0.6247199432961554,0.624810150244176,16.9154836713615,16.913041498878084
2484312-B2,0,154471,86598,1.0,1.0,1.0,40.0,40.0,40.0,0.264186,0.264186
2484312-B2,1,38617,21649,4.000085034506608,4.000077685993215,4.000092383020001,9.999787418252676,9.999805788788835,9.999769047784014,1.0567645235518035,1.0567684063005218
2484312-B2,2,9654,5412,16.00091686774826,16.000725088046405,16.00110864745011,2.4998567476233022,2.49988671012682,2.4998267858380103,4.227167558110627,4.227268889135255
2484312-B2,3,2413,1353,64.010298521589,64.01616245337753,64.00443458980044,0.6248994446809063,0.6248422033909278,0.6249566964595026,16.912173893907994,16.90907555654102
2484463-B2,0,147844,85192,1.0,1.0,1.0,40.0,40.0,40.0,0.264186,0.264186
2484463-B2,1,36961,21298,4.0,4.0,4.0,10.0,10.0,10.0,1.056744,1.056744
2484463-B2,2,9240,5324,16.00096776501735,16.0004329004329,16.001502629601802,2.4998487958616686,2.499932361137415,2.4997652361724105,4.227090366233766,4.227372973703981
2484463-B2,3,2310,1331,64.0038710600694,64.0017316017316,64.00601051840721,0.6249621989654172,0.6249830902843537,0.6249413090431026,16.908361464935066,16.909491894815925
2484633-B2,0,137001,63706,1.0,1.0,1.0,40.0,40.0,40.0,0.264186,0.264186
2484633-B2,1,34250,15926,4.000077388945773,4.000029197080292,4.000125580811252,9.99980653137865,9.99992700783206,9.999686057828148,1.0567517134598539,1.0567771766922014
2484633-B2,2,8562,3981,16.001781543973678,16.0010511562719,16.002511931675457,2.4997216647457687,2.4998357676221343,2.499607572285185,4.227253700770848,4.2276396171816115
2484727-B2,0,120936,64911,1.0,1.0,1.0,40.0,40.0,40.0,0.264186,0.264186
2484727-B2,1,30234,16227,4.0000924385283785,4.0,4.000184877056757,9.999768909019481,10.0,9.999537828719324,1.056744,1.0567928419301162
2484727-B2,2,7558,4056,16.00237835296586,16.00105848107965,16.00369822485207,2.499628437580746,2.4998346232718136,2.4994222858991546,4.227255635882508,4.227953019230768
2484734-B4,0,163708,75353,1.0,1.0,1.0,40.0,40.0,40.0,0.264186,0.264186
2484734-B4,1,40927,18838,4.000026542095764,4.0,4.000053084191528,9.999933645200889,10.0,9.999867291282364,1.056744,1.0567580241002228
2484734-B4,2,10231,4709,16.00154206984095,16.001172905874302,16.001911233807604,2.499759074807568,2.4998167468908057,2.4997014053853195,4.227285865311308,4.2274809212146955
2484734-B4,3,2557,1177,64.02235271992288,64.02346499804459,64.02124044180118,0.6247817879325224,0.6247709336135069,0.6247926426286944,16.914103123973405,16.913515427357687
2484734-B5,0,96036,61899,1.0,1.0,1.0,40.0,40.0,40.0,0.264186,0.264186
2484734-B5,1,24009,15474,4.000096936797208,4.0,4.000193873594417,9.999757663879802,10.0,9.999515339504676,1.056744,1.0567952186894145
2484734-B5,2,6002,3868,16.00175514573391,16.000666444518494,16.00284384694933,2.4997257885591417,2.4998958723811904,2.499555727879287,4.227152065311563,4.227727304550155
2484743-B4,0,123747,68525,1.0,1.0,1.0,40.0,40.0,40.0,0.264186,0.264186
2484743-B4,1,30936,17131,4.000077674053621,4.000096974398759,4.000058373708482,9.999805818636661,9.999757569880481,9.999854067858445,1.0567696192785105,1.056759421516549
2484743-B4,2,7734,4282,16.001711931048803,16.000387897595036,16.00303596450257,2.4997325393907572,2.4999393924701203,2.499525720539949,4.227078477114042,4.227778059318076
2484743-B4,3,1933,1070,64.03008132243232,64.0181065700983,64.04205607476635,0.6247063750953942,0.6248232280378514,0.624589565851879,16.912687502327987,16.91901462616822
2484771-B3,0,111900,78566,1.0,1.0,1.0,40.0,40.0,40.0,0.264186,0.264186
2484771-B3,1,27975,19641,4.0000509139045874,4.0,4.000101827809175,9.999872716858652,10.0,9.999745436957461,1.056744,1.0567709014815947
2484771-B3,2,6993,4910,16.00146899882134,16.001716001716,16.00122199592668,2.4997704900060347,2.4997319034852548,2.499809077718097,4.2274293436293435,4.227298834215886
2484771-B3,3,1748,1227,64.02349407589347,64.01601830663616,64.03096984515078,0.6247706498583784,0.6248436103663986,0.6246977063869867,16.91213581235698,16.916085799511002
2484791-B3,0,81980,54067,1.0,1.0,1.0,40.0,40.0,40.0,0.264186,0.264186
2484791-B3,1,20495,13516,4.000110979579757,4.0,4.000221959159514,9.999722558748186,10.0,9.999445132890674,1.056744,1.0568026385025153
2484791-B3,2,5123,3379,16.001615107075615,16.002342377513177,16.000887836638057,2.499747664991189,2.499634057087094,2.4998612832226685,4.2275948233456955,4.227210554010061
2484883-B2,0,129972,83586,1.0,1.0,1.0,40.0,40.0,40.0,0.264186,0.264186
2484883-B2,1,32493,20896,4.0000478560490045,4.0,4.000095712098009,9.999880361308847,10.0,9.999760725480344,1.056744,1.0567692857963245
2484883-B2,2,8123,5224,16.000437638648805,16.000492428905577,16.000382848392036,2.4999316208314597,2.49992306035146,2.499940181370086,4.227106092822848,4.227077143185298
2484883-B2,3,2030,1306,64.01357357855747,64.0256157635468,64.00153139356814,0.624867473629042,0.624749946142246,0.6249850453425215,16.914671326108373,16.90830857274119
2485059-B2,0,147443,72140,1.0,1.0,1.0,40.0,40.0,40.0,0.264186,0.264186
2485059-B2,1,36860,18035,4.000040694519805,4.000081389039609,4.0,9.999898264735505,9.999796531541003,10.0,1.056765501844818,1.056744
2485059-B2,2,9215,4508,16.001493745248695,16.000325556158437,16.002661934338953,2.499766624092651,2.499949132885251,2.4995841419462157,4.227062007379272,4.2276792457852705
2485059-B2,3,2303,1127,64.01639638278994,64.02214502822406,64.01064773735581,0.6248399200857475,0.6247838147623149,0.6248960354865539,16.9137544064264,16.910716983141082
2485259-B6,0,113305,83586,1.0,1.0,1.0,40.0,40.0,40.0,0.264186,0.264186
2485259-B6,1,28326,20896,4.000065507676485,4.00003530325496,4.000095712098009,9.999836233490779,9.999911742641542,9.999760725480344,1.0567533266257148,1.0567692857963245
2485259-B6,2,7081,5224,16.00082692765598,16.001271006919925,16.000382848392036,2.4998707992312337,2.4998014209434714,2.499940181370086,4.227311782234147,4.227077143185298
2485259-B6,3,1770,1306,64.00782784367672,64.01412429378531,64.00153139356814,0.6249235655627949,0.6248620978774105,0.6249850453425215,16.911635440677966,16.90830857274119
2485275-B2,0,174552,84590,1.0,1.0,1.0,40.0,40.0,40.0,0.264186,0.264186
2485275-B2,1,43638,21147,4.000047288031399,4.0,4.000094576062798,9.999881781319084,10.0,9.999763565433268,1.056744,1.0567689856717264
2485275-B2,2,10909,5286,16.001690922465343,16.000733339444494,16.00264850548619,2.499735821283898,2.4998854209633805,2.4995862395082162,4.227169738014482,4.227675698070374
2485275-B2,3,2727,1321,64.02181149227715,64.008800880088,64.03482210446631,0.6247870697133451,0.6249140657225355,0.6246601253103203,16.91022906930693,16.917103512490538
2485303-B2,0,149652,68927,1.0,1.0,1.0,40.0,40.0,40.0,0.264186,0.264186
2485303-B2,1,37413,17231,4.000087052405548,4.0,4.000174104811096,9.999782373722352,10.0,9.999564756916739,1.056744,1.0567899960536242
2485303-B2,2,9353,4307,16.00195518642171,16.000427670266223,16.003482702577198,2.499694539448628,2.499933178307006,2.4994559461459227,4.227088984496952,4.22789608126306
2485303-B2,3,2338,1076,64.03355225290258,64.00855431993156,64.0585501858736,0.6246725129666196,0.6249164728837571,0.6244287434532186,16.91016393156544,16.923372139405203
2485318-B2,0,101257,81377,1.0,1.0,1.0,40.0,40.0,40.0,0.264186,0.264186
2485318-B2,1,25314,20344,4.000044329186876,4.0000395038318715,4.0000491545418795,9.99988917826097,9.999901241395657,9.999877115155389,1.0567544363593266,1.056756985941801
2485318-B2,2,6328,5086,16.000809434241788,16.001422250316054,16.000196618167518,2.499873532297676,2.4997777931402276,2.4999692787888472,4.227351738621997,4.227027943767204
2485318-B2,3,1582,1271,64.0158264046447,64.00568900126422,64.02596380802518,0.6248454834771575,0.6249444482850569,0.6247465500079875,16.909406954487988,16.91476327458694
2485322-B2,0,102462,76357,1.0,1.0,1.0,40.0,40.0,40.0,0.264186,0.264186
2485322-B2,1,25615,19089,4.00006523272072,4.000078079250439,4.000052386191,9.999836920857723,9.999804805684057,9.999869036237673,1.0567646274448566,1.0567578396982555
2485322-B2,2,6403,4772,16.00161712689947,16.0021864750898,16.001047778709136,2.4997473494574574,2.4996584099471026,2.4998362952970914,4.227553636108073,4.2272528084660514
2485322-B2,3,1600,1193,64.02147055741827,64.03875,64.00419111483654,0.6247903969048261,0.6246218110128634,0.6249590738242728,16.918141207499996,16.909011233864206
2485328-B2,0,143025,87803,1.0,1.0,1.0,40.0,40.0,40.0,0.264186,0.264186
2485328-B2,1,35756,21950,4.000082320796917,4.0000279673341534,4.000136674259681,9.999794202243066,9.99993008215347,9.999658326025306,1.0567513885781405,1.0567801074259682
2485328-B2,2,8939,5487,16.001058303904685,16.000111869336614,16.002004738472753,2.4998346509517395,2.4999825205383677,2.4996867988565312,4.227005554312562,4.227505623838162
2485328-B2,3,2234,1371,64.03248401633269,64.02193375111906,64.04303428154631,0.6246829342087876,0.624785876595001,0.6245800257394395,16.91369858997314,16.919273054704593
2485517-B2,0,107080,66718,1.0,1.0,1.0,40.0,40.0,40.0,0.264186,0.264186
2485517-B2,1,26770,16679,4.000059955632832,4.0,4.000119911265664,9.99985011316456,10.0,9.999700230822267,1.056744,1.0567756788776306
2485517-B2,2,6692,4169,16.002276788357754,16.0011954572624,16.003358119453107,2.499644302434606,2.499813223757938,2.4994754039389666,4.227291823072324,4.227863168145838
2485517-B2,3,1673,1042,64.0167863079989,64.0047818290496,64.02879078694818,0.6248361141959105,0.6249533059394845,0.6247189663958752,16.909167292289297,16.91551012284069
2485635-B2,0,132382,82381,1.0,1.0,1.0,40.0,40.0,40.0,0.264186,0.264186
2485635-B2,1,33095,20595,4.000054493782034,4.000060432089439,4.0000485554746295,9.999863767400871,9.999848922058892,9.99987861278693,1.0567599653119806,1.0567568276766204
2485635-B2,2,8273,5148,16.002108752214518,16.001692251903783,16.002525252525253,2.499670550886891,2.499735613603058,2.4996054915575194,4.2274230692614525,4.227643136363636
2485635-B2,3,2068,1287,64.01230388996346,64.01450676982591,64.01010101010101,0.6248798679197615,0.6248583644302096,0.6249013728893799,16.91173648549323,16.910572545454546
2485803-B2,0,160495,87803,1.0,1.0,1.0,40.0,40.0,40.0,0.264186,0.264186
2485803-B2,1,40123,21950,4.00010572217084,4.000074770081998,4.000136674259681,9.999735701558452,9.999813078289042,9.999658326025306,1.0567637532088825,1.0567801074259682
2485803-B2,2,10030,5487,16.001750125966186,16.00149551345962,16.002004738472753,2.4997265727260443,2.4997663478613044,2.4996867988565312,4.227371093718843,4.227505623838162
2485803-B2,3,2507,1371,64.0308908942634,64.01874750698046,64.04303428154631,0.624698476647053,0.6248169724913548,0.6245800257394395,16.91285682887914,16.919273054704593
2485805-B,0,163106,87803,1.0,1.0,1.0,40.0,40.0,40.0,0.264186,0.264186
2485805-B,1,40776,21950,4.00009286135978,4.0000490484598785,4.000136674259681,9.999767851989944,9.99987738035388,9.999658326025306,1.0567569579164213,1.0567801074259682
2485805-B,2,10194,5487,16.00110046615613,16.000196193839514,16.002004738472753,2.4998280639887147,2.49996934508847,2.4996867988565312,4.227027831665685,4.227505623838162
2485805-B,3,2548,1371,64.02818904030221,64.01334379905809,64.04303428154631,0.6247248375996112,0.6248697166259978,0.6245800257394395,16.91142924489796,16.919273054704593
2485969-B2,0,173347,83787,1.0,1.0,1.0,40.0,40.0,40.0,0.264186,0.264186
2485969-B2,1,43336,20946,4.000106225972988,4.0000692265091375,4.000143225436838,9.999734442119816,9.999826936722298,9.999641949228401,1.056762288674543,1.0567818381552563
2485969-B2,2,10834,5236,16.001188873186344,16.00027690603655,16.002100840336134,2.4998142523665328,2.4999567341805746,2.4996717867927005,4.227049154698172,4.227531012605041
2485969-B2,3,2708,1309,64.01066401449796,64.0129246676514,64.00840336134453,0.6248958765830063,0.6248738080266748,0.6249179466981751,16.91131851624815,16.910124050420166
2486100-B,0,136800,81779,1.0,1.0,1.0,40.0,40.0,40.0,0.264186,0.264186
2486100-B,1,34200,20444,4.0000733711602425,4.0,4.000146742320485,9.999816575463912,10.0,9.99963315765661,1.056744,1.0567827672666796
2486100-B,2,8550,5111,16.00029348464097,16.0,16.00058696928194,2.499954143865978,2.5,2.4999082894141527,4.226976,4.2271310690667185
2486100-B,3,2137,1277,64.02745580807849,64.01497426298549,64.0399373531715,0.6247319918489267,0.6248538011695907,0.6246102300101493,16.911859990641084,16.918454889584964
2486104-B1,0,130173,71136,1.0,1.0,1.0,40.0,40.0,40.0,0.264186,0.264186
2486104-B1,1,32543,17784,4.0000153642872505,4.000030728574502,4.0,9.999961589429411,9.999923179153894,10.0,1.0567521180591832,1.056744
2486104-B1,2,8135,4446,16.00079901659496,16.00159803318992,16.0,2.4998751598913698,2.499750332250159,2.5,4.227398177996312,4.226976
2486104-B1,3,2033,1111,64.02940389956359,64.03000491883915,64.02880288028803,0.6247129844085997,0.6247071205242255,0.6247188484030589,16.91583087948844,16.915513317731772
2486104-B2,0,140013,68726,1.0,1.0,1.0,40.0,40.0,40.0,0.264186,0.264186
2486104-B2,1,35003,17181,4.000072488319713,4.000028568979801,4.000116407659624,9.999818782484756,9.99992857806061,9.99970898931991,1.0567515475244977,1.0567747532739653
2486104-B2,2,8750,4295,16.001441343755197,16.001485714285714,16.00139697322468,2.499774810324234,2.499767878696978,2.4997817419899313,4.227368504914285,4.227345060768335
2486104-B2,3,2187,1073,64.03545115997224,64.02057613168725,64.05032618825722,0.6246539889298617,0.6247991257954618,0.6245089194773449,16.913339925925925,16.92119947437092
2486165-B2,0,140414,72943,1.0,1.0,1.0,40.0,40.0,40.0,0.264186,0.264186
2486165-B2,1,35103,18235,4.000110746984934,4.000056975187306,4.000164518782561,9.999723140203013,9.999857564060564,9.999588719959421,1.0567590520468335,1.0567874635590895
2486165-B2,2,8775,4558,16.002443179332165,16.00159544159544,16.003290917068888,2.4996183115126884,2.4997507371059866,2.499485899949276,4.227397493333333,4.227845414216761
2486165-B2,3,2193,1139,64.0347680203633,64.02827177382581,64.0412642669008,0.6246606529015588,0.6247240303673424,0.6245972882935991,16.915373006839943,16.91880544161545
2486191-B,0,143427,80775,1.0,1.0,1.0,40.0,40.0,40.0,0.264186,0.264186
2486191-B,1,35856,20193,4.000116117170112,4.000083668005355,4.000148566334868,9.999709715501474,9.99979083436173,9.99962859795729,1.0567661039156626,1.0567832491457434
2486191-B,2,8964,5048,16.000860679909284,16.00033467202142,16.001386687797147,2.4998655259978664,2.4999477085904327,2.4997833488084185,4.2270644156626505,4.227342343502377
2486191-B,3,2241,1262,64.00344271963714,64.00133868808568,64.00554675118859,0.6249663814994666,0.6249869271476082,0.6249458372021046,16.908257662650602,16.909369374009508
2486197-B2,0,121137,87803,1.0,1.0,1.0,40.0,40.0,40.0,0.264186,0.264186
2486197-B2,1,30284,21950,4.000084847498352,4.000033020737023,4.000136674259681,9.999787885753461,9.999917448838918,9.999658326025306,1.0567527236164311,1.0567801074259682
2486197-B2,2,7571,5487,16.001068410710424,16.00013208294809,16.002004738472753,2.499833071973227,2.4999793622097295,2.4996867988565312,4.2270108944657245,4.227505623838162
2486197-B2,3,1892,1371,64.03446640081543,64.02589852008457,64.04303428154631,0.6246635952211297,0.6247471870691861,0.6245800257394395,16.91474602642706,16.919273054704593
2486262-B4,0,114510,66517,1.0,1.0,1.0,40.0,40.0,40.0,0.264186,0.264186
2486262-B4,1,28627,16629,4.000065000010723,4.000069864114297,4.00006013590715,9.999837502613776,9.999825342764826,9.999849662492295,1.0567624571208996,1.0567598870647663
2486262-B4,2,7156,4157,16.001579595348744,16.001956400223587,16.0012027904739,2.499753212590774,2.499694349838442,2.4998120781153688,4.227492853549468,4.227293760404137
2486262-B4,3,1789,1039,64.014018671477,64.00782560089435,64.02021174205967,0.6248631288918434,0.6249235874596105,0.6248026820211374,16.909971414197873,16.913243659287776
2486653-B2,0,118125,86397,1.0,1.0,1.0,40.0,40.0,40.0,0.264186,0.264186
2486653-B2,1,29531,21599,4.000040080580137,4.000033862720531,4.0000462984397425,9.999899799553681,9.999915343915344,9.999884255240344,1.056752946056686,1.0567562313996017
2486653-B2,2,7382,5399,16.002084446837316,16.001761040368464,16.002407853306167,2.4996743476069883,2.4997248677248676,2.499623829531118,4.227441242210783,4.227612121133543
2486653-B2,3,1845,1349,64.03480446220325,64.02439024390245,64.04521868050408,0.624660297410764,0.6247619047619047,0.6245587231038114,16.91434756097561,16.91985014232765
2486653-B3,0,124551,87803,1.0,1.0,1.0,40.0,40.0,40.0,0.264186,0.264186
2486653-B3,1,31137,21950,4.00011651132774,4.000096348395799,4.000136674259681,9.999708730164707,9.999759134812246,9.999658326025306,1.0567694538972925,1.0567801074259682
2486653-B3,2,7784,5487,16.001452009524144,16.00089928057554,16.002004738472753,2.4997731440991604,2.4998594953071436,2.4996867988565312,4.227213577338129,4.227505623838162
2486653-B3,3,1946,1371,64.02331570192423,64.00359712230215,64.04303428154631,0.6247723905183153,0.6249648738267859,0.6245800257394395,16.908854309352517,16.919273054704593
2486687-B3,0,122141,81779,1.0,1.0,1.0,40.0,40.0,40.0,0.264186,0.264186
2486687-B3,1,30535,20444,4.000089745812281,4.0000327493040775,4.000146742320485,9.999775640503128,9.999918127410124,9.99963315765661,1.056752651907647,1.0567827672666796
2486687-B3,2,7633,5111,16.00114505021152,16.0017031311411,16.00058696928194,2.4998210987076352,2.499733914082904,2.4999082894141527,4.227425943403642,4.2271310690667185
2486687-B3,3,1908,1277,64.02756825729853,64.01519916142557,64.0399373531715,0.6247308946555281,0.6248516059308504,0.6246102300101493,16.911919405660374,16.918454889584964
2486812-B2,0,140013,86799,1.0,1.0,1.0,40.0,40.0,40.0,0.264186,0.264186
2486812-B2,1,35003,21699,4.0000834120994675,4.000028568979801,4.0001382552191345,9.999791474099727,9.99992857806061,9.999654373898316,1.0567515475244977,1.0567805250933222
2486812-B2,2,8750,5424,16.00212560050569,16.001485714285714,16.002765486725664,2.4996679190379525,2.499767878696978,2.499567967372896,4.227368504914285,4.227706602876106
2486812-B2,3,2187,1356,64.01581903929495,64.02057613168725,64.01106194690266,0.6248455553688491,0.6247991257954618,0.624891991843224,16.913339925925925,16.910826411504424
2486813-B2,0,105474,60694,1.0,1.0,1.0,40.0,40.0,40.0,0.264186,0.264186
2486813-B2,1,26368,15173,4.000103831301802,4.000075849514563,4.000131813089039,9.999740428483408,9.999810379809242,9.999670478136226,1.0567640383798544,1.0567788231727409
2486813-B2,2,6592,3793,16.000942629690872,16.000303398058254,16.00158186132349,2.4998527227875433,2.4999525949523105,2.4997528586021684,4.227056153519418,4.227393905615608
2486833-B2,0,104872,71939,1.0,1.0,1.0,40.0,40.0,40.0,0.264186,0.264186
2486833-B2,1,26218,17984,4.00008340747331,4.0,4.00016681494662,9.999791485664637,10.0,9.999582980024742,1.056744,1.0567880701734875
2486833-B2,2,6554,4496,16.000943944205112,16.00122062862374,16.00066725978648,2.4998525174189092,2.4998092913265695,2.4998957450061856,4.227298472993591,4.22715228069395
2486833-B2,3,1638,1124,64.01354453178297,64.02442002442002,64.00266903914591,0.624867757168795,0.624761614158212,0.6249739362515464,16.914355428571426,16.9086091227758
2486845-B2,0,120334,84389,1.0,1.0,1.0,40.0,40.0,40.0,0.264186,0.264186
2486845-B2,1,30083,21097,4.000056941417695,4.0000664827311105,4.00004740010428,9.999857648482187,9.999833795934649,9.999881501143514,1.056761563806801,1.0567565224439492
2486845-B2,2,7520,5274,16.001404874575396,16.00186170212766,16.000948047023133,2.4997805076200486,2.499709142885635,2.499851876429392,4.227467835638297,4.227226460750853
2486845-B2,3,1880,1318,64.01775982307171,64.00744680851064,64.02807283763278,0.624826612342411,0.6249272857214088,0.624725971394376,16.90987134255319,16.915320450682852
2486859-B2,0,152463,82783,1.0,1.0,1.0,40.0,40.0,40.0,0.264186,0.264186
2486859-B2,1,38115,20695,4.00011183586048,4.000078709169618,4.0001449625513406,9.99972041816562,9.999803230947837,9.99963760675501,1.0567647938606848,1.0567822970765883
2486859-B2,2,9528,5173,16.002236989337682,16.001574307304786,16.002899671370578,2.499650519277528,2.4997540386847956,2.4995470084437628,4.227391909949621,4.227742052580707
2486859-B2,3,2382,1293,64.0151362402863,64.00629722921914,64.02397525135345,0.6248522201039544,0.6249385096711989,0.6247659543626106,16.909567639798485,16.914237925754062
2487140-B2,0,140414,84791,1.0,1.0,1.0,40.0,40.0,40.0,0.264186,0.264186
2487140-B2,1,35103,21197,4.000099252324511,4.000056975187306,4.000141529461716,9.99975187534546,9.999857564060564,9.999646188864384,1.0567590520468335,1.0567813901023728
2487140-B2,2,8775,5299,16.001458222779227,16.00159544159544,16.00132100396301,2.4997721734546117,2.4997507371059866,2.499793610170891,4.227397493333333,4.2273249907529715
2487140-B2,3,2193,1324,64.03490627966215,64.02827177382581,64.04154078549848,0.6246593041817916,0.6247240303673424,0.6245945914071069,16.915373006839943,16.918878493957703
2487143-B,0,130776,78365,1.0,1.0,1.0,40.0,40.0,40.0,0.264186,0.264186
2487143-B,1,32694,19591,4.000025521923332,4.0,4.000051043846664,9.999936195598773,10.0,9.99987239201174,1.056744,1.0567574850696748
2487143-B,2,8173,4897,16.001816759642367,16.000978832741954,16.00265468654278,2.499716163534795,2.4998470667400747,2.499585274038155,4.227234593906766,4.227677331018991
2487143-B,3,2043,1224,64.01772012035357,64.01174743024963,64.02369281045752,0.6248269998494141,0.624885300055056,0.6247687105212786,16.911007506607927,16.91416330882353
2487146-B2,0,121338,73746,1.0,1.0,1.0,40.0,40.0,40.0,0.264186,0.264186
2487146-B2,1,30334,18436,4.000087208009452,4.000065932616866,4.000108483402039,9.99978198472954,9.999835171174734,9.999728798850107,1.0567614184743193,1.056772659796051
2487146-B2,2,7583,4609,16.0008763364467,16.001318739285242,16.000433933608157,2.499863079929456,2.499793963968419,2.499932199712527,4.2273243924568105,4.227090639184204
2487146-B2,3,1895,1152,64.02311593007916,64.03060686015831,64.015625,0.6247743400006452,0.6247012477542072,0.6248474493531853,16.915989903957783,16.91203190625
2487237-B2,0,126760,79369,1.0,1.0,1.0,40.0,40.0,40.0,0.264186,0.264186
2487237-B2,1,31690,19842,4.000025199072674,4.0,4.000050398145349,9.999937002715184,10.0,9.999874006224092,1.056744,1.056757314484427
2487237-B2,2,7922,4960,16.001412181063756,16.001009845998485,16.00181451612903,2.4997793661822194,2.4998422215209843,2.4997165140042084,4.227242787174956,4.227455369758064
2487237-B2,3,1980,1240,64.01373004235907,64.02020202020202,64.00725806451612,0.6248659463138808,0.6248027769012306,0.6249291285010521,16.91324109090909,16.909821479032257
2487246-B2,0,106076,72742,1.0,1.0,1.0,40.0,40.0,40.0,0.264186,0.264186
2487246-B2,1,26519,18185,4.000054990376684,4.0,4.000109980753368,9.999862525948227,10.0,9.999725055676224,1.056744,1.0567730553753092
2487246-B2,2,6629,4546,16.001565034703,16.001810227786997,16.001319841619004,2.499755487244591,2.4997171839058785,2.4997937917571695,4.227454236838136,4.227324683677958
2487246-B2,3,1657,1136,64.02517435633717,64.016898008449,64.03345070422536,0.6247542533406756,0.6248350239450959,0.6246735036155178,16.912368217260106,16.91674120774648
2487274-B2,0,105675,85192,1.0,1.0,1.0,40.0,40.0,40.0,0.264186,0.264186
2487274-B2,1,26418,21298,4.000056779468544,4.000113558937088,4.0,9.999858053343555,9.99971611071682,10.0,1.0567740006813535,1.056744
2487274-B2,2,6604,5324,16.001584143389636,16.00166565717747,16.001502629601802,2.4997525020998794,2.4997397681570854,2.4997652361724105,4.227416043307087,4.227372973703981
2487274-B2,3,1651,1331,64.00633657355854,64.00666262870988,64.00601051840721,0.6249381255249699,0.6249349420392714,0.6249413090431026,16.909664173228347,16.909491894815925
2487376-B2,0,137202,82582,1.0,1.0,1.0,40.0,40.0,40.0,0.264186,0.264186
2487376-B2,1,34300,20645,4.000077592397371,4.000058309037901,4.000096875756842,9.999806022769361,9.99985422953018,9.999757816473322,1.056759404431487,1.0567695932186971
2487376-B2,2,8575,5161,16.000697900772956,16.000233236151605,16.001162565394303,2.4998909577605173,2.499963557382545,2.4998183623549926,4.227037617725948,4.227283133501259
2487376-B2,3,2143,1290,64.0201930207237,64.02333177788148,64.0170542635659,0.6248028647313165,0.624772233640909,0.6248334988254098,16.914067929071397,16.912409497674417
2487388-B2,0,126559,84791,1.0,1.0,1.0,40.0,40.0,40.0,0.264186,0.264186
2487388-B2,1,31639,21197,4.000118174573141,4.000094819684566,4.000141529461716,9.999704572295157,9.999762956407684,9.999646188864384,1.0567690500331868,1.0567813901023728
2487388-B2,2,7909,5299,16.00160878874342,16.001896573523833,16.00132100396301,2.499748652031702,2.4997036955096044,2.499793610170891,4.227477048172967,4.2273249907529715
2487388-B2,3,1977,1324,64.02861055461065,64.01568032372282,64.04154078549848,0.6247207248997476,0.6248469093466288,0.6245945914071069,16.912046522003035,16.918878493957703
2487558-B2,0,104068,74148,1.0,1.0,1.0,40.0,40.0,40.0,0.264186,0.264186
2487558-B2,1,26017,18537,4.0,4.0,4.0,10.0,10.0,10.0,1.056744,1.056744
2487558-B2,2,6504,4634,16.00073909565164,16.00061500615006,16.000863185153214,2.4998845216387786,2.4999039089825885,2.4998651345956735,4.227138476014759,4.227204041432887
2487558-B2,3,1626,1158,64.0167740537509,64.00246002460024,64.03108808290155,0.624836233803573,0.6249759772456471,0.6246965528402655,16.908553904059037,16.916117036269426
2487651-B,0,118326,65714,1.0,1.0,1.0,40.0,40.0,40.0,0.264186,0.264186
2487651-B,1,29581,16428,4.000094677165743,4.000067610966499,4.0001217433649865,9.999763312687865,9.99983097544073,9.999695650850656,1.0567618618707955,1.0567761628926222
2487651-B,2,7395,4107,16.000649166243157,16.00081135902637,16.000486973459946,2.499898571889738,2.499873231580549,2.499923912712664,4.22719034969574,4.227104651570489
2487651-B,3,1848,1026,64.03897686134528,64.02922077922078,64.04873294346979,0.6246195982582055,0.6247147710562345,0.6245244544541498,16.91562372077922,16.92077856140351
2487656-B4,0,152865,68325,1.0,1.0,1.0,40.0,40.0,40.0,0.264186,0.264186
2487656-B4,1,38216,17081,4.000042355816074,4.00002616705045,4.000058544581699,9.999894111581062,9.999934582801819,9.999853640687888,1.05675091296839,1.0567594666588607
2487656-B4,2,9554,4270,16.000637814194576,16.0001046682018,16.001170960187352,2.4999003455046633,2.4999836457004547,2.4998170508598614,4.22700365187356,4.227285351288056
2487656-B4,3,2388,1067,64.02424787951001,64.01381909547739,64.03467666354264,0.6247632939832065,0.6248650770287508,0.6246615440907428,16.91155481155779,16.917065089034676
2487664-B2,0,131378,82783,1.0,1.0,1.0,40.0,40.0,40.0,0.264186,0.264186
2487664-B2,1,32844,20695,4.000102928237064,4.000060893922787,4.0001449625513406,9.999742686028558,9.999847767510541,9.99963760675501,1.0567600873218852,1.0567822970765883
2487664-B2,2,8211,5173,16.001571623530864,16.000243575691147,16.002899671370578,2.499754457942032,2.4999619418776353,2.4995470084437628,4.227040349287541,4.227742052580707
2487664-B2,3,2052,1293,64.02417086154418,64.0243664717349,64.02397525135345,0.6247640455430843,0.6247621367352221,0.6247659543626106,16.914341280701752,16.914237925754062
2487896-B2,0,124551,80172,1.0,1.0,1.0,40.0,40.0,40.0,0.264186,0.264186
2487896-B2,1,31137,20043,4.0000481741979,4.000096348395799,4.0,9.999879565955704,9.999759134812246,10.0,1.0567694538972925,1.056744
2487896-B2,2,7784,5010,16.00164724507819,16.00089928057554,16.00239520958084,2.4997426444520117,2.4998594953071436,2.499625804520281,4.227213577338129,4.227608780838323
2487896-B2,3,1946,1252,64.0193704461351,64.00359712230215,64.03514376996804,0.6248108927227796,0.6249648738267859,0.6246569874769247,16.908854309352517,16.917188492012777
2487935-B2,0,119129,84188,1.0,1.0,1.0,40.0,40.0,40.0,0.264186,0.264186
2487935-B2,1,29782,21047,4.000016788664293,4.000033577328588,4.0,9.999958028515428,9.999916057383173,10.0,1.0567528706601301,1.056744
2487935-B2,2,7445,5261,16.00174490009675,16.001208865010074,16.002280935183425,2.499727389089808,2.499811129112139,2.499643654677626,4.2272953652115515,4.227578591142368
2487935-B2,3,1861,1315,64.01736320674726,64.01343363782912,64.0212927756654,0.6248304834239737,0.6248688396612077,0.6247921318952819,16.911452979043524,16.91352925323194
2487941-B2,0,96638,81578,1.0,1.0,1.0,40.0,40.0,40.0,0.264186,0.264186
2487941-B2,1,24159,20394,4.000090426471356,4.00008278488348,4.000098068059233,9.999773938932085,9.999793042074547,9.999754835862609,1.056765870607227,1.0567699082082964
2487941-B2,2,6039,5098,16.00213990908188,16.002318264613347,16.001961553550412,2.4996656839188325,2.4996378236304557,2.4996935448282627,4.227588453055142,4.227494214986269
2487941-B2,3,1509,1274,64.03702692271281,64.04108681245859,64.03296703296704,0.6246386180338535,0.6245990190194333,0.6246782220696756,16.91875856063618,16.916613428571427
2488039-B2,0,147242,79369,1.0,1.0,1.0,40.0,40.0,40.0,0.264186,0.264186
2488039-B2,1,36810,19842,4.0000523656035085,4.0000543330616685,4.000050398145349,9.999869087705054,9.999864169190856,9.999874006224092,1.0567583540342298,1.056757314484427
2488039-B2,2,9202,4960,16.001450618203613,16.0010867202782,16.00181451612903,2.4997733614535607,2.49983021148857,2.4997165140042084,4.227263096283416,4.227455369758064
2488039-B2,3,2300,1240,64.01275946704067,64.01826086956521,64.00725806451612,0.6248754206666481,0.6248217220629984,0.6249291285010521,16.912728266086955,16.909821479032257
2488044-B2,0,147844,87401,1.0,1.0,1.0,40.0,40.0,40.0,0.264186,0.264186
2488044-B2,1,36961,21850,4.000022883295195,4.0,4.000045766590389,9.99994279208929,10.0,9.999885584833127,1.056744,1.0567560908924483
2488044-B2,2,9240,5462,16.001040324255264,16.0004329004329,16.001647748077627,2.499837459903515,2.499932361137415,2.4997425658745325,4.227090366233766,4.227411311973635
2488044-B2,3,2310,1365,64.01588411588412,64.0017316017316,64.03003663003663,0.6248449201699753,0.6249830902843537,0.624706811134884,16.908361464935066,16.915839257142856
2488044-B3,0,141619,87803,1.0,1.0,1.0,40.0,40.0,40.0,0.264186,0.264186
2488044-B3,1,35404,21950,4.000110705223841,4.000084736188001,4.000136674259681,9.999723244599963,9.99978816401754,9.999658326025306,1.0567663861145633,1.0567801074259682
2488044-B3,2,8851,5487,16.00117184161238,16.000338944752006,16.002004738472753,2.4998169131573644,2.499947041004385,2.4996867988565312,4.227065544458253,4.227505623838162
2488044-B3,3,2212,1371,64.03304516970624,64.02305605786619,64.04303428154631,0.6246774598020184,0.6247749242686362,0.6245800257394395,16.913995087703434,16.919273054704593
2488050-B3,0,128768,87803,1.0,1.0,1.0,40.0,40.0,40.0,0.264186,0.264186
2488050-B3,1,32192,21950,4.000068337129841,4.0,4.000136674259681,9.999829160094075,10.0,9.999658326025306,1.056744,1.0567801074259682
2488050-B3,2,8048,5487,16.001002369236375,16.0,16.002004738472753,2.4998433896181558,2.5,2.4996867988565312,4.226976,4.227505623838162
2488050-B3,3,2012,1371,64.02151714077316,64.0,64.04303428154631,0.6247899422946561,0.625,0.6245800257394395,16.907904,16.919273054704593
2488065-B3,0,122743,72341,1.0,1.0,1.0,40.0,40.0,40.0,0.264186,0.264186
2488065-B3,1,30685,18085,4.000076531040911,4.000097767638912,4.000055294442909,9.999808676058278,9.999755586876644,9.999861765803624,1.0567698288414535,1.0567586080176943
2488065-B3,2,7671,4521,16.001009238856398,16.000912527701733,16.00110595001106,2.4998423163749655,2.499857425678043,2.4998272072545307,4.227217077043409,4.227268176509622
2488065-B3,3,1917,1130,64.02363736664498,64.02869066249347,64.01858407079646,0.6247692515645665,0.6247199432961554,0.6248185676172571,16.9154836713615,16.912813651327433
2488320-B3,0,106679,64911,1.0,1.0,1.0,40.0,40.0,40.0,0.264186,0.264186
2488320-B3,1,26669,16227,4.000148683606934,4.000112490157111,4.000184877056757,9.999628304798911,9.999718782515773,9.999537828719324,1.0567737183246464,1.0567928419301162
2488320-B3,2,6667,4056,16.002374086177348,16.001049947502626,16.00369822485207,2.499629104068471,2.499835956467533,2.4994222858991546,4.227253381430928,4.227953019230768
2488330-B2,0,134390,84188,1.0,1.0,1.0,40.0,40.0,40.0,0.264186,0.264186
2488330-B2,1,33597,21047,4.000029764562312,4.000059529124624,4.0,9.999925589147923,9.99985117940323,10.0,1.056759726761318,1.056744
2488330-B2,2,8399,5261,16.001497652970926,16.000714370758423,16.002280935183425,2.4997660136251922,2.4998883845524222,2.499643654677626,4.227164726753185,4.227578591142368
2488330-B2,3,2099,1315,64.02350965605567,64.02572653644593,64.0212927756654,0.6247704978200395,0.6247488652429496,0.6247921318952819,16.9147005907575,16.91352925323194
2488344-B2,0,112101,65915,1.0,1.0,1.0,40.0,40.0,40.0,0.264186,0.264186
2488344-B2,1,28025,16478,4.000108871678064,4.000035682426405,4.000182060929724,9.999727828212789,9.999910794729754,9.99954486839111,1.056753426797502,1.05679209794878
2488344-B2,2,7006,4119,16.00169211254918,16.00071367399372,16.002670551104636,2.49973563537261,2.499888493412191,2.499582796025184,4.227164542677704,4.227681522214129
2488344-B2,3,1751,1029,64.03923400150629,64.02113078241005,64.05733722060252,0.6246170901897288,0.6247937128125529,0.6244405673974058,16.91348645688178,16.923051690962097
2488369-B2,0,147644,86397,1.0,1.0,1.0,40.0,40.0,40.0,0.264186,0.264186
2488369-B2,1,36911,21599,4.000023149219871,4.0,4.0000462984397425,9.99994212728525,10.0,9.999884255240344,1.056744,1.0567562313996017
2488369-B2,2,9227,5399,16.001854192178172,16.00130053105018,16.002407853306167,2.4997103160427687,2.4997968085394597,2.499623829531118,4.2273195820960225,4.227612121133543
2488369-B2,3,2306,1349,64.03561888058161,64.02601908065915,64.04521868050408,0.6246523528506062,0.6247460106743247,0.6245587231038114,16.91477787684302,16.91985014232765
2488475-B2,0,102261,78967,1.0,1.0,1.0,40.0,40.0,40.0,0.264186,0.264186
2488475-B2,1,25565,19741,4.0000955419821445,4.000039115978877,4.000151967985411,9.999761150749672,9.999902211009084,9.999620094469842,1.0567543338939955,1.0567841478141937
2488475-B2,2,6391,4935,16.001100394948125,16.00078235017994,16.00141843971631,2.4998280751134354,2.499877763761356,2.4997783884407414,4.227182685964637,4.227350731914893
2488475-B2,3,1597,1233,64.03889693824746,64.03318722604884,64.04460665044607,0.6246203778083794,0.6246760739675927,0.624564691580027,16.916671600500937,16.919688452554745
2488477-B2,0,123747,74951,1.0,1.0,1.0,40.0,40.0,40.0,0.264186,0.264186
2488477-B2,1,30936,18737,4.00012854270453,4.000096974398759,4.000160111010301,9.99967865356536,9.999757569880481,9.999599738495817,1.0567696192785105,1.056786299087367
2488477-B2,2,7734,4684,16.00094117339188,16.000387897595036,16.001494449188726,2.4998529503074725,2.4999393924701203,2.4997665141225602,4.227078477114042,4.227370812553373
2488477-B2,3,1933,1171,64.0120421834266,64.0181065700983,64.0059777967549,0.62488242267572,0.6248232280378514,0.6249416285306401,16.912687502327987,16.90948325021349
2488767-B,0,146439,87803,1.0,1.0,1.0,40.0,40.0,40.0,0.264186,0.264186
2488767-B,1,36609,21950,4.00010931066094,4.000081947062198,4.000136674259681,9.999726730815459,9.999795136541493,9.999658326025306,1.0567656492665738,1.0567801074259682
2488767-B,2,9152,5487,16.001384799306308,16.00076486013986,16.002004738472753,2.499783643834006,2.499880496315872,2.4996867988565312,4.227178065340909,4.227505623838162
2488767-B,3,2288,1371,64.02304686105288,64.00305944055944,64.04303428154631,0.624775014016604,0.624970124078968,0.6245800257394395,16.908712261363636,16.919273054704593
2488769-B2,0,149049,87803,1.0,1.0,1.0,40.0,40.0,40.0,0.264186,0.264186
2488769-B2,1,37262,21950,4.000081755625896,4.00002683699211,4.000136674259681,9.999795615112664,9.99993290796986,9.999658326025306,1.0567510899575976,1.0567801074259682
2488769-B2,2,9315,5487,16.001485461023815,16.000966183574878,16.002004738472753,2.4997679182618024,2.4998490429321905,2.4996867988565312,4.227231252173913,4.227505623838162
2488769-B2,3,2328,1371,64.03375940881439,64.02448453608247,64.04303428154631,0.624670492085678,0.6247609846426344,0.6245800257394395,16.914372471649482,16.919273054704593
2488806-B2,0,152865,87803,1.0,1.0,1.0,40.0,40.0,40.0,0.264186,0.264186
2488806-B2,1,38216,21950,4.000081420655066,4.00002616705045,4.000136674259681,9.999796452505578,9.999934582801819,9.999658326025306,1.05675091296839,1.0567801074259682
2488806-B2,2,9554,5487,16.001054703337275,16.0001046682018,16.002004738472753,2.4998352134661075,2.4999836457004547,2.4996867988565312,4.22700365187356,4.227505623838162
2488806-B2,3,2388,1371,64.02842668851184,64.01381909547739,64.04303428154631,0.6247225188679657,0.6248650770287508,0.6245800257394395,16.91155481155779,16.919273054704593
2488916-B2,0,163106,87803,1.0,1.0,1.0,40.0,40.0,40.0,0.264186,0.264186
2488916-B2,1,40776,21950,4.00009286135978,4.0000490484598785,4.000136674259681,9.999767851989944,9.99987738035388,9.999658326025306,1.0567569579164213,1.0567801074259682
2488916-B2,2,10194,5487,16.00110046615613,16.000196193839514,16.002004738472753,2.4998280639887147,2.49996934508847,2.4996867988565312,4.227027831665685,4.227505623838162
2488916-B2,3,2548,1371,64.02818904030221,64.01334379905809,64.04303428154631,0.6247248375996112,0.6248697166259978,0.6245800257394395,16.91142924489796,16.919273054704593
2488932-B4,0,149250,87803,1.0,1.0,1.0,40.0,40.0,40.0,0.264186,0.264186
2488932-B4,1,37312,21950,4.000095138159001,4.000053602058319,4.000136674259681,9.999762160259408,9.999865996649916,9.999658326025306,1.056758160913379,1.0567801074259682
2488932-B4,2,9328,5487,16.001109573353013,16.000214408233276,16.002004738472753,2.4998266411857366,2.499966499162479,2.4996867988565312,4.227032643653516,4.227505623838162
2488932-B4,3,2332,1371,64.02194595723971,64.0008576329331,64.04303428154631,0.6247857574762882,0.6249916247906198,0.6245800257394395,16.908130574614063,16.919273054704593
2489131-B3,0,90614,61296,1.0,1.0,1.0,40.0,40.0,40.0,0.264186,0.264186
2489131-B3,1,22653,15324,4.000044144263454,4.000088288526906,4.0,9.9998896405593,9.999779283554417,10.0,1.0567673245927691,1.056744
2489131-B3,2,5663,3831,16.00052975454706,16.00105950909412,16.0,2.499917228592555,2.499834462665813,2.5,4.227255907469539,4.226976
2489137-B4,0,129571,87803,1.0,1.0,1.0,40.0,40.0,40.0,0.264186,0.264186
2489137-B4,1,32392,21950,4.000114644860144,4.000092615460607,4.000136674259681,9.999713396064058,9.999768466709373,9.999658326025306,1.056768467708076,1.0567801074259682
2489137-B4,2,8098,5487,16.001187600157593,16.00037046184243,16.002004738472753,2.499814451247734,2.4999421166773432,2.4996867988565312,4.227073870832304,4.227505623838162
2489137-B4,3,2024,1371,64.03016338583245,64.01729249011858,64.04303428154631,0.6247055744488471,0.6248311736422502,0.6245800257394395,16.912472433794466,16.919273054704593
2489182-B2,0,127362,78164,1.0,1.0,1.0,40.0,40.0,40.0,0.264186,0.264186
2489182-B2,1,31840,19541,4.000031407035175,4.000062814070351,4.0,9.999921483028558,9.999842967290087,10.0,1.0567605945979897,1.056744
2489182-B2,2,7960,4885,16.000535044722074,16.000251256281405,16.000818833162743,2.499916402057716,2.499960741822522,2.4998720638657184,4.227042378391959,4.227192324257932
2489182-B2,3,1990,1221,64.00869252075282,64.00100502512562,64.01638001638001,0.6249151236299859,0.6249901854556305,0.6248400798321478,16.908169513567834,16.91223137100737
2489203-B,0,194833,87803,1.0,1.0,1.0,40.0,40.0,40.0,0.264186,0.264186
2489203-B,1,48708,21950,4.000078602384008,4.000020530508335,4.000136674259681,9.999803497901365,9.999948673992598,9.999658326025306,1.056749423872875,1.0567801074259682
2489203-B,2,12177,5487,16.00104343025305,16.00008212203334,16.002004738472753,2.49983697465456,2.4999871684981496,2.4996867988565312,4.2269976954915,4.227505623838162
2489203-B,3,3044,1371,64.02430951922256,64.00558475689881,64.04303428154631,0.6247626924893342,0.6249454661171363,0.6245800257394395,16.90937941458607,16.919273054704593
2489331-B2,0,127964,87803,1.0,1.0,1.0,40.0,40.0,40.0,0.264186,0.264186
2489331-B2,1,31991,21950,4.000068337129841,4.0,4.000136674259681,9.999829160094075,10.0,9.999658326025306,1.056744,1.0567801074259682
2489331-B2,2,7997,5487,16.001752650591882,16.001500562711016,16.002004738472753,2.4997261783396243,2.4997655590634866,2.4996867988565312,4.227372427660372,4.227505623838162
2489331-B2,3,1999,1371,64.02852064252403,64.01400700350175,64.04303428154631,0.6247216021641818,0.6248632427870339,0.6245800257394395,16.91160445422711,16.919273054704593
25012148B4,0,152262,79570,1.0,1.0,1.0,40.0,40.0,40.0,0.264186,0.264186
25012148B4,1,38065,19892,4.000076542318405,4.000052541704978,4.000100542931832,9.99980864786562,9.999868647462927,9.999748648988312,1.0567578807828713,1.0567705620349888
25012148B4,2,9516,4973,16.000516344375644,16.00063051702396,16.000402171727327,2.49991932379485,2.499901485597194,2.499937162247078,4.227142573770491,4.227082248139955
25012148B4,3,2379,1243,64.00850158111147,64.00252206809584,64.0144810941271,0.6249169877740703,0.6249753713992985,0.6248586150559257,16.908570295081965,16.911729702333062
25012153B2,0,142423,72742,1.0,1.0,1.0,40.0,40.0,40.0,0.264186,0.264186
25012153B2,1,35605,18185,4.000097119291162,4.000084257828957,4.000109980753368,9.99975720766705,9.999789359864629,9.999725055676224,1.0567662597388006,1.0567730553753092
25012153B2,2,8901,4546,16.001053135055095,16.000786428491182,16.001319841619004,2.499835458477919,2.4998771265877,2.4997937917571695,4.227183763397371,4.227324683677958
25012153B2,3,2225,1136,64.02189389143852,64.01033707865169,64.03345070422536,0.6247862655832662,0.6248990682684679,0.6246735036155178,16.910634911460672,16.91674120774648
25012170B4,0,188608,87803,1.0,1.0,1.0,40.0,40.0,40.0,0.264186,0.264186
25012170B4,1,47152,21950,4.000068337129841,4.0,4.000136674259681,9.999829160094075,10.0,9.999658326025306,1.056744,1.0567801074259682
25012170B4,2,11788,5487,16.001002369236375,16.0,16.002004738472753,2.4998433896181558,2.5,2.4996867988565312,4.226976,4.227505623838162
25012170B4,3,2947,1371,64.02151714077316,64.0,64.04303428154631,0.6247899422946561,0.625,0.6245800257394395,16.907904,16.919273054704593
25012170B5,0,151860,84590,1.0,1.0,1.0,40.0,40.0,40.0,0.264186,0.264186
25012170B5,1,37965,21147,4.000047288031399,4.0,4.000094576062798,9.999881781319084,10.0,9.999763565433268,1.056744,1.0567689856717264
25012170B5,2,9491,5286,16.001534978693996,16.0004214519018,16.00264850548619,2.499760182586227,2.499934149874885,2.4995862395082162,4.227087341692129,4.227675698070374
25012170B5,3,2372,1321,64.02837226639842,64.02192242833053,64.03482210446631,0.6247230498625636,0.6247859870933754,0.6246601253103203,16.91369559865093,16.917103512490538
25012175B4,0,129370,78566,1.0,1.0,1.0,40.0,40.0,40.0,0.264186,0.264186
25012175B4,1,32342,19641,4.000081833451926,4.000061839094676,4.000101827809175,9.999795420555547,9.99984540465332,9.999745436957461,1.056760337023066,1.0567709014815947
25012175B4,2,8085,4910,16.0012294271532,16.001236858379716,16.00122199592668,2.499807916766834,2.4998067558166497,2.499809077718097,4.227302760667904,4.227298834215886
25012175B4,3,2021,1227,64.02191738175401,64.01286491835725,64.03096984515078,0.6247860363426079,0.6248743912808224,0.6246977063869867,16.91130273132113,16.916085799511002
25012253B3,0,109490,80574,1.0,1.0,1.0,40.0,40.0,40.0,0.264186,0.264186
25012253B3,1,27372,20143,4.000086178722035,4.000073067368113,4.000099290075957,9.999784557836545,9.99981733491643,9.999751780971529,1.0567633033757122,1.0567702310480065
25012253B3,2,6843,5035,16.001536402859365,16.000292269472453,16.002780536246277,2.499759960103098,2.4999543337291077,2.499565616700176,4.227053213502849,4.227710578748758
25012253B3,3,1710,1258,64.0392621723891,64.02923976608187,64.04928457869634,0.6246168154205598,0.624714585806923,0.624519075632338,16.915628736842105,16.920924295707472
25012485B2,0,152865,87803,1.0,1.0,1.0,40.0,40.0,40.0,0.264186,0.264186
25012485B2,1,38216,21950,4.000081420655066,4.00002616705045,4.000136674259681,9.999796452505578,9.999934582801819,9.999658326025306,1.05675091296839,1.0567801074259682
25012485B2,2,9554,5487,16.001054703337275,16.0001046682018,16.002004738472753,2.4998352134661075,2.4999836457004547,2.4996867988565312,4.22700365187356,4.227505623838162
25012485B2,3,2388,1371,64.02842668851184,64.01381909547739,64.04303428154631,0.6247225188679657,0.6248650770287508,0.6245800257394395,16.91155481155779,16.919273054704593
25012628B2,0,123747,76357,1.0,1.0,1.0,40.0,40.0,40.0,0.264186,0.264186
25012628B2,1,30936,19089,4.00007468029488,4.000096974398759,4.000052386191,9.999813302748452,9.999757569880481,9.999869036237673,1.0567696192785105,1.0567578396982555
25012628B2,2,7734,4772,16.000717838152084,16.000387897595036,16.001047778709136,2.4998878428206557,2.4999393924701203,2.4998362952970914,4.227078477114042,4.2272528084660514
25012628B2,3,1933,1193,64.01114884246742,64.0181065700983,64.00419111483654,0.6248911435481452,0.6248232280378514,0.6249590738242728,16.912687502327987,16.909011233864206
25012760B2,0,159290,87803,1.0,1.0,1.0,40.0,40.0,40.0,0.264186,0.264186
25012760B2,1,39822,21950,4.0000934488771165,4.000050223494551,4.000136674259681,9.999766383265014,9.999874442840103,9.999658326025306,1.0567572683441313,1.0567801074259682
25012760B2,2,9955,5487,16.001504629407144,16.001004520341535,16.002004738472753,2.4997649237615476,2.499843053550129,2.4996867988565312,4.227241380210948,4.227505623838162
25012760B2,3,2488,1371,64.03317308932621,64.02331189710611,64.04303428154631,0.6246762118784905,0.6247724276476866,0.6245800257394395,16.914062676848875,16.919273054704593
25012785B2,0,164511,87803,1.0,1.0,1.0,40.0,40.0,40.0,0.264186,0.264186
25012785B2,1,41127,21950,4.000104809520241,4.0000729447808006,4.000136674259681,9.999737983064865,9.999817641373527,9.999658326025306,1.0567632709898604,1.0567801074259682
25012785B2,2,10281,5487,16.00173187025768,16.0014590020426,16.002004738472753,2.499729424559835,2.499772051716907,2.4996867988565312,4.227361447913626,4.227505623838162
25012785B2,3,2570,1371,64.02754826917783,64.01206225680934,64.04303428154631,0.6247310896840255,0.6248822267204016,0.6245800257394395,16.91109067937743,16.919273054704593
25012915B2,0,150656,87803,1.0,1.0,1.0,40.0,40.0,40.0,0.264186,0.264186
25012915B2,1,37664,21950,4.000068337129841,4.0,4.000136674259681,9.999829160094075,10.0,9.999658326025306,1.056744,1.0567801074259682
25012915B2,2,9416,5487,16.001002369236375,16.0,16.002004738472753,2.4998433896181558,2.5,2.4996867988565312,4.226976,4.227505623838162
25012915B2,3,2354,1371,64.02151714077316,64.0,64.04303428154631,0.6247899422946561,0.625,0.6245800257394395,16.907904,16.919273054704593
25012919B8,0,154471,82984,1.0,1.0,1.0,40.0,40.0,40.0,0.264186,0.264186
25012919B8,1,38617,20746,4.000038842996608,4.000077685993215,4.0,9.999902893451459,9.999805788788835,10.0,1.0567645235518035,1.056744
25012919B8,2,9654,5186,16.001133851389188,16.000725088046405,16.00154261473197,2.4998228482744227,2.49988671012682,2.4997589896847585,4.227167558110627,4.22738353721558
25012919B8,3,2413,1296,64.02351332545419,64.01616245337753,64.03086419753086,0.6247704620123834,0.6248422033909278,0.6246987371059481,16.912173893907994,16.916057888888886
25012919B9,0,148246,65112,1.0,1.0,1.0,40.0,40.0,40.0,0.264186,0.264186
25012919B9,1,37061,16278,4.000026982542295,4.00005396508459,4.0,9.999932544099297,9.999865089108644,10.0,1.0567582568198375,1.056744
25012919B9,2,9265,4069,16.001306841761057,16.000647598488936,16.001966085033178,2.499795822651553,2.499898816831483,2.4996928369578573,4.227147086454398,4.227495412140575
25013023B2,0,161901,80373,1.0,1.0,1.0,40.0,40.0,40.0,0.264186,0.264186
25013023B2,1,40475,20093,4.0000372375925695,4.000024706609018,4.000049768576121,9.999906906885217,9.999938233858963,9.999875580107748,1.05675052714021,1.056757148161051
25013023B2,2,10118,5023,16.00114012998204,16.00128483890097,16.00099542106311,2.499821867383702,2.4997992600416303,2.4998444751346844,4.227315436449891,4.227238976308978
25013023B2,3,2529,1255,64.03001233500163,64.01779359430606,64.04223107569722,0.6247070481686325,0.624826282728334,0.624587859106914,16.91260481850534,16.919060858964144
25013062B3,0,121940,72742,1.0,1.0,1.0,40.0,40.0,40.0,0.264186,0.264186
25013062B3,1,30485,18185,4.000054990376684,4.0,4.000109980753368,9.999862525948227,10.0,9.999725055676224,1.056744,1.0567730553753092
25013062B3,2,7621,4546,16.00092235356111,16.000524865503216,16.001319841619004,2.4998558905635675,2.499917992455306,2.4997937917571695,4.227114662117832,4.227324683677958
25013062B3,3,1905,1136,64.02197469594469,64.01049868766404,64.03345070422536,0.6247854770173732,0.6248974905691324,0.6246735036155178,16.91067760629921,16.91674120774648
25013162B2,0,111498,87000,1.0,1.0,1.0,40.0,40.0,40.0,0.264186,0.264186
25013162B2,1,27874,21750,4.000035875726484,4.000071751452967,4.0,9.9999103114882,9.999820624585196,10.0,1.0567629557293534,1.056744
25013162B2,2,6968,5437,16.001453265850543,16.001435132032146,16.001471399668937,2.4997729478338,2.4997757807314933,2.4997701149425287,4.227355141791044,4.227364723192937
25013162B2,3,1742,1359,64.01170028613934,64.00574052812858,64.0176600441501,0.6248857602781304,0.6249439451828733,0.6248275862068966,16.909420567164176,16.912569536423838
25013189B2,0,121940,87201,1.0,1.0,1.0,40.0,40.0,40.0,0.264186,0.264186
25013189B2,1,30485,21800,4.000022935779817,4.0,4.000045871559633,9.999942660879238,10.0,9.999885322416027,1.056744,1.0567561186238532
25013189B2,2,7621,5450,16.000354175870875,16.000524865503216,16.000183486238534,2.499944661245154,2.499917992455306,2.499971330604007,4.227114662117832,4.227024474495413
25013189B2,3,1905,1362,64.01736388127696,64.01049868766404,64.02422907488987,0.6248304768403424,0.6248974905691324,0.6247634774830563,16.91067760629921,16.914304982378855
25013189B3,0,145635,79971,1.0,1.0,1.0,40.0,40.0,40.0,0.264186,0.264186
25013189B3,1,36408,19992,4.000116229748326,4.000082399472643,4.000150060024009,9.999709434072285,9.99979400556185,9.999624864013205,1.0567657687870797,1.0567836437575029
25013189B3,2,9102,4998,16.000464918993305,16.000329597890573,16.000600240096038,2.4999273585180712,2.4999485013904623,2.499906216003301,4.227063075148319,4.2271345750300116
25013189B3,3,2275,1249,64.02170351665949,64.01538461538462,64.02802241793435,0.6247881234461584,0.6248497957221821,0.6247264633429618,16.9119684,16.915307130504402
25013352B2,0,158286,87803,1.0,1.0,1.0,40.0,40.0,40.0,0.264186,0.264186
25013352B2,1,39571,21950,4.000093608161657,4.000050542063632,4.000136674259681,9.999765985072285,9.999873646437463,9.999658326025306,1.0567573525056226,1.0567801074259682
25013352B2,2,9892,5487,16.001710011775803,16.001415285078853,16.002004738472753,2.4997328392130367,2.499778881265557,2.4996867988565312,4.227349898503841,4.227505623838162
25013352B2,3,2473,1371,64.02434771093087,64.00566114031541,64.04303428154631,0.6247623198068257,0.6249447203163893,0.6245800257394395,16.909399594015365,16.919273054704593
25013465B2,0,170134,77361,1.0,1.0,1.0,40.0,40.0,40.0,0.264186,0.264186
25013465B2,1,42533,19340,4.000049364310128,4.000047022312087,4.000051706308169,9.999876590747684,9.999882445601703,9.999870735900519,1.056756422636541,1.05675766008273
25013465B2,2,10633,4835,16.00038555312231,16.000564281011943,16.000206825232677,2.499939758776276,2.499911834201277,2.4999676839751297,4.227125075143421,4.22703064033092
25013465B2,3,2658,1208,64.02441990691602,64.00827689992475,64.04056291390728,0.6247616153048368,0.6249191813511703,0.6246041286953374,16.91009064108352,16.918620153973507
25013871B6,0,152664,84188,1.0,1.0,1.0,40.0,40.0,40.0,0.264186,0.264186
25013871B6,1,38166,21047,4.0,4.0,4.0,10.0,10.0,10.0,1.056744,1.056744
25013871B6,2,9541,5261,16.001559710857617,16.00083848653181,16.002280935183425,2.499756318932998,2.499868993344862,2.499643654677626,4.227197516402892,4.227578591142368
25013871B6,3,2385,1315,64.01567783437358,64.01006289308177,64.0212927756654,0.6248469336447732,0.6249017450086464,0.6247921318952819,16.910562475471696,16.91352925323194
25013878B2,0,134189,87803,1.0,1.0,1.0,40.0,40.0,40.0,0.264186,0.264186
25013878B2,1,33547,21950,4.000083241592236,4.000029808924792,4.000136674259681,9.999791900350047,9.999925478243375,9.999658326025306,1.0567518751006049,1.0567801074259682
25013878B2,2,8386,5487,16.001777470595783,16.001550202718818,16.002004738472753,2.499722301069514,2.4997578042909625,2.4996867988565312,4.227385541855473,4.227505623838162
25013878B2,3,2096,1371,64.03225187359757,64.02146946564885,64.04303428154631,0.624685198936338,0.624790407559487,0.6245800257394395,16.913575932251906,16.919273054704593
25014124B2,0,146238,87803,1.0,1.0,1.0,40.0,40.0,40.0,0.264186,0.264186
25014124B2,1,36559,21950,4.000095690175602,4.0000547060915235,4.000136674259681,9.99976078028374,9.99986323664164,9.999658326025306,1.0567584525834952,1.0567801074259682
25014124B2,2,9139,5487,16.001768317370747,16.001531896268737,16.002004738472753,2.4997237309440314,2.4997606641228685,2.4996867988565312,4.227380705547652,4.227505623838162
25014124B2,3,2284,1371,64.03508982028279,64.02714535901926,64.04303428154631,0.6246575137516275,0.6247350209931756,0.6245800257394395,16.91507542381786,16.919273054704593
25014160B2,0,125555,81578,1.0,1.0,1.0,40.0,40.0,40.0,0.264186,0.264186
25014160B2,1,31388,20394,4.000096822993552,4.000095577927871,4.000098068059233,9.999757948375162,9.999761060889648,9.999754835862609,1.0567692503504524,1.0567699082082964
25014160B2,2,7847,5098,16.001171932630946,16.000382311711483,16.001961553550412,2.4998168989377967,2.499940265222412,2.4996935448282627,4.22707700140181,4.227494214986269
25014160B2,3,1961,1274,64.02948708609085,64.02600713921468,64.03296703296704,0.6247121727871722,0.6247461271952531,0.6246782220696756,16.91477472208057,16.916613428571427
25014217B2,0,92221,49650,1.0,1.0,1.0,40.0,40.0,40.0,0.264186,0.264186
25014217B2,1,23055,12412,4.000102254462611,4.000043374539145,4.000161134386078,9.99974437037829,9.999891564827967,9.999597180261834,1.0567554589459984,1.0567865694489202
25014217B2,2,5763,3103,16.001450153554387,16.002255769564464,16.00064453754431,2.4997734340418414,2.4996475856908944,2.4998992950654584,4.227571942738157,4.227146277795681
25014217B3,0,127362,69128,1.0,1.0,1.0,40.0,40.0,40.0,0.264186,0.264186
25014217B3,1,31840,17282,4.000031407035175,4.000062814070351,4.0,9.999921483028558,9.999842967290087,10.0,1.0567605945979897,1.056744
25014217B3,2,7960,4320,16.001051554066628,16.000251256281405,16.001851851851853,2.4998357054748754,2.499960741822522,2.49971068163407,4.227042378391959,4.227465233333334
25014217B3,3,1990,1080,64.00420621626651,64.00100502512562,64.00740740740741,0.6249589263687189,0.6249901854556305,0.6249276704085175,16.908169513567834,16.909860933333334
25014226B2,0,154471,87803,1.0,1.0,1.0,40.0,40.0,40.0,0.264186,0.264186
25014226B2,1,38617,21950,4.000107180126449,4.000077685993215,4.000136674259681,9.999732056863422,9.999805788788835,9.999658326025306,1.0567645235518035,1.0567801074259682
25014226B2,2,9654,5487,16.00136491325958,16.000725088046405,16.002004738472753,2.499786750494883,2.49988671012682,2.4996867988565312,4.227167558110627,4.227505623838162
25014226B2,3,2413,1371,64.02959836746192,64.01616245337753,64.04303428154631,0.6247110870576209,0.6248422033909278,0.6245800257394395,16.912173893907994,16.919273054704593
25014265B2,0,131579,76558,1.0,1.0,1.0,40.0,40.0,40.0,0.264186,0.264186
25014265B2,1,32894,19139,4.000097850355283,4.000091202042926,4.000104498667642,9.999755380095827,9.9997720000912,9.999738760155699,1.0567680943029123,1.0567716070850095
25014265B2,2,8223,4784,16.00213206635113,16.00133771129758,16.002926421404684,2.4996669090183903,2.4997910000836,2.499542830272473,4.227329404596862,4.2277491195652175
25014265B2,3,2055,1196,64.02020807395292,64.02871046228711,64.01170568561874,0.62480271781988,0.6247197501120999,0.6248857075681182,16.91548890218978,16.91099647826087
25014268B,0,127964,87201,1.0,1.0,1.0,40.0,40.0,40.0,0.264186,0.264186
25014268B,1,31991,21800,4.000022935779817,4.0,4.000045871559633,9.999942660879238,10.0,9.999885322416027,1.056744,1.0567561186238532
25014268B,2,7997,5450,16.000842024474775,16.001500562711016,16.000183486238534,2.499868440599331,2.4997655590634866,2.499971330604007,4.227372427660372,4.227024474495413
25014268B,3,1999,1362,64.0191180391958,64.01400700350175,64.02422907488987,0.6248133561526096,0.6248632427870339,0.6247634774830563,16.91160445422711,16.914304982378855
25014311B2,0,115514,81578,1.0,1.0,1.0,40.0,40.0,40.0,0.264186,0.264186
25014311B2,1,28878,20394,4.000083662466489,4.000069256873744,4.000098068059233,9.999790848208317,9.999826860813409,9.999754835862609,1.056762296696447,1.0567699082082964
25014311B2,2,7219,5098,16.00167339348112,16.00138523341183,16.001961553550412,2.499738559611865,2.4997835760167595,2.4996935448282627,4.2273419592741375,4.227494214986269
25014311B2,3,1804,1274,64.03255890451013,64.03215077605321,64.03296703296704,0.6246822036216111,0.6246861852243019,0.6246782220696756,16.916397784922392,16.916613428571427
25014318B,0,118727,79771,1.0,1.0,1.0,40.0,40.0,40.0,0.264186,0.264186
25014318B,1,29681,19942,4.000125755513401,4.000101074761632,4.000150436265169,9.999685621100218,9.999747319480825,9.999623923480963,1.0567707025369766,1.05678374315515
25014318B,2,7420,4985,16.001575008042998,16.000943396226415,16.002206619859578,2.499753929215998,2.4998526030304817,2.499655263190884,4.2272252320754715,4.227558958074222
25014318B,3,1855,1246,64.01272146339986,64.00377358490566,64.02166934189407,0.6248757916482358,0.6249631507576204,0.6247884569580423,16.908900928301886,16.913628736757623
25014684B,0,166519,87803,1.0,1.0,1.0,40.0,40.0,40.0,0.264186,0.264186
25014684B,1,41629,21950,4.000104369703287,4.000072065146893,4.000136674259681,9.999739082549752,9.999819840378576,9.999658326025306,1.0567630386028968,1.0567801074259682
25014684B,2,10407,5487,16.001338681334005,16.000672624195253,16.002004738472753,2.499790848540759,2.4998949068875023,2.4996867988565312,4.2271536978956465,4.227505623838162
25014684B,3,2601,1371,64.03208999736677,64.02114571318724,64.04303428154631,0.6246867781708351,0.624793567100451,0.6245800257394395,16.91349040138408,16.919273054704593
25015070B2,0,132985,83184,1.0,1.0,1.0,40.0,40.0,40.0,0.264186,0.264186
25015070B2,1,33246,20796,4.0000150394032365,4.000030078806473,4.0,9.999962401633272,9.999924803549272,10.0,1.0567519463995667,1.056744
25015070B2,2,8311,5199,16.000541451088917,16.001082902177835,16.0,2.499915401130241,2.4998308079858633,2.5,4.227262087594753,4.226976
25015070B2,3,2077,1299,64.03219746458797,64.02744342802119,64.03695150115473,0.6246857297396579,0.6247321126442832,0.6246393537218696,16.915154169475205,16.917666069284063
25015087B2,0,135997,74148,1.0,1.0,1.0,40.0,40.0,40.0,0.264186,0.264186
25015087B2,1,33999,18537,4.000014706314891,4.000029412629783,4.0,9.999963234347943,9.999926468966226,10.0,1.0567517704050118,1.056744
25015087B2,2,8499,4634,16.00119638843494,16.00152959171667,16.000863185153214,2.4998130782839767,2.4997610241402386,2.4998651345956735,4.22738009671726,4.227204041432887
25015087B2,3,2124,1158,64.02990374013251,64.02871939736346,64.03108808290155,0.6247081076732729,0.6247196629337413,0.6246965528402655,16.91549126271186,16.916117036269426
25015101B2,0,119531,71337,1.0,1.0,1.0,40.0,40.0,40.0,0.264186,0.264186
25015101B2,1,29882,17834,4.000078233778368,4.0001003948865534,4.000056072670181,9.999804419379334,9.999749019082916,9.999859820289611,1.056770522923499,1.0567588136144443
25015101B2,2,7470,4458,16.001745699712263,16.001472556894242,16.002018842530283,2.499727264177137,2.49976993415934,2.499684595651625,4.227365028915662,4.227509349932705
25015101B2,3,1867,1114,64.02991795514843,64.02303160149974,64.03680430879713,0.6247079689844227,0.6247751629284453,0.6246407894921289,16.91398862667381,16.917627183123876
25015103B2,0,121940,67923,1.0,1.0,1.0,40.0,40.0,40.0,0.264186,0.264186
25015103B2,1,30485,16980,4.000088339222614,4.0,4.0001766784452295,9.999779156820743,10.0,9.99955832339561,1.056744,1.0567906759717314
25015103B2,2,7621,4245,16.00061578964207,16.000524865503216,16.000706713780918,2.499903786571379,2.499917992455306,2.4998895808489023,4.227114662117832,4.2271627038869255
25015103B2,3,1905,1061,64.01420316098566,64.01049868766404,64.01790763430726,0.6248613280306917,0.6248974905691324,0.6248251696774287,16.91067760629921,16.912634946277098
25015190B2,0,132985,87803,1.0,1.0,1.0,40.0,40.0,40.0,0.264186,0.264186
25015190B2,1,33246,21950,4.000083376533077,4.000030078806473,4.000136674259681,9.999791563011996,9.999924803549272,9.999658326025306,1.0567519463995667,1.0567801074259682
25015190B2,2,8311,5487,16.001543820325296,16.001082902177835,16.002004738472753,2.499758801347134,2.4998308079858633,2.4996867988565312,4.227262087594753,4.227505623838162
25015190B2,3,2077,1371,64.03523885478376,64.02744342802119,64.04303428154631,0.6246560599345964,0.6247321126442832,0.6245800257394395,16.915154169475205,16.919273054704593
25015204B2,0,151258,87803,1.0,1.0,1.0,40.0,40.0,40.0,0.264186,0.264186
25015204B2,1,37814,21950,4.000094782361765,4.0000528904638495,4.000136674259681,9.999763049710264,9.99986777558873,9.999658326025306,1.0567579729200824,1.0567801074259682
25015204B2,2,9453,5487,16.001531301850363,16.00105786522797,16.002004738472753,2.4997607569829605,2.4998347194859116,2.4996867988565312,4.227255473183116,4.227505623838162
25015204B2,3,2363,1371,64.02701862194115,64.01100296233601,64.04303428154631,0.624736257613166,0.6248925676658426,0.6245800257394395,16.910810828607698,16.919273054704593
25015234B2,0,144029,87803,1.0,1.0,1.0,40.0,40.0,40.0,0.264186,0.264186
25015234B2,1,36007,21950,4.000082223318637,4.000027772377593,4.000136674259681,9.99979444592874,9.99993056953808,9.999658326025306,1.0567513370733468,1.0567801074259682
25015234B2,2,9001,5487,16.0017245112206,16.001444283968446,16.002004738472753,2.4997305741610236,2.4997743509987576,2.4996867988565312,4.227357559604488,4.227505623838162
25015234B2,3,2250,1371,64.02796158521761,64.0128888888889,64.04303428154631,0.6247270568931396,0.6248741572877684,0.6245800257394395,16.911309064,16.919273054704593
25015408B3,0,130173,65313,1.0,1.0,1.0,40.0,40.0,40.0,0.264186,0.264186
25015408B3,1,32543,16328,4.000045986531249,4.000030728574502,4.000061244487996,9.99988503499359,9.999923179153894,9.99984689112428,1.0567521180591832,1.0567601799363056
25015408B3,2,8135,4082,16.00092150557095,16.00159803318992,16.000244977951983,2.4998560230467617,2.499750332250159,2.49996172278107,4.227398177996312,4.227040719745222
25015422B,0,121338,72140,1.0,1.0,1.0,40.0,40.0,40.0,0.264186,0.264186
25015422B,1,30334,18035,4.000032966308433,4.000065932616866,4.0,9.999917584908147,9.999835171174734,10.0,1.0567614184743193,1.056744
25015422B,2,7583,4508,16.0019903368121,16.001318739285242,16.002661934338953,2.499689048554241,2.499793963968419,2.4995841419462157,4.2273243924568105,4.2276792457852705
25015422B,3,1895,1127,64.02062729875706,64.03060686015831,64.01064773735581,0.6247986264385852,0.6247012477542072,0.6248960354865539,16.915989903957783,16.910716983141082
25015425B2,0,144230,87803,1.0,1.0,1.0,40.0,40.0,40.0,0.264186,0.264186
25015425B2,1,36057,21950,4.000096070995664,4.000055467731647,4.000136674259681,9.999759828279226,9.999861332593774,9.999658326025306,1.0567586537981528,1.0567801074259682
25015425B2,2,9014,5487,16.001335184856522,16.00066563124029,16.002004738472753,2.499791394774077,2.4998959994453305,2.4996867988565312,4.227151850454847,4.227505623838162
25015425B2,3,2253,1371,64.0299503409507,64.01686640035508,64.04303428154631,0.624707653012465,0.6248353324551064,0.6245800257394395,16.912359866844206,16.919273054704593
25015488B2,0,124751,81779,1.0,1.0,1.0,40.0,40.0,40.0,0.264186,0.264186
25015488B2,1,31187,20444,4.000121468123721,4.000096193926956,4.000146742320485,9.999696338911983,9.999759520965764,9.99963315765661,1.0567694130887868,1.0567827672666796
25015488B2,2,7796,5111,16.001255516452154,16.001924063622372,16.00058696928194,2.499803840946908,2.4996994012072045,2.4999082894141527,4.22748431067214,4.2271310690667185
25015488B2,3,1949,1277,64.0238168038305,64.00769625448949,64.0399373531715,0.6247675005468719,0.6249248503018011,0.6246102300101493,16.90993724268856,16.918454889584964
25015495B3,0,147644,57682,1.0,1.0,1.0,40.0,40.0,40.0,0.264186,0.264186
25015495B3,1,36911,14420,4.0000693481276,4.0,4.000138696255201,9.999826632686673,10.0,9.999653271384489,1.056744,1.0567806416088763
25015495B3,2,9227,3605,16.000927658035494,16.00130053105018,16.000554785020803,2.49985506183527,2.4997968085394597,2.499913317846122,4.2273195820960225,4.227122566435505
25015495B4,0,145033,69730,1.0,1.0,1.0,40.0,40.0,40.0,0.264186,0.264186
25015495B4,1,36258,17432,4.000071155824236,4.000027580120249,4.000114731528224,9.999822113603823,9.999931050174789,9.999713179406282,1.056751286281648,1.0567743104635152
25015495B4,2,9064,4358,16.000725932606315,16.000992939099735,16.000458926112895,2.4998865781763007,2.499844862893273,2.4999282948515704,4.227238320609002,4.227097241854061
25015495B4,3,2266,1089,64.01759653017376,64.00397175639894,64.03122130394857,0.6248282061190251,0.6249612157233182,0.6246952531191741,16.90895328243601,16.916152231404954
25015607B2,0,139812,87803,1.0,1.0,1.0,40.0,40.0,40.0,0.264186,0.264186
25015607B2,1,34953,21950,4.000068337129841,4.0,4.000136674259681,9.999829160094075,10.0,9.999658326025306,1.056744,1.0567801074259682
25015607B2,2,8738,5487,16.00123125456483,16.0004577706569,16.002004738472753,2.4998076312776747,2.499928475381226,2.4996867988565312,4.227096936598763,4.227505623838162
25015607B2,3,2184,1371,64.02975889901492,64.01648351648352,64.04303428154631,0.6247095208196292,0.6248390696077589,0.6245800257394395,16.912258714285713,16.919273054704593
25015622B2,0,156479,83586,1.0,1.0,1.0,40.0,40.0,40.0,0.264186,0.264186
25015622B2,1,39119,20896,4.0000862005874644,4.000076689076919,4.000095712098009,9.999784503175327,9.999808280983391,9.999760725480344,1.0567642601804748,1.0567692857963245
25015622B2,2,9779,5224,16.000958373781863,16.001533899171694,16.000382848392036,2.499850263065581,2.4997603512292383,2.499940181370086,4.227381234686573,4.227077143185298
25015622B2,3,2444,1306,64.01365440382172,64.02577741407529,64.00153139356814,0.6248666846555152,0.6247483687907003,0.6249850453425215,16.914714031914894,16.90830857274119
25015625B2,0,128768,81176,1.0,1.0,1.0,40.0,40.0,40.0,0.264186,0.264186
25015625B2,1,32192,20294,4.0,4.0,4.0,10.0,10.0,10.0,1.056744,1.056744
25015625B2,2,8048,5073,16.000788488074118,16.0,16.001576976148236,2.4998768048095403,2.5,2.499753621760126,4.226976,4.2273926150206975
25015625B2,3,2012,1268,64.00946372239747,64.0,64.01892744479495,0.6249075945000248,0.625,0.6248152163200946,16.907904,16.912904365930597
25015811B3,0,137402,78365,1.0,1.0,1.0,40.0,40.0,40.0,0.264186,0.264186
25015811B3,1,34350,19591,4.0000546340048455,4.000058224163028,4.000051043846664,9.999863416853408,9.999854441711182,9.99987239201174,1.0567593820087335,1.0567574850696748
25015811B3,2,8587,4897,16.00190961880417,16.001164551065564,16.00265468654278,2.4997016576693563,2.4998180521389792,2.499585274038155,4.227283658087806,4.227677331018991
25015811B3,3,2146,1224,64.02535991874228,64.02702702702703,64.02369281045752,0.6247524426378228,0.6247361756015196,0.6247687105212786,16.91504416216216,16.91416330882353
25015811B4,0,132382,80976,1.0,1.0,1.0,40.0,40.0,40.0,0.264186,0.264186
25015811B4,1,33095,20244,4.00003021604472,4.000060432089439,4.0,9.999924460458827,9.999848922058892,10.0,1.0567599653119806,1.056744
25015811B4,2,8273,5061,16.00084612595189,16.001692251903783,16.0,2.4998677998111427,2.499735613603058,2.5,4.2274230692614525,4.226976
25015811B4,3,2068,1265,64.0135774955849,64.01450676982591,64.01264822134388,0.6248674353930438,0.6248583644302096,0.6248765066192451,16.91173648549323,16.911245483003952
25015820B,0,130575,87803,1.0,1.0,1.0,40.0,40.0,40.0,0.264186,0.264186
25015820B,1,32643,21950,4.000114288788696,4.00009190331771,4.000136674259681,9.99971428619173,9.999770246984491,9.999658326025306,1.0567682795698925,1.0567801074259682
25015820B,2,8160,5487,16.001921486883433,16.001838235294116,16.002004738472753,2.499699803725914,2.4997128087306146,2.4996867988565312,4.227461636029411,4.227505623838162
25015820B,3,2040,1371,64.02519361136139,64.00735294117646,64.04303428154631,0.6247540654512277,0.6249282021826537,0.6245800257394395,16.909846544117645,16.919273054704593
25015863B2,0,168126,87803,1.0,1.0,1.0,40.0,40.0,40.0,0.264186,0.264186
25015863B2,1,42031,21950,4.0000921290929154,4.00004758392615,4.000136674259681,9.999769682572445,9.999881041599753,9.999658326025306,1.0567565710071136,1.0567801074259682
25015863B2,2,10507,5487,16.001668591754697,16.001332445036642,16.002004738472753,2.4997393097249314,2.4997918227995672,2.4996867988565312,4.22732801332445,4.227505623838162
25015863B2,3,2626,1371,64.03332216742967,64.02361005331302,64.04303428154631,0.6246747575490603,0.6247695180995206,0.6245800257394395,16.91414144554455,16.919273054704593
25015870B3,0,160897,87803,1.0,1.0,1.0,40.0,40.0,40.0,0.264186,0.264186
25015870B3,1,40224,21950,4.000080767519657,4.000024860779634,4.000136674259681,9.999798085277895,9.999937848437199,9.999658326025306,1.0567505678699283,1.0567801074259682
25015870B3,2,10056,5487,16.001052090795646,16.000099443118536,16.002004738472753,2.4998356216219912,2.4999844621092997,2.4996867988565312,4.227002271479713,4.227505623838162
25015870B3,3,2514,1371,64.02171602701023,64.00039777247414,64.04303428154631,0.624788001357607,0.6249961155273249,0.6245800257394395,16.908009085918852,16.919273054704593
25016077B2,0,104269,66517,1.0,1.0,1.0,40.0,40.0,40.0,0.264186,0.264186
25016077B2,1,26067,16629,4.000049249293967,4.000038362680784,4.00006013590715,9.999876878280995,9.999904094217841,9.999849662492295,1.0567541348831855,1.0567598870647663
25016077B2,2,6516,4157,16.001598939742784,16.001995089011665,16.0012027904739,2.499750190629573,2.499688306207981,2.4998120781153688,4.227503074585635,4.227293760404137
25016077B2,3,1629,1039,64.01409604905317,64.00798035604666,64.02021174205967,0.624862373583289,0.6249220765519953,0.6248026820211374,16.91001229834254,16.913243659287776
25016088B2,0,144029,68726,1.0,1.0,1.0,40.0,40.0,40.0,0.264186,0.264186
25016088B2,1,36007,17181,4.000072090018609,4.000027772377593,4.000116407659624,9.999819778201527,9.99993056953808,9.99970898931991,1.0567513370733468,1.0567747532739653
25016088B2,2,9001,4295,16.001420628596563,16.001444283968446,16.00139697322468,2.4997780464888812,2.4997743509987576,2.4997817419899313,4.227357559604488,4.227345060768335
25016088B2,3,2250,1073,64.03160753857306,64.0128888888889,64.05032618825722,0.6246914849967454,0.6248741572877684,0.6245089194773449,16.911309064,16.92119947437092
25016772B2,0,148447,87803,1.0,1.0,1.0,40.0,40.0,40.0,0.264186,0.264186
25016772B2,1,37111,21950,4.0001087564125335,4.000080838565385,4.000136674259681,9.999728116360938,9.999797907670752,9.999658326025306,1.0567653564172346,1.0567801074259682
25016772B2,2,9277,5487,16.001810820244245,16.001616902015737,16.002004738472753,2.4997170913553806,2.499747384588439,2.4996867988565312,4.227403162875929,4.227505623838162
25016772B2,3,2319,1371,64.02820105625398,64.01336783096163,64.04303428154631,0.6247247203596545,0.62486948203736,0.6245800257394395,16.911435593790426,16.919273054704593
25016785B2,0,153869,87803,1.0,1.0,1.0,40.0,40.0,40.0,0.264186,0.264186
25016785B2,1,38467,21950,4.0000813352841025,4.0000259963085245,4.000136674259681,9.999796665924302,9.999935009651066,9.999658326025306,1.0567508678607638,1.0567801074259682
25016785B2,2,9616,5487,16.001678325975146,16.00135191347754,16.002004738472753,2.499737789071097,2.499788781365967,2.4996867988565312,4.227333156613977,4.227505623838162
25016785B2,3,2404,1371,64.02422096772824,64.00540765391015,64.04303428154631,0.6247635565946553,0.6249471953414918,0.6245800257394395,16.909332626455907,16.919273054704593
25016801B2,0,147041,87803,1.0,1.0,1.0,40.0,40.0,40.0,0.264186,0.264186
25016801B2,1,36760,21950,4.0000819388708635,4.000027203482046,4.000136674259681,9.999795157018992,9.999931991757402,9.999658326025306,1.0567511867791075,1.0567801074259682
25016801B2,2,9190,5487,16.001056776200468,16.000108813928183,16.002004738472753,2.4998348896239717,2.4999829979393504,2.4996867988565312,4.22700474711643,4.227505623838162
25016801B2,3,2297,1371,64.0287004233156,64.0143665650849,64.04303428154631,0.6247198480610467,0.6248597329996395,0.6245800257394395,16.911699445363517,16.919273054704593
25016829B2,0,126960,77963,1.0,1.0,1.0,40.0,40.0,40.0,0.264186,0.264186
25016829B2,1,31740,19490,4.000076962544895,4.0,4.00015392508979,9.99980759733971,10.0,9.999615202083039,1.056744,1.056784664853771
25016829B2,2,7935,4872,16.0011288998358,16.0,16.002257799671593,2.499823621845236,2.5,2.4996472685761195,4.226976,4.227572479064039
25016829B2,3,1983,1218,64.01661847377586,64.02420574886536,64.00903119868637,0.6248377523468508,0.6247637051039697,0.6249118171440299,16.91429881996974,16.910289916256158
25016903B4,0,121338,85192,1.0,1.0,1.0,40.0,40.0,40.0,0.264186,0.264186
25016903B4,1,30334,21298,4.000032966308433,4.000065932616866,4.0,9.999917584908147,9.999835171174734,10.0,1.0567614184743193,1.056744
25016903B4,2,7583,5324,16.00141068444352,16.001318739285242,16.001502629601802,2.499779599987879,2.499793963968419,2.4997652361724105,4.2273243924568105,4.227372973703981
25016903B4,3,1895,1331,64.01830868928276,64.03060686015831,64.00601051840721,0.6248212553402923,0.6247012477542072,0.6249413090431026,16.915989903957783,16.909491894815925
25016905B4,0,130374,63304,1.0,1.0,1.0,40.0,40.0,40.0,0.264186,0.264186
25016905B4,1,32593,15826,4.000030681434664,4.000061362869328,4.0,9.99992329700168,9.99984659518002,10.0,1.0567602112109962,1.056744
25016905B4,2,8148,3956,16.001379310858326,16.00073637702504,16.00202224469161,2.4997845012558715,2.499884946385015,2.4996840641981546,4.227170540500737,4.227510248736097
25016915B2,0,154471,87803,1.0,1.0,1.0,40.0,40.0,40.0,0.264186,0.264186
25016915B2,1,38617,21950,4.000107180126449,4.000077685993215,4.000136674259681,9.999732056863422,9.999805788788835,9.999658326025306,1.0567645235518035,1.0567801074259682
25016915B2,2,9654,5487,16.00136491325958,16.000725088046405,16.002004738472753,2.499786750494883,2.49988671012682,2.4996867988565312,4.227167558110627,4.227505623838162
25016915B2,3,2413,1371,64.02959836746192,64.01616245337753,64.04303428154631,0.6247110870576209,0.6248422033909278,0.6245800257394395,16.912173893907994,16.919273054704593
25016926B2,0,195636,87803,1.0,1.0,1.0,40.0,40.0,40.0,0.264186,0.264186
25016926B2,1,48909,21950,4.000068337129841,4.0,4.000136674259681,9.999829160094075,10.0,9.999658326025306,1.056744,1.0567801074259682
25016926B2,2,12227,5487,16.001165941658066,16.00032714484338,16.002004738472753,2.4998178348905453,2.4999488846633544,2.4996867988565312,4.227062427087592,4.227505623838162
25016926B2,3,3056,1371,64.0300249941763,64.01701570680628,64.04303428154631,0.6247069246597686,0.6248338751559018,0.6245800257394395,16.91239931151832,16.919273054704593
25017089B2,0,149049,87401,1.0,1.0,1.0,40.0,40.0,40.0,0.264186,0.264186
25017089B2,1,37262,21850,4.0000363017912495,4.00002683699211,4.000045766590389,9.999909246345506,9.99993290796986,9.999885584833127,1.0567510899575976,1.0567560908924483
25017089B2,2,9315,5462,16.001306965826252,16.000966183574878,16.001647748077627,2.4997958032695324,2.4998490429321905,2.4997425658745325,4.227231252173913,4.227411311973635
25017089B2,3,2328,1365,64.02726058305956,64.02448453608247,64.03003663003663,0.6247338967143515,0.6247609846426344,0.624706811134884,16.914372471649482,16.915839257142856
25017211B2,0,130977,84590,1.0,1.0,1.0,40.0,40.0,40.0,0.264186,0.264186
25017211B2,1,32744,21147,4.000062558004524,4.00003053994625,4.000094576062798,9.999843607434592,9.999923650717301,9.999763565433268,1.05675206822624,1.0567689856717264
25017211B2,2,8186,5286,16.001385332635593,16.000122159785,16.00264850548619,2.499783560515731,2.4999809126793253,2.4995862395082162,4.22700827290496,4.227675698070374
25017211B2,3,2046,1321,64.0254755683622,64.01612903225806,64.03482210446631,0.6247513141435495,0.6248425296044343,0.6246601253103203,16.912165064516127,16.917103512490538
25017218B3,0,124149,76156,1.0,1.0,1.0,40.0,40.0,40.0,0.264186,0.264186
25017218B3,1,31037,19039,4.000016109804427,4.000032219608854,4.0,9.999959725651134,9.999919451626674,10.0,1.0567525119695846,1.056744
25017218B3,2,7759,4759,16.001582975539037,16.000644412939813,16.002521538138264,2.4997526845404208,2.4998993145333426,2.4996060717474657,4.227146244876917,4.227642155074595
25017218B3,3,1939,1189,64.03889812537221,64.02733367715317,64.05046257359125,0.6246203662294433,0.624733183513359,0.6245075896843322,16.915125174832387,16.921235505466775
25017220B2,0,148246,87803,1.0,1.0,1.0,40.0,40.0,40.0,0.264186,0.264186
25017220B2,1,37061,21950,4.000095319672136,4.00005396508459,4.000136674259681,9.999761706498175,9.999865089108644,9.999658326025306,1.0567582568198375,1.0567801074259682
25017220B2,2,9265,5487,16.001326168480844,16.000647598488936,16.002004738472753,2.4997928033484724,2.499898816831483,2.4996867988565312,4.227147086454398,4.227505623838162
25017220B2,3,2316,1371,64.02626670899423,64.00949913644214,64.04303428154631,0.6247435944032781,0.6249072487621925,0.6245800257394395,16.9104135388601,16.919273054704593
25017227B2,0,132382,86197,1.0,1.0,1.0,40.0,40.0,40.0,0.264186,0.264186
25017227B2,1,33095,21549,4.00005341897757,4.000060432089439,4.000046405865701,9.999866454339543,9.999848922058892,9.999883986681672,1.0567599653119806,1.056756259780036
25017227B2,2,8273,5387,16.00131020614495,16.001692251903783,16.000928160386113,2.4997952970525428,2.499735613603058,2.499854983352089,4.2274230692614525,4.227221206979765
25017227B2,3,2068,1346,64.02694134925173,64.01450676982591,64.03937592867756,0.6247370115934403,0.6248583644302096,0.6246157058830354,16.91173648549323,16.91830656909361
25017242B2,0,139812,81578,1.0,1.0,1.0,40.0,40.0,40.0,0.264186,0.264186
25017242B2,1,34953,20394,4.000049034029617,4.0,4.000098068059233,9.99987741642865,10.0,9.999754835862609,1.056744,1.0567699082082964
25017242B2,2,8738,5098,16.001209662103655,16.0004577706569,16.001961553550412,2.4998110045850908,2.499928475381226,2.4996935448282627,4.227096936598763,4.227494214986269
25017242B2,3,2184,1274,64.02472527472528,64.01648351648352,64.03296703296704,0.6247586354859471,0.6248390696077589,0.6246782220696756,16.912258714285713,16.916613428571427
25017320B2,0,135193,77361,1.0,1.0,1.0,40.0,40.0,40.0,0.264186,0.264186
25017320B2,1,33798,19340,4.0000406469288645,4.000029587549559,4.000051706308169,9.999898383710436,9.999926031673239,9.999870735900519,1.0567518166163676,1.05675766008273
25017320B2,2,8449,4835,16.0006360200255,16.001065214818322,16.000206825232677,2.4999006258212635,2.4998335712647846,2.4999676839751297,4.227257414841993,4.22703064033092
25017320B2,3,2112,1208,64.0262000175597,64.01183712121212,64.04056291390728,0.6247442451532291,0.6248844244894336,0.6246041286953374,16.911031201704546,16.918620153973507
25017322B2,0,158085,87803,1.0,1.0,1.0,40.0,40.0,40.0,0.264186,0.264186
25017322B2,1,39521,21950,4.000080988631574,4.000025303003467,4.000136674259681,9.999797532520457,9.999936742891482,9.999658326025306,1.0567506846992738,1.0567801074259682
25017322B2,2,9880,5487,16.001255405673625,16.000506072874494,16.002004738472753,2.4998038582533373,2.499920928614353,2.4996867988565312,4.22710969736842,4.227505623838162
25017322B2,3,2470,1371,64.02252928652214,64.00202429149797,64.04303428154631,0.6247800648578983,0.6249802321535882,0.6245800257394395,16.90843878947368,16.919273054704593
25017338B3,0,137202,87803,1.0,1.0,1.0,40.0,40.0,40.0,0.264186,0.264186
25017338B3,1,34300,21950,4.000097491648791,4.000058309037901,4.000136674259681,9.999756276818266,9.99985422953018,9.999658326025306,1.056759404431487,1.0567801074259682
25017338B3,2,8575,5487,16.00111898731218,16.000233236151605,16.002004738472753,2.4998251704594745,2.499963557382545,2.4996867988565312,4.227037617725948,4.227505623838162
25017338B3,3,2143,1371,64.0331830297139,64.02333177788148,64.04303428154631,0.6246761149049617,0.624772233640909,0.6245800257394395,16.914067929071397,16.919273054704593
25017341B4,0,108084,56477,1.0,1.0,1.0,40.0,40.0,40.0,0.264186,0.264186
25017341B4,1,27021,14119,4.000035413272895,4.0,4.000070826545789,9.999911467601569,10.0,9.999822936770721,1.056744,1.0567627113818259
25017341B4,2,6755,3529,16.002137958532863,16.000592153960028,16.003683763105695,2.4996659886106465,2.4999074793678995,2.499424544504843,4.227132438786083,4.22794919863984
25017354B5,0,107683,67923,1.0,1.0,1.0,40.0,40.0,40.0,0.264186,0.264186
25017354B5,1,26920,16980,4.000144059876404,4.0001114413075785,4.0001766784452295,9.999639863279302,9.999721404492815,9.99955832339561,1.0567734412332839,1.0567906759717314
25017354B5,2,6730,4245,16.000576239505616,16.000445765230314,16.000706713780918,2.4999099658198256,2.499930351123204,2.4998895808489023,4.2270937649331355,4.2271627038869255
25017354B5,3,1682,1061,64.01935809777194,64.02080856123662,64.01790763430726,0.6248110132393239,0.624796857442679,0.6248251696774287,16.913401330558855,16.912634946277098
25017355B1,0,138406,87803,1.0,1.0,1.0,40.0,40.0,40.0,0.264186,0.264186
25017355B1,1,34601,21950,4.000097238028658,4.000057801797636,4.000136674259681,9.999756910837732,9.999855497594034,9.999658326025306,1.0567592704257103,1.0567801074259682
25017355B1,2,8650,5487,16.001349190045623,16.000693641618497,16.002004738472753,2.4997892068303744,2.499891623195526,2.4996867988565312,4.227159250404624,4.227505623838162
25017355B1,3,2162,1371,64.03030529988509,64.01757631822386,64.04303428154631,0.6247041898779107,0.6248284033929166,0.6245800257394395,16.912547417206287,16.919273054704593
25017372B2,0,145234,84389,1.0,1.0,1.0,40.0,40.0,40.0,0.264186,0.264186
25017372B2,1,36308,21097,4.0000512421916135,4.000055084278947,4.00004740010428,9.999871896162047,9.99986229119903,9.999881501143514,1.0567585524953178,1.0567565224439492
25017372B2,2,9077,5274,16.00058419206946,16.00022033711579,16.000948047023133,2.499908723321841,2.4999655727997574,2.499851876429392,4.227034209981271,4.227226460750853
25017372B2,3,2269,1318,64.0180029238847,64.00793301013663,64.02807283763278,0.6248242396370703,0.6249225387994547,0.624725971394376,16.909999790215952,16.915320450682852
25017383B2,0,126358,68927,1.0,1.0,1.0,40.0,40.0,40.0,0.264186,0.264186
25017383B2,1,31589,17231,4.000118708994867,4.0000633131786385,4.000174104811096,9.999703236319963,9.999841719558713,9.999564756916739,1.0567607264554117,1.0567899960536242
25017383B2,2,7897,4307,16.002121242386487,16.00075978219577,16.003482702577198,2.499668599813369,2.4998812896690352,2.4994559461459227,4.227176723819172,4.22789608126306
25017383B2,3,1974,1076,64.03484753467946,64.01114488348531,64.0585501858736,0.6246598772385167,0.6248911821966159,0.6244287434532186,16.91084832218845,16.923372139405203
25017515B2,0,171339,87803,1.0,1.0,1.0,40.0,40.0,40.0,0.264186,0.264186
25017515B2,1,42834,21950,4.000103356040052,4.000070037820423,4.000136674259681,9.999741616576243,9.999824908514698,9.999658326025306,1.0567625030116263,1.0567801074259682
25017515B2,2,10708,5487,16.001516003902047,16.001027269331342,16.002004738472753,2.4997631468322004,2.499839499471807,2.4996867988565312,4.227247390175569,4.227505623838162
25017515B2,3,2677,1371,64.02357167943583,64.00410907732537,64.04303428154631,0.6247698925683003,0.6249598748679518,0.6245800257394395,16.908989560702278,16.919273054704593
25017518B2,0,169532,84791,1.0,1.0,1.0,40.0,40.0,40.0,0.264186,0.264186
25017518B2,1,42383,21197,4.000070764730858,4.0,4.000141529461716,9.999823091302579,10.0,9.999646188864384,1.056744,1.0567813901023728
25017518B2,2,10595,5299,16.00122680684229,16.001132609721566,16.00132100396301,2.4998083261275683,2.499823042257509,2.499793610170891,4.227275219631901,4.2273249907529715
25017518B2,3,2648,1324,64.0320996978852,64.0226586102719,64.04154078549848,0.6246866835341507,0.6247788028218861,0.6245945914071069,16.913890087613293,16.918878493957703
25017538B4,0,144631,78365,1.0,1.0,1.0,40.0,40.0,40.0,0.264186,0.264186
25017538B4,1,36157,19591,4.000067007666065,4.000082971485466,4.000051043846664,9.999832483641057,9.999792575588913,9.99987239201174,1.0567659199048594,1.0567574850696748
25017538B4,2,9039,4897,16.001714554246057,16.00077442194933,16.00265468654278,2.4997321296039487,2.499879002426866,2.499585274038155,4.227180591437105,4.227677331018991
25017538B4,3,2259,1224,64.02401993333854,64.02434705621957,64.02369281045752,0.6247655183421439,0.6247623261956289,0.6247687105212786,16.914336151394423,16.91416330882353
25017539B2,0,166519,77562,1.0,1.0,1.0,40.0,40.0,40.0,0.264186,0.264186
25017539B2,1,41629,19390,4.000087605549207,4.000072065146893,4.000103145951521,9.999780990923584,9.999819840378576,9.999742141770454,1.0567630386028968,1.0567712497163486
25017539B2,2,10407,4847,16.00136787801469,16.000672624195253,16.002063131834124,2.4997862873310086,2.4998949068875023,2.4996776772130684,4.2271536978956465,4.22752105054673
25017539B2,3,2601,1211,64.03452000770841,64.02114571318724,64.04789430222957,0.624663072280152,0.624793567100451,0.6245326319589489,16.91349040138408,16.920557004128817
25017539B3,0,195837,87803,1.0,1.0,1.0,40.0,40.0,40.0,0.264186,0.264186
25017539B3,1,48959,21950,4.000078549756733,4.000020425253783,4.000136674259681,9.999803629464383,9.999948937126284,9.999658326025306,1.0567493960660959,1.0567801074259682
25017539B3,2,12239,5487,16.001533458377644,16.001062178282538,16.002004738472753,2.499760420090107,2.499834045660422,2.4996867988565312,4.22725661263175,4.227505623838162
25017539B3,3,3059,1371,64.03148771939362,64.01994115724092,64.04303428154631,0.6246926539532041,0.6248053227939563,0.6245800257394395,16.91317217456685,16.919273054704593
25017589B6,0,107482,85393,1.0,1.0,1.0,40.0,40.0,40.0,0.264186,0.264186
25017589B6,1,26870,21348,4.000060637624063,4.000074432452549,4.000046842795578,9.999848408237883,9.999813922331182,9.999882894382443,1.056763664011909,1.0567563752107927
25017589B6,2,6717,5337,16.00083806552267,16.001488759863033,16.000187371182314,2.4998690591206474,2.4997674029139763,2.499970723595611,4.227369309513175,4.227025500843171
25017589B6,3,1679,1334,64.01411451808343,64.01548540798095,64.0127436281859,0.6248621933011406,0.6248488118940846,0.6248755752813463,16.91199502799285,16.91127068815592
25017711B,0,146238,87803,1.0,1.0,1.0,40.0,40.0,40.0,0.264186,0.264186
25017711B,1,36559,21950,4.000095690175602,4.0000547060915235,4.000136674259681,9.99976078028374,9.99986323664164,9.999658326025306,1.0567584525834952,1.0567801074259682
25017711B,2,9139,5487,16.001768317370747,16.001531896268737,16.002004738472753,2.4997237309440314,2.4997606641228685,2.4996867988565312,4.227380705547652,4.227505623838162
25017711B,3,2284,1371,64.03508982028279,64.02714535901926,64.04303428154631,0.6246575137516275,0.6247350209931756,0.6245800257394395,16.91507542381786,16.919273054704593
25017716B2,0,125354,78967,1.0,1.0,1.0,40.0,40.0,40.0,0.264186,0.264186
25017716B2,1,31338,19741,4.000107894133748,4.000063820282086,4.000151967985411,9.999730271941148,9.999840451840388,9.999620094469842,1.056760860425043,1.0567841478141937
25017716B2,2,7834,4935,16.001347463411896,16.00127648710748,16.00141843971631,2.4997894765714297,2.499800564800485,2.4997783884407414,4.227313230022976,4.227350731914893
25017716B2,3,1958,1233,64.03302855504938,64.02145045965271,64.04460665044607,0.6246776218871466,0.6247905930405092,0.624564691580027,16.91357091113381,16.919688452554745
25017718B2,0,191620,87803,1.0,1.0,1.0,40.0,40.0,40.0,0.264186,0.264186
25017718B2,1,47905,21950,4.000068337129841,4.0,4.000136674259681,9.999829160094075,10.0,9.999658326025306,1.056744,1.0567801074259682
25017718B2,2,11976,5487,16.001169369904378,16.000334001336004,16.002004738472753,2.499817299305234,2.4999478133806496,2.4996867988565312,4.227064238476953,4.227505623838162
25017718B2,3,2994,1371,64.02218514344517,64.00133600534402,64.04303428154631,0.6247834232833172,0.6249869533451624,0.6245800257394395,16.908256953907813,16.919273054704593
25017738B2,0,184994,87602,1.0,1.0,1.0,40.0,40.0,40.0,0.264186,0.264186
25017738B2,1,46248,21900,4.000067284657108,4.000043245113302,4.0000913242009135,9.999831791186697,9.99989188838557,9.999771694710166,1.0567554247535027,1.0567681265753424
25017738B2,2,11562,5475,16.000269138628433,16.000172980453208,16.000365296803654,2.4999579477966742,2.4999729720963924,2.4999429236775415,4.227021699014011,4.227072506301369
25017738B2,3,2890,1368,64.02415720674234,64.01176470588236,64.03654970760233,0.6247641787901211,0.6248851314096673,0.6246432729846351,16.911012070588235,16.91755992105263
25017748B2,0,139812,75353,1.0,1.0,1.0,40.0,40.0,40.0,0.264186,0.264186
25017748B2,1,34953,18838,4.000026542095764,4.0,4.000053084191528,9.999933645200889,10.0,9.999867291282364,1.056744,1.0567580241002228
25017748B2,2,8738,4709,16.001184502232253,16.0004577706569,16.001911233807604,2.4998149352268126,2.499928475381226,2.4997014053853195,4.227096936598763,4.2274809212146955
25017748B2,3,2184,1177,64.01886197914234,64.01648351648352,64.02124044180118,0.6248158552557869,0.6248390696077589,0.6247926426286944,16.912258714285713,16.913515427357687
25017767B2,0,126760,78365,1.0,1.0,1.0,40.0,40.0,40.0,0.264186,0.264186
25017767B2,1,31690,19591,4.000025521923332,4.0,4.000051043846664,9.999936195598773,10.0,9.99987239201174,1.056744,1.0567574850696748
25017767B2,2,7922,4897,16.001832266270632,16.001009845998485,16.00265468654278,2.499713741176613,2.4998422215209843,2.499585274038155,4.227242787174956,4.227677331018991
25017767B2,3,1980,1224,64.02194741532978,64.02020202020202,64.02369281045752,0.6247857432468881,0.6248027769012306,0.6247687105212786,16.91324109090909,16.91416330882353
25017932B2,0,112904,67521,1.0,1.0,1.0,40.0,40.0,40.0,0.264186,0.264186
25017932B2,1,28226,16880,4.000029620853081,4.0,4.000059241706161,9.999925948415667,10.0,9.999851897928052,1.056744,1.0567596508293837
25017932B2,2,7056,4220,16.00068537683636,16.001133786848072,16.000236966824644,2.499892914456441,2.499822858357543,2.499962974482013,4.2272755306122445,4.227038603317535
25017932B2,3,1764,1055,64.00274150734543,64.00453514739229,64.00094786729858,0.6249732286141102,0.6249557145893857,0.6249907436205032,16.909102122448978,16.90815441327014
25017948B3,0,132382,87602,1.0,1.0,1.0,40.0,40.0,40.0,0.264186,0.264186
25017948B3,1,33095,21900,4.000075878145177,4.000060432089439,4.0000913242009135,9.999810308235423,9.999848922058892,9.999771694710166,1.0567599653119806,1.0567681265753424
25017948B3,2,8273,5475,16.00102877435372,16.001692251903783,16.000365296803654,2.499839264342276,2.499735613603058,2.4999429236775415,4.2274230692614525,4.227072506301369
25017948B3,3,2068,1368,64.02552823871412,64.01450676982591,64.03654970760233,0.6247508001943094,0.6248583644302096,0.6246432729846351,16.91173648549323,16.91755992105263
25018002B2,0,133989,79971,1.0,1.0,1.0,40.0,40.0,40.0,0.264186,0.264186
25018002B2,1,33497,19992,4.00008995672186,4.00002985341971,4.000150060024009,9.999775113252868,9.999925367007739,9.999624864013205,1.0567518868555392,1.0567836437575029
25018002B2,2,8374,4998,16.000598663157646,16.00059708621925,16.000600240096038,2.499906462381463,2.4999067087596742,2.499906216003301,4.227133741819919,4.2271345750300116
25018002B2,3,2093,1249,64.02285019606703,64.01767797419971,64.02802241793435,0.624776933196536,0.6248274112053974,0.6247264633429618,16.912574273291924,16.915307130504402
25018050B2,0,130575,87803,1.0,1.0,1.0,40.0,40.0,40.0,0.264186,0.264186
25018050B2,1,32643,21950,4.000114288788696,4.00009190331771,4.000136674259681,9.99971428619173,9.999770246984491,9.999658326025306,1.0567682795698925,1.0567801074259682
25018050B2,2,8160,5487,16.001921486883433,16.001838235294116,16.002004738472753,2.499699803725914,2.4997128087306146,2.4996867988565312,4.227461636029411,4.227505623838162
25018050B2,3,2040,1371,64.02519361136139,64.00735294117646,64.04303428154631,0.6247540654512277,0.6249282021826537,0.6245800257394395,16.909846544117645,16.919273054704593
25018453B2,0,111699,78566,1.0,1.0,1.0,40.0,40.0,40.0,0.264186,0.264186
25018453B2,1,27924,19641,4.000104631137075,4.000107434464977,4.000101827809175,9.999738428999429,9.999731421051218,9.999745436957461,1.0567723826815643,1.0567709014815947
25018453B2,2,6981,4910,16.000825866893294,16.000429737859907,16.00122199592668,2.4998709649582835,2.4999328552628044,2.499809077718097,4.227089530726257,4.227298834215886
25018453B2,3,1745,1227,64.02092904864989,64.010888252149,64.03096984515078,0.6247956815747513,0.6248936874994404,0.6246977063869867,16.910780523782236,16.916085799511002
25018457B2,0,148246,77562,1.0,1.0,1.0,40.0,40.0,40.0,0.264186,0.264186
25018457B2,1,37061,19390,4.000078555518056,4.00005396508459,4.000103145951521,9.99980361506164,9.999865089108644,9.999742141770454,1.0567582568198375,1.0567712497163486
25018457B2,2,9265,4847,16.00135536516153,16.000647598488936,16.002063131834124,2.4997882421315882,2.499898816831483,2.4996776772130684,4.227147086454398,4.22752105054673
25018457B2,3,2316,1211,64.02869671933585,64.00949913644214,64.04789430222957,0.6247198842003059,0.6249072487621925,0.6245326319589489,16.9104135388601,16.920557004128817
25018571B2,0,147443,86397,1.0,1.0,1.0,40.0,40.0,40.0,0.264186,0.264186
25018571B2,1,36860,21599,4.000063843739676,4.000081389039609,4.0000462984397425,9.999840393198284,9.999796531541003,9.999884255240344,1.056765501844818,1.0567562313996017
25018571B2,2,9215,5399,16.001366704732302,16.000325556158437,16.002407853306167,2.4997864706250534,2.499949132885251,2.499623829531118,4.227062007379272,4.227612121133543
25018571B2,3,2303,1349,64.03368185436406,64.02214502822406,64.04521868050408,0.6246712486558962,0.6247838147623149,0.6245587231038114,16.9137544064264,16.91985014232765
25018910B2,0,103868,80574,1.0,1.0,1.0,40.0,40.0,40.0,0.264186,0.264186
25018910B2,1,25967,20143,4.000049645037978,4.0,4.000099290075957,9.999875888945429,10.0,9.999751780971529,1.056744,1.0567702310480065
25018910B2,2,6491,5035,16.002314624924864,16.00184871360345,16.002780536246277,2.4996383921671463,2.4997111718719913,2.499565616700176,4.227464404252041,4.227710578748758
25018910B2,3,1622,1258,64.04313797368849,64.03699136868065,64.04928457869634,0.6245790144829196,0.6246389648399892,0.624519075632338,16.917676601726264,16.920924295707472
25019081B3,0,121739,87803,1.0,1.0,1.0,40.0,40.0,40.0,0.264186,0.264186
25019081B3,1,30434,21950,4.000117624111506,4.000098573963331,4.000136674259681,9.999705948368126,9.99975357116454,9.999658326025306,1.0567700418610764,1.0567801074259682
25019081B3,2,7608,5487,16.001725292475072,16.00144584647739,16.002004738472753,2.4997304521163284,2.499774106900829,2.4996867988565312,4.227357972397476,4.227505623838162
25019081B3,3,1902,1371,64.02440883372793,64.00578338590957,64.04303428154631,0.6247617233589836,0.6249435267252073,0.6245800257394395,16.909431889589904,16.919273054704593
25019102B4,0,147644,87803,1.0,1.0,1.0,40.0,40.0,40.0,0.264186,0.264186
25019102B4,1,36911,21950,4.000068337129841,4.0,4.000136674259681,9.999829160094075,10.0,9.999658326025306,1.056744,1.0567801074259682
25019102B4,2,9227,5487,16.001652634761466,16.00130053105018,16.002004738472753,2.4997418024876574,2.4997968085394597,2.4996867988565312,4.2273195820960225,4.227505623838162
25019102B4,3,2306,1371,64.03452668110273,64.02601908065915,64.04303428154631,0.6246630071805376,0.6247460106743247,0.6245800257394395,16.91477787684302,16.919273054704593
25019107B,0,120133,84188,1.0,1.0,1.0,40.0,40.0,40.0,0.264186,0.264186
25019107B,1,30033,21047,4.000016648353478,4.000033296706956,4.0,9.999958379289534,9.999916758925524,10.0,1.0567527965238237,1.056744
25019107B,2,7508,5261,16.001473445748346,16.000665956313266,16.002280935183425,2.4997697953014546,2.499895948656905,2.499643654677626,4.227151936334576,4.227578591142368
25019107B,3,1877,1315,64.01197830045923,64.00266382525307,64.0212927756654,0.624883046298743,0.6249739871642263,0.6247921318952819,16.908607745338305,16.91352925323194
25019283B2,0,109089,81176,1.0,1.0,1.0,40.0,40.0,40.0,0.264186,0.264186
25019283B2,1,27272,20294,4.000018333822235,4.00003666764447,4.0,9.999954165654493,9.99990833172914,10.0,1.0567536870783218,1.056744
25019283B2,2,6818,5073,16.00086182336306,16.00014667057788,16.001576976148236,2.4998653473524466,2.499977082932285,2.499753621760126,4.227014748313287,4.2273926150206975
25019283B2,3,1704,1268,64.01914682098902,64.0193661971831,64.01892744479495,0.6248130752483847,0.6248109341913483,0.6248152163200946,16.913020278169014,16.912904365930597
25019284B2,0,111900,84188,1.0,1.0,1.0,40.0,40.0,40.0,0.264186,0.264186
25019284B2,1,27975,21047,4.0,4.0,4.0,10.0,10.0,10.0,1.056744,1.056744
25019284B2,2,6993,5261,16.001998468449713,16.001716001716,16.002280935183425,2.499687778302558,2.4997319034852548,2.499643654677626,4.2274293436293435,4.227578591142368
25019284B2,3,1748,1315,64.01865554115078,64.01601830663616,64.0212927756654,0.6248178700705181,0.6248436103663986,0.6247921318952819,16.91213581235698,16.91352925323194
25019352B2,0,129169,78767,1.0,1.0,1.0,40.0,40.0,40.0,0.264186,0.264186
25019352B2,1,32292,19691,4.0000916606447605,4.000030967422272,4.000152353867249,9.999770853639024,9.999922582043679,9.999619129838637,1.0567521811594203,1.056784249758773
25019352B2,2,8073,4922,16.001585705669413,16.000123869689087,16.003047541649735,2.4997522580420184,2.4999806455109197,2.4995239122982977,4.227008724637681,4.227781117838276
25019352B2,3,2018,1230,64.02331778223629,64.00842418235877,64.03821138211381,0.6247723702175627,0.6249177434214092,0.6246270646336665,16.910129551040633,16.91799891219512
25019376B2,0,157684,87201,1.0,1.0,1.0,40.0,40.0,40.0,0.264186,0.264186
25019376B2,1,39421,21800,4.000022935779817,4.0,4.000045871559633,9.999942660879238,10.0,9.999885322416027,1.056744,1.0567561186238532
25019376B2,2,9855,5450,16.000294685787964,16.000405885337393,16.000183486238534,2.499953956193659,2.4999365820248087,2.499971330604007,4.227083229223744,4.227024474495413
25019376B2,3,2463,1362,64.02267076968204,64.02111246447421,64.02422907488987,0.624778684161705,0.6247938915806297,0.6247634774830563,16.913481617539585,16.914304982378855
25019379B,0,140615,83787,1.0,1.0,1.0,40.0,40.0,40.0,0.264186,0.264186
25019379B,1,35153,20946,4.000114283329746,4.000085341222655,4.000143225436838,9.999714299838326,9.999786651495219,9.999641949228401,1.0567665459562483,1.0567818381552563
25019379B,2,8788,5236,16.00144869053675,16.00079654073737,16.002100840336134,2.499773662596936,2.4998755467055433,2.4996717867927005,4.227186434911242,4.227531012605041
25019379B,3,2197,1309,64.005794762147,64.00318616294948,64.00840336134453,0.624943415649234,0.6249688866763858,0.6249179466981751,16.908745739644967,16.910124050420166
25019384B2,0,135796,87803,1.0,1.0,1.0,40.0,40.0,40.0,0.264186,0.264186
25019384B2,1,33949,21950,4.000068337129841,4.0,4.000136674259681,9.999829160094075,10.0,9.999658326025306,1.056744,1.0567801074259682
25019384B2,2,8487,5487,16.001238023766835,16.000471309060917,16.002004738472753,2.4998065737530752,2.499926360128428,2.4996867988565312,4.227100513255567,4.227505623838162
25019384B2,3,2121,1371,64.03377550946718,64.02451673738803,64.04303428154631,0.6246703350185269,0.6247606704173908,0.6245800257394395,16.91438097878359,16.919273054704593
25019457B2,0,119731,81377,1.0,1.0,1.0,40.0,40.0,40.0,0.264186,0.264186
25019457B2,1,29932,20344,4.000074690861746,4.000100227181612,4.0000491545418795,9.999813276332272,9.999749438324242,9.999877115155389,1.0567704786182013,1.056756985941801
25019457B2,2,7483,5086,16.000298763446985,16.000400908726448,16.000196618167518,2.499953319083068,2.4999373595810606,2.4999692787888472,4.227081914472805,4.227027943767204
25019457B2,3,1870,1271,64.02661826764896,64.02727272727273,64.02596380802518,0.6247401640484735,0.6247337782195087,0.6247465500079875,16.915109072727272,16.91476327458694
25019468B2,0,132583,87803,1.0,1.0,1.0,40.0,40.0,40.0,0.264186,0.264186
25019468B2,1,33145,21950,4.0001135928245155,4.00009051138935,4.000136674259681,9.999716026003064,9.999773726646705,9.999658326025306,1.0567679118419067,1.0567801074259682
25019468B2,2,8286,5487,16.00142476846399,16.000844798455226,16.002004738472753,2.499777399749615,2.4998680072105772,2.4996867988565312,4.227199183924692,4.227505623838162
25019468B2,3,2071,1371,64.03093288196098,64.01883148237566,64.04303428154631,0.6246980670067505,0.6248161529004473,0.6245800257394395,16.912879014002893,16.919273054704593
25019508B4,0,119129,70734,1.0,1.0,1.0,40.0,40.0,40.0,0.264186,0.264186
25019508B4,1,29782,17683,4.000073340154426,4.000033577328588,4.000113102980263,9.99981665297561,9.999916057383173,9.999717250544293,1.0567528706601301,1.0567738802239437
25019508B4,2,7445,4420,16.002188142912278,16.001208865010074,16.00316742081448,2.4996581494210766,2.499811129112139,2.499505188452512,4.2272953652115515,4.227812788235294
25019508B4,3,1861,1105,64.01305166054352,64.01343363782912,64.01266968325793,0.6248725683649178,0.6248688396612077,0.624876297113128,16.911452979043524,16.911251152941176
25019621B2,0,133788,87803,1.0,1.0,1.0,40.0,40.0,40.0,0.264186,0.264186
25019621B2,1,33447,21950,4.000068337129841,4.0,4.000136674259681,9.999829160094075,10.0,9.999658326025306,1.056744,1.0567801074259682
25019621B2,2,8361,5487,16.001719986746245,16.001435235019734,16.002004738472753,2.4997312809579735,2.499775764642569,2.4996867988565312,4.2273551689989235,4.227505623838162
25019621B2,3,2090,1371,64.02821570536645,64.0133971291866,64.04303428154631,0.6247245774279393,0.6248691960414985,0.6245800257394395,16.911443333971288,16.919273054704593
25019621B4,0,106076,87803,1.0,1.0,1.0,40.0,40.0,40.0,0.264186,0.264186
25019621B4,1,26519,21950,4.000068337129841,4.0,4.000136674259681,9.999829160094075,10.0,9.999658326025306,1.056744,1.0567801074259682
25019621B4,2,6629,5487,16.001907483129877,16.001810227786997,16.002004738472753,2.4997019912888687,2.4997171839058785,2.4996867988565312,4.227454236838136,4.227505623838162
25019621B4,3,1657,1371,64.02996614499766,64.016898008449,64.04303428154631,0.6247074988204566,0.6248350239450959,0.6245800257394395,16.912368217260106,16.919273054704593
25019716B2,0,108687,84992,1.0,1.0,1.0,40.0,40.0,40.0,0.264186,0.264186
25019716B2,1,27171,21248,4.000055205918074,4.000110411836149,4.0,9.999861987109597,9.999723978028651,10.0,1.0567731692613447,1.056744
25019716B2,2,6792,5312,16.001104240282686,16.002208480565372,16.0,2.4998274743626903,2.4996549725358137,2.5,4.227559449646643,4.226976
25019716B2,3,1698,1328,64.00441696113074,64.00883392226149,64.0,0.6249568685906726,0.6249137431339534,0.625,16.91023779858657,16.907904
25019773B3,0,108687,64108,1.0,1.0,1.0,40.0,40.0,40.0,0.264186,0.264186
25019773B3,1,27171,16027,4.000055205918074,4.000110411836149,4.0,9.999861987109597,9.999723978028651,10.0,1.0567731692613447,1.056744
25019773B3,2,6792,4006,16.002601993652632,16.002208480565372,16.00299550673989,2.4995935045979296,2.4996549725358137,2.499532039683035,4.227559449646643,4.227767370943584
25019776B2,0,126960,82180,1.0,1.0,1.0,40.0,40.0,40.0,0.264186,0.264186
25019776B2,1,31740,20545,4.0,4.0,4.0,10.0,10.0,10.0,1.056744,1.056744
25019776B2,2,7935,5136,16.00038940809969,16.0,16.00077881619938,2.499939156465234,2.5,2.4998783158919444,4.226976,4.227181752336449
25019776B2,3,1983,1284,64.01366050683143,64.02420574886536,64.00311526479751,0.6248666250812398,0.6247637051039697,0.6249695789729861,16.91429881996974,16.908727009345796
25019790B2,0,162905,87803,1.0,1.0,1.0,40.0,40.0,40.0,0.264186,0.264186
25019790B2,1,40726,21950,4.0000806142992165,4.000024554338752,4.000136674259681,9.999798468313543,9.99993861452994,9.999658326025306,1.0567504869125373,1.0567801074259682
25019790B2,2,10181,5487,16.00144436903993,16.00088399960711,16.002004738472753,2.4997743377087374,2.499861882692367,2.4996867988565312,4.227209540320204,4.227505623838162
25019790B2,3,2545,1371,64.02642873212875,64.0098231827112,64.04303428154631,0.6247420134480782,0.6249040852030324,0.6245800257394395,16.91049914734774,16.919273054704593
25019806B2,0,149852,82381,1.0,1.0,1.0,40.0,40.0,40.0,0.264186,0.264186
25019806B2,1,37463,20595,4.000024277737315,4.0,4.0000485554746295,9.999939306025091,10.0,9.99987861278693,1.056744,1.0567568276766204
25019806B2,2,9365,5148,16.001903309658246,16.001281366791243,16.002525252525253,2.499702643238524,2.4997998024717725,2.4996054915575194,4.227314519167111,4.227643136363636
25019806B2,3,2341,1287,64.01103085532816,64.01196070055532,64.01010101010101,0.6248922953670957,0.6248832181085338,0.6249013728893799,16.911063849636907,16.910572545454546
25020257B2,0,141017,87803,1.0,1.0,1.0,40.0,40.0,40.0,0.264186,0.264186
25020257B2,1,35254,21950,4.000082519917609,4.000028365575537,4.000136674259681,9.99979370446185,9.999929086564032,9.999658326025306,1.0567514937879388,1.0567801074259682
25020257B2,2,8813,5487,16.001512978563508,16.001021218654262,16.002004738472753,2.499763619451871,2.4998404447690703,2.4996867988565312,4.227245791671395,4.227505623838162
25020257B2,3,2203,1371,64.02719122157207,64.01134816159782,64.04303428154631,0.6247345734966925,0.6248891977562989,0.6245800257394395,16.91090202541988,16.919273054704593
25020263B2,0,157885,82984,1.0,1.0,1.0,40.0,40.0,40.0,0.264186,0.264186
25020263B2,1,39471,20746,4.0000126675280585,4.000025335056117,4.0,9.999968331280146,9.99993666276087,10.0,1.0567506931671353,1.056744
25020263B2,2,9867,5186,16.00143006889431,16.001317523056652,16.00154261473197,2.4997765717051297,2.4997941539728283,2.4997589896847585,4.227324071146245,4.22738353721558
25020263B2,3,2466,1296,64.02780030638911,64.02473641524736,64.03086419753086,0.62472863051034,0.6247585267758179,0.6246987371059481,16.91443901459854,16.916057888888886
25020282B2,0,195034,87803,1.0,1.0,1.0,40.0,40.0,40.0,0.264186,0.264186
25020282B2,1,48758,21950,4.000088846584699,4.000041018909718,4.000136674259681,9.999777888471716,9.999897453777288,9.999658326025306,1.0567548366216826,1.0567801074259682
25020282B2,2,12189,5487,16.001412575159748,16.000820411846746,16.002004738472753,2.4997793046155907,2.499871817221613,2.4996867988565312,4.227192741324144,4.227505623838162
25020282B2,3,3047,1371,64.02578363240427,64.00853298326223,64.04303428154631,0.6247483081137251,0.6249166811940482,0.6245800257394395,16.910158294716112,16.919273054704593
25020291B2,0,124551,87803,1.0,1.0,1.0,40.0,40.0,40.0,0.264186,0.264186
25020291B2,1,31137,21950,4.00011651132774,4.000096348395799,4.000136674259681,9.999708730164707,9.999759134812246,9.999658326025306,1.0567694538972925,1.0567801074259682
25020291B2,2,7784,5487,16.001452009524144,16.00089928057554,16.002004738472753,2.4997731440991604,2.4998594953071436,2.4996867988565312,4.227213577338129,4.227505623838162
25020291B2,3,1946,1371,64.02331570192423,64.00359712230215,64.04303428154631,0.6247723905183153,0.6249648738267859,0.6245800257394395,16.908854309352517,16.919273054704593
25020573B3,0,144029,87803,1.0,1.0,1.0,40.0,40.0,40.0,0.264186,0.264186
25020573B3,1,36007,21950,4.000082223318637,4.000027772377593,4.000136674259681,9.99979444592874,9.99993056953808,9.999658326025306,1.0567513370733468,1.0567801074259682
25020573B3,2,9001,5487,16.0017245112206,16.001444283968446,16.002004738472753,2.4997305741610236,2.4997743509987576,2.4996867988565312,4.227357559604488,4.227505623838162
25020573B3,3,2250,1371,64.02796158521761,64.0128888888889,64.04303428154631,0.6247270568931396,0.6248741572877684,0.6245800257394395,16.911309064,16.919273054704593
25020714B2,0,170937,82180,1.0,1.0,1.0,40.0,40.0,40.0,0.264186,0.264186
25020714B2,1,42734,20545,4.000011700285487,4.000023400570974,4.0,9.999970749371842,9.999941498914804,10.0,1.0567501821032432,1.056744
25020714B2,2,10683,5136,16.000810638091266,16.00084245998315,16.00077881619938,2.49987334421524,2.499868372558311,2.4998783158919444,4.227198566133108,4.227181752336449
25020714B2,3,2670,1284,64.01223178970213,64.02134831460674,64.00311526479751,0.6248805717540212,0.6247915898839924,0.6249695789729861,16.913543925842696,16.908727009345796
25020717B2,0,141619,87803,1.0,1.0,1.0,40.0,40.0,40.0,0.264186,0.264186
25020717B2,1,35404,21950,4.000110705223841,4.000084736188001,4.000136674259681,9.999723244599963,9.99978816401754,9.999658326025306,1.0567663861145633,1.0567801074259682
25020717B2,2,8851,5487,16.00117184161238,16.000338944752006,16.002004738472753,2.4998169131573644,2.499947041004385,2.4996867988565312,4.227065544458253,4.227505623838162
25020717B2,3,2212,1371,64.03304516970624,64.02305605786619,64.04303428154631,0.6246774598020184,0.6247749242686362,0.6245800257394395,16.913995087703434,16.919273054704593
25020760B3,0,147844,87803,1.0,1.0,1.0,40.0,40.0,40.0,0.264186,0.264186
25020760B3,1,36961,21950,4.000068337129841,4.0,4.000136674259681,9.999829160094075,10.0,9.999658326025306,1.056744,1.0567801074259682
25020760B3,2,9240,5487,16.001218819452827,16.0004329004329,16.002004738472753,2.4998095739664303,2.499932361137415,2.4996867988565312,4.227090366233766,4.227505623838162
25020760B3,3,2310,1371,64.02238294163897,64.0017316017316,64.04303428154631,0.6247814930047652,0.6249830902843537,0.6245800257394395,16.908361464935066,16.919273054704593
25021120B4,0,132583,87803,1.0,1.0,1.0,40.0,40.0,40.0,0.264186,0.264186
25021120B4,1,33145,21950,4.0001135928245155,4.00009051138935,4.000136674259681,9.999716026003064,9.999773726646705,9.999658326025306,1.0567679118419067,1.0567801074259682
25021120B4,2,8286,5487,16.00142476846399,16.000844798455226,16.002004738472753,2.499777399749615,2.4998680072105772,2.4996867988565312,4.227199183924692,4.227505623838162
25021120B4,3,2071,1371,64.03093288196098,64.01883148237566,64.04303428154631,0.6246980670067505,0.6248161529004473,0.6245800257394395,16.912879014002893,16.919273054704593
25021164B2,0,145435,87803,1.0,1.0,1.0,40.0,40.0,40.0,0.264186,0.264186
25021164B2,1,36358,21950,4.0001095935245825,4.000082512789483,4.000136674259681,9.99972602369505,9.99979372228143,9.999658326025306,1.0567657987238022,1.0567801074259682
25021164B2,2,9089,5487,16.001607496313063,16.00121025415337,16.002004738472753,2.499748853933357,2.4998109120913123,2.4996867988565312,4.227295732203762,4.227505623838162
25021164B2,3,2272,1371,64.0274590421816,64.0118838028169,64.04303428154631,0.6247319602929706,0.6248839687833053,0.6245800257394395,16.911043534330982,16.919273054704593
25021171B2,0,96839,81377,1.0,1.0,1.0,40.0,40.0,40.0,0.264186,0.264186
25021171B2,1,24209,20344,4.00008653769888,4.00012392085588,4.0000491545418795,9.999783660433183,9.99969020745774,9.999877115155389,1.0567767381552313,1.056756985941801
25021171B2,2,6052,5086,16.000676630299886,16.001156642432253,16.000196618167518,2.4998942809864357,2.4998192876836813,2.4999692787888472,4.227281568737607,4.227027943767204
25021171B2,3,1513,1271,64.0152951888771,64.00462656972901,64.02596380802518,0.6248506686094317,0.6249548219209203,0.6247465500079875,16.909126274950427,16.91476327458694
25021197B2,0,138206,87803,1.0,1.0,1.0,40.0,40.0,40.0,0.264186,0.264186
25021197B2,1,34551,21950,4.000097279852193,4.000057885444705,4.000136674259681,9.99975680628398,9.99985528848241,9.999658326025306,1.0567592925240947,1.0567801074259682
25021197B2,2,8637,5487,16.001812835833576,16.001620933194395,16.002004738472753,2.4997167764908617,2.4997467548442183,2.4996867988565312,4.227404227856894,4.227505623838162
25021197B2,3,2159,1371,64.0284648017273,64.0138953219083,64.04303428154631,0.6247221469992347,0.6248643329522596,0.6245800257394395,16.911574949513664,16.919273054704593
25021260B2,0,144230,87803,1.0,1.0,1.0,40.0,40.0,40.0,0.264186,0.264186
25021260B2,1,36057,21950,4.000096070995664,4.000055467731647,4.000136674259681,9.999759828279226,9.999861332593774,9.999658326025306,1.0567586537981528,1.0567801074259682
25021260B2,2,9014,5487,16.001335184856522,16.00066563124029,16.002004738472753,2.499791394774077,2.4998959994453305,2.4996867988565312,4.227151850454847,4.227505623838162
25021260B2,3,2253,1371,64.0299503409507,64.01686640035508,64.04303428154631,0.624707653012465,0.6248353324551064,0.6245800257394395,16.912359866844206,16.919273054704593
25021291B2,0,141619,84992,1.0,1.0,1.0,40.0,40.0,40.0,0.264186,0.264186
25021291B2,1,35404,21248,4.000042368094,4.000084736188001,4.0,9.999894080886897,9.99978816401754,10.0,1.0567663861145633,1.056744
25021291B2,2,8851,5312,16.000169472376,16.000338944752006,16.0,2.499973520221724,2.499947041004385,2.5,4.227065544458253,4.226976
25021291B2,3,2212,1328,64.0115280289331,64.02305605786619,64.0,0.6248874418670348,0.6247749242686362,0.625,16.913995087703434,16.907904
25021419B1,0,186399,84188,1.0,1.0,1.0,40.0,40.0,40.0,0.264186,0.264186
25021419B1,1,46599,21047,4.000032189531964,4.000064379063929,4.0,9.999919526817688,9.99983905493055,10.0,1.056761008047383,1.056744
25021419B1,2,11649,5261,16.001784299680303,16.001287664177184,16.002280935183425,2.499721234262554,2.49979881866319,2.499643654677626,4.2273161828483135,4.227578591142368
25021419B1,3,2912,1315,64.0159691900305,64.0106456043956,64.0212927756654,0.6248440897811071,0.624896056309315,0.6247921318952819,16.910716419642856,16.91352925323194
25021474B,0,121137,87803,1.0,1.0,1.0,40.0,40.0,40.0,0.264186,0.264186
25021474B,1,30284,21950,4.000084847498352,4.000033020737023,4.000136674259681,9.999787885753461,9.999917448838918,9.999658326025306,1.0567527236164311,1.0567801074259682
25021474B,2,7571,5487,16.001068410710424,16.00013208294809,16.002004738472753,2.499833071973227,2.4999793622097295,2.4996867988565312,4.2270108944657245,4.227505623838162
25021474B,3,1892,1371,64.03446640081543,64.02589852008457,64.04303428154631,0.6246635952211297,0.6247471870691861,0.6245800257394395,16.91474602642706,16.919273054704593
25021481B2,0,112301,79369,1.0,1.0,1.0,40.0,40.0,40.0,0.264186,0.264186
25021481B2,1,28075,19842,4.0000430085116765,4.000035618878005,4.000050398145349,9.999892479876879,9.99991095359792,9.999874006224092,1.0567534100089047,1.056757314484427
25021481B2,2,7018,4960,16.00183344786218,16.001852379595327,16.00181451612903,2.499713556595225,2.4997105991932393,2.4997165140042084,4.227465372755771,4.227455369758064
25021481B2,3,1754,1240,64.01645685437893,64.02565564424174,64.00725806451612,0.6248393298459141,0.6247495569941496,0.6249291285010521,16.914681862029646,16.909821479032257
25021538B2,0,135997,87803,1.0,1.0,1.0,40.0,40.0,40.0,0.264186,0.264186
25021538B2,1,33999,21950,4.000083043444732,4.000029412629783,4.000136674259681,9.999792395698213,9.999926468966226,9.999658326025306,1.0567517704050118,1.0567801074259682
25021538B2,2,8499,5487,16.001767165094712,16.00152959171667,16.002004738472753,2.4997239109473846,2.4997610241402386,2.4996867988565312,4.22738009671726,4.227505623838162
25021538B2,3,2124,1371,64.03587683945489,64.02871939736346,64.04303428154631,0.6246498365327999,0.6247196629337413,0.6245800257394395,16.91549126271186,16.919273054704593
25021554B2,0,133788,87803,1.0,1.0,1.0,40.0,40.0,40.0,0.264186,0.264186
25021554B2,1,33447,21950,4.000068337129841,4.0,4.000136674259681,9.999829160094075,10.0,9.999658326025306,1.056744,1.0567801074259682
25021554B2,2,8361,5487,16.001719986746245,16.001435235019734,16.002004738472753,2.4997312809579735,2.499775764642569,2.4996867988565312,4.2273551689989235,4.227505623838162
25021554B2,3,2090,1371,64.02821570536645,64.0133971291866,64.04303428154631,0.6247245774279393,0.6248691960414985,0.6245800257394395,16.911443333971288,16.919273054704593
25021575B4,0,99651,55875,1.0,1.0,1.0,40.0,40.0,40.0,0.264186,0.264186
25021575B4,1,24912,13968,4.000167600262201,4.0001204238921,4.000214776632302,9.999581016899917,9.999698949333172,9.999463087248323,1.0567758143063581,1.0568007409793814
25021575B4,2,6228,3492,16.000670401048804,16.0004816955684,16.00085910652921,2.4998952542249793,2.499924737333293,2.4998657718120807,4.227103257225433,4.2272029639175255
25021622B4,0,106478,70333,1.0,1.0,1.0,40.0,40.0,40.0,0.264186,0.264186
25021622B4,1,26619,17583,4.000066003709322,4.000075134302566,4.000056873116078,9.999834993449456,9.999812167771745,9.999857819231371,1.0567638494308578,1.0567590250810441
25021622B4,2,6654,4395,16.0025309521538,16.00210399759543,16.002957906712172,2.4996046012719226,2.499671293600556,2.499537912501955,4.227531846708746,4.227757437542661
25021622B4,3,1663,1098,64.04160820471705,64.02766085387853,64.05555555555556,0.6245939338708512,0.6247299911718853,0.6244579358196011,16.91521161034275,16.922580999999997
25021640B3,0,141418,87803,1.0,1.0,1.0,40.0,40.0,40.0,0.264186,0.264186
25021640B3,1,35354,21950,4.000096622472376,4.000056570685071,4.000136674259681,9.999758449653857,9.999858575287448,9.999658326025306,1.056758945183006,1.0567801074259682
25021640B3,2,8838,5487,16.00156810809132,16.00113147770989,16.002004738472753,2.4997550071216885,2.499823219109307,2.4996867988565312,4.227274920570265,4.227505623838162
25021640B3,3,2209,1371,64.0310237048293,64.01901312811226,64.04303428154631,0.6246971809226776,0.6248143800647725,0.6245800257394395,16.912927002263466,16.919273054704593
25021658B3,0,138206,74951,1.0,1.0,1.0,40.0,40.0,40.0,0.264186,0.264186
25021658B3,1,34551,18737,4.000108998227503,4.000057885444705,4.000160111010301,9.999727511856422,9.99985528848241,9.999599738495817,1.0567592925240947,1.056786299087367
25021658B3,2,8637,4684,16.00155769119156,16.001620933194395,16.001494449188726,2.4997566344443425,2.4997467548442183,2.4997665141225602,4.227404227856894,4.227370812553373
25021658B3,3,2159,1171,64.0099365593316,64.0138953219083,64.0059777967549,0.6249029783512362,0.6248643329522596,0.6249416285306401,16.911574949513664,16.90948325021349
25021662B2,0,175957,87803,1.0,1.0,1.0,40.0,40.0,40.0,0.264186,0.264186
25021662B2,1,43989,21950,4.000079703607824,4.0000227329559666,4.000136674259681,9.999800744950777,9.999943167933074,9.999658326025306,1.056750005728705,1.0567801074259682
25021662B2,2,10997,5487,16.00122970396403,16.000454669455305,16.002004738472753,2.499807873521789,2.4999289599163435,2.4996867988565312,4.227096117304719,4.227505623838162
25021662B2,3,2749,1371,64.02533671152617,64.007639141506,64.04303428154631,0.6247526690913755,0.6249254079121603,0.6245800257394395,16.909922154237904,16.919273054704593
25021667B2,0,138406,82180,1.0,1.0,1.0,40.0,40.0,40.0,0.264186,0.264186
25021667B2,1,34601,20545,4.000028900898818,4.000057801797636,4.0,9.99992774827499,9.999855497594034,10.0,1.0567592704257103,1.056744
25021667B2,2,8650,5136,16.000736228908938,16.000693641618497,16.00077881619938,2.499884969526026,2.499891623195526,2.4998783158919444,4.227159250404624,4.227181752336449
25021667B2,3,2162,1284,64.01034579151069,64.01757631822386,64.00311526479751,0.6248989832094449,0.6248284033929166,0.6249695789729861,16.912547417206287,16.908727009345796
25021668B2,0,114912,85996,1.0,1.0,1.0,40.0,40.0,40.0,0.264186,0.264186
25021668B2,1,28728,21499,4.0,4.0,4.0,10.0,10.0,10.0,1.056744,1.056744
25021668B2,2,7182,5374,16.00111648678824,16.0,16.00223297357648,2.499825561111757,2.5,2.4996511465649567,4.226976,4.227565920357275
25021668B2,3,1795,1343,64.02529488506379,64.01782729805014,64.03276247207744,0.6247530772299722,0.6248259537733222,0.6246802176845435,16.91261372256267,16.91655938644825
25021893B2,0,140615,83184,1.0,1.0,1.0,40.0,40.0,40.0,0.264186,0.264186
25021893B2,1,35153,20796,4.000042670611327,4.000085341222655,4.0,9.999893324609658,9.999786651495219,10.0,1.0567665459562483,1.056744
25021893B2,2,8788,5199,16.000398270368684,16.00079654073737,16.0,2.499937771803871,2.4998755467055433,2.5,4.227186434911242,4.226976
25021893B2,3,2197,1299,64.0200688320521,64.00318616294948,64.03695150115473,0.6248040767487228,0.6249688866763858,0.6246393537218696,16.908745739644967,16.917666069284063
25021894B2,0,134792,81980,1.0,1.0,1.0,40.0,40.0,40.0,0.264186,0.264186
25021894B2,1,33698,20495,4.0,4.0,4.0,10.0,10.0,10.0,1.056744,1.056744
25021894B2,2,8424,5123,16.001646022564756,16.000949667616336,16.002342377513177,2.4997428354304247,2.499851623241735,2.499634057087094,4.227226888888889,4.2275948233456955
25021894B2,3,2106,1280,64.02533683523268,64.00379867046534,64.046875,0.62475266788426,0.6249629058104338,0.624542571358868,16.908907555555555,16.92028771875
25021894B3,0,113707,87803,1.0,1.0,1.0,40.0,40.0,40.0,0.264186,0.264186
25021894B3,1,28426,21950,4.000121105721975,4.000105537184268,4.000136674259681,9.999697244861407,9.999736164000456,9.999658326025306,1.056771881446563,1.0567801074259682
25021894B3,2,7106,5487,16.001776363044428,16.0015479876161,16.002004738472753,2.499722474085982,2.4997581503337525,2.4996867988565312,4.227384956656347,4.227505623838162
25021894B3,3,1776,1371,64.03362299662902,64.02421171171171,64.04303428154631,0.624671822834478,0.6247636469170763,0.6245800257394395,16.91430039527027,16.919273054704593
25021901B2,0,134993,86197,1.0,1.0,1.0,40.0,40.0,40.0,0.264186,0.264186
25021901B2,1,33748,21549,4.000038018625633,4.000029631385564,4.000046405865701,9.999904954339295,9.999925922084849,9.999883986681672,1.0567518281972266,1.056756259780036
25021901B2,2,8437,5387,16.000523342964186,16.000118525542256,16.000928160386113,2.4999182303364447,2.499981480521212,2.499854983352089,4.227007312788906,4.227221206979765
25021901B2,3,2109,1346,64.02371831047438,64.00806069227121,64.03937592867756,0.6247684616820504,0.6249212922151519,0.6246157058830354,16.910033522048362,16.91830656909361
25021911B2,0,141418,87803,1.0,1.0,1.0,40.0,40.0,40.0,0.264186,0.264186
25021911B2,1,35354,21950,4.000096622472376,4.000056570685071,4.000136674259681,9.999758449653857,9.999858575287448,9.999658326025306,1.056758945183006,1.0567801074259682
25021911B2,2,8838,5487,16.00156810809132,16.00113147770989,16.002004738472753,2.4997550071216885,2.499823219109307,2.4996867988565312,4.227274920570265,4.227505623838162
25021911B2,3,2209,1371,64.0310237048293,64.01901312811226,64.04303428154631,0.6246971809226776,0.6248143800647725,0.6245800257394395,16.912927002263466,16.919273054704593
25021918B4,0,144029,85795,1.0,1.0,1.0,40.0,40.0,40.0,0.264186,0.264186
25021918B4,1,36007,21448,4.0000838227796205,4.000027772377593,4.000139873181649,9.999790447442269,9.99993056953808,9.999650329273267,1.0567513370733468,1.056780952536367
25021918B4,2,9001,5362,16.00100188834752,16.001444283968446,16.000559492726595,2.4998434647476278,2.4997743509987576,2.499912582318317,4.227357559604488,4.227123810145468
25021918B4,3,2250,1340,64.01950414593699,64.0128888888889,64.02611940298507,0.6248095878533699,0.6248741572877684,0.6247450317617577,16.911309064,16.914804380597012
25021973B2,0,132382,84389,1.0,1.0,1.0,40.0,40.0,40.0,0.264186,0.264186
25021973B2,1,33095,21097,4.00005391609686,4.000060432089439,4.00004740010428,9.999865211574667,9.999848922058892,9.999881501143514,1.0567599653119806,1.0567565224439492
25021973B2,2,8273,5274,16.00132014946346,16.001692251903783,16.000948047023133,2.4997937436644087,2.499735613603058,2.499851876429392,4.2274230692614525,4.227226460750853
25021973B2,3,2068,1318,64.02128980372935,64.01450676982591,64.02807283763278,0.6247921608987942,0.6248583644302096,0.624725971394376,16.91173648549323,16.915320450682852
25022019B2,0,96638,65714,1.0,1.0,1.0,40.0,40.0,40.0,0.264186,0.264186
25022019B2,1,24159,16428,4.000102264124234,4.00008278488348,4.0001217433649865,9.999744346225468,9.999793042074547,9.999695650850656,1.056765870607227,1.0567761628926222
25022019B2,2,6039,4107,16.001402619036647,16.002318264613347,16.000486973459946,2.499780859986146,2.4996378236304557,2.499923912712664,4.227588453055142,4.227104651570489
25022019B2,3,1509,1026,64.04490987796419,64.04108681245859,64.04873294346979,0.6245617345112812,0.6245990190194333,0.6245244544541498,16.91875856063618,16.92077856140351
25022038B2,0,106478,64911,1.0,1.0,1.0,40.0,40.0,40.0,0.264186,0.264186
25022038B2,1,26619,16227,4.000130005679662,4.000075134302566,4.000184877056757,9.999674996363925,9.999812167771745,9.999537828719324,1.0567638494308578,1.0567928419301162
25022038B2,2,6654,4056,16.00290111122375,16.00210399759543,16.00369822485207,2.4995467835482477,2.499671293600556,2.4994222858991546,4.227531846708746,4.227953019230768
25022262B2,0,145033,76156,1.0,1.0,1.0,40.0,40.0,40.0,0.264186,0.264186
25022262B2,1,36258,19039,4.000013790060125,4.000027580120249,4.0,9.999965524968541,9.999931050174789,10.0,1.056751286281648,1.056744
25022262B2,2,9064,4759,16.001757238619,16.000992939099735,16.002521538138264,2.4997254616176217,2.499844862893273,2.4996060717474657,4.227238320609002,4.227642155074595
25022262B2,3,2266,1189,64.0272171649951,64.00397175639894,64.05046257359125,0.6247343203581986,0.6249612157233182,0.6245075896843322,16.90895328243601,16.921235505466775
25022278B2,0,131981,64911,1.0,1.0,1.0,40.0,40.0,40.0,0.264186,0.264186
25022278B2,1,32995,16227,4.000107592339562,4.000030307622367,4.000184877056757,9.99973102638597,9.999924231518172,9.999537828719324,1.0567520068495226,1.0567928419301162
25022278B2,2,8248,4056,16.002637182261147,16.001576139670224,16.00369822485207,2.499588008177791,2.4997537524340623,2.4994222858991546,4.227392394034918,4.227953019230768
25022330B2,0,149451,79971,1.0,1.0,1.0,40.0,40.0,40.0,0.264186,0.264186
25022330B2,1,37362,19992,4.000115177755701,4.000080295487393,4.000150060024009,9.999712063901706,9.999799265311038,9.999624864013205,1.0567652129436325,1.0567836437575029
25022330B2,2,9340,4998,16.00088898514438,16.00117773019272,16.000600240096038,2.499861103788483,2.499815993201785,2.499906216003301,4.227287139828693,4.2271345750300116
25022330B2,3,2335,1249,64.0163666693526,64.00471092077088,64.02802241793435,0.6248402101075462,0.6249539983004463,0.6247264633429618,16.909148559314772,16.915307130504402
25022343B3,0,130173,85192,1.0,1.0,1.0,40.0,40.0,40.0,0.264186,0.264186
25022343B3,1,32543,21298,4.0000153642872505,4.000030728574502,4.0,9.999961589429411,9.999923179153894,10.0,1.0567521180591832,1.056744
25022343B3,2,8135,5324,16.001550331395862,16.00159803318992,16.001502629601802,2.49975778418907,2.499750332250159,2.4997652361724105,4.227398177996312,4.227372973703981
25022343B3,3,2033,1331,64.01800771862318,64.03000491883915,64.00601051840721,0.6248241928397873,0.6247071205242255,0.6249413090431026,16.91583087948844,16.909491894815925
25022354B2,0,148447,87803,1.0,1.0,1.0,40.0,40.0,40.0,0.264186,0.264186
25022354B2,1,37111,21950,4.0001087564125335,4.000080838565385,4.000136674259681,9.999728116360938,9.999797907670752,9.999658326025306,1.0567653564172346,1.0567801074259682
25022354B2,2,9277,5487,16.001810820244245,16.001616902015737,16.002004738472753,2.4997170913553806,2.499747384588439,2.4996867988565312,4.227403162875929,4.227505623838162
25022354B2,3,2319,1371,64.02820105625398,64.01336783096163,64.04303428154631,0.6247247203596545,0.62486948203736,0.6245800257394395,16.911435593790426,16.919273054704593
25022406B2,0,132382,68124,1.0,1.0,1.0,40.0,40.0,40.0,0.264186,0.264186
25022406B2,1,33095,17031,4.00003021604472,4.000060432089439,4.0,9.999924460458827,9.999848922058892,10.0,1.0567599653119806,1.056744
25022406B2,2,8273,4257,16.002255569221802,16.001692251903783,16.002818886539817,2.499647616985611,2.499735613603058,2.4995596265633258,4.2274230692614525,4.227720710359407
25022406B2,3,2068,1064,64.0204112796498,64.01450676982591,64.02631578947368,0.6248007346481202,0.6248583644302096,0.6247431154952733,16.91173648549323,16.914856263157894
25023016B6,0,146840,83787,1.0,1.0,1.0,40.0,40.0,40.0,0.264186,0.264186
25023016B6,1,36710,20946,4.000071612718418,4.0,4.000143225436838,9.999820971409136,10.0,9.999641949228401,1.056744,1.0567818381552563
25023016B6,2,9177,5236,16.001486292457486,16.000871744578838,16.002100840336134,2.499767788374417,2.499863797330428,2.4996717867927005,4.227206302713305,4.227531012605041
25023016B6,3,2294,1309,64.00943271816138,64.01046207497821,64.00840336134453,0.624907897186391,0.6248978479978208,0.6249179466981751,16.910667933740193,16.910124050420166
25023184B2,0,171540,87803,1.0,1.0,1.0,40.0,40.0,40.0,0.264186,0.264186
25023184B2,1,42885,21950,4.000068337129841,4.0,4.000136674259681,9.999829160094075,10.0,9.999658326025306,1.056744,1.0567801074259682
25023184B2,2,10721,5487,16.001188918998526,16.0003730995243,16.002004738472753,2.4998142452094427,2.499941704558703,2.4996867988565312,4.227074567670926,4.227505623838162
25023184B2,3,2680,1371,64.02524848405673,64.00746268656717,64.04303428154631,0.6247535300071598,0.6249271306983794,0.6245800257394395,16.909875537313432,16.919273054704593
25023573B,0,124350,87803,1.0,1.0,1.0,40.0,40.0,40.0,0.264186,0.264186
25023573B,1,31087,21950,4.000100504917018,4.000064335574356,4.000136674259681,9.99974874402057,9.999839163650986,9.999658326025306,1.0567609965580467,1.0567801074259682
25023573B,2,7771,5487,16.001903154206136,16.00180156993952,16.002004738472753,2.4997026675221385,2.499718536389224,2.4996867988565312,4.227451949556042,4.227505623838162
25023573B,3,1942,1371,64.03748006559293,64.03192584963955,64.04303428154631,0.62463419795764,0.6246883795737836,0.6245800257394395,16.91633836251287,16.919273054704593
25023590B3,0,124952,87803,1.0,1.0,1.0,40.0,40.0,40.0,0.264186,0.264186
25023590B3,1,31238,21950,4.000068337129841,4.0,4.000136674259681,9.999829160094075,10.0,9.999658326025306,1.056744,1.0567801074259682
25023590B3,2,7809,5487,16.001514598715183,16.001024458957612,16.002004738472753,2.4997633663510666,2.499839938536398,2.4996867988565312,4.227246647714176,4.227505623838162
25023590B3,3,1952,1371,64.02766468175676,64.01229508196721,64.04303428154631,0.624729953822556,0.6248799539022986,0.6245800257394395,16.91115218852459,16.919273054704593
25023590B4,0,114510,73144,1.0,1.0,1.0,40.0,40.0,40.0,0.264186,0.264186
25023590B4,1,28627,18286,4.000034932057149,4.000069864114297,4.0,9.999912670619777,9.999825342764826,10.0,1.0567624571208996,1.056744
25023590B4,2,7156,4571,16.001853282150734,16.001956400223587,16.001750164077883,2.4997104582016134,2.499694349838442,2.4997265667723942,4.227492853549468,4.227438368847079
25023590B4,3,1789,1142,64.02843118923877,64.00782560089435,64.04903677758318,0.6247224749545758,0.6249235874596105,0.6245214918516898,16.909971414197873,16.92085883012259
25023687B2,0,121739,87803,1.0,1.0,1.0,40.0,40.0,40.0,0.264186,0.264186
25023687B2,1,30434,21950,4.000117624111506,4.000098573963331,4.000136674259681,9.999705948368126,9.99975357116454,9.999658326025306,1.0567700418610764,1.0567801074259682
25023687B2,2,7608,5487,16.001725292475072,16.00144584647739,16.002004738472753,2.4997304521163284,2.499774106900829,2.4996867988565312,4.227357972397476,4.227505623838162
25023687B2,3,1902,1371,64.02440883372793,64.00578338590957,64.04303428154631,0.6247617233589836,0.6249435267252073,0.6245800257394395,16.909431889589904,16.919273054704593
25023690B3,0,123346,82984,1.0,1.0,1.0,40.0,40.0,40.0,0.264186,0.264186
25023690B3,1,30836,20746,4.000032429627708,4.000064859255415,4.0,9.999918926588027,9.999837854490622,10.0,1.056761134907251,1.056744
25023690B3,2,7709,5186,16.000901025876814,16.00025943702166,16.00154261473197,2.499859222634501,2.4999594636226554,2.4997589896847585,4.227044539629004,4.22738353721558
25023690B3,3,1927,1296,64.02010257100207,64.00934094447328,64.03086419753086,0.6248037474735009,0.6249087931509736,0.6246987371059481,16.910371746756617,16.916057888888886
25023814B,0,156077,87803,1.0,1.0,1.0,40.0,40.0,40.0,0.264186,0.264186
25023814B,1,39019,21950,4.000081151399812,4.000025628539942,4.000136674259681,9.999797125616356,9.999935929060657,9.999658326025306,1.056750770701453,1.0567801074259682
25023814B,2,9754,5487,16.00166876251093,16.001332786549106,16.002004738472753,2.499739283049834,2.4997917694471323,2.4996867988565312,4.227328103547261,4.227505623838162
25023814B,3,2438,1371,64.03074601690113,64.01845775225594,64.04303428154631,0.6246998901034491,0.6248198004830949,0.6245800257394395,16.912780279737486,16.919273054704593
25023869B3,0,130374,87803,1.0,1.0,1.0,40.0,40.0,40.0,0.264186,0.264186
25023869B3,1,32593,21950,4.000099018564505,4.000061362869328,4.000136674259681,9.999752459716508,9.99984659518002,9.999658326025306,1.0567602112109962,1.0567801074259682
25023869B3,2,8148,5487,16.001370557748896,16.00073637702504,16.002004738472753,2.4997858686941927,2.499884946385015,2.4996867988565312,4.227170540500737,4.227505623838162
25023869B3,3,2037,1371,64.02298989482324,64.00294550810015,64.04303428154631,0.6247755699274881,0.6249712365962538,0.6245800257394395,16.908682162002947,16.919273054704593
25023869B4,0,146840,87803,1.0,1.0,1.0,40.0,40.0,40.0,0.264186,0.264186
25023869B4,1,36710,21950,4.000068337129841,4.0,4.000136674259681,9.999829160094075,10.0,9.999658326025306,1.056744,1.0567801074259682
25023869B4,2,9177,5487,16.001438241525797,16.000871744578838,16.002004738472753,2.499775294960352,2.499863797330428,2.4996867988565312,4.227206302713305,4.227505623838162
25023869B4,3,2294,1371,64.02674817826227,64.01046207497821,64.04303428154631,0.6247388964473508,0.6248978479978208,0.6245800257394395,16.910667933740193,16.919273054704593
25023930B2,0,118727,87000,1.0,1.0,1.0,40.0,40.0,40.0,0.264186,0.264186
25023930B2,1,29681,21750,4.000050537380816,4.000101074761632,4.0,9.999873658144207,9.999747319480825,10.0,1.0567707025369766,1.056744
25023930B2,2,7420,5437,16.001207397947674,16.000943396226415,16.001471399668937,2.4998113583060255,2.4998526030304817,2.4997701149425287,4.2272252320754715,4.227364723192937
25023930B2,3,1855,1359,64.01071681452788,64.00377358490566,64.0176600441501,0.6248953611299287,0.6249631507576204,0.6248275862068966,16.908900928301886,16.912569536423838
25023934B2,0,131378,87803,1.0,1.0,1.0,40.0,40.0,40.0,0.264186,0.264186
25023934B2,1,32844,21950,4.000098784091234,4.000060893922787,4.000136674259681,9.9997530458707,9.999847767510541,9.999658326025306,1.0567600873218852,1.0567801074259682
25023934B2,2,8211,5487,16.00112415708195,16.000243575691147,16.002004738472753,2.499824362796183,2.4999619418776353,2.4996867988565312,4.227040349287541,4.227505623838162
25023934B2,3,2052,1371,64.03370037664061,64.0243664717349,64.04303428154631,0.6246710679645797,0.6247621367352221,0.6245800257394395,16.914341280701752,16.919273054704593
25023936B2,0,112703,87201,1.0,1.0,1.0,40.0,40.0,40.0,0.264186,0.264186
25023936B2,1,28175,21800,4.000076174466596,4.000106477373558,4.000045871559633,9.999809567460035,9.99973381365181,9.999885322416027,1.0567721298314108,1.0567561186238532
25023936B2,2,7043,5450,16.001156630241233,16.00212977424393,16.000183486238534,2.499819289588253,2.4996672670647633,2.499971330604007,4.227538656538407,4.227024474495413
25023936B2,3,1760,1362,64.03001226471767,64.03579545454545,64.02422907488987,0.6247070488543561,0.6246506304180013,0.6247634774830563,16.917360657954543,16.914304982378855
25023977B2,0,120334,87201,1.0,1.0,1.0,40.0,40.0,40.0,0.264186,0.264186
25023977B2,1,30083,21800,4.000056177145372,4.0000664827311105,4.000045871559633,9.999859559108963,9.999833795934649,9.999885322416027,1.056761563806801,1.0567561186238532
25023977B2,2,7520,5450,16.001022594183098,16.00186170212766,16.000183486238534,2.4998402298701414,2.499709142885635,2.499971330604007,4.227467835638297,4.227024474495413
25023977B2,3,1880,1362,64.01583794170025,64.00744680851064,64.02422907488987,0.624845370866321,0.6249272857214088,0.6247634774830563,16.90987134255319,16.914304982378855
25024142B2,0,127161,77963,1.0,1.0,1.0,40.0,40.0,40.0,0.264186,0.264186
25024142B2,1,31790,19490,4.000092690761315,4.000031456432841,4.00015392508979,9.999768278466323,9.999921359536335,9.999615202083039,1.0567523103491663,1.056784664853771
25024142B2,2,7947,4872,16.001695151251425,16.001132502831258,16.002257799671593,2.4997351606758844,2.4998230589567556,2.4996472685761195,4.2272751913929785,4.227572479064039
25024142B2,3,1986,1218,64.01886605251539,64.02870090634441,64.00903119868637,0.6248158155001926,0.6247198433481964,0.6249118171440299,16.915486377643504,16.910289916256158
25024243B2,0,158688,87803,1.0,1.0,1.0,40.0,40.0,40.0,0.264186,0.264186
25024243B2,1,39672,21950,4.000068337129841,4.0,4.000136674259681,9.999829160094075,10.0,9.999658326025306,1.056744,1.0567801074259682
25024243B2,2,9918,5487,16.001002369236375,16.0,16.002004738472753,2.4998433896181558,2.5,2.4996867988565312,4.226976,4.227505623838162
25024243B2,3,2479,1371,64.0279713561826,64.01290843081888,64.04303428154631,0.6247269615568971,0.6248739665255092,0.6245800257394395,16.911314226704317,16.919273054704593
25024302B4,0,101659,78767,1.0,1.0,1.0,40.0,40.0,40.0,0.264186,0.264186
25024302B4,1,25414,19691,4.000135199519601,4.000118045171953,4.000152353867249,9.99966201262493,9.999704895779026,9.999619129838637,1.0567751858817975,1.056784249758773
25024302B4,2,6353,4922,16.002389503549566,16.001731465449392,16.003047541649735,2.4996266958211093,2.4997294877974405,2.4995239122982977,4.227433428931213,4.227781117838276
25024302B4,3,1588,1230,64.02760695050276,64.01700251889169,64.03821138211381,0.6247305171177557,0.6248340038757021,0.6246270646336665,16.912395827455917,16.91799891219512
25024310B3,0,183588,81980,1.0,1.0,1.0,40.0,40.0,40.0,0.264186,0.264186
25024310B3,1,45897,20495,4.0,4.0,4.0,10.0,10.0,10.0,1.056744,1.056744
25024310B3,2,11474,5123,16.00134549588575,16.000348614258325,16.002342377513177,2.4997897839456535,2.499945530208946,2.499634057087094,4.227068099006449,4.2275948233456955
25024310B3,3,2868,1280,64.02971365062761,64.01255230125523,64.046875,0.6247099622880778,0.6248774429701288,0.624542571358868,16.911220142259413,16.92028771875
25024431B,0,123747,79570,1.0,1.0,1.0,40.0,40.0,40.0,0.264186,0.264186
25024431B,1,30936,19892,4.000098758665295,4.000096974398759,4.000100542931832,9.999753109432406,9.999757569880481,9.999748648988312,1.0567696192785105,1.0567705620349888
25024431B,2,7734,4973,16.00039503466118,16.000387897595036,16.000402171727327,2.4999382773581016,2.4999393924701203,2.499937162247078,4.227078477114042,4.227082248139955
25024431B,3,1933,1243,64.0162938321127,64.0181065700983,64.0144810941271,0.6248409210458646,0.6248232280378514,0.6248586150559257,16.912687502327987,16.911729702333062
25024688B2,0,118326,87803,1.0,1.0,1.0,40.0,40.0,40.0,0.264186,0.264186
25024688B2,1,29581,21950,4.00010214261309,4.000067610966499,4.000136674259681,9.999744649987804,9.99983097544073,9.999658326025306,1.0567618618707955,1.0567801074259682
25024688B2,2,7395,5487,16.00140804874956,16.00081135902637,16.002004738472753,2.499780011742518,2.499873231580549,2.4996867988565312,4.22719034969574,4.227505623838162
25024688B2,3,1848,1371,64.03612753038354,64.02922077922078,64.04303428154631,0.6246473911312174,0.6247147710562345,0.6245800257394395,16.91562372077922,16.919273054704593
25024698B4,0,134591,77963,1.0,1.0,1.0,40.0,40.0,40.0,0.264186,0.264186
25024698B4,1,33647,19490,4.000121543042413,4.000089160995037,4.00015392508979,9.999696151626631,9.999777102480849,9.999615202083039,1.0567675550866347,1.056784664853771
25024698B4,2,8411,4872,16.002020589290083,16.001783378908573,16.002257799671593,2.499684322789299,2.4997213781010617,2.4996472685761195,4.22744714374034,4.227572479064039
25024698B4,3,2102,1218,64.0195013272214,64.02997145575642,64.00903119868637,0.6248096153631206,0.6247074470061148,0.6249118171440299,16.915822039010465,16.910289916256158
25024709B2,0,145234,87803,1.0,1.0,1.0,40.0,40.0,40.0,0.264186,0.264186
25024709B2,1,36308,21950,4.000095879269314,4.000055084278947,4.000136674259681,9.999760307572098,9.99986229119903,9.999658326025306,1.0567585524953178,1.0567801074259682
25024709B2,2,9077,5487,16.00111253779427,16.00022033711579,16.002004738472753,2.499826178056113,2.4999655727997574,2.4996867988565312,4.227034209981271,4.227505623838162
25024709B2,3,2269,1371,64.02548364584146,64.00793301013663,64.04303428154631,0.624751235324687,0.6249225387994547,0.6245800257394395,16.909999790215952,16.919273054704593
25024732B2,0,119129,71738,1.0,1.0,1.0,40.0,40.0,40.0,0.264186,0.264186
25024732B2,1,29782,17934,4.000072548673216,4.000033577328588,4.000111520017843,9.99981863160647,9.999916057383173,9.999721207728122,1.0567528706601301,1.0567734620274338
25024732B2,2,7445,4483,16.001719757064485,16.001208865010074,16.002230649118893,2.4997313168380346,2.499811129112139,2.4996515096601524,4.2272953652115515,4.227565306268123
25024732B2,3,1861,1120,64.03260967605742,64.01343363782912,64.05178571428571,0.6246817083102033,0.6248688396612077,0.6244946890072207,16.911452979043524,16.921585060714285
25024855B3,0,129169,76759,1.0,1.0,1.0,40.0,40.0,40.0,0.264186,0.264186
25024855B3,1,32292,19189,4.000093653495909,4.000030967422272,4.000156339569545,9.99976587174196,9.999922582043679,9.999609166351828,1.0567521811594203,1.0567853027255198
25024855B3,2,8073,4797,16.000791557525385,16.000123869689087,16.001459245361684,2.4998763252551384,2.4999806455109197,2.4997720137052335,4.227008724637681,4.227361512195121
25024855B3,3,2018,1199,64.01380341728446,64.00842418235877,64.01918265221018,0.6248652300700436,0.6249177434214092,0.6248127255435845,16.910129551040633,16.912971788156796
25024878B3,0,154471,87803,1.0,1.0,1.0,40.0,40.0,40.0,0.264186,0.264186
25024878B3,1,38617,21950,4.000107180126449,4.000077685993215,4.000136674259681,9.999732056863422,9.999805788788835,9.999658326025306,1.0567645235518035,1.0567801074259682
25024878B3,2,9654,5487,16.00136491325958,16.000725088046405,16.002004738472753,2.499786750494883,2.49988671012682,2.4996867988565312,4.227167558110627,4.227505623838162
25024878B3,3,2413,1371,64.02959836746192,64.01616245337753,64.04303428154631,0.6247110870576209,0.6248422033909278,0.6245800257394395,16.912173893907994,16.919273054704593
25024982B2,0,143226,77963,1.0,1.0,1.0,40.0,40.0,40.0,0.264186,0.264186
25024982B2,1,35806,19490,4.000104890825071,4.000055856560353,4.00015392508979,9.999737779813445,9.999860360549063,9.999615202083039,1.0567587565212533,1.056784664853771
25024982B2,2,8951,4872,16.00168749664062,16.00111719360965,16.002257799671593,2.499736356456003,2.499825450686328,2.4996472685761195,4.227271146910959,4.227572479064039
25024982B2,3,2237,1218,64.01747939013443,64.02592758158248,64.00903119868637,0.624829349438027,0.6247469034951755,0.6249118171440299,16.914753704067948,16.910289916256158
25024983B2,0,136800,79971,1.0,1.0,1.0,40.0,40.0,40.0,0.264186,0.264186
25024983B2,1,34200,19992,4.000075030012004,4.0,4.000150060024009,9.999812428488363,10.0,9.999624864013205,1.056744,1.0567836437575029
25024983B2,2,8550,4998,16.000300120048017,16.0,16.000600240096038,2.499953107122091,2.5,2.499906216003301,4.226976,4.2271345750300116
25024983B2,3,2137,1249,64.02149834045991,64.01497426298549,64.02802241793435,0.6247901257681289,0.6248538011695907,0.6247264633429618,16.911859990641084,16.915307130504402
25025083B2,0,141418,80976,1.0,1.0,1.0,40.0,40.0,40.0,0.264186,0.264186
25025083B2,1,35354,20244,4.000028285342536,4.000056570685071,4.0,9.999929287143695,9.999858575287448,10.0,1.056758945183006,1.056744
25025083B2,2,8838,5061,16.000565738854945,16.00113147770989,16.0,2.4999116064293947,2.499823219109307,2.5,4.227274920570265,4.226976
25025083B2,3,2209,1265,64.01583067472808,64.01901312811226,64.01264822134388,0.6248454417977434,0.6248143800647725,0.6248765066192451,16.912927002263466,16.911245483003952
25025096B2,0,166720,86397,1.0,1.0,1.0,40.0,40.0,40.0,0.264186,0.264186
25025096B2,1,41680,21599,4.000023149219871,4.0,4.0000462984397425,9.99994212728525,10.0,9.999884255240344,1.056744,1.0567562313996017
25025096B2,2,10420,5399,16.001203926653083,16.0,16.002407853306167,2.4998119006140724,2.5,2.499623829531118,4.226976,4.227612121133543
25025096B2,3,2605,1349,64.02260934025205,64.0,64.04521868050408,0.6247792836342794,0.625,0.6245587231038114,16.907904,16.91985014232765
25025102B2,0,158688,87803,1.0,1.0,1.0,40.0,40.0,40.0,0.264186,0.264186
25025102B2,1,39672,21950,4.000068337129841,4.0,4.000136674259681,9.999829160094075,10.0,9.999658326025306,1.056744,1.0567801074259682
25025102B2,2,9918,5487,16.001002369236375,16.0,16.002004738472753,2.4998433896181558,2.5,2.4996867988565312,4.226976,4.227505623838162
25025102B2,3,2479,1371,64.0279713561826,64.01290843081888,64.04303428154631,0.6247269615568971,0.6248739665255092,0.6245800257394395,16.911314226704317,16.919273054704593
25025109B2,0,169532,81779,1.0,1.0,1.0,40.0,40.0,40.0,0.264186,0.264186
25025109B2,1,42383,20444,4.0000733711602425,4.0,4.000146742320485,9.999816575463912,10.0,9.99963315765661,1.056744,1.0567827672666796
25025109B2,2,10595,5111,16.000859789501753,16.001132609721566,16.00058696928194,2.499865665109084,2.499823042257509,2.4999082894141527,4.227275219631901,4.2271310690667185
25025109B2,3,2648,1277,64.0312979817217,64.0226586102719,64.0399373531715,0.624694505043742,0.6247788028218861,0.6246102300101493,16.913890087613293,16.918454889584964
25025240B,0,109490,70935,1.0,1.0,1.0,40.0,40.0,40.0,0.264186,0.264186
25025240B,1,27372,17733,4.000121121740223,4.000073067368113,4.000169176112333,9.999697204818212,9.99981733491643,9.999577077606258,1.0567633033757122,1.0567886939604128
25025240B,2,6843,4433,16.000935667783825,16.000292269472453,16.001579066095196,2.49985381045783,2.4999543337291077,2.4997532952703176,4.227053213502849,4.227393167155425
25025240B,3,1710,1108,64.02499894441277,64.02923976608187,64.02075812274369,0.6247559650056137,0.624714585806923,0.6247973496863325,16.915628736842105,16.91338800541516
25025245B2,0,140414,72542,1.0,1.0,1.0,40.0,40.0,40.0,0.264186,0.264186
25025245B2,1,35103,18135,4.000083629584279,4.000056975187306,4.000110283981252,9.999790930410404,9.999857564060564,9.999724297648259,1.0567590520468335,1.056773135483871
25025245B2,2,8775,4533,16.00234195199119,16.00159544159544,16.00308846238694,2.499634123555443,2.4997507371059866,2.499517520884453,4.227397493333333,4.227791928524156
25025245B2,3,2193,1133,64.02737507490937,64.02827177382581,64.02647837599294,0.6247327795837586,0.6247240303673424,0.6247415290452428,16.915373006839943,16.91489921624007
25025251B,0,147443,70333,1.0,1.0,1.0,40.0,40.0,40.0,0.264186,0.264186
25025251B,1,36860,17583,4.000069131077844,4.000081389039609,4.000056873116078,9.99982717529228,9.999796531541003,9.999857819231371,1.056765501844818,1.0567590250810441
25025251B,2,9215,4395,16.001641731435306,16.000325556158437,16.002957906712172,2.4997435057816473,2.499949132885251,2.499537912501955,4.227062007379272,4.227757437542661
25025251B,3,2303,1098,64.03885029188982,64.02214502822406,64.05555555555556,0.6246208327863405,0.6247838147623149,0.6244579358196011,16.9137544064264,16.922580999999997
25025262B2,0,137804,60694,1.0,1.0,1.0,40.0,40.0,40.0,0.264186,0.264186
25025262B2,1,34451,15173,4.00006590654452,4.0,4.000131813089039,9.999835236353452,10.0,9.999670478136226,1.056744,1.0567788231727409
25025262B2,2,8612,3793,16.00148763293764,16.001393404551788,16.00158186132349,2.499767578963318,2.4997822994978374,2.4997528586021684,4.227344117974918,4.227393905615608
25025297B,0,145033,87401,1.0,1.0,1.0,40.0,40.0,40.0,0.264186,0.264186
25025297B,1,36258,21850,4.000036673355319,4.000027580120249,4.000045766590389,9.99990831745228,9.999931050174789,9.999885584833127,1.056751286281648,1.0567560908924483
25025297B,2,9064,5462,16.00132034358868,16.000992939099735,16.001647748077627,2.4997937133373482,2.499844862893273,2.4997425658745325,4.227238320609002,4.227411311973635
25025297B,3,2266,1365,64.01700419321779,64.00397175639894,64.03003663003663,0.6248339875335459,0.6249612157233182,0.624706811134884,16.90895328243601,16.915839257142856
25025298B2,0,159491,87803,1.0,1.0,1.0,40.0,40.0,40.0,0.264186,0.264186
25025298B2,1,39872,21950,4.000105957515073,4.000075240770466,4.000136674259681,9.999735113229004,9.999811901612002,9.999658326025306,1.0567638775581862,1.0567801074259682
25025298B2,2,9968,5487,16.00115285077731,16.000300963081862,16.002004738472753,2.4998198800442597,2.4999529754030005,2.4996867988565312,4.227055510232745,4.227505623838162
25025298B2,3,2492,1371,64.02211906693688,64.00120385232745,64.04303428154631,0.6247840681152541,0.6249882438507501,0.6245800257394395,16.90822204093098,16.919273054704593
25025506B,0,137804,87803,1.0,1.0,1.0,40.0,40.0,40.0,0.264186,0.264186
25025506B,1,34451,21950,4.000068337129841,4.0,4.000136674259681,9.999829160094075,10.0,9.999658326025306,1.056744,1.0567801074259682
25025506B,2,8612,5487,16.00169907151227,16.001393404551788,16.002004738472753,2.4997345482650504,2.4997822994978374,2.4996867988565312,4.227344117974918,4.227505623838162
25025506B,3,2153,1371,64.02430394987672,64.00557361820715,64.04303428154631,0.6247627468361883,0.6249455748744593,0.6245800257394395,16.909376471899673,16.919273054704593
25025509B2,0,150053,84791,1.0,1.0,1.0,40.0,40.0,40.0,0.264186,0.264186
25025509B2,1,37513,21197,4.000084093443571,4.000026657425426,4.000141529461716,9.999789770810796,9.999933356880568,9.999646188864384,1.0567510425185935,1.0567813901023728
25025509B2,2,9378,5299,16.000927083342134,16.00053316272126,16.00132100396301,2.499855151620699,2.499916696100711,2.499793610170891,4.227116854126678,4.2273249907529715
25025509B2,3,2344,1324,64.02866288421683,64.01578498293516,64.04154078549848,0.6247202143254512,0.6248458877863154,0.6245945914071069,16.912074171501708,16.918878493957703
25025510B1,0,149250,87803,1.0,1.0,1.0,40.0,40.0,40.0,0.264186,0.264186
25025510B1,1,37312,21950,4.000095138159001,4.000053602058319,4.000136674259681,9.999762160259408,9.999865996649916,9.999658326025306,1.056758160913379,1.0567801074259682
25025510B1,2,9328,5487,16.001109573353013,16.000214408233276,16.002004738472753,2.4998266411857366,2.499966499162479,2.4996867988565312,4.227032643653516,4.227505623838162
25025510B1,3,2332,1371,64.02194595723971,64.0008576329331,64.04303428154631,0.6247857574762882,0.6249916247906198,0.6245800257394395,16.908130574614063,16.919273054704593
25025510B3,0,152061,87803,1.0,1.0,1.0,40.0,40.0,40.0,0.264186,0.264186
25025510B3,1,38015,21950,4.000081489832722,4.000026305405761,4.000136674259681,9.999796279568482,9.999934236918078,9.999658326025306,1.0567509495199263,1.0567801074259682
25025510B3,2,9503,5487,16.00168636376442,16.00136798905609,16.002004738472753,2.499736533430589,2.4997862699837565,2.4996867988565312,4.2273374035567715,4.227505623838162
25025510B3,3,2375,1371,64.03435924603632,64.02568421052632,64.04303428154631,0.6246646405300912,0.6247492782501759,0.6245800257394395,16.914689408842104,16.919273054704593
25025567B3,0,153065,87803,1.0,1.0,1.0,40.0,40.0,40.0,0.264186,0.264186
25025567B3,1,38266,21950,4.0000814035595695,4.000026132859458,4.000136674259681,9.99979649524258,9.999934668278183,9.999658326025306,1.0567509039356087,1.0567801074259682
25025567B3,2,9566,5487,16.001472785293245,16.000940832113738,16.002004738472753,2.499769898478564,2.49985300362591,2.4996867988565312,4.2272245546728,4.227505623838162
25025567B3,3,2391,1371,64.03009095925916,64.01714763697198,64.04303428154631,0.6247062810741759,0.6248325874628425,0.6245800257394395,16.91243416562108,16.919273054704593
25025570B2,0,157885,87803,1.0,1.0,1.0,40.0,40.0,40.0,0.264186,0.264186
25025570B2,1,39471,21950,4.000081004657899,4.000025335056117,4.000136674259681,9.999797492456267,9.99993666276087,9.999658326025306,1.0567506931671353,1.0567801074259682
25025570B2,2,9867,5487,16.001661130764703,16.001317523056652,16.002004738472753,2.499740475262048,2.4997941539728283,2.4996867988565312,4.227324071146245,4.227505623838162
25025570B2,3,2466,1371,64.03388534839684,64.02473641524736,64.04303428154631,0.624669263505833,0.6247585267758179,0.6245800257394395,16.91443901459854,16.919273054704593
25025575B2,0,173347,87803,1.0,1.0,1.0,40.0,40.0,40.0,0.264186,0.264186
25025575B2,1,43336,21950,4.000102950384409,4.0000692265091375,4.000136674259681,9.999742630663045,9.999826936722298,9.999658326025306,1.056762288674543,1.0567801074259682
25025575B2,2,10834,5487,16.00114082225465,16.00027690603655,16.002004738472753,2.4998217592315255,2.4999567341805746,2.4996867988565312,4.227049154698172,4.227505623838162
25025575B2,3,2708,1371,64.02797947459885,64.0129246676514,64.04303428154631,0.6247268823447534,0.6248738080266748,0.6245800257394395,16.91131851624815,16.919273054704593
25025602B2,0,176158,87803,1.0,1.0,1.0,40.0,40.0,40.0,0.264186,0.264186
25025602B2,1,44039,21950,4.000091044275779,4.000045414291877,4.000136674259681,9.999772394491098,9.999886465559328,9.999658326025306,1.0567559978201138,1.0567801074259682
25025602B2,2,11009,5487,16.001638212637232,16.001271686801708,16.002004738472753,2.499744055481154,2.499801314728823,2.4996867988565312,4.227311961849396,4.227505623838162
25025602B2,3,2752,1371,64.02696772216851,64.0109011627907,64.04303428154631,0.6247367542622282,0.6248935614618694,0.6245800257394395,16.910783934593024,16.919273054704593
25025675B2,0,133185,87803,1.0,1.0,1.0,40.0,40.0,40.0,0.264186,0.264186
25025675B2,1,33296,21950,4.000083353948678,4.000030033637675,4.000136674259681,9.999791619470638,9.99992491646957,9.999658326025306,1.0567519344666025,1.0567801074259682
25025675B2,2,8324,5487,16.001062436511724,16.0001201345507,16.002004738472753,2.499834005317469,2.4999812291173926,2.4996867988565312,4.22700773786641,4.227505623838162
25025675B2,3,2081,1371,64.02175740987455,64.0004805382028,64.04303428154631,0.624787597502447,0.6249953072793482,0.6245800257394395,16.90803095146564,16.919273054704593
25025788B2,0,169732,87803,1.0,1.0,1.0,40.0,40.0,40.0,0.264186,0.264186
25025788B2,1,42433,21950,4.000068337129841,4.0,4.000136674259681,9.999829160094075,10.0,9.999658326025306,1.056744,1.0567801074259682
25025788B2,2,10608,5487,16.00119090618962,16.000377073906485,16.002004738472753,2.4998139347570123,2.4999410835906017,2.4996867988565312,4.227075617647058,4.227505623838162
25025788B2,3,2652,1371,64.02227128858613,64.00150829562594,64.04303428154631,0.6247825826062374,0.6249852708976504,0.6245800257394395,16.908302470588232,16.919273054704593
25025953B2,0,168929,87401,1.0,1.0,1.0,40.0,40.0,40.0,0.264186,0.264186
25025953B2,1,42232,21850,4.00003472265871,4.000023678727032,4.000045766590389,9.999913194106758,9.999940803532846,9.999885584833127,1.0567502555881794,1.0567560908924483
25025953B2,2,10558,5462,16.000871231492876,16.000094714908126,16.001647748077627,2.4998638774913764,2.4999852008832115,2.4997425658745325,4.2270010223527175,4.227411311973635
25025953B2,3,2639,1365,64.02127068333965,64.01250473664267,64.03003663003663,0.6247923474972398,0.6248779072864932,0.624706811134884,16.911207576354677,16.915839257142856
25025960B2,0,129169,77763,1.0,1.0,1.0,40.0,40.0,40.0,0.264186,0.264186
25025960B2,1,32292,19440,4.000092644204964,4.000030967422272,4.000154320987654,9.99976839485181,9.999922582043679,9.999614212414643,1.0567521811594203,1.0567847694444443
25025960B2,2,8073,4860,16.000370576819854,16.000123869689087,16.000617283950618,2.4999420987129524,2.4999806455109197,2.499903553103661,4.227008724637681,4.227139077777777
25025960B2,3,2018,1215,64.00544665908062,64.00842418235877,64.00246913580247,0.6249468144962175,0.6249177434214092,0.6249758882759152,16.910129551040633,16.90855631111111
25026075B2,0,153266,71538,1.0,1.0,1.0,40.0,40.0,40.0,0.264186,0.264186
25026075B2,1,38316,17884,4.000082014660181,4.000052197515398,4.000111831804966,9.999794967553463,9.999869507914346,9.999720428303837,1.0567577898528029,1.0567735443972266
25026075B2,2,9579,4471,16.000328058640726,16.000208790061592,16.000447327219863,2.4999487418883657,2.4999673769785864,2.499930107075959,4.2270311594112115,4.227094177588906
25026075B2,3,2394,1117,64.03282415229359,64.02088554720133,64.04476275738585,0.6246796159554872,0.6247961061161641,0.6245631692247477,16.91342166917293,16.919729693822738
25026081B2,0,166118,87803,1.0,1.0,1.0,40.0,40.0,40.0,0.264186,0.264186
25026081B2,1,41529,21950,4.0000924166887035,4.000048159117725,4.000136674259681,9.999768963616146,9.999879603655234,9.999658326025306,1.0567567229646753,1.0567801074259682
25026081B2,2,10382,5487,16.001291330900795,16.000577923328837,16.002004738472753,2.499798245829963,2.4999097027414248,2.4996867988565312,4.2271286792525515,4.227505623838162
25026081B2,3,2595,1371,64.02883891341284,64.01464354527938,64.04303428154631,0.6247184968337877,0.6248570293405892,0.6245800257394395,16.911772619653178,16.919273054704593
25026103B3,0,138005,67321,1.0,1.0,1.0,40.0,40.0,40.0,0.264186,0.264186
25026103B3,1,34501,16830,4.000044201186794,4.000028984667111,4.000059417706477,9.999889498254092,9.999927538857289,9.999851457940315,1.0567516573432651,1.0567596973262032
25026103B3,2,8625,4207,16.001359500900847,16.000579710144926,16.002139291656764,2.4997875960319544,2.49990942357161,2.49966578036571,4.227129151304347,4.227541170905633
25026103B3,3,2156,1051,64.0319871612688,64.00974025974025,64.05423406279733,0.6246877814248892,0.6249048947501903,0.6244708189123751,16.910477240259738,16.922231880114175
25026163B,0,150455,85594,1.0,1.0,1.0,40.0,40.0,40.0,0.264186,0.264186
25026163B,1,37613,21398,4.000086613168347,4.000079759657565,4.000093466679129,9.999783471767682,9.99980060483201,9.999766338762063,1.0567650713848933,1.0567686925880921
25026163B,2,9403,5349,16.001306975791053,16.00074444326279,16.001869508319313,2.4997958017127866,2.4998836861520055,2.4997079234525783,4.227172671487823,4.227469897924846
25026163B,3,2350,1337,64.02142538869174,64.02340425531915,64.01944652206433,0.6247908377101722,0.624771526370011,0.624810150244176,16.914087076595745,16.913041498878084
25026180B2,0,159692,82984,1.0,1.0,1.0,40.0,40.0,40.0,0.264186,0.264186
25026180B2,1,39923,20746,4.0,4.0,4.0,10.0,10.0,10.0,1.056744,1.056744
25026180B2,2,9980,5186,16.001372509770796,16.001202404809618,16.00154261473197,2.499785563743054,2.4998121383663556,2.4997589896847585,4.227293658517033,4.22738353721558
25026180B2,3,2495,1296,64.01783690838467,64.00480961923847,64.03086419753086,0.624825859974676,0.6249530345915889,0.6246987371059481,16.909174634068133,16.916057888888886
25026254B2,0,159893,78365,1.0,1.0,1.0,40.0,40.0,40.0,0.264186,0.264186
25026254B2,1,39973,19591,4.000038030366531,4.000025016886398,4.000051043846664,9.999904924987607,9.999937458175156,9.99987239201174,1.0567506091111498,1.0567574850696748
25026254B2,2,9993,4897,16.001577518393976,16.000500350245172,16.00265468654278,2.499753537050931,2.4999218227189433,2.499585274038155,4.227108185529871,4.227677331018991
25026254B2,3,2498,1224,64.01604976791891,64.00840672538031,64.02369281045752,0.6248433032811976,0.6249179138548904,0.6247687105212786,16.91012493915132,16.91416330882353
25026291B2,0,171740,85795,1.0,1.0,1.0,40.0,40.0,40.0,0.264186,0.264186
25026291B2,1,42935,21448,4.000069936590824,4.0,4.000139873181649,9.99982516157984,10.0,9.999650329273267,1.056744,1.056780952536367
25026291B2,2,10733,5362,16.000838769935456,16.00111804714432,16.000559492726595,2.4998689490676838,2.4998253173401657,2.499912582318317,4.227271372402869,4.227123810145468
25026291B2,3,2683,1340,64.01827774100056,64.01043607901603,64.02611940298507,0.6248215573969115,0.6248981017817631,0.6247450317617577,16.910661065970928,16.914804380597012
25026669B2,0,141218,87803,1.0,1.0,1.0,40.0,40.0,40.0,0.264186,0.264186
25026669B2,1,35304,21950,4.000096662532061,4.000056650804441,4.000136674259681,9.999758349509484,9.99985837499469,9.999658326025306,1.0567589663494221,1.0567801074259682
25026669B2,2,8826,5487,16.00111567084526,16.000226603217765,16.002004738472753,2.4998256885850636,2.4999645937486723,2.4996867988565312,4.2270358653976885,4.227505623838162
25026669B2,3,2206,1371,64.02922339643952,64.01541251133273,64.04303428154631,0.6247147455207818,0.6248495234318572,0.6245800257394395,16.911975769718946,16.919273054704593
25026740B2,0,127764,86197,1.0,1.0,1.0,40.0,40.0,40.0,0.264186,0.264186
25026740B2,1,31941,21549,4.000023202932851,4.0,4.000046405865701,9.999941993004356,10.0,9.999883986681672,1.056744,1.056756259780036
25026740B2,2,7985,5387,16.000714549823613,16.000500939261116,16.000928160386113,2.4998883565759846,2.499921730690961,2.499854983352089,4.227108341139637,4.227221206979765
25026740B2,3,1996,1346,64.02469798437886,64.01002004008016,64.03937592867756,0.6247589017875483,0.6249021633637017,0.6246157058830354,16.910551154308617,16.91830656909361
25026798B2,0,160696,87803,1.0,1.0,1.0,40.0,40.0,40.0,0.264186,0.264186
25026798B2,1,40174,21950,4.000068337129841,4.0,4.000136674259681,9.999829160094075,10.0,9.999658326025306,1.056744,1.0567801074259682
25026798B2,2,10043,5487,16.00140065660071,16.000796574728668,16.002004738472753,2.4997811665630456,2.499875541394932,2.4996867988565312,4.227186443891267,4.227505623838162
25026798B2,3,2510,1371,64.03267251925922,64.02231075697212,64.04303428154631,0.6246810952325803,0.6247821974411311,0.6245800257394395,16.913798189641433,16.919273054704593
25027122B2,0,127964,72943,1.0,1.0,1.0,40.0,40.0,40.0,0.264186,0.264186
25027122B2,1,31991,18235,4.000082259391281,4.0,4.000164518782561,9.99979435575084,10.0,9.999588719959421,1.056744,1.0567874635590895
25027122B2,2,7997,4558,16.002395739889952,16.001500562711016,16.003290917068888,2.4996257216842883,2.4997655590634866,2.499485899949276,4.227372427660372,4.227845414216761
25027122B2,3,1999,1139,64.02763563520128,64.01400700350175,64.0412642669008,0.6247302372353837,0.6248632427870339,0.6245972882935991,16.91160445422711,16.91880544161545
25027135B3,0,117121,87803,1.0,1.0,1.0,40.0,40.0,40.0,0.264186,0.264186
25027135B3,1,29280,21950,4.000085413632573,4.000034153005465,4.000136674259681,9.999786470478151,9.99991461821535,9.999658326025306,1.0567530227459017,1.0567801074259682
25027135B3,2,7320,5487,16.001070675247306,16.00013661202186,16.002004738472753,2.4998327181866395,2.4999786545538374,2.4996867988565312,4.227012090983607,4.227505623838162
25027135B3,3,1830,1371,64.02179036481687,64.00054644808743,64.04303428154631,0.6247872758957078,0.6249946636384593,0.6245800257394395,16.908048363934427,16.919273054704593
25027167B2,0,121739,87803,1.0,1.0,1.0,40.0,40.0,40.0,0.264186,0.264186
25027167B2,1,30434,21950,4.000117624111506,4.000098573963331,4.000136674259681,9.999705948368126,9.99975357116454,9.999658326025306,1.0567700418610764,1.0567801074259682
25027167B2,2,7608,5487,16.001725292475072,16.00144584647739,16.002004738472753,2.4997304521163284,2.499774106900829,2.4996867988565312,4.227357972397476,4.227505623838162
25027167B2,3,1902,1371,64.02440883372793,64.00578338590957,64.04303428154631,0.6247617233589836,0.6249435267252073,0.6245800257394395,16.909431889589904,16.919273054704593
25027290B2,0,173548,87803,1.0,1.0,1.0,40.0,40.0,40.0,0.264186,0.264186
25027290B2,1,43387,21950,4.000068337129841,4.0,4.000136674259681,9.999829160094075,10.0,9.999658326025306,1.056744,1.0567801074259682
25027290B2,2,10846,5487,16.001555568572535,16.00110639867232,16.002004738472753,2.499756966039041,2.499827137160901,2.4996867988565312,4.227268295039645,4.227505623838162
25027290B2,3,2711,1371,64.02963222745703,64.01623017336776,64.04303428154631,0.6247107566994161,0.6248415423974923,0.6245800257394395,16.912191784581335,16.919273054704593
25012148B3,0,129571,87803,1.0,1.0,1.0,40.0,40.0,40.0,0.264186,0.264186
25012148B3,1,32392,21950,4.000114644860144,4.000092615460607,4.000136674259681,9.999713396064058,9.999768466709373,9.999658326025306,1.056768467708076,1.0567801074259682
25012148B3,2,8098,5487,16.001187600157593,16.00037046184243,16.002004738472753,2.499814451247734,2.4999421166773432,2.4996867988565312,4.227073870832304,4.227505623838162
25012148B3,3,2024,1371,64.03016338583245,64.01729249011858,64.04303428154631,0.6247055744488471,0.6248311736422502,0.6245800257394395,16.912472433794466,16.919273054704593
25017073B2,0,136800,49047,1.0,1.0,1.0,40.0,40.0,40.0,0.264186,0.264186
25017073B2,1,34200,12261,4.000122339124052,4.0,4.000244678248103,9.999694161543873,10.0,9.999388341794607,1.056744,1.0568086405676533
25017073B2,2,8550,3065,16.001141924959217,16.0,16.002283849918435,2.4998215869585163,2.5,2.4996431993801864,4.226976,4.227579361174551
25018584B,0,151860,79168,1.0,1.0,1.0,40.0,40.0,40.0,0.264186,0.264186
25018584B,1,37965,19792,4.0,4.0,4.0,10.0,10.0,10.0,1.056744,1.056744
25018584B,2,9491,4948,16.0002107259509,16.0004214519018,16.0,2.4999670745038127,2.499934149874885,2.5,4.227087341692129,4.226976
25018584B,3,2372,1237,64.01096121416526,64.02192242833053,64.0,0.6248929752229408,0.6247859870933754,0.625,16.91369559865093,16.907904
25018592B,0,103064,72742,1.0,1.0,1.0,40.0,40.0,40.0,0.264186,0.264186
25018592B,1,25766,18185,4.000054990376684,4.0,4.000109980753368,9.999862525948227,10.0,9.999725055676224,1.056744,1.0567730553753092
25018592B,2,6441,4546,16.001280942390004,16.001242043161,16.001319841619004,2.4997998687738474,2.499805945820073,2.4997937917571695,4.227304130414532,4.227324683677958
25018592B,3,1610,1136,64.02417876826175,64.01490683229814,64.03345070422536,0.6247639683873448,0.6248544593650547,0.6246735036155178,16.911842176397514,16.91674120774648
2490526B3,0,110896,86397,1.0,1.0,1.0,40.0,40.0,40.0,0.264186,0.264186
2490526B3,1,27724,21599,4.000023149219871,4.0,4.0000462984397425,9.99994212728525,10.0,9.999884255240344,1.056744,1.0567562313996017
2490526B3,2,6931,5399,16.001203926653083,16.0,16.002407853306167,2.4998119006140724,2.5,2.499623829531118,4.226976,4.227612121133543
2490526B3,3,1732,1349,64.03646615318507,64.02771362586606,64.04521868050408,0.6246440880156292,0.624729476266051,0.6245587231038114,16.915225551963047,16.91985014232765
2490547B2,0,135193,80775,1.0,1.0,1.0,40.0,40.0,40.0,0.264186,0.264186
2490547B2,1,33798,20193,4.0000890769422135,4.000029587549559,4.000148566334868,9.999777312603545,9.999926031673239,9.99962859795729,1.0567518166163676,1.0567832491457434
2490547B2,2,8449,5048,16.001225951307735,16.001065214818322,16.001386687797147,2.4998084597843526,2.4998335712647846,2.4997833488084185,4.227257414841993,4.227342343502377
2490547B2,3,2112,1262,64.00869193620036,64.01183712121212,64.00554675118859,0.6249151293369556,0.6248844244894336,0.6249458372021046,16.911031201704546,16.909369374009508
2490750B4,0,97442,76558,1.0,1.0,1.0,40.0,40.0,40.0,0.264186,0.264186
2490750B4,1,24360,19139,4.000093300236941,4.00008210180624,4.000104498667642,9.999766754848105,9.999794749697255,9.999738760155699,1.056765690147783,1.0567716070850095
2490750B4,2,6090,4784,16.00162741431482,16.00032840722496,16.002926421404684,2.4997457423747154,2.4999486874243138,2.499542830272473,4.227062760591132,4.2277491195652175
2490750B4,3,1522,1196,64.017022356607,64.02233902759527,64.01170568561874,0.6248338102509656,0.6247819215533343,0.6248857075681182,16.91380565834428,16.91099647826087
2490820B2,0,159692,72140,1.0,1.0,1.0,40.0,40.0,40.0,0.264186,0.264186
2490820B2,1,39923,18035,4.0,4.0,4.0,10.0,10.0,10.0,1.056744,1.056744
2490820B2,2,9980,4508,16.001932169574285,16.001202404809618,16.002661934338953,2.499698134957421,2.4998121383663556,2.4995841419462157,4.227293658517033,4.2276792457852705
2490820B2,3,2495,1127,64.00772867829714,64.00480961923847,64.01064773735581,0.6249245337393553,0.6249530345915889,0.6248960354865539,16.909174634068133,16.910716983141082
2490820B3,0,108687,72140,1.0,1.0,1.0,40.0,40.0,40.0,0.264186,0.264186
2490820B3,1,27171,18035,4.000055205918074,4.000110411836149,4.0,9.999861987109597,9.999723978028651,10.0,1.0567731692613447,1.056744
2490820B3,2,6792,4508,16.002435207452162,16.002208480565372,16.002661934338953,2.499619556739241,2.4996549725358137,2.4995841419462157,4.227559449646643,4.2276792457852705
2490820B3,3,1698,1127,64.00974082980865,64.00883392226149,64.01064773735581,0.6249048891848102,0.6249137431339534,0.6248960354865539,16.91023779858657,16.910716983141082
2490837B2,0,109490,87803,1.0,1.0,1.0,40.0,40.0,40.0,0.264186,0.264186
2490837B2,1,27372,21950,4.000104870813898,4.000073067368113,4.000136674259681,9.999737829838756,9.99981733491643,9.999658326025306,1.0567633033757122,1.0567801074259682
2490837B2,2,6843,5487,16.0011485039726,16.000292269472453,16.002004738472753,2.499820559134815,2.4999543337291077,2.4996867988565312,4.227053213502849,4.227505623838162
2490837B2,3,1710,1371,64.03613702381409,64.02923976608187,64.04303428154631,0.6246472985265271,0.624714585806923,0.6245800257394395,16.915628736842105,16.919273054704593
2490844B1,0,133989,87803,1.0,1.0,1.0,40.0,40.0,40.0,0.264186,0.264186
2490844B1,1,33497,21950,4.000083263839695,4.00002985341971,4.000136674259681,9.999791844733714,9.999925367007739,9.999658326025306,1.0567518868555392,1.0567801074259682
2490844B1,2,8374,5487,16.001300912346004,16.00059708621925,16.002004738472753,2.4997967489716726,2.4999067087596742,2.4996867988565312,4.227133741819919,4.227505623838162
2490844B1,3,2093,1371,64.030356127873,64.01767797419971,64.04303428154631,0.6247036939809808,0.6248274112053974,0.6245800257394395,16.912574273291924,16.919273054704593
2490860B2,0,120133,82381,1.0,1.0,1.0,40.0,40.0,40.0,0.264186,0.264186
2490860B2,1,30033,20595,4.000040926090793,4.000033296706956,4.0000485554746295,9.999897685819848,9.999916758925524,9.99987861278693,1.0567527965238237,1.0567568276766204
2490860B2,2,7508,5148,16.001595604419258,16.000665956313266,16.002525252525253,2.4997507116698388,2.499895948656905,2.4996054915575194,4.227151936334576,4.227643136363636
2490860B2,3,1877,1287,64.00638241767703,64.00266382525307,64.01010101010101,0.6249376779174597,0.6249739871642263,0.6249013728893799,16.908607745338305,16.910572545454546
2490963B2,0,137804,87803,1.0,1.0,1.0,40.0,40.0,40.0,0.264186,0.264186
2490963B2,1,34451,21950,4.000068337129841,4.0,4.000136674259681,9.999829160094075,10.0,9.999658326025306,1.056744,1.0567801074259682
2490963B2,2,8612,5487,16.00169907151227,16.001393404551788,16.002004738472753,2.4997345482650504,2.4997822994978374,2.4996867988565312,4.227344117974918,4.227505623838162
2490963B2,3,2153,1371,64.02430394987672,64.00557361820715,64.04303428154631,0.6247627468361883,0.6249455748744593,0.6245800257394395,16.909376471899673,16.919273054704593
2490964B2,0,147644,63304,1.0,1.0,1.0,40.0,40.0,40.0,0.264186,0.264186
2490964B2,1,36911,15826,4.0,4.0,4.0,10.0,10.0,10.0,1.056744,1.056744
2490964B2,2,9227,3956,16.001661387870897,16.00130053105018,16.00202224469161,2.499740435097546,2.4997968085394597,2.4996840641981546,4.2273195820960225,4.227510248736097
2490972B8,0,122141,76357,1.0,1.0,1.0,40.0,40.0,40.0,0.264186,0.264186
2490972B8,1,30535,19089,4.000042567747538,4.0000327493040775,4.000052386191,9.99989358176365,9.999918127410124,9.999869036237673,1.056752651907647,1.0567578396982555
2490972B8,2,7633,4772,16.001375454925117,16.0017031311411,16.001047778709136,2.4997851036417162,2.499733914082904,2.4998362952970914,4.227425943403642,4.2272528084660514
2490972B8,3,1908,1193,64.00969513813106,64.01519916142557,64.00419111483654,0.6249053352571226,0.6248516059308504,0.6249590738242728,16.911919405660374,16.909011233864206
2490978B2,0,120334,59088,1.0,1.0,1.0,40.0,40.0,40.0,0.264186,0.264186
2490978B2,1,30083,14772,4.000033241365555,4.0000664827311105,4.0,9.999916897276723,9.999833795934649,10.0,1.056761563806801,1.056744
2490978B2,2,7520,3693,16.000930851063828,16.00186170212766,16.0,2.4998545629825397,2.499709142885635,2.5,4.227467835638297,4.226976
2491131B2,0,121739,87803,1.0,1.0,1.0,40.0,40.0,40.0,0.264186,0.264186
2491131B2,1,30434,21950,4.000117624111506,4.000098573963331,4.000136674259681,9.999705948368126,9.99975357116454,9.999658326025306,1.0567700418610764,1.0567801074259682
2491131B2,2,7608,5487,16.001725292475072,16.00144584647739,16.002004738472753,2.4997304521163284,2.499774106900829,2.4996867988565312,4.227357972397476,4.227505623838162
2491131B2,3,1902,1371,64.02440883372793,64.00578338590957,64.04303428154631,0.6247617233589836,0.6249435267252073,0.6245800257394395,16.909431889589904,16.919273054704593
2491191B2,0,116117,83385,1.0,1.0,1.0,40.0,40.0,40.0,0.264186,0.264186
2491191B2,1,29029,20846,4.0000412095720215,4.00003444831031,4.000047970833733,9.999896977131328,9.999913879965897,9.999880074353902,1.0567531007613076,1.0567566732226805
2491191B2,2,7257,5211,16.00120805282875,16.00068898994075,16.001727115716754,2.499811255996303,2.49989234995737,2.499730167296276,4.227158021496487,4.227432279792746
2491191B2,3,1814,1302,64.02767771404183,64.01157662624036,64.04377880184332,0.6247298266641279,0.6248869674552391,0.6245727648857708,16.910962382579932,16.919469746543776
2491191B3,0,149049,83988,1.0,1.0,1.0,40.0,40.0,40.0,0.264186,0.264186
2491191B3,1,37262,20997,4.000013418496055,4.00002683699211,4.0,9.999966453872398,9.99993290796986,10.0,1.0567510899575976,1.056744
2491191B3,2,9315,5249,16.000864116744573,16.000966183574878,16.000762049914268,2.499864989050237,2.4998490429321905,2.4998809353717197,4.227231252173913,4.22717732291865
2491191B3,3,2328,1312,64.01986421926074,64.02448453608247,64.01524390243902,0.6248060736743295,0.6247609846426344,0.6248511692146497,16.914372471649482,16.911931225609756
2491226B2,0,141218,72742,1.0,1.0,1.0,40.0,40.0,40.0,0.264186,0.264186
2491226B2,1,35304,18185,4.000083315778905,4.000056650804441,4.000109980753368,9.999791714891096,9.99985837499469,9.999725055676224,1.0567589663494221,1.0567730553753092
2491226B2,2,8826,4546,16.000773222418385,16.000226603217765,16.001319841619004,2.4998791898354478,2.4999645937486723,2.4997937917571695,4.2270358653976885,4.227324683677958
2491226B2,3,2206,1136,64.02443160777904,64.01541251133273,64.03345070422536,0.6247615011257664,0.6248495234318572,0.6246735036155178,16.911975769718946,16.91674120774648
2491275B2,0,139410,87803,1.0,1.0,1.0,40.0,40.0,40.0,0.264186,0.264186
2491275B2,1,34852,21950,4.0000970298877885,4.000057385515896,4.000136674259681,9.999757431164635,9.999856538268418,9.999658326025306,1.0567591604499023,1.0567801074259682
2491275B2,2,8713,5487,16.001117140268168,16.000229542063582,16.002004738472753,2.499825459019771,2.4999641345671044,2.4996867988565312,4.227036641799609,4.227505623838162
2491275B2,3,2178,1371,64.02564937217812,64.00826446280992,64.04303428154631,0.6247496181956993,0.6249193027759845,0.6245800257394395,16.9100873553719,16.919273054704593
2491560B2,0,125153,79369,1.0,1.0,1.0,40.0,40.0,40.0,0.264186,0.264186
2491560B2,1,31288,19842,4.000041179640304,4.000031961135259,4.000050398145349,9.999897051959081,9.999920097800294,9.999874006224092,1.0567524436844795,1.056757314484427
2491560B2,2,7822,4960,16.000971180335036,16.000127844541037,16.00181451612903,2.4998482622829434,2.4999800244500734,2.4997165140042084,4.227009774737918,4.227455369758064
2491560B2,3,1955,1240,64.01206892995627,64.01687979539642,64.00725806451612,0.6248821615775156,0.6248352017131031,0.6249291285010521,16.912363405626596,16.909821479032257
25001929B3,0,142021,78967,1.0,1.0,1.0,40.0,40.0,40.0,0.264186,0.264186
25001929B3,1,35505,19741,4.000090066516293,4.000028165047176,4.000151967985411,9.999774838779139,9.99992958787785,9.999620094469842,1.0567514408111531,1.0567841478141937
25001929B3,2,8876,4935,16.00099087826284,16.000563316809373,16.00141843971631,2.499845184859116,2.4999119848473113,2.4997783884407414,4.227124820414601,4.227350731914893
25001929B3,3,2219,1233,64.02342995884177,64.00225326723749,64.04460665044607,0.624771275542633,0.6249779962118278,0.624564691580027,16.908499281658404,16.919688452554745
25001939B2,0,142623,76959,1.0,1.0,1.0,40.0,40.0,40.0,0.264186,0.264186
25001939B2,1,35655,19239,4.00012003646621,4.000084139671856,4.000155933260564,9.999699917839674,9.999789655244946,9.999610182044986,1.0567662285233488,1.0567851953843754
25001939B2,2,8913,4809,16.002401043314737,16.00168293503871,16.003119151590766,2.499624893272541,2.499737069056183,2.4995127275562314,4.227420607876136,4.227800036182158
25001939B2,3,2228,1202,64.01985208673754,64.01391382405745,64.02579034941763,0.6248061920825098,0.6248641523456946,0.6247482425707195,16.911579837522442,16.914717449251246
25001965B2,0,103265,66116,1.0,1.0,1.0,40.0,40.0,40.0,0.264186,0.264186
25001965B2,1,25816,16529,4.000019367833902,4.000038735667803,4.0,9.99995158064969,9.999903161768266,10.0,1.0567542334211342,1.056744
25001965B2,2,6454,4132,16.000561498441122,16.000154942671212,16.000968054211036,2.499912268947378,2.4999757904420665,2.4998487506806217,4.227016933684537,4.227231746369796
25001965B2,3,1613,1033,64.01216549465889,64.02045877247365,64.00387221684414,0.6248812189198248,0.624800271147049,0.6249621876701554,16.913308921264722,16.908926985479184
25001966B2,0,132784,87803,1.0,1.0,1.0,40.0,40.0,40.0,0.264186,0.264186
25001966B2,1,33196,21950,4.000068337129841,4.0,4.000136674259681,9.999829160094075,10.0,9.999658326025306,1.056744,1.0567801074259682
25001966B2,2,8299,5487,16.001002369236375,16.0,16.002004738472753,2.4998433896181558,2.5,2.4996867988565312,4.226976,4.227505623838162
25001966B2,3,2074,1371,64.03308898262465,64.02314368370298,64.04303428154631,0.6246770323832727,0.6247740691649597,0.6245800257394395,16.914018237222756,16.919273054704593
25002073B3,0,136198,87803,1.0,1.0,1.0,40.0,40.0,40.0,0.264186,0.264186
25002073B3,1,34049,21950,4.0000977065680035,4.000058738876326,4.000136674259681,9.999755739546455,9.999853154965564,9.999658326025306,1.0567595179887808,1.0567801074259682
25002073B3,2,8512,5487,16.0013548128454,16.000704887218046,16.002004738472753,2.4997883284163676,2.4998898662241738,2.4996867988565312,4.227162221334586,4.227505623838162
25002073B3,3,2128,1371,64.02292691520924,64.00281954887218,64.04303428154631,0.6247761845217612,0.6249724665560434,0.6245800257394395,16.908648885338344,16.919273054704593
25002238B,0,137402,84590,1.0,1.0,1.0,40.0,40.0,40.0,0.264186,0.264186
25002238B,1,34350,21147,4.000076400112913,4.000058224163028,4.000094576062798,9.999809003365758,9.999854441711182,9.999763565433268,1.0567593820087335,1.0567689856717264
25002238B,2,8587,5286,16.001906528275875,16.001164551065564,16.00264850548619,2.499702140449248,2.4998180521389792,2.4995862395082162,4.227283658087806,4.227675698070374
25002238B,3,2146,1321,64.03092456574667,64.02702702702703,64.03482210446631,0.6246981481413434,0.6247361756015196,0.6246601253103203,16.91504416216216,16.917103512490538
25002328B2,0,123948,59690,1.0,1.0,1.0,40.0,40.0,40.0,0.264186,0.264186
25002328B2,1,30987,14922,4.000067015145422,4.0,4.0001340302908455,9.99983246494329,10.0,9.999664935500084,1.056744,1.0567794089264173
25002328B2,2,7746,3730,16.002115075912222,16.001549186676996,16.00268096514745,2.4996695630699146,2.499757963016749,2.499581169375105,4.227385273431449,4.227684273458444
25002329B2,0,134390,77763,1.0,1.0,1.0,40.0,40.0,40.0,0.264186,0.264186
25002329B2,1,33597,19440,4.000106925056139,4.000059529124624,4.000154320987654,9.999732694505067,9.99985117940323,9.999614212414643,1.056759726761318,1.0567847694444443
25002329B2,2,8399,4860,16.00066582735452,16.000714370758423,16.000617283950618,2.499895968805032,2.4998883845524222,2.499903553103661,4.227164726753185,4.227139077777777
25002329B2,3,2099,1215,64.0140978361242,64.02572653644593,64.00246913580247,0.624862356139109,0.6247488652429496,0.6249758882759152,16.9147005907575,16.90855631111111
25002366B6,0,114711,87000,1.0,1.0,1.0,40.0,40.0,40.0,0.264186,0.264186
25002366B6,1,28677,21750,4.000052306726645,4.00010461345329,4.0,9.99986923489336,9.99973847320658,10.0,1.0567716374097709,1.056744
25002366B6,2,7169,5437,16.001223912974375,16.000976426279816,16.001471399668937,2.4998087782251797,2.4998474427038384,2.4997701149425287,4.2272339581531595,4.227364723192937
25002366B6,3,1792,1359,64.01524743278934,64.01283482142857,64.0176600441501,0.6248511347549919,0.6248746850781529,0.6248275862068966,16.911294780133925,16.912569536423838
25002388B2,0,131981,67722,1.0,1.0,1.0,40.0,40.0,40.0,0.264186,0.264186
25002388B2,1,32995,16930,4.0000742205566056,4.000030307622367,4.000118133490845,9.999814452051353,9.999924231518172,9.999704674994831,1.0567520068495226,1.0567752092144123
25002388B2,2,8248,4232,16.001969544315266,16.001576139670224,16.002362948960304,2.49969229657796,2.4997537524340623,2.4996308437435397,4.227392394034918,4.227600258034027
25002388B2,3,2062,1058,64.00787817726106,64.0063045586809,64.00945179584122,0.62492307414449,0.6249384381085156,0.6249077109358849,16.90956957613967,16.910401032136107
25002391B2,0,140615,74750,1.0,1.0,1.0,40.0,40.0,40.0,0.264186,0.264186
25002391B2,1,35153,18687,4.000096183748802,4.000085341222655,4.00010702627495,9.999759546409926,9.999786651495219,9.999732441471574,1.0567665459562483,1.0567722748434738
25002391B2,2,8788,4671,16.00189687880371,16.00079654073737,16.00299721687005,2.499703647820931,2.4998755467055433,2.4995317725752506,4.227186434911242,4.2277678227360305
25002391B2,3,2197,1167,64.02815692037791,64.00318616294948,64.05312767780634,0.6247251509947713,0.6249688866763858,0.6244816053511706,16.908745739644967,16.921939588688947
25002472B2,0,157282,87803,1.0,1.0,1.0,40.0,40.0,40.0,0.264186,0.264186
25002472B2,1,39320,21950,4.00009376947979,4.000050864699898,4.000136674259681,9.999765581795844,9.999872839867244,9.999658326025306,1.0567574377416071,1.0567801074259682
25002472B2,2,9830,5487,16.001104098636173,16.000203458799593,16.002004738472753,2.4998274964919034,2.499968209966811,2.4996867988565312,4.2270297509664285,4.227505623838162
25002472B2,3,2457,1371,64.02843614769216,64.01383801383801,64.04303428154631,0.6247224265751766,0.6248648923589476,0.6245800257394395,16.91155980952381,16.919273054704593
25002496B2,0,104671,60092,1.0,1.0,1.0,40.0,40.0,40.0,0.264186,0.264186
25002496B2,1,26167,15023,4.0000573241105215,4.000114648221042,4.0,9.99985669177745,9.999713387662293,10.0,1.056774288454924,1.056744
25002496B2,2,6541,3755,16.002744483174958,16.00229322733527,16.003195739014647,2.4995712480478205,2.499641734577868,2.499500765492911,4.2275818385567945,4.2278202695073235
25002504B2,0,150856,87201,1.0,1.0,1.0,40.0,40.0,40.0,0.264186,0.264186
25002504B2,1,37714,21800,4.000022935779817,4.0,4.000045871559633,9.999942660879238,10.0,9.999885322416027,1.056744,1.0567561186238532
25002504B2,2,9428,5450,16.000516011256728,16.000848536274926,16.000183486238534,2.499919375841322,2.499867423238055,2.499971330604007,4.227200171404327,4.227024474495413
25002504B2,3,2357,1362,64.01381160999479,64.0033941450997,64.02422907488987,0.6248651500976174,0.6249668558095137,0.6247634774830563,16.908800685617308,16.914304982378855
25002663B5,0,145033,81779,1.0,1.0,1.0,40.0,40.0,40.0,0.264186,0.264186
25002663B5,1,36258,20444,4.0000871612203674,4.000027580120249,4.000146742320485,9.999782101697152,9.999931050174789,9.99963315765661,1.056751286281648,1.0567827672666796
25002663B5,2,9064,5111,16.000789954190836,16.000992939099735,16.00058696928194,2.4998765757514008,2.499844862893273,2.4999082894141527,4.227238320609002,4.2271310690667185
25002663B5,3,2266,1277,64.02195455478522,64.00397175639894,64.0399373531715,0.6247856735734454,0.6249612157233182,0.6246102300101493,16.90895328243601,16.918454889584964
25002744B2,0,117322,77160,1.0,1.0,1.0,40.0,40.0,40.0,0.264186,0.264186
25002744B2,1,29330,19290,4.000034094783498,4.0000681895669965,4.0,9.999914763767784,9.999829528988595,10.0,1.0567620147289465,1.056744
25002744B2,2,7332,4822,16.00151147348611,16.00136388434261,16.001659062629614,2.4997638545757668,2.499786911235744,2.4997407983411093,4.227336319148936,4.227414301119866
25002744B2,3,1833,1205,64.01932527905866,64.00545553737044,64.03319502074689,0.6248113335409423,0.624946727808936,0.6246759979263867,16.909345276595744,16.916673659751037
25002788B2,0,126358,81980,1.0,1.0,1.0,40.0,40.0,40.0,0.264186,0.264186
25002788B2,1,31589,20495,4.00003165658932,4.0000633131786385,4.0,9.999920859153033,9.999841719558713,10.0,1.0567607264554117,1.056744
25002788B2,2,7897,5123,16.001551079854472,16.00075978219577,16.002342377513177,2.4997576672650776,2.4998812896690352,2.499634057087094,4.227176723819172,4.2275948233456955
25002788B2,3,1974,1280,64.02900994174266,64.01114488348531,64.046875,0.6247168281439045,0.6248911821966159,0.624542571358868,16.91084832218845,16.92028771875
25002789B2,0,135193,76558,1.0,1.0,1.0,40.0,40.0,40.0,0.264186,0.264186
25002789B2,1,33798,19139,4.000067043108601,4.000029587549559,4.000104498667642,9.999832395037688,9.999926031673239,9.999738760155699,1.0567518166163676,1.0567716070850095
25002789B2,2,8449,4784,16.001995818111503,16.001065214818322,16.002926421404684,2.499688192314542,2.4998335712647846,2.499542830272473,4.227257414841993,4.2277491195652175
25002789B2,3,2112,1196,64.01177140341542,64.01183712121212,64.01170568561874,0.6248850660281173,0.6248844244894336,0.6248857075681182,16.911031201704546,16.91099647826087
25002801B1,0,140013,76357,1.0,1.0,1.0,40.0,40.0,40.0,0.264186,0.264186
25002801B1,1,35003,19089,4.000040477585401,4.000028568979801,4.000052386191,9.999898807060509,9.99992857806061,9.999869036237673,1.0567515475244977,1.0567578396982555
25002801B1,2,8750,4772,16.001266746497425,16.001485714285714,16.001047778709136,2.4998020865289146,2.499767878696978,2.4998362952970914,4.227368504914285,4.2272528084660514
25002801B1,3,2187,1193,64.0123836232619,64.02057613168725,64.00419111483654,0.6248790895745386,0.6247991257954618,0.6249590738242728,16.913339925925925,16.909011233864206
25002804B2,0,159090,86197,1.0,1.0,1.0,40.0,40.0,40.0,0.264186,0.264186
25002804B2,1,39772,21549,4.000048346249757,4.000050286633813,4.000046405865701,9.999879135836439,9.999874284995915,9.999883986681672,1.0567572850246403,1.056756259780036
25002804B2,2,9943,5387,16.000564653460682,16.00020114653525,16.000928160386113,2.499911776010267,2.4999685712489788,2.499854983352089,4.227029140098561,4.227221206979765
25002804B2,3,2485,1346,64.02974832651182,64.02012072434607,64.03937592867756,0.6247096239707975,0.6248035703061161,0.6246157058830354,16.913219613682088,16.91830656909361
25002897B2,0,117924,87803,1.0,1.0,1.0,40.0,40.0,40.0,0.264186,0.264186
25002897B2,1,29481,21950,4.000068337129841,4.0,4.000136674259681,9.999829160094075,10.0,9.999658326025306,1.056744,1.0567801074259682
25002897B2,2,7370,5487,16.001273739657,16.000542740841247,16.002004738472753,2.4998009940212063,2.4999151996200943,2.4996867988565312,4.2271193845318855,4.227505623838162
25002897B2,3,1842,1371,64.03128912774383,64.01954397394137,64.04303428154631,0.6246945914238758,0.6248091991452122,0.6245800257394395,16.913067244299672,16.919273054704593
25002898B2,0,104068,61096,1.0,1.0,1.0,40.0,40.0,40.0,0.264186,0.264186
25002898B2,1,26017,15274,4.0,4.0,4.0,10.0,10.0,10.0,1.056744,1.056744
25002898B2,2,6504,3818,16.001355172011646,16.00061500615006,16.002095337873232,2.4997882723061458,2.4999039089825885,2.4996726463270917,4.227138476014759,4.227529558931377
25002906B2,0,124751,82582,1.0,1.0,1.0,40.0,40.0,40.0,0.264186,0.264186
25002906B2,1,31187,20645,4.0000965348419,4.000096193926956,4.000096875756842,9.999758668719469,9.999759520965764,9.999757816473322,1.0567694130887868,1.0567695932186971
25002906B2,2,7796,5161,16.00154331450834,16.001924063622372,16.001162565394303,2.4997588803657864,2.4996994012072045,2.4998183623549926,4.22748431067214,4.227283133501259
25002906B2,3,1949,1290,64.01237525902769,64.00769625448949,64.0170542635659,0.6248791712249232,0.6249248503018011,0.6248334988254098,16.90993724268856,16.912409497674417
25002907B3,0,116318,87803,1.0,1.0,1.0,40.0,40.0,40.0,0.264186,0.264186
25002907B3,1,29079,21950,4.000102726207869,4.0000687781560575,4.000136674259681,9.999743191075579,9.999828057566328,9.999658326025306,1.0567621702259362,1.0567801074259682
25002907B3,2,7269,5487,16.001965362770562,16.001925987068372,16.002004738472753,2.499692949783666,2.499699100741072,2.4996867988565312,4.2274848188196446,4.227505623838162
25002907B3,3,1817,1371,64.02977250676105,64.01651073197579,64.04303428154631,0.6247093880550069,0.6248388039684314,0.6245800257394395,16.912265904237753,16.919273054704593
25003038B2,0,165114,87803,1.0,1.0,1.0,40.0,40.0,40.0,0.264186,0.264186
25003038B2,1,41278,21950,4.0000925631097815,4.000048451959882,4.000136674259681,9.999768597580378,9.999878871567523,9.999658326025306,1.0567568003294732,1.0567801074259682
25003038B2,2,10319,5487,16.001486912312256,16.00096908615176,16.002004738472753,2.499767691540104,2.4998485894594036,2.4996867988565312,4.227232018994088,4.227505623838162
25003038B2,3,2579,1371,64.03276180924931,64.0224893369523,64.04303428154631,0.6246802241508524,0.6247804547161355,0.6245800257394395,16.91384536797208,16.919273054704593
25009124B2,0,135595,81980,1.0,1.0,1.0,40.0,40.0,40.0,0.264186,0.264186
25009124B2,1,33898,20495,4.000044250398254,4.000088500796507,4.0,9.999889375228163,9.999778752903868,10.0,1.056767380671426,1.056744
25009124B2,2,8474,5123,16.00182023289159,16.00129808827,16.002342377513177,2.499715620962944,2.499797190161879,2.499634057087094,4.227318936747698,4.2275948233456955
25009124B2,3,2118,1280,64.03358858593012,64.02030217186025,64.046875,0.6246721585238323,0.6248017994763818,0.624542571358868,16.91326754957507,16.92028771875
25009148B3,0,110896,85795,1.0,1.0,1.0,40.0,40.0,40.0,0.264186,0.264186
25009148B3,1,27724,21448,4.000069936590824,4.0,4.000139873181649,9.99982516157984,10.0,9.999650329273267,1.056744,1.056780952536367
25009148B3,2,6931,5362,16.000279746363297,16.0,16.000559492726595,2.49995629039496,2.5,2.499912582318317,4.226976,4.227123810145468
25009148B3,3,1732,1340,64.02691651442557,64.02771362586606,64.02611940298507,0.6247372539170742,0.624729476266051,0.6247450317617577,16.915225551963047,16.914804380597012
25009148B4,0,104068,78164,1.0,1.0,1.0,40.0,40.0,40.0,0.264186,0.264186
25009148B4,1,26017,19541,4.0,4.0,4.0,10.0,10.0,10.0,1.056744,1.056744
25009148B4,2,6504,4885,16.0007169196564,16.00061500615006,16.000818833162743,2.499887986322738,2.4999039089825885,2.4998720638657184,4.227138476014759,4.227192324257932
25009148B4,3,1626,1221,64.00942002049013,64.00246002460024,64.01638001638001,0.6249080211505674,0.6249759772456471,0.6248400798321478,16.908553904059037,16.91223137100737
25009294B2,0,145234,87803,1.0,1.0,1.0,40.0,40.0,40.0,0.264186,0.264186
25009294B2,1,36308,21950,4.000095879269314,4.000055084278947,4.000136674259681,9.999760307572098,9.99986229119903,9.999658326025306,1.0567585524953178,1.0567801074259682
25009294B2,2,9077,5487,16.00111253779427,16.00022033711579,16.002004738472753,2.499826178056113,2.4999655727997574,2.4996867988565312,4.227034209981271,4.227505623838162
25009294B2,3,2269,1371,64.02548364584146,64.00793301013663,64.04303428154631,0.624751235324687,0.6249225387994547,0.6245800257394395,16.909999790215952,16.919273054704593
25009297B,0,162302,87803,1.0,1.0,1.0,40.0,40.0,40.0,0.264186,0.264186
25009297B,1,40575,21950,4.000092982847647,4.000049291435613,4.000136674259681,9.999767548284387,9.999876772929477,9.999658326025306,1.056757022107209,1.0567801074259682
25009297B,2,10143,5487,16.00169250036129,16.00138026224983,16.002004738472753,2.4997355747897836,2.499784352626585,2.4996867988565312,4.227340645962733,4.227505623838162
25009297B,3,2535,1371,64.03374593761734,64.02445759368837,64.04303428154631,0.6246706235016863,0.6247612475508619,0.6245800257394395,16.914365353846154,16.919273054704593
25009367B2,0,122141,79369,1.0,1.0,1.0,40.0,40.0,40.0,0.264186,0.264186
25009367B2,1,30535,19842,4.0000415737247135,4.0000327493040775,4.000050398145349,9.99989606676844,9.999918127410124,9.999874006224092,1.056752651907647,1.056757314484427
25009367B2,2,7633,4960,16.001758823635065,16.0017031311411,16.00181451612903,2.4997252140132766,2.499733914082904,2.4997165140042084,4.227425943403642,4.227455369758064
25009367B2,3,1908,1240,64.01122861297085,64.01519916142557,64.00725806451612,0.62489036481163,0.6248516059308504,0.6249291285010521,16.911919405660374,16.909821479032257
25009529B2,0,125153,81176,1.0,1.0,1.0,40.0,40.0,40.0,0.264186,0.264186
25009529B2,1,31288,20294,4.00001598056763,4.000031961135259,4.0,9.999960048740535,9.999920097800294,10.0,1.0567524436844795,1.056744
25009529B2,2,7822,5073,16.000852410344635,16.000127844541037,16.001576976148236,2.499866817979009,2.4999800244500734,2.499753621760126,4.227009774737918,4.2273926150206975
25009529B2,3,1955,1268,64.0179036200957,64.01687979539642,64.01892744479495,0.6248252088567877,0.6248352017131031,0.6248152163200946,16.912363405626596,16.912904365930597
25009539B3,0,160696,87803,1.0,1.0,1.0,40.0,40.0,40.0,0.264186,0.264186
25009539B3,1,40174,21950,4.000068337129841,4.0,4.000136674259681,9.999829160094075,10.0,9.999658326025306,1.056744,1.0567801074259682
25009539B3,2,10043,5487,16.00140065660071,16.000796574728668,16.002004738472753,2.4997811665630456,2.499875541394932,2.4996867988565312,4.227186443891267,4.227505623838162
25009539B3,3,2510,1371,64.03267251925922,64.02231075697212,64.04303428154631,0.6246810952325803,0.6247821974411311,0.6245800257394395,16.913798189641433,16.919273054704593
25009578B4,0,134390,87803,1.0,1.0,1.0,40.0,40.0,40.0,0.264186,0.264186
25009578B4,1,33597,21950,4.000098101692153,4.000059529124624,4.000136674259681,9.999754751784435,9.99985117940323,9.999658326025306,1.056759726761318,1.0567801074259682
25009578B4,2,8399,5487,16.00135955461559,16.000714370758423,16.002004738472753,2.499787587640452,2.4998883845524222,2.4996867988565312,4.227164726753185,4.227505623838162
25009578B4,3,2099,1371,64.03438040899613,64.02572653644593,64.04303428154631,0.624664434082358,0.6247488652429496,0.6245800257394395,16.9147005907575,16.919273054704593
25009747B,0,128968,87803,1.0,1.0,1.0,40.0,40.0,40.0,0.264186,0.264186
25009747B,1,32242,21950,4.000068337129841,4.0,4.000136674259681,9.999829160094075,10.0,9.999658326025306,1.056744,1.0567801074259682
25009747B,2,8060,5487,16.001498647152008,16.000992555831264,16.002004738472753,2.4997658583134843,2.4998449227715405,2.4996867988565312,4.227238219354838,4.227505623838162
25009747B,3,2015,1371,64.02350225243569,64.00397022332506,64.04303428154631,0.6247705700679355,0.6249612306928851,0.6245800257394395,16.908952877419352,16.919273054704593
25009756B2,0,146439,87803,1.0,1.0,1.0,40.0,40.0,40.0,0.264186,0.264186
25009756B2,1,36609,21950,4.00010931066094,4.000081947062198,4.000136674259681,9.999726730815459,9.999795136541493,9.999658326025306,1.0567656492665738,1.0567801074259682
25009756B2,2,9152,5487,16.001384799306308,16.00076486013986,16.002004738472753,2.499783643834006,2.499880496315872,2.4996867988565312,4.227178065340909,4.227505623838162
25009756B2,3,2288,1371,64.02304686105288,64.00305944055944,64.04303428154631,0.624775014016604,0.624970124078968,0.6245800257394395,16.908712261363636,16.919273054704593
25015064B,0,111097,44228,1.0,1.0,1.0,40.0,40.0,40.0,0.264186,0.264186
25015064B,1,27774,11057,4.000018002448333,4.000036004896666,4.0,9.999954994081723,9.999909988568549,10.0,1.0567535119896305,1.056744
25015064B,2,6943,2764,16.001371723813488,16.00129626962408,16.001447178002895,2.499785686527823,2.4997974742792337,2.4997738988875824,4.227318456286907,4.227358324167873
2460615-B4,0,142021,81779,1.0,1.0,1.0,40.0,40.0,40.0,0.264186,0.264186
2460615-B4,1,35505,20444,4.000087453683831,4.000028165047176,4.000146742320485,9.99978137057041,9.99992958787785,9.99963315765661,1.0567514408111531,1.0567827672666796
2460615-B4,2,8876,5111,16.00057514304566,16.000563316809373,16.00058696928194,2.4999101371293664,2.4999119848473113,2.4999082894141527,4.227124820414601,4.2271310690667185
2460615-B4,3,2219,1277,64.02109531020449,64.00225326723749,64.0399373531715,0.6247940589923693,0.6249779962118278,0.6246102300101493,16.908499281658404,16.918454889584964
2460943-B3,0,114510,56477,1.0,1.0,1.0,40.0,40.0,40.0,0.264186,0.264186
2460943-B3,1,28627,14119,4.000070345330043,4.000069864114297,4.000070826545789,9.999824139767629,9.999825342764826,9.999822936770721,1.0567624571208996,1.0567627113818259
2460943-B3,2,7156,3529,16.00282008166464,16.001956400223587,16.003683763105695,2.499559439890868,2.499694349838442,2.499424544504843,4.227492853549468,4.22794919863984
2462468-B2,0,160495,81377,1.0,1.0,1.0,40.0,40.0,40.0,0.264186,0.264186
2462468-B2,1,40123,20344,4.000061962311939,4.000074770081998,4.0000491545418795,9.999845096619696,9.999813078289042,9.999877115155389,1.0567637532088825,1.056756985941801
2462468-B2,2,10030,5086,16.00084606581357,16.00149551345962,16.000196618167518,2.4998678092067617,2.4997663478613044,2.4999692787888472,4.227371093718843,4.227027943767204
2462468-B2,3,2507,1271,64.02235565750283,64.01874750698046,64.02596380802518,0.6247817592652477,0.6248169724913548,0.6247465500079875,16.91285682887914,16.91476327458694
2462609-B2,0,122543,59891,1.0,1.0,1.0,40.0,40.0,40.0,0.264186,0.264186
2462609-B2,1,30635,14972,4.0001491506194835,4.000097927207443,4.000200374031525,9.999627137354464,9.999755187974833,9.999499090013526,1.0567698709972253,1.0567969360138925
2462609-B2,2,7658,3743,16.001380116044245,16.001958735962393,16.0008014961261,2.4997843754672666,2.4996939849685416,2.4998747725033814,4.227493470618961,4.22718774405557
2462939-B,0,113105,52863,1.0,1.0,1.0,40.0,40.0,40.0,0.264186,0.264186
2462939-B,1,28276,13215,4.000131190218551,4.000035365681143,4.000227014755959,9.999672035210066,9.999911586578843,9.999432495318088,1.0567533431178382,1.0568039741203177
2462939-B,2,7069,3303,16.00234139439589,16.00014146272457,16.004541326067212,2.499634210654212,2.499977896644711,2.499290619147608,4.227013372471353,4.228175754768392
2463367-B2,0,148045,83988,1.0,1.0,1.0,40.0,40.0,40.0,0.264186,0.264186
2463367-B2,1,37011,20997,4.000013509497176,4.000027018994353,4.0,9.999966226371127,9.99993245297038,10.0,1.056751138040042,1.056744
2463367-B2,2,9252,5249,16.00108357575696,16.001405101599655,16.000762049914268,2.4998307027533744,2.499780472153737,2.4998809353717197,4.2273472081712065,4.22717732291865
2463367-B2,3,2313,1312,64.01043215441882,64.00562040639862,64.01524390243902,0.6248981400954139,0.6249451180384342,0.6248511692146497,16.909388832684826,16.911931225609756
2476286-B2,0,144832,87803,1.0,1.0,1.0,40.0,40.0,40.0,0.264186,0.264186
2476286-B2,1,36208,21950,4.000068337129841,4.0,4.000136674259681,9.999829160094075,10.0,9.999658326025306,1.056744,1.0567801074259682
2476286-B2,2,9052,5487,16.001002369236375,16.0,16.002004738472753,2.4998433896181558,2.5,2.4996867988565312,4.226976,4.227505623838162
2476286-B2,3,2263,1371,64.02151714077316,64.0,64.04303428154631,0.6247899422946561,0.625,0.6245800257394395,16.907904,16.919273054704593
2476299-B2,0,132181,74349,1.0,1.0,1.0,40.0,40.0,40.0,0.264186,0.264186
2476299-B2,1,33045,18587,4.000042031404,4.000030261764261,4.00005380104374,9.999894922594137,9.999924346161704,9.999865499199721,1.0567519947344528,1.0567582134825415
2476299-B2,2,8261,4646,16.001701679749402,16.000605253601258,16.002798105897547,2.4997341408146054,2.4999054327021284,2.499562872399091,4.227135899527902,4.227715220404649
2476299-B2,3,2065,1161,64.02446459072395,64.01016949152542,64.03875968992249,0.6247611792726387,0.6249007043372347,0.6246217164992132,16.91059063728813,16.91814376744186
2476693-B3,0,143427,87803,1.0,1.0,1.0,40.0,40.0,40.0,0.264186,0.264186
2476693-B3,1,35856,21950,4.000110171132518,4.000083668005355,4.000136674259681,9.999724579754545,9.99979083436173,9.999658326025306,1.0567661039156626,1.0567801074259682
2476693-B3,2,8964,5487,16.001169705247086,16.00033467202142,16.002004738472753,2.4998172469155953,2.4999477085904327,2.4996867988565312,4.2270644156626505,4.227505623838162
2476693-B3,3,2241,1371,64.02218648481599,64.00133868808568,64.04303428154631,0.6247834101930698,0.6249869271476082,0.6245800257394395,16.908257662650602,16.919273054704593
2477926-B4,0,130374,78767,1.0,1.0,1.0,40.0,40.0,40.0,0.264186,0.264186
2477926-B4,1,32593,19691,4.000106858368289,4.000061362869328,4.000152353867249,9.999732861215781,9.99984659518002,9.999619129838637,1.0567602112109962,1.056784249758773
2477926-B4,2,8148,4922,16.001891959337385,16.00073637702504,16.003047541649735,2.4997044163055544,2.499884946385015,2.4995239122982977,4.227170540500737,4.227781117838276
2477926-B4,3,2037,1230,64.02057844510699,64.00294550810015,64.03821138211381,0.6247991032179927,0.6249712365962538,0.6246270646336665,16.908682162002947,16.91799891219512
2482111-B2,0,137603,87803,1.0,1.0,1.0,40.0,40.0,40.0,0.264186,0.264186
2482111-B2,1,34400,21950,4.000111941781004,4.000087209302325,4.000136674259681,9.999720153379123,9.999781981497497,9.999658326025306,1.056767039476744,1.0567801074259682
2482111-B2,2,8600,5487,16.001176787841025,16.0003488372093,16.002004738472753,2.499816140422572,2.4999454953743743,2.4996867988565312,4.227068157906976,4.227505623838162
2482111-B2,3,2150,1371,64.02221481519176,64.0013953488372,64.04303428154631,0.6247831337210853,0.6249863738435936,0.6245800257394395,16.908272631627906,16.919273054704593
2482883-B2,0,185596,83988,1.0,1.0,1.0,40.0,40.0,40.0,0.264186,0.264186
2482883-B2,1,46399,20997,4.0,4.0,4.0,10.0,10.0,10.0,1.056744,1.056744
2482883-B2,2,11599,5249,16.00089831093006,16.00103457194586,16.000762049914268,2.499859646797229,2.4998383585853143,2.4998809353717197,4.2272493194240885,4.22717732291865
2482883-B2,3,2899,1312,64.01797034721812,64.02069679199724,64.01524390243902,0.624824557589839,0.6247979482316429,0.6248511692146497,16.91337180269058,16.911931225609756
2483073-B3,0,135394,79771,1.0,1.0,1.0,40.0,40.0,40.0,0.264186,0.264186
2483073-B3,1,33848,19942,4.000104761975647,4.000059087686126,4.000150436265169,9.999738101920121,9.99985228296675,9.999623923480963,1.0567596101394467,1.05678374315515
2483073-B3,2,8462,4985,16.00122148530204,16.000236350744505,16.002206619859578,2.499809157491014,2.4999630707416873,2.499655263190884,4.227038440557787,4.227558958074222
2483073-B3,3,2115,1246,64.01887249600614,64.0160756501182,64.02166934189407,0.6248157526125664,0.6248430506521707,0.6247884569580423,16.912150961702125,16.913628736757623
2483850-B2,0,100253,87803,1.0,1.0,1.0,40.0,40.0,40.0,0.264186,0.264186
2483850-B2,1,25063,21950,4.0000882868565295,4.000039899453378,4.000136674259681,9.999779287730174,9.999900252361526,9.999658326025306,1.0567545408769898,1.0567801074259682
2483850-B2,2,6265,5487,16.002039879212433,16.002075019952116,16.002004738472753,2.4996813095036896,2.499675820174957,2.4996867988565312,4.227524191221069,4.227505623838162
2483850-B2,3,1566,1371,64.03077640003241,64.01851851851852,64.04303428154631,0.6246995936782012,0.6248192074052646,0.6245800257394395,16.912796333333333,16.919273054704593
2484660-B2,0,123747,78566,1.0,1.0,1.0,40.0,40.0,40.0,0.264186,0.264186
2484660-B2,1,30936,19641,4.000099401103967,4.000096974398759,4.000101827809175,9.999751503415292,9.999757569880481,9.999745436957461,1.0567696192785105,1.0567709014815947
2484660-B2,2,7734,4910,16.00080494676086,16.000387897595036,16.00122199592668,2.4998742333958295,2.4999393924701203,2.499809077718097,4.227078477114042,4.227298834215886
2484660-B2,3,1933,1227,64.02453820762454,64.0181065700983,64.03096984515078,0.6247604609077287,0.6248232280378514,0.6246977063869867,16.912687502327987,16.916085799511002
2484791-B2,0,132985,84389,1.0,1.0,1.0,40.0,40.0,40.0,0.264186,0.264186
2484791-B2,1,33246,21097,4.000038739455377,4.000030078806473,4.00004740010428,9.999903152299515,9.999924803549272,9.999881501143514,1.0567519463995667,1.0567565224439492
2484791-B2,2,8311,5274,16.001015474600486,16.001082902177835,16.000948047023133,2.499841342163237,2.4998308079858633,2.499851876429392,4.227262087594753,4.227226460750853
2484791-B2,3,2077,1318,64.02775813282699,64.02744342802119,64.02807283763278,0.6247290420042371,0.6247321126442832,0.624725971394376,16.915154169475205,16.915320450682852
2484862-B3,0,163106,82783,1.0,1.0,1.0,40.0,40.0,40.0,0.264186,0.264186
2484862-B3,1,40776,20695,4.0000970055056095,4.0000490484598785,4.0001449625513406,9.999757492117126,9.99987738035388,9.99963760675501,1.0567569579164213,1.0567822970765883
2484862-B3,2,10194,5173,16.001547932605046,16.000196193839514,16.002899671370578,2.4997581589275666,2.49996934508847,2.4995470084437628,4.227027831665685,4.227742052580707
2484862-B3,3,2548,1293,64.01865952520578,64.01334379905809,64.02397525135345,0.6248178311864055,0.6248697166259978,0.6247659543626106,16.91142924489796,16.914237925754062
2485164-B2,0,134591,64309,1.0,1.0,1.0,40.0,40.0,40.0,0.264186,0.264186
2485164-B2,1,33647,16077,4.000075680827182,4.000089160995037,4.000062200659327,9.99981080151172,9.999777102480849,9.99984450076972,1.0567675550866347,1.0567604325433848
2485164-B2,2,8411,4019,16.001513734739184,16.001783378908573,16.001244090569795,2.499763501321769,2.4997213781010617,2.4998056259621513,4.22744714374034,4.227304671311272
2485276-B3,0,132382,76759,1.0,1.0,1.0,40.0,40.0,40.0,0.264186,0.264186
2485276-B3,1,33095,19189,4.000108385829492,4.000060432089439,4.000156339569545,9.999729042768251,9.999848922058892,9.999609166351828,1.0567599653119806,1.0567853027255198
2485276-B3,2,8273,4797,16.00157574863273,16.001692251903783,16.001459245361684,2.499753813521636,2.499735613603058,2.4997720137052335,4.2274230692614525,4.227361512195121
2485276-B3,3,2068,1199,64.01684471101805,64.01450676982591,64.01918265221018,0.6248355441535145,0.6248583644302096,0.6248127255435845,16.91173648549323,16.912971788156796
2485473-B2,0,132382,81578,1.0,1.0,1.0,40.0,40.0,40.0,0.264186,0.264186
2485473-B2,1,33095,20394,4.000079250074336,4.000060432089439,4.000098068059233,9.999801878739442,9.999848922058892,9.999754835862609,1.0567599653119806,1.0567699082082964
2485473-B2,2,8273,5098,16.001826902727096,16.001692251903783,16.001961553550412,2.499714579038662,2.499735613603058,2.4996935448282627,4.2274230692614525,4.227494214986269
2485473-B2,3,2068,1274,64.02373690139648,64.01450676982591,64.03296703296704,0.6247682802646205,0.6248583644302096,0.6246782220696756,16.91173648549323,16.916613428571427
2485536-B2,0,143226,75755,1.0,1.0,1.0,40.0,40.0,40.0,0.264186,0.264186
2485536-B2,1,35806,18938,4.000107134109726,4.000055856560353,4.000158411659098,9.999732171899067,9.999860360549063,9.999603986535543,1.0567587565212533,1.0567858501425704
2485536-B2,2,8951,4734,16.001720405000853,16.00111719360965,16.002323616392058,2.4997312156197413,2.499825450686328,2.4996369876575804,4.227271146910959,4.227589866920152
2485536-B2,3,2237,1183,64.03113792434999,64.02592758158248,64.0363482671175,0.624696066580267,0.6247469034951755,0.6246452379380898,16.914753704067948,16.917506703296702
2485632-B,0,124952,77963,1.0,1.0,1.0,40.0,40.0,40.0,0.264186,0.264186
2485632-B,1,31238,19490,4.000076962544895,4.0,4.00015392508979,9.99980759733971,10.0,9.999615202083039,1.056744,1.056784664853771
2485632-B,2,7809,4872,16.001641129314603,16.001024458957612,16.002257799671593,2.4997435998437068,2.499839938536398,2.4996472685761195,4.227246647714176,4.227572479064039
2485632-B,3,1952,1218,64.01066314032678,64.01229508196721,64.00903119868637,0.6248958851169901,0.6248799539022986,0.6249118171440299,16.91115218852459,16.910289916256158
2486102-B2,0,124149,68325,1.0,1.0,1.0,40.0,40.0,40.0,0.264186,0.264186
2486102-B2,1,31037,17081,4.000045382095276,4.000032219608854,4.000058544581699,9.999886546049003,9.999919451626674,9.999853640687888,1.0567525119695846,1.0567594666588607
2486102-B2,2,7759,4270,16.000907686563583,16.000644412939813,16.001170960187352,2.4998581820198322,2.4998993145333426,2.4998170508598614,4.227146244876917,4.227285351288056
2486102-B2,3,1939,1067,64.0310051703479,64.02733367715317,64.03467666354264,0.6246973617481737,0.624733183513359,0.6246615440907428,16.915125174832387,16.917065089034676
2487043-B,0,148648,82783,1.0,1.0,1.0,40.0,40.0,40.0,0.264186,0.264186
2487043-B,1,37162,20695,4.00007248127567,4.0,4.0001449625513406,9.999818800094225,10.0,9.99963760675501,1.056744,1.0567822970765883
2487043-B,2,9290,5173,16.00188040619121,16.00086114101184,16.002899671370578,2.4997062210591072,2.499865453958345,2.4995470084437628,4.227203501399353,4.227742052580707
2487043-B,3,2322,1293,64.02060089010394,64.01722652885444,64.02397525135345,0.6247988841695338,0.6248318174479307,0.6247659543626106,16.912455007751937,16.914237925754062
2487053-B2,0,123145,84389,1.0,1.0,1.0,40.0,40.0,40.0,0.264186,0.264186
2487053-B2,1,30786,21097,4.000039941200714,4.000032482297148,4.00004740010428,9.999900147995268,9.999918794916562,9.999881501143514,1.0567525813681542,1.0567565224439492
2487053-B2,2,7696,5274,16.001058742846286,16.00116943866944,16.000948047023133,2.499834582376188,2.499817288562264,2.499851876429392,4.227284949324324,4.227226460750853
2487053-B2,3,1924,1318,64.01637529615527,64.00467775467776,64.02807283763278,0.6248401259045097,0.624954322140566,0.624725971394376,16.909139797297296,16.915320450682852
2487063-B2,0,130374,79971,1.0,1.0,1.0,40.0,40.0,40.0,0.264186,0.264186
2487063-B2,1,32593,19992,4.000105711446668,4.000061362869328,4.000150060024009,9.999735728367463,9.99984659518002,9.999624864013205,1.0567602112109962,1.0567836437575029
2487063-B2,2,8148,4998,16.000668308560538,16.00073637702504,16.000600240096038,2.4998955811489165,2.499884946385015,2.499906216003301,4.227170540500737,4.2271345750300116
2487063-B2,3,2037,1249,64.01548396301726,64.00294550810015,64.02802241793435,0.6248488259982322,0.6249712365962538,0.6247264633429618,16.908682162002947,16.915307130504402
2487518-B,0,101056,54268,1.0,1.0,1.0,40.0,40.0,40.0,0.264186,0.264186
2487518-B,1,25264,13567,4.0,4.0,4.0,10.0,10.0,10.0,1.056744,1.056744
2487518-B,2,6316,3391,16.0017693895606,16.0,16.003538779121204,2.499723563451403,2.5,2.499447188029778,4.226976,4.227910895900914
2487567-B2,0,91618,59891,1.0,1.0,1.0,40.0,40.0,40.0,0.264186,0.264186
2487567-B2,1,22904,14972,4.000143847511746,4.000087320991966,4.000200374031525,9.999640394152737,9.999781702285578,9.999499090013526,1.0567670689835835,1.0567969360138925
2487567-B2,2,5726,3743,16.000575390046983,16.000349283967864,16.0008014961261,2.499910098538184,2.4999454255713944,2.4998747725033814,4.227068275934334,4.22718774405557
2488040-B,0,133788,84389,1.0,1.0,1.0,40.0,40.0,40.0,0.264186,0.264186
2488040-B,1,33447,21097,4.0000237000521395,4.0,4.00004740010428,9.999940750220707,10.0,9.999881501143514,1.056744,1.0567565224439492
2488040-B,2,8361,5274,16.001191641021435,16.001435235019734,16.000948047023133,2.499813819956637,2.499775764642569,2.499851876429392,4.2273551689989235,4.227226460750853
2488040-B,3,2090,1318,64.02073498340968,64.0133971291866,64.02807283763278,0.6247975755099593,0.6248691960414985,0.624725971394376,16.911443333971288,16.915320450682852
2488302-B2,0,124751,87803,1.0,1.0,1.0,40.0,40.0,40.0,0.264186,0.264186
2488302-B2,1,31187,21950,4.000116434093319,4.000096193926956,4.000136674259681,9.999708923239517,9.999759520965764,9.999658326025306,1.0567694130887868,1.0567801074259682
2488302-B2,2,7796,5487,16.001964401047562,16.001924063622372,16.002004738472753,2.499693100015984,2.4996994012072045,2.4996867988565312,4.22748431067214,4.227505623838162
2488302-B2,3,1949,1371,64.02536526801791,64.00769625448949,64.04303428154631,0.6247523904401822,0.6249248503018011,0.6245800257394395,16.90993724268856,16.919273054704593
2488335-B,0,170134,86397,1.0,1.0,1.0,40.0,40.0,40.0,0.264186,0.264186
2488335-B,1,42533,21599,4.000046660375915,4.000047022312087,4.0000462984397425,9.99988335042094,9.999882445601703,9.999884255240344,1.056756422636541,1.0567562313996017
2488335-B,2,10633,5399,16.001486067159057,16.000564281011943,16.002407853306167,2.4997678235707577,2.499911834201277,2.499623829531118,4.227125075143421,4.227612121133543
2488335-B,3,2658,1349,64.02674779021442,64.00827689992475,64.04521868050408,0.624738900233715,0.6249191813511703,0.6245587231038114,16.91009064108352,16.91985014232765
2488960-B2,0,146840,65714,1.0,1.0,1.0,40.0,40.0,40.0,0.264186,0.264186
2488960-B2,1,36710,16428,4.000060871682493,4.0,4.0001217433649865,9.999847823109583,10.0,9.999695650850656,1.056744,1.0567761628926222
2488960-B2,2,9177,4107,16.000679359019394,16.000871744578838,16.000486973459946,2.4998938546601446,2.499863797330428,2.499923912712664,4.227206302713305,4.227104651570489
2488960-B2,3,2294,1026,64.029597509224,64.01046207497821,64.04873294346979,0.6247110954311037,0.6248978479978208,0.6245244544541498,16.910667933740193,16.92077856140351
2488987-B2,0,154471,87602,1.0,1.0,1.0,40.0,40.0,40.0,0.264186,0.264186
2488987-B2,1,38617,21900,4.000084505097064,4.000077685993215,4.0000913242009135,9.99978874172044,9.999805788788835,9.999771694710166,1.0567645235518035,1.0567681265753424
2488987-B2,2,9654,5475,16.00054519242503,16.000725088046405,16.000365296803654,2.4999148165861738,2.49988671012682,2.4999429236775415,4.227167558110627,4.227072506301369
2488987-B2,3,2413,1368,64.02635608048993,64.01616245337753,64.03654970760233,0.6247427223519405,0.6248422033909278,0.6246432729846351,16.912173893907994,16.91755992105263
25012737B4,0,111097,77562,1.0,1.0,1.0,40.0,40.0,40.0,0.264186,0.264186
25012737B4,1,27774,19390,4.000069575424094,4.000036004896666,4.000103145951521,9.999826064465175,9.999909988568549,9.999742141770454,1.0567535119896305,1.0567712497163486
25012737B4,2,6943,4847,16.001679700729103,16.00129626962408,16.002063131834124,2.4997375743108665,2.4997974742792337,2.4996776772130684,4.227318456286907,4.22752105054673
25012737B4,3,1735,1211,64.04037366408309,64.0328530259366,64.04789430222957,0.6246059745031425,0.624679334275453,0.6245326319589489,16.916583309510084,16.920557004128817
25013062B2,0,107281,55674,1.0,1.0,1.0,40.0,40.0,40.0,0.264186,0.264186
25013062B2,1,26820,13918,4.000090492207527,4.000037285607755,4.0001436988073,9.99977377459909,9.99990678684949,9.99964076588713,1.0567538503355702,1.0567819632131052
25013062B2,2,6705,3479,16.001511765811657,16.00014914243102,16.002874389192296,2.4997638089085297,2.4999766967123724,2.499550957358911,4.227015401342281,4.2277353733831555
25013189B4,0,101056,75955,1.0,1.0,1.0,40.0,40.0,40.0,0.264186,0.264186
25013189B4,1,25264,18988,4.000078997261428,4.0,4.000157994522857,9.999802510746706,10.0,9.99960502929366,1.056744,1.0567857399410154
25013189B4,2,6316,4747,16.000315989045713,16.0,16.000631978091427,2.4999506276866765,2.5,2.499901257323415,4.226976,4.227142959764062
25013189B4,3,1579,1186,64.02150084317032,64.0,64.04300168634065,0.6247901013440099,0.625,0.6245803436245144,16.907904,16.91926444350759
25013629B6,0,172945,87803,1.0,1.0,1.0,40.0,40.0,40.0,0.264186,0.264186
25013629B6,1,43236,21950,4.000079901566884,4.000023128874086,4.000136674259681,9.999800250072873,9.999942178149123,9.999658326025306,1.0567501103247292,1.0567801074259682
25013629B6,2,10809,5487,16.00104862698455,16.000092515496345,16.002004738472753,2.499836162771423,2.4999855445372807,2.4996867988565312,4.227000441298917,4.227505623838162
25013629B6,3,2702,1371,64.02466295868581,64.00629163582532,64.04303428154631,0.6247592435716752,0.6249385642834426,0.6245800257394395,16.909566162102145,16.919273054704593
25013977B2,0,141418,87803,1.0,1.0,1.0,40.0,40.0,40.0,0.264186,0.264186
25013977B2,1,35354,21950,4.000096622472376,4.000056570685071,4.000136674259681,9.999758449653857,9.999858575287448,9.999658326025306,1.056758945183006,1.0567801074259682
25013977B2,2,8838,5487,16.00156810809132,16.00113147770989,16.002004738472753,2.4997550071216885,2.499823219109307,2.4996867988565312,4.227274920570265,4.227505623838162
25013977B2,3,2209,1371,64.0310237048293,64.01901312811226,64.04303428154631,0.6246971809226776,0.6248143800647725,0.6245800257394395,16.912927002263466,16.919273054704593
25014298B2,0,114109,55473,1.0,1.0,1.0,40.0,40.0,40.0,0.264186,0.264186
25014298B2,1,28527,13868,4.0000535814804365,4.0000350545097625,4.000072108451111,9.999866048093244,9.999912364493598,9.999819732121933,1.056753260910716,1.056763050043265
25014298B2,2,7131,3467,16.001055730013988,16.00182302622353,16.000288433804442,2.4998350530690283,2.4997151846041943,2.4999549330304833,4.227457618005889,4.22705220017306
25014627B3,0,139410,75353,1.0,1.0,1.0,40.0,40.0,40.0,0.264186,0.264186
25014627B3,1,34852,18838,4.000055234853711,4.000057385515896,4.000053084191528,9.9998619147725,9.999856538268418,9.999867291282364,1.0567591604499023,1.0567580241002228
25014627B3,2,8713,4709,16.00107038793559,16.000229542063582,16.001911233807604,2.4998327630730883,2.4999641345671044,2.4997014053853195,4.227036641799609,4.2274809212146955
25014627B3,3,2178,1177,64.01475245230554,64.00826446280992,64.02124044180118,0.6248559662837432,0.6249193027759845,0.6247926426286944,16.9100873553719,16.913515427357687
25015052B3,0,164913,73947,1.0,1.0,1.0,40.0,40.0,40.0,0.264186,0.264186
25015052B3,1,41228,18486,4.000093270166423,4.000024255360435,4.000162284972411,9.999766830020892,9.999939361966613,9.99959430402856,1.0567504079266516,1.0567868734177215
25015052B3,2,10307,4621,16.00123872928828,16.00009702144174,16.002380437134818,2.499806463532412,2.499984840491653,2.499628112026181,4.227001631706607,4.2276048781648985
25015052B3,3,2576,1155,64.02119918125354,64.01902173913044,64.02337662337662,0.6247930452966689,0.6248142960227514,0.6247717960160656,16.912929277173912,16.914079776623375
25015191B2,0,137202,81779,1.0,1.0,1.0,40.0,40.0,40.0,0.264186,0.264186
25015191B2,1,34300,20444,4.000102525679193,4.000058309037901,4.000146742320485,9.999743692371547,9.99985422953018,9.99963315765661,1.056759404431487,1.0567827672666796
25015191B2,2,8575,5111,16.00041010271677,16.000233236151605,16.00058696928194,2.499935923092887,2.499963557382545,2.4999082894141527,4.227037617725948,4.2271310690667185
25015191B2,3,2143,1277,64.03163456552649,64.02333177788148,64.0399373531715,0.6246912213222696,0.624772233640909,0.6246102300101493,16.914067929071397,16.918454889584964
25015191B3,0,137603,66317,1.0,1.0,1.0,40.0,40.0,40.0,0.264186,0.264186
25015191B3,1,34400,16579,4.000073763285579,4.000087209302325,4.000060317268834,9.999815595186629,9.999781981497497,9.99984920910174,1.056767039476744,1.056759934977984
25015191B3,2,8600,4144,16.001742951423182,16.0003488372093,16.003137065637066,2.49972769350369,2.4999454953743743,2.4995099295806504,4.227068157906976,4.227804768822393
25015191B3,3,2150,1036,64.00697180569273,64.0013953488372,64.01254826254826,0.6249319233759225,0.6249863738435936,0.6248774823951626,16.908272631627906,16.911219075289573
25015215B2,0,129972,82180,1.0,1.0,1.0,40.0,40.0,40.0,0.264186,0.264186
25015215B2,1,32493,20545,4.0,4.0,4.0,10.0,10.0,10.0,1.056744,1.056744
25015215B2,2,8123,5136,16.00063562255248,16.000492428905577,16.00077881619938,2.4999006879214876,2.49992306035146,2.4998783158919444,4.227106092822848,4.227181752336449
25015215B2,3,2030,1284,64.01436551417216,64.0256157635468,64.00311526479751,0.6248597432578534,0.624749946142246,0.6249695789729861,16.914671326108373,16.908727009345796
25015421B3,0,145635,75554,1.0,1.0,1.0,40.0,40.0,40.0,0.264186,0.264186
25015421B3,1,36408,18888,4.000094143404259,4.000082399472643,4.000105887335875,9.999764647028584,9.99979400556185,9.999735288667708,1.0567657687870797,1.0567719739517152
25015421B3,2,9102,4722,16.000376573617036,16.000329597890573,16.0004235493435,2.499941161757146,2.4999485013904623,2.499933822166927,4.227063075148319,4.227087895806861
25015421B3,3,2275,1180,64.02209908735333,64.01538461538462,64.02881355932203,0.6247842630936392,0.6248497957221821,0.6247187442094396,16.9119684,16.915516138983048
25015471B,0,165315,87803,1.0,1.0,1.0,40.0,40.0,40.0,0.264186,0.264186
25015471B,1,41328,21950,4.000104632135647,4.000072590011614,4.000136674259681,9.99973842650313,9.999818528264223,9.999658326025306,1.0567631772648083,1.0567801074259682
25015471B,2,10332,5487,16.001147549259606,16.000290360046456,16.002004738472753,2.499820708287316,2.4999546320660557,2.4996867988565312,4.227052709059233,4.227505623838162
25015471B,3,2583,1371,64.02209786086607,64.00116144018583,64.04303428154631,0.6247842750627868,0.6249886580165139,0.6245800257394395,16.908210836236933,16.919273054704593
25015496B,0,109490,66517,1.0,1.0,1.0,40.0,40.0,40.0,0.264186,0.264186
25015496B,1,27372,16629,4.000066601637632,4.000073067368113,4.00006013590715,9.999833498678235,9.99981733491643,9.999849662492295,1.0567633033757122,1.0567598870647663
25015496B,2,6843,4157,16.000747529973175,16.000292269472453,16.0012027904739,2.499883203898478,2.4999543337291077,2.4998120781153688,4.227053213502849,4.227293760404137
25015496B,3,1710,1039,64.02472575407077,64.02923976608187,64.02021174205967,0.6247586308084537,0.624714585806923,0.6248026820211374,16.915628736842105,16.913243659287776
25015594B2,0,134993,70333,1.0,1.0,1.0,40.0,40.0,40.0,0.264186,0.264186
25015594B2,1,33748,17583,4.000043252250821,4.000029631385564,4.000056873116078,9.999891870542159,9.999925922084849,9.999857819231371,1.0567518281972266,1.0567590250810441
25015594B2,2,8437,4395,16.001538216127216,16.000118525542256,16.002957906712172,2.499759676834433,2.499981480521212,2.499537912501955,4.227007312788906,4.227757437542661
25015594B2,3,2109,1098,64.03180812391338,64.00806069227121,64.05555555555556,0.6246895280950463,0.6249212922151519,0.6244579358196011,16.910033522048362,16.922580999999997
25015608B2,0,125555,85594,1.0,1.0,1.0,40.0,40.0,40.0,0.264186,0.264186
25015608B2,1,31388,21398,4.0000945223035,4.000095577927871,4.000093466679129,9.99976369982516,9.999761060889648,9.999766338762063,1.0567692503504524,1.0567686925880921
25015608B2,2,7847,5349,16.001125910015396,16.000382311711483,16.001869508319313,2.499824088938846,2.499940265222412,2.4997079234525783,4.22707700140181,4.227469897924846
25015608B2,3,1961,1337,64.0227268306395,64.02600713921468,64.01944652206433,0.6247781370795521,0.6247461271952531,0.624810150244176,16.91477472208057,16.913041498878084
25015640B3,0,129169,76959,1.0,1.0,1.0,40.0,40.0,40.0,0.264186,0.264186
25015640B3,1,32292,19239,4.000093450341418,4.000030967422272,4.000155933260564,9.99976637960443,9.999922582043679,9.999610182044986,1.0567521811594203,1.0567851953843754
25015640B3,2,8073,4809,16.00162151063993,16.000123869689087,16.003119151590766,2.4997466646366355,2.4999806455109197,2.4995127275562314,4.227008724637681,4.227800036182158
25015640B3,3,2018,1202,64.0171072658882,64.00842418235877,64.02579034941763,0.6248329815007774,0.6249177434214092,0.6247482425707195,16.910129551040633,16.914717449251246
25015640B5,0,109490,70534,1.0,1.0,1.0,40.0,40.0,40.0,0.264186,0.264186
25015640B5,1,27372,17633,4.000093245531161,4.000073067368113,4.000113423694209,9.999766891606177,9.99981733491643,9.999716448804833,1.0567633033757122,1.0567739649520782
25015640B5,2,6843,4408,16.000826715498476,16.000292269472453,16.0013611615245,2.4998708323774177,2.4999543337291077,2.499787336603624,4.227053213502849,4.227335599818511
25015640B5,3,1710,1102,64.01734220608994,64.02923976608187,64.005444646098,0.6248306883973516,0.624714585806923,0.624946834150906,16.915628736842105,16.909342399274045
25015784B2,0,94430,51457,1.0,1.0,1.0,40.0,40.0,40.0,0.264186,0.264186
25015784B2,1,23607,12864,4.000081228476059,4.00008472063371,4.000077736318408,9.99979693293356,9.99978820290162,9.99980566298074,1.0567663820053372,1.0567645368470149
25015784B2,2,5901,3216,16.001341712257222,16.002372479240808,16.000310945273633,2.499790375038333,2.4996293550778352,2.499951415745185,4.227602775800712,4.2270581473880595
25015798B2,0,101458,58083,1.0,1.0,1.0,40.0,40.0,40.0,0.264186,0.264186
25015798B2,1,25364,14520,4.000142731743175,4.0000788519161015,4.000206611570248,9.999643183374328,9.999802874095685,9.999483497753214,1.056764831572307,1.0567985838842975
25015798B2,2,6341,3630,16.0005709269727,16.000315407664406,16.000826446280993,2.499910795843582,2.4999507185239214,2.4998708744383036,4.227059326289228,4.22719433553719
25015867B2,0,146840,87803,1.0,1.0,1.0,40.0,40.0,40.0,0.264186,0.264186
25015867B2,1,36710,21950,4.000068337129841,4.0,4.000136674259681,9.999829160094075,10.0,9.999658326025306,1.056744,1.0567801074259682
25015867B2,2,9177,5487,16.001438241525797,16.000871744578838,16.002004738472753,2.499775294960352,2.499863797330428,2.4996867988565312,4.227206302713305,4.227505623838162
25015867B2,3,2294,1371,64.02674817826227,64.01046207497821,64.04303428154631,0.6247388964473508,0.6248978479978208,0.6245800257394395,16.910667933740193,16.919273054704593
25016027B,0,139410,76558,1.0,1.0,1.0,40.0,40.0,40.0,0.264186,0.264186
25016027B,1,34852,19139,4.000080942091769,4.000057385515896,4.000104498667642,9.99979764886526,9.999856538268418,9.999738760155699,1.0567591604499023,1.0567716070850095
25016027B,2,8713,4784,16.001577981734133,16.000229542063582,16.002926421404684,2.4997534646683075,2.4999641345671044,2.499542830272473,4.227036641799609,4.2277491195652175
25016027B,3,2178,1196,64.00998507421433,64.00826446280992,64.01170568561874,0.6249025047205258,0.6249193027759845,0.6248857075681182,16.9100873553719,16.91099647826087
25016031B2,0,133788,82381,1.0,1.0,1.0,40.0,40.0,40.0,0.264186,0.264186
25016031B2,1,33447,20595,4.000024277737315,4.0,4.0000485554746295,9.999939306025091,10.0,9.99987861278693,1.056744,1.0567568276766204
25016031B2,2,8361,5148,16.001980243772493,16.001435235019734,16.002525252525253,2.499690625200393,2.499775764642569,2.4996054915575194,4.2273551689989235,4.227643136363636
25016031B2,3,2090,1287,64.0117490696438,64.0133971291866,64.01010101010101,0.6248852840512233,0.6248691960414985,0.6249013728893799,16.911443333971288,16.910572545454546
25016827B2,0,143828,87803,1.0,1.0,1.0,40.0,40.0,40.0,0.264186,0.264186
25016827B2,1,35957,21950,4.000068337129841,4.0,4.000136674259681,9.999829160094075,10.0,9.999658326025306,1.056744,1.0567801074259682
25016827B2,2,8989,5487,16.001224863395905,16.000444988319057,16.002004738472753,2.499808629744541,2.49993047250883,2.4996867988565312,4.227093559684058,4.227505623838162
25016827B2,3,2247,1371,64.02596751905531,64.0089007565643,64.04303428154631,0.6247465137968475,0.6249130906360375,0.6245800257394395,16.910255455273695,16.919273054704593
25017341B3,0,106679,70734,1.0,1.0,1.0,40.0,40.0,40.0,0.264186,0.264186
25017341B3,1,26669,17683,4.000112796568687,4.000112490157111,4.000113102980263,9.999718016529973,9.999718782515773,9.999717250544293,1.0567737183246464,1.0567738802239437
25017341B3,2,6667,4420,16.002108684158554,16.001049947502626,16.00316742081448,2.4996705615178327,2.499835956467533,2.499505188452512,4.227253381430928,4.227812788235294
25017341B3,3,1666,1105,64.02284144427003,64.03301320528212,64.01266968325793,0.6247770186023187,0.6246777716326549,0.624876297113128,16.91662562665066,16.911251152941176
25017342B2,0,100855,69128,1.0,1.0,1.0,40.0,40.0,40.0,0.264186,0.264186
25017342B2,1,25213,17282,4.000059493118629,4.000118986237259,4.0,9.99985126941554,9.999702543255168,10.0,1.0567754344980762,1.056744
25017342B2,2,6303,4320,16.001481217057133,16.001110582262413,16.001851851851853,2.4997685812586594,2.4998264835655153,2.49971068163407,4.227269400285578,4.227465233333334
25017342B2,3,1575,1080,64.02116402116403,64.03492063492064,64.00740740740741,0.6247933884297521,0.624659164146547,0.6249276704085175,16.917129542857143,16.909860933333334
25017355B4,0,143627,69530,1.0,1.0,1.0,40.0,40.0,40.0,0.264186,0.264186
25017355B4,1,35906,17382,4.000099306526753,4.000083551495572,4.000115061557933,9.99975173984658,9.999791125624013,9.999712354379406,1.0567660731354092,1.056774397652744
25017355B4,2,8976,4345,16.00176349308423,16.001225490196077,16.002301495972382,2.499724484572436,2.4998085318220116,2.499640442974256,4.227299757352941,4.227584023014959
25017355B4,3,2244,1086,64.01442151446213,64.00490196078431,64.02394106813996,0.6248591966259229,0.6249521329555029,0.6247662879332663,16.909199029411763,16.914228895027623
25017499B,0,98647,40814,1.0,1.0,1.0,40.0,40.0,40.0,0.264186,0.264186
25017499B,1,24661,10203,4.000158835173173,4.000121649568144,4.000196020778202,9.999602927834324,9.999695885328494,9.99950997206841,1.0567761381128096,1.05679578594531
25017499B,2,6165,2550,16.003312819044893,16.001135442011353,16.00549019607843,2.4994824791775376,2.4998225997749555,2.499142451119714,4.2272759678832115,4.228426432941176
25017500B,0,106880,41015,1.0,1.0,1.0,40.0,40.0,40.0,0.264186,0.264186
25017500B,1,26720,10253,4.0001462986442995,4.0,4.000292597288598,9.99963426676582,10.0,9.999268560282824,1.056744,1.0568213001072855
25017500B,2,6680,2563,16.001365587202496,16.0,16.002731174404992,2.4997866452092707,2.5,2.4995733268316473,4.226976,4.227697538041357
25017592B3,0,100052,78365,1.0,1.0,1.0,40.0,40.0,40.0,0.264186,0.264186
25017592B3,1,25013,19591,4.000025521923332,4.0,4.000051043846664,9.999936195598773,10.0,9.99987239201174,1.056744,1.0567574850696748
25017592B3,2,6253,4897,16.001647189745082,16.000639692947384,16.00265468654278,2.4997426530960296,2.499900051972974,2.499585274038155,4.227144997920997,4.227677331018991
25017592B3,3,1563,1224,64.0182443578839,64.0127959053103,64.02369281045752,0.6248218832179512,0.6248750649662176,0.6247687105212786,16.911284499040306,16.91416330882353
25017730B2,0,136800,87803,1.0,1.0,1.0,40.0,40.0,40.0,0.264186,0.264186
25017730B2,1,34200,21950,4.000068337129841,4.0,4.000136674259681,9.999829160094075,10.0,9.999658326025306,1.056744,1.0567801074259682
25017730B2,2,8550,5487,16.001002369236375,16.0,16.002004738472753,2.4998433896181558,2.5,2.4996867988565312,4.226976,4.227505623838162
25017730B2,3,2137,1371,64.0290042722659,64.01497426298549,64.04303428154631,0.6247168834597349,0.6248538011695907,0.6245800257394395,16.911859990641084,16.919273054704593
25017739B2,0,126157,86598,1.0,1.0,1.0,40.0,40.0,40.0,0.264186,0.264186
25017739B2,1,31539,21649,4.00006204489787,4.000031706775738,4.000092383020001,9.999844890161269,9.999920733688974,9.999769047784014,1.0567523764862552,1.0567684063005218
25017739B2,2,7884,5412,16.001378778316635,16.001648909183157,16.00110864745011,2.499784584451169,2.499742384489168,2.4998267858380103,4.227411618721461,4.227268889135255
25017739B2,3,1971,1353,64.00551511326654,64.00659563673263,64.00443458980044,0.6249461461127922,0.624935596122292,0.6249566964595026,16.909646474885843,16.90907555654102
25017923B,0,119531,62903,1.0,1.0,1.0,40.0,40.0,40.0,0.264186,0.264186
25017923B,1,29882,15725,4.000145586950431,4.0001003948865534,4.000190779014308,9.999636045870664,9.999749019082916,9.999523075211041,1.056770522923499,1.056794401144674
25017923B,2,7470,3931,16.00162663713448,16.001472556894242,16.001780717374714,2.4997458637844505,2.49976993415934,2.499721793873106,4.227365028915662,4.227446440600356
25017930B,0,139410,87803,1.0,1.0,1.0,40.0,40.0,40.0,0.264186,0.264186
25017930B,1,34852,21950,4.0000970298877885,4.000057385515896,4.000136674259681,9.999757431164635,9.999856538268418,9.999658326025306,1.0567591604499023,1.0567801074259682
25017930B,2,8713,5487,16.001117140268168,16.000229542063582,16.002004738472753,2.499825459019771,2.4999641345671044,2.4996867988565312,4.227036641799609,4.227505623838162
25017930B,3,2178,1371,64.02564937217812,64.00826446280992,64.04303428154631,0.6247496181956993,0.6249193027759845,0.6245800257394395,16.9100873553719,16.919273054704593
25018478B2,0,141619,69329,1.0,1.0,1.0,40.0,40.0,40.0,0.264186,0.264186
25018478B2,1,35404,17332,4.000071216466953,4.000084736188001,4.000057696745904,9.999821962002427,9.99978816401754,9.999855760215782,1.0567663861145633,1.0567592426725132
25018478B2,2,8851,4333,16.000284865867812,16.000338944752006,16.000230786983614,2.4999554905006067,2.499947041004385,2.4999639400539455,4.227065544458253,4.227036970690053
25018478B2,3,2212,1083,64.0193765977235,64.02305605786619,64.01569713758079,0.6248108326850278,0.6247749242686362,0.6248467452292692,16.913995087703434,16.912050963988918
25018956B3,0,101458,60092,1.0,1.0,1.0,40.0,40.0,40.0,0.264186,0.264186
25018956B3,1,25364,15023,4.00003942595805,4.0000788519161015,4.0,9.99990143607637,9.999802874095685,10.0,1.056764831572307,1.056744
25018956B3,2,6341,3755,16.001755573339526,16.000315407664406,16.003195739014647,2.499725721760422,2.4999507185239214,2.499500765492911,4.227059326289228,4.2278202695073235
25019094B8,0,142824,83586,1.0,1.0,1.0,40.0,40.0,40.0,0.264186,0.264186
25019094B8,1,35706,20896,4.0000478560490045,4.0,4.000095712098009,9.999880361308847,10.0,9.999760725480344,1.056744,1.0567692857963245
25019094B8,2,8926,5224,16.000639553257187,16.00089625812234,16.000382848392036,2.4999000737978223,2.499859967512463,2.499940181370086,4.227212778848307,4.227077143185298
25019094B8,3,2231,1306,64.00973028665408,64.01792917974002,64.00153139356814,0.624904992113987,0.6248249593905787,0.6249850453425215,16.912640638278795,16.90830857274119
25019273B,0,145635,87803,1.0,1.0,1.0,40.0,40.0,40.0,0.264186,0.264186
25019273B,1,36408,21950,4.000109536866162,4.000082399472643,4.000136674259681,9.999726165333342,9.99979400556185,9.999658326025306,1.0567657687870797,1.0567801074259682
25019273B,2,9102,5487,16.001167168181663,16.000329597890573,16.002004738472753,2.499817643274176,2.4999485013904623,2.4996867988565312,4.227063075148319,4.227505623838162
25019273B,3,2275,1371,64.02920944846547,64.01538461538462,64.04303428154631,0.6247148816071888,0.6248497957221821,0.6245800257394395,16.9119684,16.919273054704593
25019294B1,0,75955,87803,1.0,1.0,1.0,40.0,40.0,40.0,0.264186,0.264186
25019294B1,1,18988,21950,4.000147334391269,4.000157994522857,4.000136674259681,9.999631677588468,9.99960502929366,9.999658326025306,1.0567857399410154,1.0567801074259682
25019294B1,2,4747,5487,16.00131835828209,16.000631978091427,16.002004738472753,2.4997940234903506,2.499901257323415,2.4996867988565312,4.227142959764062,4.227505623838162
25019294B1,3,1186,1371,64.04301798394349,64.04300168634065,64.04303428154631,0.6245801846819364,0.6245803436245144,0.6245800257394395,16.91926444350759,16.919273054704593
25019294B2,0,66718,52662,1.0,1.0,1.0,40.0,40.0,40.0,0.264186,0.264186
25019294B2,1,16679,13165,4.000135914614981,4.000119911265664,4.000151917964299,9.999660225007643,9.999700230822267,9.999620219513123,1.0567756788776306,1.0567841345993163
25019294B2,2,4169,3291,16.00259063675481,16.003358119453107,16.001823154056517,2.4995952785374542,2.4994754039389666,2.499715164634841,4.227863168145838,4.227457651777574
25019335B6,0,104068,83184,1.0,1.0,1.0,40.0,40.0,40.0,0.264186,0.264186
25019335B6,1,26017,20796,4.0,4.0,4.0,10.0,10.0,10.0,1.056744,1.056744
25019335B6,2,6504,5199,16.000307503075028,16.00061500615006,16.0,2.4999519535679284,2.4999039089825885,2.5,4.227138476014759,4.226976
25019335B6,3,1626,1299,64.01970576287749,64.00246002460024,64.03695150115473,0.6248076201436469,0.6249759772456471,0.6246393537218696,16.908553904059037,16.917666069284063
25019339B2,0,113305,87803,1.0,1.0,1.0,40.0,40.0,40.0,0.264186,0.264186
25019339B2,1,28326,21950,4.000085988757321,4.00003530325496,4.000136674259681,9.99978503272789,9.999911742641542,9.999658326025306,1.0567533266257148,1.0567801074259682
25019339B2,2,7081,5487,16.00163787269634,16.001271006919925,16.002004738472753,2.4997441085860443,2.4998014209434714,2.4996867988565312,4.227311782234147,4.227505623838162
25019339B2,3,1770,1371,64.02857928766582,64.01412429378531,64.04303428154631,0.6247210299683382,0.6248620978774105,0.6245800257394395,16.911635440677966,16.919273054704593
25019339B3,0,107482,84791,1.0,1.0,1.0,40.0,40.0,40.0,0.264186,0.264186
25019339B3,1,26870,21197,4.000107980957132,4.000074432452549,4.000141529461716,9.999730054894401,9.999813922331182,9.999646188864384,1.056763664011909,1.0567813901023728
25019339B3,2,6717,5299,16.00140488191302,16.001488759863033,16.00132100396301,2.4997805064737455,2.4997674029139763,2.499793610170891,4.227369309513175,4.2273249907529715
25019339B3,3,1679,1324,64.02851309673972,64.01548540798095,64.04154078549848,0.6247216757878572,0.6248488118940846,0.6245945914071069,16.91199502799285,16.918878493957703
25019474B2,0,131177,87803,1.0,1.0,1.0,40.0,40.0,40.0,0.264186,0.264186
25019474B2,1,32794,21950,4.000083583821309,4.000030493382936,4.000136674259681,9.999791044813046,9.999923767123809,9.999658326025306,1.0567520559248642,1.0567801074259682
25019474B2,2,8198,5487,16.001551283605735,16.001097828738718,16.002004738472753,2.499757635435115,2.499828476028572,2.4996867988565312,4.2272660309831664,4.227505623838162
25019474B2,3,2049,1371,64.03152202120263,64.02000976085895,64.04303428154631,0.6246923193041527,0.6248046532547626,0.6245800257394395,16.91319029868228,16.919273054704593
25019503B,0,149652,59288,1.0,1.0,1.0,40.0,40.0,40.0,0.264186,0.264186
25019503B,1,37413,14822,4.0,4.0,4.0,10.0,10.0,10.0,1.056744,1.056744
25019503B,2,9353,3705,16.001293457265366,16.000427670266223,16.002159244264508,2.499797913639166,2.499933178307006,2.49966266360815,4.227088984496952,4.227546442105263
25019629B2,0,122342,75755,1.0,1.0,1.0,40.0,40.0,40.0,0.264186,0.264186
25019629B2,1,30585,18938,4.000111901595448,4.0000653915317965,4.000158411659098,9.999720253837392,9.999836523842998,9.999603986535543,1.056761275527219,1.0567858501425704
25019629B2,2,7646,4734,16.001554170215385,16.000784724038713,16.002323616392058,2.499757184489886,2.499877392882248,2.4996369876575804,4.227183313104891,4.227589866920152
25019629B2,3,1911,1183,64.02811657207262,64.01988487702774,64.0363482671175,0.6247255446749616,0.6248058720635595,0.6246452379380898,16.913157306122446,16.917506703296702
25019675B2,0,106076,87401,1.0,1.0,1.0,40.0,40.0,40.0,0.264186,0.264186
25019675B2,1,26519,21850,4.000022883295195,4.0,4.000045766590389,9.99994279208929,10.0,9.999885584833127,1.056744,1.0567560908924483
25019675B2,2,6629,5462,16.00172898793231,16.001810227786997,16.001647748077627,2.4997298748257744,2.4997171839058785,2.4997425658745325,4.227454236838136,4.227411311973635
25019675B2,3,1657,1365,64.02346731924283,64.016898008449,64.03003663003663,0.6247709109621691,0.6248350239450959,0.624706811134884,16.912368217260106,16.915839257142856
25019705B2,0,132784,80574,1.0,1.0,1.0,40.0,40.0,40.0,0.264186,0.264186
25019705B2,1,33196,20143,4.000049645037978,4.0,4.000099290075957,9.999875888945429,10.0,9.999751780971529,1.056744,1.0567702310480065
25019705B2,2,8299,5035,16.00139026812314,16.0,16.002780536246277,2.4997827894795637,2.5,2.499565616700176,4.226976,4.227710578748758
25019705B2,3,2074,1258,64.03621413119967,64.02314368370298,64.04928457869634,0.6246465463752523,0.6247740691649597,0.624519075632338,16.914018237222756,16.920924295707472
25020232B,0,149652,87803,1.0,1.0,1.0,40.0,40.0,40.0,0.264186,0.264186
25020232B,1,37413,21950,4.000068337129841,4.0,4.000136674259681,9.999829160094075,10.0,9.999658326025306,1.056744,1.0567801074259682
25020232B,2,9353,5487,16.001216204369488,16.000427670266223,16.002004738472753,2.4998099825110236,2.499933178307006,2.4996867988565312,4.227088984496952,4.227505623838162
25020232B,3,2338,1371,64.02579430073894,64.00855431993156,64.04303428154631,0.6247482040146802,0.6249164728837571,0.6245800257394395,16.91016393156544,16.919273054704593
25020353B2,0,115514,75152,1.0,1.0,1.0,40.0,40.0,40.0,0.264186,0.264186
25020353B2,1,28878,18788,4.000034628436872,4.000069256873744,4.0,9.99991342965727,9.999826860813409,10.0,1.056762296696447,1.056744
25020353B2,2,7219,4697,16.000692616705916,16.00138523341183,16.0,2.499891783324243,2.4997835760167595,2.5,4.2273419592741375,4.226976
25020353B2,3,1804,1174,64.0228896980777,64.03215077605321,64.01362862010221,0.6247765477102638,0.6246861852243019,0.6248669363423462,16.916397784922392,16.91150449063032
25020556B4,0,108888,77160,1.0,1.0,1.0,40.0,40.0,40.0,0.264186,0.264186
25020556B4,1,27222,19290,4.0,4.0,4.0,10.0,10.0,10.0,1.056744,1.056744
25020556B4,2,6805,4822,16.001417334400774,16.001175606171934,16.001659062629614,2.499778561115688,2.4998163250312246,2.4997407983411093,4.227286578692138,4.227414301119866
25020556B4,3,1701,1205,64.02365218409479,64.01410934744268,64.03319502074689,0.624769106969769,0.6248622437734185,0.6246759979263867,16.911631492063492,16.916673659751037
25020714B4,0,149049,87803,1.0,1.0,1.0,40.0,40.0,40.0,0.264186,0.264186
25020714B4,1,37262,21950,4.000081755625896,4.00002683699211,4.000136674259681,9.999795615112664,9.99993290796986,9.999658326025306,1.0567510899575976,1.0567801074259682
25020714B4,2,9315,5487,16.001485461023815,16.000966183574878,16.002004738472753,2.4997679182618024,2.4998490429321905,2.4996867988565312,4.227231252173913,4.227505623838162
25020714B4,3,2328,1371,64.03375940881439,64.02448453608247,64.04303428154631,0.624670492085678,0.6247609846426344,0.6245800257394395,16.914372471649482,16.919273054704593
25020799B3,0,160294,83787,1.0,1.0,1.0,40.0,40.0,40.0,0.264186,0.264186
25020799B3,1,40073,20946,4.0000965671765325,4.000049908916228,4.000143225436838,9.99975858788679,9.999875229266223,9.999641949228401,1.0567571852369426,1.0567818381552563
25020799B3,2,10018,5236,16.00134988113832,16.000598921940508,16.002100840336134,2.499789098865354,2.4999064219496674,2.4996717867927005,4.227134226791775,4.227531012605041
25020799B3,3,2504,1309,64.0117895400972,64.01517571884985,64.00840336134453,0.6248848889772698,0.6248518347536401,0.6249179466981751,16.911913212460064,16.910124050420166
25020799B5,0,150856,87803,1.0,1.0,1.0,40.0,40.0,40.0,0.264186,0.264186
25020799B5,1,37714,21950,4.000068337129841,4.0,4.000136674259681,9.999829160094075,10.0,9.999658326025306,1.056744,1.0567801074259682
25020799B5,2,9428,5487,16.00142663737384,16.000848536274926,16.002004738472753,2.4997771077844853,2.499867423238055,2.4996867988565312,4.227200171404327,4.227505623838162
25020799B5,3,2357,1371,64.023214213323,64.0033941450997,64.04303428154631,0.6247733808977705,0.6249668558095137,0.6245800257394395,16.908800685617308,16.919273054704593
25021196B2,0,113305,67923,1.0,1.0,1.0,40.0,40.0,40.0,0.264186,0.264186
25021196B2,1,28326,16980,4.000105990850095,4.00003530325496,4.0001766784452295,9.999735029895865,9.999911742641542,9.99955832339561,1.0567533266257148,1.0567906759717314
25021196B2,2,7081,4245,16.00098886035042,16.001271006919925,16.000706713780918,2.499845500118922,2.4998014209434714,2.4998895808489023,4.227311782234147,4.2271627038869255
25021196B2,3,1770,1061,64.01601596404629,64.01412429378531,64.01790763430726,0.6248436332318064,0.6248620978774105,0.6248251696774287,16.911635440677966,16.912634946277098
25021277B3,0,117723,79168,1.0,1.0,1.0,40.0,40.0,40.0,0.264186,0.264186
25021277B3,1,29430,19792,4.000050968399592,4.000101936799185,4.0,9.99987258062461,9.999745164496316,10.0,1.0567709302752293,1.056744
25021277B3,2,7357,4948,16.000747587331794,16.001495174663585,16.0,2.499883194937031,2.499766400788291,2.5,4.227371004213674,4.226976
25021277B3,3,1839,1237,64.0073409461664,64.01468189233279,64.0,0.6249283192945344,0.6248566550291786,0.625,16.911782750407827,16.907904
25021277B4,0,121739,70132,1.0,1.0,1.0,40.0,40.0,40.0,0.264186,0.264186
25021277B4,1,30434,17533,4.000049286981666,4.000098573963331,4.0,9.999876784064071,9.99975357116454,10.0,1.0567700418610764,1.056744
25021277B4,2,7608,4383,16.00117923170322,16.00144584647739,16.000912616929043,2.4998157586253265,2.499774106900829,2.499857411737866,4.227357972397476,4.2272171006160155
25021277B4,3,1902,1095,64.02663598519223,64.00578338590957,64.04748858447489,0.6247399911694721,0.6249435267252073,0.6245365881480636,16.909431889589904,16.92044981917808
25021421B2,0,155475,82180,1.0,1.0,1.0,40.0,40.0,40.0,0.264186,0.264186
25021421B2,1,38868,20545,4.000038592158074,4.000077184316147,4.0,9.999903520535653,9.999807042932947,10.0,1.0567643910157456,1.056744
25021421B2,2,9717,5136,16.000543776731984,16.00030873726459,16.00077881619938,2.4999150377731576,2.4999517607332367,2.4998783158919444,4.227057564062982,4.227181752336449
25021421B2,3,2429,1284,64.00546870691502,64.00782214903252,64.00311526479751,0.6249465992220518,0.6249236211609583,0.6249695789729861,16.909970502264304,16.908727009345796
25021487B,0,124551,83787,1.0,1.0,1.0,40.0,40.0,40.0,0.264186,0.264186
25021487B,1,31137,20946,4.0001197869163185,4.000096348395799,4.000143225436838,9.999700541677,9.999759134812246,9.999641949228401,1.0567694538972925,1.0567818381552563
25021487B,2,7784,5236,16.001500060455836,16.00089928057554,16.002100840336134,2.499765637526143,2.4998594953071436,2.4996717867927005,4.227213577338129,4.227531012605041
25021487B,3,1946,1309,64.00600024182334,64.00359712230215,64.00840336134453,0.6249414093815358,0.6249648738267859,0.6249179466981751,16.908854309352517,16.910124050420166
25021555B2,0,106880,60493,1.0,1.0,1.0,40.0,40.0,40.0,0.264186,0.264186
25021555B2,1,26720,15123,4.000033062223103,4.0,4.0000661244462075,9.99991734512543,10.0,9.999834691617213,1.056744,1.0567614691529457
25021555B2,2,6680,3780,16.001719576719577,16.0,16.003439153439153,2.4997313450108702,2.5,2.499462747755939,4.226976,4.227884576190475
25021558B2,0,106277,50654,1.0,1.0,1.0,40.0,40.0,40.0,0.264186,0.264186
25021558B2,1,26569,12663,4.000097789152534,4.000037637848621,4.000157940456448,9.999755533095218,9.99990590626382,9.999605164449008,1.0567539433926756,1.056785725657427
25021558B2,2,6642,3165,16.002588083016164,16.000752785305632,16.0044233807267,2.499595677429998,2.499882382829775,2.4993090377857623,4.227174875338753,4.228144595260663
25021665B2,0,142222,87803,1.0,1.0,1.0,40.0,40.0,40.0,0.264186,0.264186
25021665B2,1,35555,21950,4.000096462569301,4.00005625087892,4.000136674259681,9.999758849392249,9.999859374780273,9.999658326025306,1.0567588606946983,1.0567801074259682
25021665B2,2,8888,5487,16.001789947994254,16.001575157515752,16.002004738472753,2.499720351910619,2.499753905865478,2.4996867988565312,4.227392134563456,4.227505623838162
25021665B2,3,2222,1371,64.02466745580466,64.00630063006301,64.04303428154631,0.6247591996883302,0.6249384764663695,0.6245800257394395,16.909568538253826,16.919273054704593
25021665B3,0,143828,82783,1.0,1.0,1.0,40.0,40.0,40.0,0.264186,0.264186
25021665B3,1,35957,20695,4.00007248127567,4.0,4.0001449625513406,9.999818800094225,10.0,9.99963760675501,1.056744,1.0567822970765883
25021665B3,2,8989,5173,16.001672329844816,16.000444988319057,16.002899671370578,2.4997387257702908,2.49993047250883,2.4995470084437628,4.227093559684058,4.227742052580707
25021665B3,3,2247,1293,64.01643800395888,64.0089007565643,64.02397525135345,0.6248395138374668,0.6249130906360375,0.6247659543626106,16.910255455273695,16.914237925754062
25021672B,0,97442,67923,1.0,1.0,1.0,40.0,40.0,40.0,0.264186,0.264186
25021672B,1,24360,16980,4.000129390125735,4.00008210180624,4.0001766784452295,9.999676535148954,9.999794749697255,9.99955832339561,1.056765690147783,1.0567906759717314
25021672B,2,6090,4245,16.00051756050294,16.00032840722496,16.000706713780918,2.4999191337872384,2.4999486874243138,2.4998895808489023,4.227062760591132,4.2271627038869255
25021672B,3,1522,1061,64.02012333095126,64.02233902759527,64.01790763430726,0.6248035448669862,0.6247819215533343,0.6248251696774287,16.91380565834428,16.912634946277098
25021735B5,0,127362,68124,1.0,1.0,1.0,40.0,40.0,40.0,0.264186,0.264186
25021735B5,1,31840,17031,4.000031407035175,4.000062814070351,4.0,9.999921483028558,9.999842967290087,10.0,1.0567605945979897,1.056744
25021735B5,2,7960,4257,16.00153507141061,16.000251256281405,16.002818886539817,2.499760168102035,2.499960741822522,2.4995596265633258,4.227042378391959,4.227720710359407
25021735B5,3,1990,1064,64.01366040729965,64.00100502512562,64.02631578947368,0.624866626052815,0.6249901854556305,0.6247431154952733,16.908169513567834,16.914856263157894
25021890B4,0,102663,74349,1.0,1.0,1.0,40.0,40.0,40.0,0.264186,0.264186
25021890B4,1,25665,18587,4.000085345875465,4.000116890707189,4.00005380104374,9.999786639863691,9.999707781771425,9.999865499199721,1.0567748808883695,1.0567582134825415
25021890B4,2,6416,4646,16.00194456417072,16.00109102244389,16.002798105897547,2.4996961987708866,2.4998295393666656,2.499562872399091,4.227264232855362,4.227715220404649
25021890B4,3,1604,1161,64.02156188984902,64.00436408977556,64.03875968992249,0.6247895055859645,0.6249573848416664,0.6246217164992132,16.909056931421446,16.91814376744186
25021890B6,0,140214,84188,1.0,1.0,1.0,40.0,40.0,40.0,0.264186,0.264186
25021890B6,1,35053,21047,4.0000285282286825,4.000057056457365,4.0,9.999928679936952,9.999857360891209,10.0,1.0567590735172454,1.056744
25021890B6,2,8763,5261,16.001482816102495,16.00068469702157,16.002280935183425,2.4997683314541006,2.4998930206684067,2.499643654677626,4.2271568873673395,4.227578591142368
25021890B6,3,2190,1315,64.02297515495599,64.02465753424657,64.0212927756654,0.6247757137681788,0.6247592965039155,0.6247921318952819,16.914418175342462,16.91352925323194
25021922B2,0,151459,87803,1.0,1.0,1.0,40.0,40.0,40.0,0.264186,0.264186
25021922B2,1,37864,21950,4.000107952595719,4.000079230931756,4.000136674259681,9.999730125794109,9.999801926593996,9.999658326025306,1.0567649317029368,1.0567801074259682
25021922B2,2,9466,5487,16.001160831099888,16.000316923727024,16.002004738472753,2.499818633299149,2.499950481648499,2.4996867988565312,4.227059726811747,4.227505623838162
25021922B2,3,2366,1371,64.02891359047729,64.01479289940828,64.04303428154631,0.6247177682232142,0.6248555714747887,0.6245800257394395,16.911812076923074,16.919273054704593
25022013B,0,129972,84791,1.0,1.0,1.0,40.0,40.0,40.0,0.264186,0.264186
25022013B,1,32493,21197,4.000070764730858,4.0,4.000141529461716,9.999823091302579,10.0,9.999646188864384,1.056744,1.0567813901023728
25022013B,2,8123,5299,16.000906716434294,16.000492428905577,16.00132100396301,2.4998583335853457,2.49992306035146,2.499793610170891,4.227106092822848,4.2273249907529715
25022013B,3,2030,1324,64.03357827452264,64.0256157635468,64.04154078549848,0.6246722591155741,0.624749946142246,0.6245945914071069,16.914671326108373,16.918878493957703
25022344B2,0,147644,87803,1.0,1.0,1.0,40.0,40.0,40.0,0.264186,0.264186
25022344B2,1,36911,21950,4.000068337129841,4.0,4.000136674259681,9.999829160094075,10.0,9.999658326025306,1.056744,1.0567801074259682
25022344B2,2,9227,5487,16.001652634761466,16.00130053105018,16.002004738472753,2.4997418024876574,2.4997968085394597,2.4996867988565312,4.2273195820960225,4.227505623838162
25022344B2,3,2306,1371,64.03452668110273,64.02601908065915,64.04303428154631,0.6246630071805376,0.6247460106743247,0.6245800257394395,16.91477787684302,16.919273054704593
25022458B2,0,139410,84590,1.0,1.0,1.0,40.0,40.0,40.0,0.264186,0.264186
25022458B2,1,34852,21147,4.000075980789347,4.000057385515896,4.000094576062798,9.999810051634737,9.999856538268418,9.999763565433268,1.0567591604499023,1.0567689856717264
25022458B2,2,8713,5286,16.001439023774886,16.000229542063582,16.00264850548619,2.4997751727559083,2.4999641345671044,2.4995862395082162,4.227036641799609,4.227675698070374
25022458B2,3,2178,1321,64.02154328363812,64.00826446280992,64.03482210446631,0.6247896871649254,0.6249193027759845,0.6246601253103203,16.9100873553719,16.917103512490538
25022584B2,0,128968,72742,1.0,1.0,1.0,40.0,40.0,40.0,0.264186,0.264186
25022584B2,1,32242,18185,4.000054990376684,4.0,4.000109980753368,9.999862525948227,10.0,9.999725055676224,1.056744,1.0567730553753092
25022584B2,2,8060,4546,16.001156198725134,16.000992555831264,16.001319841619004,2.499819357002898,2.4998449227715405,2.4997937917571695,4.227238219354838,4.227324683677958
25022584B2,3,2015,1136,64.01871046377521,64.00397022332506,64.03345070422536,0.6248173340297737,0.6249612306928851,0.6246735036155178,16.908952877419352,16.91674120774648
25022584B3,0,108486,58686,1.0,1.0,1.0,40.0,40.0,40.0,0.264186,0.264186
25022584B3,1,27121,14671,4.000105033476267,4.000073743593525,4.0001363233590075,9.999737423204172,9.999815644414948,9.999659203217123,1.056763482024999,1.0567800147229227
25022584B3,2,6780,3667,16.002351395247253,16.000884955752213,16.003817834742296,2.4996326484794054,2.4998617333112105,2.4994036056299627,4.227209792920354,4.227984618489228
25022613B2,0,98044,71738,1.0,1.0,1.0,40.0,40.0,40.0,0.264186,0.264186
25022613B2,1,24511,17934,4.000055760008921,4.0,4.000111520017843,9.999860601920906,10.0,9.999721207728122,1.056744,1.0567734620274338
25022613B2,2,6127,4483,16.00209459663387,16.00195854414885,16.002230649118893,2.4996727621154182,2.4996940149320714,2.4996515096601524,4.227493419944508,4.227565306268123
25022613B2,3,1531,1120,64.04548789306709,64.03919007184847,64.05178571428571,0.6245560977970158,0.6246175186650891,0.6244946890072207,16.918257468321357,16.921585060714285
25023174B2,0,146840,87803,1.0,1.0,1.0,40.0,40.0,40.0,0.264186,0.264186
25023174B2,1,36710,21950,4.000068337129841,4.0,4.000136674259681,9.999829160094075,10.0,9.999658326025306,1.056744,1.0567801074259682
25023174B2,2,9177,5487,16.001438241525797,16.000871744578838,16.002004738472753,2.499775294960352,2.499863797330428,2.4996867988565312,4.227206302713305,4.227505623838162
25023174B2,3,2294,1371,64.02674817826227,64.01046207497821,64.04303428154631,0.6247388964473508,0.6248978479978208,0.6245800257394395,16.910667933740193,16.919273054704593
25023327B3,0,135394,63907,1.0,1.0,1.0,40.0,40.0,40.0,0.264186,0.264186
25023327B3,1,33848,15976,4.000123434679317,4.000059087686126,4.000187781672508,9.99969142282399,9.99985228296675,9.999530567856418,1.0567596101394467,1.0567936092889332
25023327B3,2,8462,3994,16.000493738717267,16.000236350744505,16.000751126690034,2.4999228557059974,2.4999630707416873,2.4998826419641045,4.227038440557787,4.227174437155733
25023687B3,0,105273,54067,1.0,1.0,1.0,40.0,40.0,40.0,0.264186,0.264186
25023687B3,1,26318,13516,4.000129977983891,4.000037996808268,4.000221959159514,9.999675065598852,9.99990500888167,9.999445132890674,1.0567540382247889,1.0568026385025153
25023687B3,2,6579,3379,16.001127912847075,16.00136798905609,16.000887836638057,2.499823776040474,2.4997862699837565,2.4998612832226685,4.2273374035567715,4.227210554010061
25023687B4,0,98044,70132,1.0,1.0,1.0,40.0,40.0,40.0,0.264186,0.264186
25023687B4,1,24511,17533,4.0,4.0,4.0,10.0,10.0,10.0,1.056744,1.056744
25023687B4,2,6127,4383,16.001435580538946,16.00195854414885,16.000912616929043,2.4997757106648777,2.4996940149320714,2.499857411737866,4.227493419944508,4.2272171006160155
25023687B4,3,1531,1095,64.04333932816168,64.03919007184847,64.04748858447489,0.6245770507849028,0.6246175186650891,0.6245365881480636,16.918257468321357,16.92044981917808
25023828B,0,123547,87803,1.0,1.0,1.0,40.0,40.0,40.0,0.264186,0.264186
25023828B,1,30886,21950,4.000116902823034,4.000097131386388,4.000136674259681,9.999707751483584,9.999757177430453,9.999658326025306,1.0567696607524442,1.0567801074259682
25023828B,2,7721,5487,16.001714712197135,16.001424685921513,16.002004738472753,2.499732104929382,2.4997774126445806,2.4996867988565312,4.22735238207486,4.227505623838162
25023828B,3,1930,1371,64.028511959426,64.0139896373057,64.04303428154631,0.624721686884547,0.624863412304629,0.6245800257394395,16.911599866321243,16.919273054704593
25023846B4,0,138005,87803,1.0,1.0,1.0,40.0,40.0,40.0,0.264186,0.264186
25023846B4,1,34501,21950,4.0000828294633965,4.000028984667111,4.000136674259681,9.99979293062937,9.999927538857289,9.999658326025306,1.0567516573432651,1.0567801074259682
25023846B4,2,8625,5487,16.00129222430884,16.000579710144926,16.002004738472753,2.4997981062574937,2.49990942357161,2.4996867988565312,4.227129151304347,4.227505623838162
25023846B4,3,2156,1371,64.02638727064328,64.00974025974025,64.04303428154631,0.6247424180114624,0.6249048947501903,0.6245800257394395,16.910477240259738,16.919273054704593
25023935B2,0,104068,62903,1.0,1.0,1.0,40.0,40.0,40.0,0.264186,0.264186
25023935B2,1,26017,15725,4.000095389507154,4.0,4.000190779014308,9.999761531918955,10.0,9.999523075211041,1.056744,1.056794401144674
25023935B2,2,6504,3931,16.001197861762385,16.00061500615006,16.001780717374714,2.499812848111008,2.4999039089825885,2.499721793873106,4.227138476014759,4.227446440600356
25023961B2,0,100454,87803,1.0,1.0,1.0,40.0,40.0,40.0,0.264186,0.264186
25023961B2,1,25113,21950,4.00010815714338,4.000079640027078,4.000136674259681,9.999729614452582,9.99980090389631,9.999658326025306,1.0567650397801935,1.0567801074259682
25023961B2,2,6278,5487,16.0014802284272,16.00095571838165,16.002004738472753,2.499768735703499,2.499850677922233,2.4996867988565312,4.227228487416374,4.227505623838162
25023961B2,3,1569,1371,64.03362676473746,64.02421924792861,64.04303428154631,0.62467178607518,0.624763573376869,0.6245800257394395,16.914302386233267,16.919273054704593
25023972B3,0,176560,87803,1.0,1.0,1.0,40.0,40.0,40.0,0.264186,0.264186
25023972B3,1,44140,21950,4.000068337129841,4.0,4.000136674259681,9.999829160094075,10.0,9.999658326025306,1.056744,1.0567801074259682
25023972B3,2,11035,5487,16.001002369236375,16.0,16.002004738472753,2.4998433896181558,2.5,2.4996867988565312,4.226976,4.227505623838162
25023972B3,3,2758,1371,64.0302190987137,64.01740391588108,64.04303428154631,0.6247050308906964,0.6248300860897146,0.6245800257394395,16.912501870920956,16.919273054704593
25024254B2,0,144832,87803,1.0,1.0,1.0,40.0,40.0,40.0,0.264186,0.264186
25024254B2,1,36208,21950,4.000068337129841,4.0,4.000136674259681,9.999829160094075,10.0,9.999658326025306,1.056744,1.0567801074259682
25024254B2,2,9052,5487,16.001002369236375,16.0,16.002004738472753,2.4998433896181558,2.5,2.4996867988565312,4.226976,4.227505623838162
25024254B2,3,2263,1371,64.02151714077316,64.0,64.04303428154631,0.6247899422946561,0.625,0.6245800257394395,16.907904,16.919273054704593
25024433B2,0,112101,87803,1.0,1.0,1.0,40.0,40.0,40.0,0.264186,0.264186
25024433B2,1,28025,21950,4.000086178343043,4.000035682426405,4.000136674259681,9.999784558783984,9.999910794729754,9.999658326025306,1.056753426797502,1.0567801074259682
25024433B2,2,7006,5487,16.001359206233236,16.00071367399372,16.002004738472753,2.499787642065946,2.499888493412191,2.4996867988565312,4.227164542677704,4.227505623838162
25024433B2,3,1751,1371,64.03208253197818,64.02113078241005,64.04303428154631,0.6246868510019747,0.6247937128125529,0.6245800257394395,16.91348645688178,16.919273054704593
25024695B2,0,119531,48646,1.0,1.0,1.0,40.0,40.0,40.0,0.264186,0.264186
25024695B2,1,29882,12161,4.00013242752304,4.0001003948865534,4.000164460159526,9.999668942152693,9.999749019082916,9.999588866504954,1.056770522923499,1.0567874480717045
25024695B2,2,7470,3040,16.001723120552384,16.001472556894242,16.001973684210526,2.499730791406119,2.49976993415934,2.4996916498787156,4.227365028915662,4.227497419736841
25024765B2,0,147844,87803,1.0,1.0,1.0,40.0,40.0,40.0,0.264186,0.264186
25024765B2,1,36961,21950,4.000068337129841,4.0,4.000136674259681,9.999829160094075,10.0,9.999658326025306,1.056744,1.0567801074259682
25024765B2,2,9240,5487,16.001218819452827,16.0004329004329,16.002004738472753,2.4998095739664303,2.499932361137415,2.4996867988565312,4.227090366233766,4.227505623838162
25024765B2,3,2310,1371,64.02238294163897,64.0017316017316,64.04303428154631,0.6247814930047652,0.6249830902843537,0.6245800257394395,16.908361464935066,16.919273054704593
25024855B4,0,132985,79971,1.0,1.0,1.0,40.0,40.0,40.0,0.264186,0.264186
25024855B4,1,33246,19992,4.000090069415242,4.000030078806473,4.000150060024009,9.999774831532093,9.999924803549272,9.999624864013205,1.0567519463995667,1.0567836437575029
25024855B4,2,8311,4998,16.000841571136938,16.001082902177835,16.000600240096038,2.499868511425915,2.4998308079858633,2.499906216003301,4.227262087594753,4.2271345750300116
25024855B4,3,2077,1249,64.02773292297778,64.02744342802119,64.02802241793435,0.624729287980851,0.6247321126442832,0.6247264633429618,16.915154169475205,16.915307130504402
25024875B2,0,56477,79570,1.0,1.0,1.0,40.0,40.0,40.0,0.264186,0.264186
25024875B2,1,14119,19892,4.00008568473881,4.000070826545789,4.000100542931832,9.999785792741548,9.999822936770721,9.999748648988312,1.0567627113818259,1.0567705620349888
25024875B2,2,3529,4973,16.00204296741651,16.003683763105695,16.000402171727327,2.4996808270949105,2.499424544504843,2.499937162247078,4.22794919863984,4.227082248139955
25024982B1,0,115314,78967,1.0,1.0,1.0,40.0,40.0,40.0,0.264186,0.264186
25024982B1,1,28828,19741,4.000110672489999,4.000069376994588,4.000151967985411,9.99972332643004,9.999826560521706,9.999620094469842,1.0567623284306922,1.0567841478141937
25024982B1,2,7207,4935,16.000847973847332,16.000277507978353,16.00141843971631,2.4998675111080493,2.4999566401304265,2.4997783884407414,4.227049313722769,4.227350731914893
25024982B1,3,1801,1233,64.03618450234686,64.02776235424764,64.04460665044607,0.624646835392481,0.6247290008151656,0.624564691580027,16.915238425319266,16.919688452554745
25025076B,0,137603,80373,1.0,1.0,1.0,40.0,40.0,40.0,0.264186,0.264186
25025076B,1,34400,20093,4.000068488939223,4.000087209302325,4.000049768576121,9.999828780583602,9.999781981497497,9.999875580107748,1.056767039476744,1.056757148161051
25025076B,2,8600,5023,16.000672129136206,16.0003488372093,16.00099542106311,2.4998949842339777,2.4999454953743743,2.4998444751346844,4.227068157906976,4.227238976308978
25025076B,3,2150,1255,64.0218132122672,64.0013953488372,64.04223107569722,0.6247870529280106,0.6249863738435936,0.624587859106914,16.908272631627906,16.919060858964144
25025087B,0,125555,84791,1.0,1.0,1.0,40.0,40.0,40.0,0.264186,0.264186
25025087B,1,31388,21197,4.000118553694794,4.000095577927871,4.000141529461716,9.999703624547116,9.999761060889648,9.999646188864384,1.0567692503504524,1.0567813901023728
25025087B,2,7847,5299,16.000851657837245,16.000382311711483,16.00132100396301,2.499866935545767,2.499940265222412,2.499793610170891,4.22707700140181,4.2273249907529715
25025087B,3,1961,1324,64.03377396235658,64.02600713921468,64.04154078549848,0.624670350111095,0.6247461271952531,0.6245945914071069,16.91477472208057,16.918878493957703
25025097B,0,131981,72542,1.0,1.0,1.0,40.0,40.0,40.0,0.264186,0.264186
25025097B,1,32995,18135,4.00007029580181,4.000030307622367,4.000110283981252,9.999824263583859,9.999924231518172,9.999724297648259,1.0567520068495226,1.056773135483871
25025097B,2,8248,4533,16.00233230102858,16.001576139670224,16.00308846238694,2.49963563107791,2.4997537524340623,2.499517520884453,4.227392394034918,4.227791928524156
25025097B,3,2062,1133,64.01639146733692,64.0063045586809,64.02647837599294,0.6248399680636357,0.6249384381085156,0.6247415290452428,16.90956957613967,16.91489921624007
25025291B,0,125153,87803,1.0,1.0,1.0,40.0,40.0,40.0,0.264186,0.264186
25025291B,1,31288,21950,4.00008431769747,4.000031961135259,4.000136674259681,9.999789210199651,9.999920097800294,9.999658326025306,1.0567524436844795,1.0567801074259682
25025291B,2,7822,5487,16.001066291506895,16.000127844541037,16.002004738472753,2.4998334030546046,2.4999800244500734,2.4996867988565312,4.227009774737918,4.227505623838162
25025291B,3,1955,1371,64.02995703847137,64.01687979539642,64.04303428154631,0.6247075876681698,0.6248352017131031,0.6245800257394395,16.912363405626596,16.919273054704593
25025293B2,0,142824,75755,1.0,1.0,1.0,40.0,40.0,40.0,0.264186,0.264186
25025293B2,1,35706,18938,4.0000792058295485,4.0,4.000158411659098,9.999801989347029,10.0,9.999603986535543,1.056744,1.0567858501425704
25025293B2,2,8926,4734,16.0016099372572,16.00089625812234,16.002323616392058,2.4997484726125196,2.499859967512463,2.4996369876575804,4.227212778848307,4.227589866920152
25025293B2,3,2231,1183,64.02713872342876,64.01792917974002,64.0363482671175,0.6247350857389358,0.6248249593905787,0.6246452379380898,16.912640638278795,16.917506703296702
25025567B4,0,129370,67521,1.0,1.0,1.0,40.0,40.0,40.0,0.264186,0.264186
25025567B4,1,32342,16880,4.000060540400419,4.000061839094676,4.000059241706161,9.99984865128963,9.99984540465332,9.999851897928052,1.056760337023066,1.0567596508293837
25025567B4,2,8085,4220,16.00073691260218,16.001236858379716,16.000236966824644,2.499884862708792,2.4998067558166497,2.499962974482013,4.227302760667904,4.227038603317535
25025567B4,3,2021,1055,64.00690639282791,64.01286491835725,64.00094786729858,0.6249325620349317,0.6248743912808224,0.6249907436205032,16.91130273132113,16.90815441327014
25025569B,0,114310,61296,1.0,1.0,1.0,40.0,40.0,40.0,0.264186,0.264186
25025569B,1,28577,15324,4.000034993176331,4.000069986352662,4.0,9.999912517824493,9.999825037179598,10.0,1.0567624894145642,1.056744
25025569B,2,7144,3831,16.00041993281075,16.0008398656215,16.0,2.4999343872203803,2.4998687778846995,2.5,4.227197880739081,4.226976
25025616B,0,102462,70734,1.0,1.0,1.0,40.0,40.0,40.0,0.264186,0.264186
25025616B,1,25615,17683,4.000095591115351,4.000078079250439,4.000113102980263,9.999761027922524,9.999804805684057,9.999717250544293,1.0567646274448566,1.0567738802239437
25025616B,2,6403,4420,16.00267694795214,16.0021864750898,16.00316742081448,2.499581796851732,2.4996584099471026,2.499505188452512,4.227553636108073,4.227812788235294
25025616B,3,1600,1105,64.02570984162895,64.03875,64.01266968325793,0.6247490281473201,0.6246218110128634,0.624876297113128,16.918141207499996,16.911251152941176
25025951B,0,133185,85393,1.0,1.0,1.0,40.0,40.0,40.0,0.264186,0.264186
25025951B,1,33296,21348,4.0000384382166265,4.000030033637675,4.000046842795578,9.99990390538186,9.99992491646957,9.999882894382443,1.0567519344666025,1.0567563752107927
25025951B,2,8324,5337,16.000153752866506,16.0001201345507,16.000187371182314,2.499975976345465,2.4999812291173926,2.499970723595611,4.22700773786641,4.227025500843171
25025951B,3,2081,1334,64.00661208319434,64.0004805382028,64.0127436281859,0.6249354355454544,0.6249953072793482,0.6248755752813463,16.90803095146564,16.91127068815592
25025954B3,0,128366,57682,1.0,1.0,1.0,40.0,40.0,40.0,0.264186,0.264186
25025954B3,1,32091,14420,4.0001005095124125,4.000062322769624,4.000138696255201,9.99974873253266,9.999844195503481,9.999653271384489,1.0567604648032158,1.0567806416088763
25025954B3,2,8022,3605,16.001149992859443,16.001745200698082,16.000554785020803,2.4998203265296626,2.4997273421310937,2.499913317846122,4.227437057591623,4.227122566435505
25025975B2,0,129571,74951,1.0,1.0,1.0,40.0,40.0,40.0,0.264186,0.264186
25025975B2,1,32392,18737,4.000126363235454,4.000092615460607,4.000160111010301,9.999684101890841,9.999768466709373,9.999599738495817,1.056768467708076,1.056786299087367
25025975B2,2,8098,4684,16.000932455515578,16.00037046184243,16.001494449188726,2.4998543123161463,2.4999421166773432,2.4997665141225602,4.227073870832304,4.227370812553373
25025975B2,3,2024,1171,64.01163514343673,64.01729249011858,64.0059777967549,0.6248863962054451,0.6248311736422502,0.6249416285306401,16.912472433794466,16.90948325021349
25026103B2,0,144029,79971,1.0,1.0,1.0,40.0,40.0,40.0,0.264186,0.264186
25026103B2,1,36007,19992,4.000088916200801,4.000027772377593,4.000150060024009,9.999777714439194,9.99993056953808,9.999624864013205,1.0567513370733468,1.0567836437575029
25026103B2,2,9001,4998,16.001022262032244,16.001444283968446,16.000600240096038,2.49984028176208,2.4997743509987576,2.499906216003301,4.227357559604488,4.2271345750300116
25026103B2,3,2250,1249,64.02045565341163,64.0128888888889,64.02802241793435,0.6248003015871758,0.6248741572877684,0.6247264633429618,16.911309064,16.915307130504402
25026144B2,0,137202,81377,1.0,1.0,1.0,40.0,40.0,40.0,0.264186,0.264186
25026144B2,1,34300,20344,4.00005373178989,4.000058309037901,4.0000491545418795,9.99986567232969,9.99985422953018,9.999877115155389,1.056759404431487,1.056756985941801
25026144B2,2,8575,5086,16.00021492715956,16.000233236151605,16.000196618167518,2.4999664180824226,2.499963557382545,2.4999692787888472,4.227037617725948,4.227027943767204
25026144B2,3,2143,1271,64.02464779295333,64.02333177788148,64.02596380802518,0.624759391560487,0.624772233640909,0.6247465500079875,16.914067929071397,16.91476327458694
25026144B3,0,131981,81779,1.0,1.0,1.0,40.0,40.0,40.0,0.264186,0.264186
25026144B3,1,32995,20444,4.000088524971426,4.000030307622367,4.000146742320485,9.999778692469246,9.999924231518172,9.99963315765661,1.0567520068495226,1.0567827672666796
25026144B3,2,8248,5111,16.00108155447608,16.001576139670224,16.00058696928194,2.4998310185357786,2.4997537524340623,2.4999082894141527,4.227392394034918,4.2271310690667185
25026144B3,3,2062,1277,64.0231209559262,64.0063045586809,64.0399373531715,0.6247742909555467,0.6249384381085156,0.6246102300101493,16.90956957613967,16.918454889584964
25026285B2,0,143427,87803,1.0,1.0,1.0,40.0,40.0,40.0,0.264186,0.264186
25026285B2,1,35856,21950,4.000110171132518,4.000083668005355,4.000136674259681,9.999724579754545,9.99979083436173,9.999658326025306,1.0567661039156626,1.0567801074259682
25026285B2,2,8964,5487,16.001169705247086,16.00033467202142,16.002004738472753,2.4998172469155953,2.4999477085904327,2.4996867988565312,4.2270644156626505,4.227505623838162
25026285B2,3,2241,1371,64.02218648481599,64.00133868808568,64.04303428154631,0.6247834101930698,0.6249869271476082,0.6245800257394395,16.908257662650602,16.919273054704593
25026294B3,0,167323,78967,1.0,1.0,1.0,40.0,40.0,40.0,0.264186,0.264186
25026294B3,1,41830,19741,4.000111843423736,4.000071718862061,4.000151967985411,9.999720399258537,9.999820706059538,9.999620094469842,1.0567629471192923,1.0567841478141937
25026294B3,2,10457,4935,16.0012351833276,16.001051926938892,16.00141843971631,2.4998070175031097,2.499835647221243,2.4997783884407414,4.2272539043702775,4.227350731914893
25026294B3,3,2614,1233,64.02746782407536,64.01032899770466,64.04460665044607,0.6247318746058447,0.6248991471584899,0.624564691580027,16.9106327765876,16.919688452554745
25026499B3,0,158286,83385,1.0,1.0,1.0,40.0,40.0,40.0,0.264186,0.264186
25026499B3,1,39571,20846,4.0000492564486825,4.000050542063632,4.000047970833733,9.999876860394648,9.999873646437463,9.999880074353902,1.0567573525056226,1.0567566732226805
25026499B3,2,9892,5211,16.001571200397805,16.001415285078853,16.001727115716754,2.499754524043588,2.499778881265557,2.499730167296276,4.227349898503841,4.227432279792746
25026499B3,3,2473,1302,64.02471997107936,64.00566114031541,64.04377880184332,0.6247586872393729,0.6249447203163893,0.6245727648857708,16.909399594015365,16.919469746543776
25026509B,0,131780,72140,1.0,1.0,1.0,40.0,40.0,40.0,0.264186,0.264186
25026509B,1,32945,18035,4.0,4.0,4.0,10.0,10.0,10.0,1.056744,1.056744
25026509B,2,8236,4508,16.00157380349779,16.00048567265663,16.002661934338953,2.499754117389152,2.499924115950827,2.4995841419462157,4.2271043079164645,4.2276792457852705
25026509B,3,2059,1127,64.00629521399117,64.00194269062652,64.01064773735581,0.624938529347288,0.6249810289877068,0.6248960354865539,16.908417231665858,16.910716983141082
25026752B,0,107080,68726,1.0,1.0,1.0,40.0,40.0,40.0,0.264186,0.264186
25026752B,1,26770,17181,4.000058203829812,4.0,4.000116407659624,9.999854492542744,10.0,9.99970898931991,1.056744,1.0567747532739653
25026752B,2,6692,4295,16.001296215243542,16.0011954572624,16.00139697322468,2.499797482774816,2.499813223757938,2.4997817419899313,4.227291823072324,4.227345060768335
25026752B,3,1673,1073,64.02755400865341,64.0047818290496,64.05032618825722,0.6247310336826852,0.6249533059394845,0.6245089194773449,16.909167292289297,16.92119947437092
25026782B3,0,143427,71538,1.0,1.0,1.0,40.0,40.0,40.0,0.264186,0.264186
25026782B3,1,35856,17884,4.00009774990516,4.000083668005355,4.000111831804966,9.999755631208856,9.99979083436173,9.999720428303837,1.0567661039156626,1.0567735443972266
25026782B3,2,8964,4471,16.00039099962064,16.00033467202142,16.000447327219863,2.499938907802214,2.4999477085904327,2.499930107075959,4.2270644156626505,4.227094177588906
25026782B3,3,2241,1117,64.02305072273577,64.00133868808568,64.04476275738585,0.624774976332005,0.6249869271476082,0.6245631692247477,16.908257662650602,16.919729693822738
25026797B2,0,125354,82180,1.0,1.0,1.0,40.0,40.0,40.0,0.264186,0.264186
25026797B2,1,31338,20545,4.000031910141043,4.000063820282086,4.0,9.999920225283798,9.999840451840388,10.0,1.056760860425043,1.056744
25026797B2,2,7834,5136,16.00102765165343,16.00127648710748,16.00077881619938,2.4998394397416526,2.499800564800485,2.4998783158919444,4.227313230022976,4.227181752336449
25026797B2,3,1958,1284,64.0122828622251,64.02145045965271,64.00311526479751,0.624880073189903,0.6247905930405092,0.6249695789729861,16.91357091113381,16.908727009345796
25027131B2,0,174552,83184,1.0,1.0,1.0,40.0,40.0,40.0,0.264186,0.264186
25027131B2,1,43638,20796,4.0,4.0,4.0,10.0,10.0,10.0,1.056744,1.056744
25027131B2,2,10909,5199,16.000366669722247,16.000733339444494,16.0,2.499942709168825,2.4998854209633805,2.5,4.227169738014482,4.226976
25027131B2,3,2727,1299,64.02287619062136,64.008800880088,64.03695150115473,0.6247766795247408,0.6249140657225355,0.6246393537218696,16.91022906930693,16.917666069284063
25027181B2,0,117522,87803,1.0,1.0,1.0,40.0,40.0,40.0,0.264186,0.264186
25027181B2,1,29380,21950,4.000102373889542,4.000068073519401,4.000136674259681,9.999744071826237,9.9998298190977,9.999658326025306,1.0567619840707965,1.0567801074259682
25027181B2,2,7345,5487,16.001138516275176,16.000272294077604,16.002004738472753,2.4998221194894947,2.499957454774425,2.4996867988565312,4.227047936283186,4.227505623838162
25027181B2,3,1836,1371,64.02641910155748,64.00980392156863,64.04303428154631,0.6247421074190135,0.6249042732424567,0.6245800257394395,16.91049405882353,16.919273054704593
25027181B3,0,113707,80172,1.0,1.0,1.0,40.0,40.0,40.0,0.264186,0.264186
25027181B3,1,28426,20043,4.000052768592134,4.000105537184268,4.0,9.999868080259969,9.999736164000456,10.0,1.056771881446563,1.056744
25027181B3,2,7106,5010,16.00197159859847,16.0015479876161,16.00239520958084,2.4996919756752596,2.4997581503337525,2.499625804520281,4.227384956656347,4.227608780838323
25027181B3,3,1776,1252,64.02967774083987,64.02421171171171,64.03514376996804,0.624710312644396,0.6247636469170763,0.6246569874769247,16.91430039527027,16.917188492012777
25027181B4,0,144832,87803,1.0,1.0,1.0,40.0,40.0,40.0,0.264186,0.264186
25027181B4,1,36208,21950,4.000068337129841,4.0,4.000136674259681,9.999829160094075,10.0,9.999658326025306,1.056744,1.0567801074259682
25027181B4,2,9052,5487,16.001002369236375,16.0,16.002004738472753,2.4998433896181558,2.5,2.4996867988565312,4.226976,4.227505623838162
25027181B4,3,2263,1371,64.02151714077316,64.0,64.04303428154631,0.6247899422946561,0.625,0.6245800257394395,16.907904,16.919273054704593
25027181B5,0,148848,87602,1.0,1.0,1.0,40.0,40.0,40.0,0.264186,0.264186
25027181B5,1,37212,21900,4.000045662100456,4.0,4.0000913242009135,9.999885846051987,10.0,9.999771694710166,1.056744,1.0567681265753424
25027181B5,2,9303,5475,16.000182648401825,16.0,16.000365296803654,2.4999714615129967,2.5,2.4999429236775415,4.226976,4.227072506301369
25027181B5,3,2325,1368,64.02859743444633,64.02064516129032,64.03654970760233,0.6247208529118999,0.624798452112222,0.6246432729846351,16.913358162580643,16.91755992105263
25027181B6,0,113707,77763,1.0,1.0,1.0,40.0,40.0,40.0,0.264186,0.264186
25027181B6,1,28426,19440,4.000129929085961,4.000105537184268,4.000154320987654,9.999675187835734,9.999736164000456,9.999614212414643,1.056771881446563,1.0567847694444443
25027181B6,2,7106,4860,16.00108263578336,16.0015479876161,16.000617283950618,2.499830849604367,2.4997581503337525,2.499903553103661,4.227384956656347,4.227139077777777
25027181B6,3,1776,1215,64.01334042375709,64.02421171171171,64.00246913580247,0.6248697495741827,0.6247636469170763,0.6249758882759152,16.91430039527027,16.90855631111111
25027193B,0,135193,87803,1.0,1.0,1.0,40.0,40.0,40.0,0.264186,0.264186
25027193B,1,33798,21950,4.0000831309046205,4.000029587549559,4.000136674259681,9.999792177057577,9.999926031673239,9.999658326025306,1.0567518166163676,1.0567801074259682
25027193B,2,8449,5487,16.001534976645537,16.001065214818322,16.002004738472753,2.499760182906237,2.4998335712647846,2.4996867988565312,4.227257414841993,4.227505623838162
25027193B,3,2112,1371,64.02743570137922,64.01183712121212,64.04303428154631,0.6247321880351107,0.6248844244894336,0.6245800257394395,16.911031201704546,16.919273054704593
2490980B,0,151057,84791,1.0,1.0,1.0,40.0,40.0,40.0,0.264186,0.264186
2490980B,1,37764,21197,4.0000840048537265,4.000026480245737,4.000141529461716,9.999789992276101,9.999933799823907,9.999646188864384,1.0567509957102001,1.0567813901023728
2490980B,2,9441,5299,16.00071346247298,16.000105920982946,16.00132100396301,2.4998885264593587,2.4999834499559768,2.499793610170891,4.227003982840801,4.2273249907529715
2490980B,3,2360,1324,64.02437208766449,64.00720338983051,64.04154078549848,0.6247620819339009,0.6249296623129018,0.6245945914071069,16.90980703474576,16.918878493957703
2491552B,0,121940,80172,1.0,1.0,1.0,40.0,40.0,40.0,0.264186,0.264186
2491552B,1,30485,20043,4.0,4.0,4.0,10.0,10.0,10.0,1.056744,1.056744
2491552B,2,7621,5010,16.001460037542028,16.000524865503216,16.00239520958084,2.4997718899496353,2.499917992455306,2.499625804520281,4.227114662117832,4.227608780838323
2491552B,3,1905,1252,64.02282122881604,64.01049868766404,64.03514376996804,0.6247772158780843,0.6248974905691324,0.6246569874769247,16.91067760629921,16.917188492012777
2491579B,0,154873,77562,1.0,1.0,1.0,40.0,40.0,40.0,0.264186,0.264186
2491579B,1,38718,19390,4.000064486865941,4.000025827780361,4.000103145951521,9.999838785434202,9.999935430966017,9.999742141770454,1.0567508233379823,1.0567712497163486
2491579B,2,9679,4847,16.001496489979466,16.000929848124805,16.002063131834124,2.499766195308607,2.499854719673539,2.4996776772130684,4.2272216528566995,4.22752105054673
2491579B,3,2419,1211,64.03572887910155,64.02356345597354,64.04789430222957,0.6246512798428416,0.6247699728164366,0.6245326319589489,16.914129135179824,16.920557004128817
25002379B2,0,129169,64911,1.0,1.0,1.0,40.0,40.0,40.0,0.264186,0.264186
25002379B2,1,32292,16227,4.000107922239515,4.000030967422272,4.000184877056757,9.999730201680523,9.999922582043679,9.999537828719324,1.0567521811594203,1.0567928419301162
25002379B2,2,8073,4056,16.00191104727058,16.000123869689087,16.00369822485207,2.499701434524768,2.4999806455109197,2.4994222858991546,4.227008724637681,4.227953019230768
25002510B2,0,136599,81176,1.0,1.0,1.0,40.0,40.0,40.0,0.264186,0.264186
25002510B2,1,34149,20294,4.000043925151542,4.000087850303084,4.0,9.999890188327019,9.999780379065733,10.0,1.0567672088201703,1.056744
25002510B2,2,8537,5073,16.0011984681608,16.000819960173363,16.001576976148236,2.4998127533754446,2.499871887788344,2.499753621760126,4.22719262199836,4.2273926150206975
25002510B2,3,2134,1268,64.01485266335342,64.0107778819119,64.01892744479495,0.6248549881127633,0.6248947649689968,0.6248152163200946,16.910751365510777,16.912904365930597
25009557B,0,130374,65915,1.0,1.0,1.0,40.0,40.0,40.0,0.264186,0.264186
25009557B,1,32593,16478,4.000121711899526,4.000061362869328,4.000182060929724,9.99969572950952,9.99984659518002,9.99954486839111,1.0567602112109962,1.05679209794878
25009557B,2,8148,4119,16.00170346406484,16.00073637702504,16.002670551104636,2.499733862074643,2.499884946385015,2.499582796025184,4.227170540500737,4.227681522214129
25009557B,3,2037,1029,64.03014136435134,64.00294550810015,64.05733722060252,0.6247057892998801,0.6249712365962538,0.6244405673974058,16.908682162002947,16.923051690962097
25027606B3,0,103868,87803,1.0,1.0,1.0,40.0,40.0,40.0,0.264186,0.264186
25027606B3,1,25967,21950,4.000068337129841,4.0,4.000136674259681,9.999829160094075,10.0,9.999658326025306,1.056744,1.0567801074259682
25027606B3,2,6491,5487,16.0019267260381,16.00184871360345,16.002004738472753,2.49969898530485,2.4997111718719913,2.4996867988565312,4.227464404252041,4.227505623838162
25027606B3,3,1622,1371,64.04001282511348,64.03699136868065,64.04303428154631,0.6246094938993185,0.6246389648399892,0.6245800257394395,16.917676601726264,16.919273054704593
25027636B2,0,145435,87803,1.0,1.0,1.0,40.0,40.0,40.0,0.264186,0.264186
25027636B2,1,36358,21950,4.0001095935245825,4.000082512789483,4.000136674259681,9.99972602369505,9.99979372228143,9.999658326025306,1.0567657987238022,1.0567801074259682
25027636B2,2,9089,5487,16.001607496313063,16.00121025415337,16.002004738472753,2.499748853933357,2.4998109120913123,2.4996867988565312,4.227295732203762,4.227505623838162
25027636B2,3,2272,1371,64.0274590421816,64.0118838028169,64.04303428154631,0.6247319602929706,0.6248839687833053,0.6245800257394395,16.911043534330982,16.919273054704593
25027718B2,0,110093,87803,1.0,1.0,1.0,40.0,40.0,40.0,0.264186,0.264186
25027718B2,1,27523,21950,4.000086503754119,4.000036333248556,4.000136674259681,9.999783745291413,9.999909167703668,9.999658326025306,1.0567535987356027,1.0567801074259682
25027718B2,2,6880,5487,16.001947136678236,16.00188953488372,16.002004738472753,2.499695796914337,2.4997047950369233,2.4996867988565312,4.22747518866279,4.227505623838162
25027718B2,3,1720,1371,64.0252962105406,64.00755813953488,64.04303428154631,0.6247530642960888,0.6249261987592308,0.6245800257394395,16.90990075465116,16.919273054704593
25027723B4,0,152865,87602,1.0,1.0,1.0,40.0,40.0,40.0,0.264186,0.264186
25027723B4,1,38216,21900,4.000058745625681,4.00002616705045,4.0000913242009135,9.99985313809267,9.999934582801819,9.999771694710166,1.05675091296839,1.0567681265753424
25027723B4,2,9554,5475,16.000234982502725,16.0001046682018,16.000365296803654,2.4999632845231674,2.4999836457004547,2.4999429236775415,4.22700365187356,4.227072506301369
25027723B4,3,2388,1368,64.02518440153986,64.01381909547739,64.03654970760233,0.6247541553201362,0.6248650770287508,0.6246432729846351,16.91155481155779,16.91755992105263
25027770B,0,147443,79971,1.0,1.0,1.0,40.0,40.0,40.0,0.264186,0.264186
25027770B,1,36860,19992,4.00011572453181,4.000081389039609,4.000150060024009,9.999710697040339,9.999796531541003,9.999624864013205,1.056765501844818,1.0567836437575029
25027770B,2,9215,4998,16.00046289812724,16.000325556158437,16.000600240096038,2.4999276742600847,2.499949132885251,2.499906216003301,4.227062007379272,4.2271345750300116
25027770B,3,2303,1249,64.0250837230792,64.02214502822406,64.02802241793435,0.6247551377364485,0.6247838147623149,0.6247264633429618,16.9137544064264,16.915307130504402
25028010B2,0,113506,86397,1.0,1.0,1.0,40.0,40.0,40.0,0.264186,0.264186
25028010B2,1,28376,21599,4.000058390268645,4.000070482097547,4.0000462984397425,9.999854026459246,9.999823797860907,9.999884255240344,1.0567626203834224,1.0567562313996017
25028010B2,2,7094,5399,16.001344890848177,16.000281928390187,16.002407853306167,2.4997898784668804,2.499955949465227,2.499623829531118,4.22705048153369,4.227612121133543
25028010B2,3,1773,1349,64.03219760872355,64.01917653694304,64.04521868050408,0.6246857283334989,0.6248127852272126,0.6245587231038114,16.91297017258883,16.91985014232765
25028010B2a,0,108084,76156,1.0,1.0,1.0,40.0,40.0,40.0,0.264186,0.264186
25028010B2a,1,27021,19039,4.0,4.0,4.0,10.0,10.0,10.0,1.056744,1.056744
25028010B2a,2,6755,4759,16.001556846049148,16.000592153960028,16.002521538138264,2.4997567664721427,2.4999074793678995,2.4996060717474657,4.227132438786083,4.227642155074595
25028010B2a,3,1688,1189,64.04063413039752,64.0308056872038,64.05046257359125,0.6246034341033111,0.6246993079456719,0.6245075896843322,16.91604243127962,16.921235505466775
25028010B3,0,162302,84188,1.0,1.0,1.0,40.0,40.0,40.0,0.264186,0.264186
25028010B3,1,40575,21047,4.000024645717806,4.000049291435613,4.0,9.999938386085114,9.999876772929477,10.0,1.056757022107209,1.056744
25028010B3,2,10143,5261,16.001830598716626,16.00138026224983,16.002280935183425,2.4997140016722876,2.499784352626585,2.499643654677626,4.227340645962733,4.227578591142368
25028010B3,3,2535,1315,64.02287518467688,64.02445759368837,64.0212927756654,0.6247766893413985,0.6247612475508619,0.6247921318952819,16.914365353846154,16.91352925323194
25028014B4,0,131780,86397,1.0,1.0,1.0,40.0,40.0,40.0,0.264186,0.264186
25028014B4,1,32945,21599,4.000023149219871,4.0,4.0000462984397425,9.99994212728525,10.0,9.999884255240344,1.056744,1.0567562313996017
25028014B4,2,8236,5399,16.0014467629814,16.00048567265663,16.002407853306167,2.499773963722964,2.499924115950827,2.499623829531118,4.2271043079164645,4.227612121133543
25028014B4,3,2059,1349,64.02358068556529,64.00194269062652,64.04521868050408,0.6247698046825796,0.6249810289877068,0.6245587231038114,16.908417231665858,16.91985014232765
25028014B5,0,120936,80172,1.0,1.0,1.0,40.0,40.0,40.0,0.264186,0.264186
25028014B5,1,30234,20043,4.0,4.0,4.0,10.0,10.0,10.0,1.056744,1.056744
25028014B5,2,7558,5010,16.001726845330246,16.00105848107965,16.00239520958084,2.4997302095350493,2.4998346232718136,2.499625804520281,4.227255635882508,4.227608780838323
25028014B5,3,1889,1252,64.0281594974774,64.02117522498676,64.03514376996804,0.624725125849915,0.6247932790897666,0.6246569874769247,16.91349819798835,16.917188492012777
25028014B6,0,118928,72140,1.0,1.0,1.0,40.0,40.0,40.0,0.264186,0.264186
25028014B6,1,29732,18035,4.0,4.0,4.0,10.0,10.0,10.0,1.056744,1.056744
25028014B6,2,7433,4508,16.001330967169476,16.0,16.002661934338953,2.4997920536778775,2.5,2.4995841419462157,4.226976,4.2276792457852705
25028014B6,3,1858,1127,64.0096295737371,64.0086114101184,64.01064773735581,0.6249059753411202,0.6249159155119064,0.6248960354865539,16.910179013993538,16.910716983141082
25028014B7,0,114912,66718,1.0,1.0,1.0,40.0,40.0,40.0,0.264186,0.264186
25028014B7,1,28728,16679,4.000059955632832,4.0,4.000119911265664,9.99985011316456,10.0,9.999700230822267,1.056744,1.0567756788776306
25028014B7,2,7182,4169,16.001679059726555,16.0,16.003358119453107,2.4997376744464925,2.5,2.4994754039389666,4.226976,4.227863168145838
25028014B7,3,1795,1042,64.02330904249916,64.01782729805014,64.02879078694818,0.6247724555044115,0.6248259537733222,0.6247189663958752,16.91261372256267,16.91551012284069
25028134B,0,137804,87201,1.0,1.0,1.0,40.0,40.0,40.0,0.264186,0.264186
25028134B,1,34451,21800,4.000022935779817,4.0,4.000045871559633,9.999942660879238,10.0,9.999885322416027,1.056744,1.0567561186238532
25028134B,2,8612,5450,16.00078844539516,16.001393404551788,16.000183486238534,2.4998768114774705,2.4997822994978374,2.499971330604007,4.227344117974918,4.227024474495413
25028134B,3,2153,1362,64.01490134654851,64.00557361820715,64.02422907488987,0.6248545129118859,0.6249455748744593,0.6247634774830563,16.909376471899673,16.914304982378855
25028147B3,0,127964,74349,1.0,1.0,1.0,40.0,40.0,40.0,0.264186,0.264186
25028147B3,1,31991,18587,4.0000269005218705,4.0,4.00005380104374,9.999932749147595,10.0,9.999865499199721,1.056744,1.0567582134825415
25028147B3,2,7997,4646,16.00214933430428,16.001500562711016,16.002798105897547,2.4996642116225485,2.4997655590634866,2.499562872399091,4.227372427660372,4.227715220404649
25028147B3,3,1999,1161,64.02638334671212,64.01400700350175,64.03875968992249,0.6247424562995261,0.6248632427870339,0.6246217164992132,16.91160445422711,16.91814376744186
25028151B2,0,133386,79570,1.0,1.0,1.0,40.0,40.0,40.0,0.264186,0.264186
25028151B2,1,33346,19892,4.000080260070247,4.000059977208661,4.000100542931832,9.999799353850351,9.999850059226604,9.999748648988312,1.0567598451388471,1.0567705620349888
25028151B2,2,8336,4973,16.00080089392508,16.00119961612284,16.000402171727327,2.499874866587868,2.499812574033257,2.499937162247078,4.227292921785028,4.227082248139955
25028151B2,3,2084,1243,64.00963977930923,64.00479846449136,64.0144810941271,0.6249058757073304,0.6249531435083142,0.6248586150559257,16.909171687140113,16.911729702333062
25028151B3,0,168728,87803,1.0,1.0,1.0,40.0,40.0,40.0,0.264186,0.264186
25028151B3,1,42182,21950,4.000068337129841,4.0,4.000136674259681,9.999829160094075,10.0,9.999658326025306,1.056744,1.0567801074259682
25028151B3,2,10545,5487,16.001381695931492,16.000758653390232,16.002004738472753,2.4997841286524896,2.499881466028164,2.4996867988565312,4.227176425604552,4.227505623838162
25028151B3,3,2636,1371,64.0260694928217,64.00910470409711,64.04303428154631,0.6247455187684855,0.6249110995211228,0.6245800257394395,16.910309335356597,16.919273054704593
25028186B2,0,154069,87803,1.0,1.0,1.0,40.0,40.0,40.0,0.264186,0.264186
25028186B2,1,38517,21950,4.0000813184108335,4.000025962561986,4.000136674259681,9.99979670810576,9.999935094016317,9.999658326025306,1.0567508589454007,1.0567801074259682
25028186B2,2,9629,5487,16.001262001596956,16.000519264721156,16.002004738472753,2.499802827802452,2.4999188675203965,2.4996867988565312,4.227113182469623,4.227505623838162
25028186B2,3,2407,1371,64.02587941746614,64.00872455338596,64.04303428154631,0.6247473734673619,0.6249148108964165,0.6245800257394395,16.910208904860824,16.919273054704593
25028210B2,0,126559,76357,1.0,1.0,1.0,40.0,40.0,40.0,0.264186,0.264186
25028210B2,1,31639,19089,4.000073602937784,4.000094819684566,4.000052386191,9.999815996041349,9.999762956407684,9.999869036237673,1.0567690500331868,1.0567578396982555
25028210B2,2,7909,4772,16.001472176116486,16.001896573523833,16.001047778709136,2.4997699936449154,2.4997036955096044,2.4998362952970914,4.227477048172967,4.2272528084660514
25028210B2,3,1977,1193,64.00993571927968,64.01568032372282,64.00419111483654,0.6249029865523216,0.6248469093466288,0.6249590738242728,16.912046522003035,16.909011233864206
25028514B,0,99249,87803,1.0,1.0,1.0,40.0,40.0,40.0,0.264186,0.264186
25028514B,1,24812,21950,4.000088488669418,4.000040303079155,4.000136674259681,9.99977878322025,9.999899243317314,9.999658326025306,1.0567546475092695,1.0567801074259682
25028514B,2,6203,5487,16.001082975394688,16.00016121231662,16.002004738472753,2.4998307965472786,2.4999748108293285,2.4996867988565312,4.227018590037078,4.227505623838162
25028514B,3,1550,1371,64.03732359238606,64.0316129032258,64.04303428154631,0.6246357242318593,0.6246914326592712,0.6245800257394395,16.91625568645161,16.919273054704593
25028520B3,0,188407,87803,1.0,1.0,1.0,40.0,40.0,40.0,0.264186,0.264186
25028520B3,1,47101,21950,4.000100183587453,4.000063692915225,4.000136674259681,9.99974954730418,9.99984077024739,9.999658326025306,1.0567608267765014,1.0567801074259682
25028520B3,2,11775,5487,16.001299609151452,16.00059447983015,16.002004738472753,2.49979695256273,2.4999071159776443,2.4996867988565312,4.227133053248407,4.227505623838162
25028520B3,3,2943,1371,64.03086134736506,64.01868841318382,64.04303428154631,0.6246987649127734,0.624817549241801,0.6245800257394395,16.91284121712538,16.919273054704593
25028738B2,0,120936,84188,1.0,1.0,1.0,40.0,40.0,40.0,0.264186,0.264186
25028738B2,1,30234,21047,4.0,4.0,4.0,10.0,10.0,10.0,1.056744,1.056744
25028738B2,2,7558,5261,16.001669708131537,16.00105848107965,16.002280935183425,2.499739135327439,2.4998346232718136,2.499643654677626,4.227255635882508,4.227578591142368
25028738B2,3,1889,1315,64.02123400032607,64.02117522498676,64.0212927756654,0.6247927054919977,0.6247932790897666,0.6247921318952819,16.91349819798835,16.91352925323194
25028862B2,0,114109,81980,1.0,1.0,1.0,40.0,40.0,40.0,0.264186,0.264186
25028862B2,1,28527,20495,4.000017527254881,4.0000350545097625,4.0,9.999956182054799,9.999912364493598,10.0,1.056753260910716,1.056744
25028862B2,2,7131,5123,16.002082701868353,16.00182302622353,16.002342377513177,2.4996746201873914,2.4997151846041943,2.499634057087094,4.227457618005889,4.2275948233456955
25028862B2,3,1782,1280,64.04055310044893,64.03423120089786,64.046875,0.6246042244085427,0.6246658896318433,0.624542571358868,16.9169474040404,16.92028771875
25028868B2,0,118526,52461,1.0,1.0,1.0,40.0,40.0,40.0,0.264186,0.264186
25028868B2,1,29631,13115,4.0000718727243045,4.00006749687827,4.000076248570339,9.999820321417737,9.999831260651671,9.999809382207735,1.0567618317302825,1.0567641438048037
25028868B2,2,7407,3278,16.002927968390303,16.001890103955716,16.003965832824893,2.4995425886443896,2.499704706140425,2.4993804921751397,4.227475339003645,4.228023717510677
25028879B3,0,160897,87803,1.0,1.0,1.0,40.0,40.0,40.0,0.264186,0.264186
25028879B3,1,40224,21950,4.000080767519657,4.000024860779634,4.000136674259681,9.999798085277895,9.999937848437199,9.999658326025306,1.0567505678699283,1.0567801074259682
25028879B3,2,10056,5487,16.001052090795646,16.000099443118536,16.002004738472753,2.4998356216219912,2.4999844621092997,2.4996867988565312,4.227002271479713,4.227505623838162
25028879B3,3,2514,1371,64.02171602701023,64.00039777247414,64.04303428154631,0.624788001357607,0.6249961155273249,0.6245800257394395,16.908009085918852,16.919273054704593
25028885B2,0,121739,87803,1.0,1.0,1.0,40.0,40.0,40.0,0.264186,0.264186
25028885B2,1,30434,21950,4.000117624111506,4.000098573963331,4.000136674259681,9.999705948368126,9.99975357116454,9.999658326025306,1.0567700418610764,1.0567801074259682
25028885B2,2,7608,5487,16.001725292475072,16.00144584647739,16.002004738472753,2.4997304521163284,2.499774106900829,2.4996867988565312,4.227357972397476,4.227505623838162
25028885B2,3,1902,1371,64.02440883372793,64.00578338590957,64.04303428154631,0.6247617233589836,0.6249435267252073,0.6245800257394395,16.909431889589904,16.919273054704593
25029134B,0,155073,87803,1.0,1.0,1.0,40.0,40.0,40.0,0.264186,0.264186
25029134B,1,38768,21950,4.000081234364673,4.000025794469666,4.000136674259681,9.999796918212622,9.99993551424168,9.999658326025306,1.056750814537763,1.0567801074259682
25029134B,2,9692,5487,16.00105395817571,16.000103177878664,16.002004738472753,2.499835329882259,2.49998387856042,2.4996867988565312,4.227003258151052,4.227505623838162
25029134B,3,2423,1371,64.02172349653048,64.00041271151466,64.04303428154631,0.6247879284625587,0.624995969640105,0.6245800257394395,16.90801303260421,16.919273054704593
25029179B,0,160696,87803,1.0,1.0,1.0,40.0,40.0,40.0,0.264186,0.264186
25029179B,1,40174,21950,4.000068337129841,4.0,4.000136674259681,9.999829160094075,10.0,9.999658326025306,1.056744,1.0567801074259682
25029179B,2,10043,5487,16.00140065660071,16.000796574728668,16.002004738472753,2.4997811665630456,2.499875541394932,2.4996867988565312,4.227186443891267,4.227505623838162
25029179B,3,2510,1371,64.03267251925922,64.02231075697212,64.04303428154631,0.6246810952325803,0.6247821974411311,0.6245800257394395,16.913798189641433,16.919273054704593
25029425B2,0,147844,87803,1.0,1.0,1.0,40.0,40.0,40.0,0.264186,0.264186
25029425B2,1,36961,21950,4.000068337129841,4.0,4.000136674259681,9.999829160094075,10.0,9.999658326025306,1.056744,1.0567801074259682
25029425B2,2,9240,5487,16.001218819452827,16.0004329004329,16.002004738472753,2.4998095739664303,2.499932361137415,2.4996867988565312,4.227090366233766,4.227505623838162
25029425B2,3,2310,1371,64.02238294163897,64.0017316017316,64.04303428154631,0.6247814930047652,0.6249830902843537,0.6245800257394395,16.908361464935066,16.919273054704593
25029425B3,0,143828,80172,1.0,1.0,1.0,40.0,40.0,40.0,0.264186,0.264186
25029425B3,1,35957,20043,4.0,4.0,4.0,10.0,10.0,10.0,1.056744,1.056744
25029425B3,2,8989,5010,16.00142009894995,16.000444988319057,16.00239520958084,2.499778129231473,2.49993047250883,2.499625804520281,4.227093559684058,4.227608780838323
25029425B3,3,2247,1252,64.02202226326617,64.0089007565643,64.03514376996804,0.6247850128119234,0.6249130906360375,0.6246569874769247,16.910255455273695,16.917188492012777
25029425B,0,162704,87803,1.0,1.0,1.0,40.0,40.0,40.0,0.264186,0.264186
25029425B,1,40676,21950,4.000068337129841,4.0,4.000136674259681,9.999829160094075,10.0,9.999658326025306,1.056744,1.0567801074259682
25029425B,2,10169,5487,16.001002369236375,16.0,16.002004738472753,2.4998433896181558,2.5,2.4996867988565312,4.226976,4.227505623838162
25029425B,3,2542,1371,64.02466426901863,64.00629425649095,64.04303428154631,0.6247592307853131,0.624938538696037,0.6245800257394395,16.909566854445316,16.919273054704593
25029560B2,0,99851,43023,1.0,1.0,1.0,40.0,40.0,40.0,0.264186,0.264186
25029560B2,1,24962,10755,4.000199561352782,4.00012018267767,4.000278940027894,9.999501121507262,9.999699552332975,9.999302698556585,1.0567757505808828,1.0568176920502093
25029560B2,2,6240,2688,16.00367158882784,16.00176282051282,16.005580357142858,2.4994264458615856,2.4997245896385616,2.4991283731957323,4.227441712499999,4.228450252232142
25029565B5,0,121338,72341,1.0,1.0,1.0,40.0,40.0,40.0,0.264186,0.264186
25029565B5,1,30334,18085,4.000060613529888,4.000065932616866,4.000055294442909,9.999848468471496,9.999835171174734,9.999861765803624,1.0567614184743193,1.0567586080176943
25029565B5,2,7583,4521,16.001212344648152,16.001318739285242,16.00110595001106,2.4998105855009545,2.499793963968419,2.4998272072545307,4.2273243924568105,4.227268176509622
25029565B5,3,1895,1130,64.02459546547739,64.03060686015831,64.01858407079646,0.6247599021780363,0.6247012477542072,0.6248185676172571,16.915989903957783,16.912813651327433
25029737B2,0,148045,87803,1.0,1.0,1.0,40.0,40.0,40.0,0.264186,0.264186
25029737B2,1,37011,21950,4.000081846627017,4.000027018994353,4.000136674259681,9.999795387619166,9.99993245297038,9.999658326025306,1.056751138040042,1.0567801074259682
25029737B2,2,9252,5487,16.001704920036204,16.001405101599655,16.002004738472753,2.499733634627572,2.499780472153737,2.4996867988565312,4.2273472081712065,4.227505623838162
25029737B2,3,2313,1371,64.02432734397246,64.00562040639862,64.04303428154631,0.6247625185517202,0.6249451180384342,0.6245800257394395,16.909388832684826,16.919273054704593
25029906B2,0,136198,87803,1.0,1.0,1.0,40.0,40.0,40.0,0.264186,0.264186
25029906B2,1,34049,21950,4.0000977065680035,4.000058738876326,4.000136674259681,9.999755739546455,9.999853154965564,9.999658326025306,1.0567595179887808,1.0567801074259682
25029906B2,2,8512,5487,16.0013548128454,16.000704887218046,16.002004738472753,2.4997883284163676,2.4998898662241738,2.4996867988565312,4.227162221334586,4.227505623838162
25029906B2,3,2128,1371,64.02292691520924,64.00281954887218,64.04303428154631,0.6247761845217612,0.6249724665560434,0.6245800257394395,16.908648885338344,16.919273054704593
25030118B2,0,118326,86397,1.0,1.0,1.0,40.0,40.0,40.0,0.264186,0.264186
25030118B2,1,29581,21599,4.000056954703121,4.000067610966499,4.0000462984397425,9.999857615269567,9.99983097544073,9.999884255240344,1.0567618618707955,1.0567562313996017
25030118B2,2,7395,5399,16.00160960616627,16.00081135902637,16.002407853306167,2.499748524335069,2.499873231580549,2.499623829531118,4.22719034969574,4.227612121133543
25030118B2,3,1848,1349,64.03721972986243,64.02922077922078,64.04521868050408,0.6246367373339732,0.6247147710562345,0.6245587231038114,16.91562372077922,16.91985014232765
25030157B3,0,109490,80775,1.0,1.0,1.0,40.0,40.0,40.0,0.264186,0.264186
25030157B3,1,27372,20193,4.000110816851491,4.000073067368113,4.000148566334868,9.999722965546294,9.99981733491643,9.99962859795729,1.0567633033757122,1.0567832491457434
25030157B3,2,6843,5048,16.000839478634802,16.000292269472453,16.001386687797147,2.499868838345025,2.4999543337291077,2.4997833488084185,4.227053213502849,4.227342343502377
25030157B3,3,1710,1262,64.01739325863522,64.02923976608187,64.00554675118859,0.6248301901078182,0.624714585806923,0.6249458372021046,16.915628736842105,16.909369374009508
25030157B4,0,154069,83787,1.0,1.0,1.0,40.0,40.0,40.0,0.264186,0.264186
25030157B4,1,38517,20946,4.000084593999412,4.000025962561986,4.000143225436838,9.999788519473967,9.999935094016317,9.999641949228401,1.0567508589454007,1.0567818381552563
25030157B4,2,9629,5236,16.001310052528645,16.000519264721156,16.002100840336134,2.49979532105116,2.4999188675203965,2.4996717867927005,4.227113182469623,4.227531012605041
25030157B4,3,2407,1309,64.00856395736525,64.00872455338596,64.00840336134453,0.6249163787933619,0.6249148108964165,0.6249179466981751,16.910208904860824,16.910124050420166
25030334B2,0,147242,86397,1.0,1.0,1.0,40.0,40.0,40.0,0.264186,0.264186
25030334B2,1,36810,21599,4.0000503157507055,4.0000543330616685,4.0000462984397425,9.999874212205514,9.999864169190856,9.999884255240344,1.0567583540342298,1.0567562313996017
25030334B2,2,9202,5399,16.00174728679218,16.0010867202782,16.002407853306167,2.499727016250028,2.49983021148857,2.499623829531118,4.227263096283416,4.227612121133543
25030334B2,3,2300,1349,64.03173977503465,64.01826086956521,64.04521868050408,0.6246901949023039,0.6248217220629984,0.6245587231038114,16.912728266086955,16.91985014232765
25030619B2,0,189813,87803,1.0,1.0,1.0,40.0,40.0,40.0,0.264186,0.264186
25030619B2,1,47453,21950,4.000078873871459,4.000021073483236,4.000136674259681,9.999802819209455,9.999947316569466,9.999658326025306,1.056749567319242,1.0567801074259682
25030619B2,2,11863,5487,16.001213108509745,16.00042147854674,16.002004738472753,2.4998104661656715,2.4999341457118325,2.4996867988565312,4.227087348731349,4.227505623838162
25030619B2,3,2965,1371,64.03045474616945,64.01787521079258,64.04303428154631,0.6247027318261074,0.6248254861363552,0.6245800257394395,16.912626380438446,16.919273054704593
25030630B,0,136198,87803,1.0,1.0,1.0,40.0,40.0,40.0,0.264186,0.264186
25030630B,1,34049,21950,4.0000977065680035,4.000058738876326,4.000136674259681,9.999755739546455,9.999853154965564,9.999658326025306,1.0567595179887808,1.0567801074259682
25030630B,2,8512,5487,16.0013548128454,16.000704887218046,16.002004738472753,2.4997883284163676,2.4998898662241738,2.4996867988565312,4.227162221334586,4.227505623838162
25030630B,3,2128,1371,64.02292691520924,64.00281954887218,64.04303428154631,0.6247761845217612,0.6249724665560434,0.6245800257394395,16.908648885338344,16.919273054704593
25030750B2,0,157483,87803,1.0,1.0,1.0,40.0,40.0,40.0,0.264186,0.264186
25030750B2,1,39370,21950,4.000106437206041,4.0000762001524,4.000136674259681,9.999733914065258,9.999809503247969,9.999658326025306,1.056764131013462,1.0567801074259682
25030750B2,2,9842,5487,16.001561198742575,16.001117659012397,16.002004738472753,2.4997560864963138,2.4998253779773054,2.4996867988565312,4.227271269863849,4.227505623838162
25030750B2,3,2460,1371,64.03025697817154,64.01747967479675,64.04303428154631,0.6247046613234168,0.6248293466596395,0.6245800257394395,16.91252188536585,16.919273054704593
25030988B4,0,114912,81176,1.0,1.0,1.0,40.0,40.0,40.0,0.264186,0.264186
25030988B4,1,28728,20294,4.0,4.0,4.0,10.0,10.0,10.0,1.056744,1.056744
25030988B4,2,7182,5073,16.000788488074118,16.0,16.001576976148236,2.4998768048095403,2.5,2.499753621760126,4.226976,4.2273926150206975
25030988B4,3,1795,1268,64.01837737142255,64.01782729805014,64.01892744479495,0.624820585000578,0.6248259537733222,0.6248152163200946,16.91261372256267,16.912904365930597
25030998B2,0,146238,87803,1.0,1.0,1.0,40.0,40.0,40.0,0.264186,0.264186
25030998B2,1,36559,21950,4.000095690175602,4.0000547060915235,4.000136674259681,9.99976078028374,9.99986323664164,9.999658326025306,1.0567584525834952,1.0567801074259682
25030998B2,2,9139,5487,16.001768317370747,16.001531896268737,16.002004738472753,2.4997237309440314,2.4997606641228685,2.4996867988565312,4.227380705547652,4.227505623838162
25030998B2,3,2284,1371,64.03508982028279,64.02714535901926,64.04303428154631,0.6246575137516275,0.6247350209931756,0.6245800257394395,16.91507542381786,16.919273054704593
25031267B2,0,121539,72742,1.0,1.0,1.0,40.0,40.0,40.0,0.264186,0.264186
25031267B2,1,30384,18185,4.000104358465151,4.000098736176935,4.000109980753368,9.999739110643626,9.999753165650533,9.999725055676224,1.0567700847156396,1.0567730553753092
25031267B2,2,7596,4546,16.000857393163372,16.00039494470774,16.001319841619004,2.499866039496774,2.4999382914126334,2.4997937917571695,4.227080338862558,4.227324683677958
25031267B2,3,1899,1136,64.01751524152816,64.00157977883096,64.03345070422536,0.6248289995181194,0.6249845728531583,0.6246735036155178,16.908321355450234,16.91674120774648
25031271B2,0,119932,83586,1.0,1.0,1.0,40.0,40.0,40.0,0.264186,0.264186
25031271B2,1,29983,20896,4.0000478560490045,4.0,4.000095712098009,9.999880361308847,10.0,9.999760725480344,1.056744,1.0567692857963245
25031271B2,2,7495,5224,16.000991957885145,16.001601067378253,16.000382848392036,2.4998450161890347,2.49974985825301,2.499940181370086,4.227398979586391,4.227077143185298
25031271B2,3,1873,1306,64.01678278167462,64.0320341697811,64.00153139356814,0.6248361486146154,0.6246873228162626,0.6249850453425215,16.916366979177788,16.90830857274119
25031281B2,0,129169,79971,1.0,1.0,1.0,40.0,40.0,40.0,0.264186,0.264186
25031281B2,1,32292,19992,4.000090513723141,4.000030967422272,4.000150060024009,9.999773720812492,9.999922582043679,9.999624864013205,1.0567521811594203,1.0567836437575029
25031281B2,2,8073,4998,16.000362054892562,16.000123869689087,16.000600240096038,2.499943430203123,2.4999806455109197,2.499906216003301,4.227008724637681,4.2271345750300116
25031281B2,3,2018,1249,64.01822330014656,64.00842418235877,64.02802241793435,0.6248220887427912,0.6249177434214092,0.6247264633429618,16.910129551040633,16.915307130504402
25031302B,0,126157,87803,1.0,1.0,1.0,40.0,40.0,40.0,0.264186,0.264186
25031302B,1,31539,21950,4.000084190517709,4.000031706775738,4.000136674259681,9.999789528135661,9.999920733688974,9.999658326025306,1.0567523764862552,1.0567801074259682
25031302B,2,7884,5487,16.001826823827955,16.001648909183157,16.002004738472753,2.4997145913638383,2.499742384489168,2.4996867988565312,4.227411618721461,4.227505623838162
25031302B,3,1971,1371,64.02481495913946,64.00659563673263,64.04303428154631,0.6247577603391425,0.624935596122292,0.6245800257394395,16.909646474885843,16.919273054704593
25031385B4,0,194231,87803,1.0,1.0,1.0,40.0,40.0,40.0,0.264186,0.264186
25031385B4,1,48557,21950,4.0000992286593835,4.000061783059085,4.000136674259681,9.999751934505342,9.999845544737967,9.999658326025306,1.0567603222192472,1.0567801074259682
25031385B4,2,12139,5487,16.00129069611668,16.000576653760607,16.002004738472753,2.4997983449989767,2.4999099010971473,2.4996867988565312,4.227128343850399,4.227505623838162
25031385B4,3,3034,1371,64.03058108276393,64.01812788398155,64.04303428154631,0.6247014992460751,0.6248230200122534,0.6245800257394395,16.912693133157546,16.919273054704593
25031387B2,0,156077,87803,1.0,1.0,1.0,40.0,40.0,40.0,0.264186,0.264186
25031387B2,1,39019,21950,4.000081151399812,4.000025628539942,4.000136674259681,9.999797125616356,9.999935929060657,9.999658326025306,1.056750770701453,1.0567801074259682
25031387B2,2,9754,5487,16.00166876251093,16.001332786549106,16.002004738472753,2.499739283049834,2.4997917694471323,2.4996867988565312,4.227328103547261,4.227505623838162
25031387B2,3,2438,1371,64.03074601690113,64.01845775225594,64.04303428154631,0.6246998901034491,0.6248198004830949,0.6245800257394395,16.912780279737486,16.919273054704593
25031411B3,0,96438,70132,1.0,1.0,1.0,40.0,40.0,40.0,0.264186,0.264186
25031411B3,1,24109,17533,4.000041478286118,4.000082956572235,4.0,9.999896305359975,9.999792612870445,10.0,1.0567659159649923,1.056744
25031411B3,2,6027,4383,16.00095406854416,16.000995520159282,16.000912616929043,2.4998509356785736,2.499844459652834,2.499857411737866,4.227239002488799,4.2272171006160155
25031411B3,3,1506,1095,64.04167257909003,64.03585657370517,64.04748858447489,0.6245933060321136,0.6246500342188764,0.6245365881480636,16.917376804780872,16.92044981917808
25031706B,0,115715,73345,1.0,1.0,1.0,40.0,40.0,40.0,0.264186,0.264186
25031706B,1,28928,18336,4.000079121637014,4.000103705752212,4.000054537521815,9.999802199820035,9.999740742341096,9.9998636580544,1.0567713976078539,1.056758408049738
25031706B,2,7232,4584,16.000316486548055,16.00041482300885,16.00021815008726,2.4999505499550088,2.499935185585274,2.4999659145136,4.2270855904314155,4.227033632198952
25031706B,3,1808,1146,64.00126594619222,64.0016592920354,64.00087260034904,0.6249876374887522,0.6249837963963185,0.6249914786284,16.908342361725662,16.90813452879581
25031706B2,0,154069,87803,1.0,1.0,1.0,40.0,40.0,40.0,0.264186,0.264186
25031706B2,1,38517,21950,4.0000813184108335,4.000025962561986,4.000136674259681,9.99979670810576,9.999935094016317,9.999658326025306,1.0567508589454007,1.0567801074259682
25031706B2,2,9629,5487,16.001262001596956,16.000519264721156,16.002004738472753,2.499802827802452,2.4999188675203965,2.4996867988565312,4.227113182469623,4.227505623838162
25031706B2,3,2407,1371,64.02587941746614,64.00872455338596,64.04303428154631,0.6247473734673619,0.6249148108964165,0.6245800257394395,16.910208904860824,16.919273054704593
25032143B2,0,102663,80172,1.0,1.0,1.0,40.0,40.0,40.0,0.264186,0.264186
25032143B2,1,25665,20043,4.000058445353595,4.000116890707189,4.0,9.999853888750893,9.999707781771425,10.0,1.0567748808883695,1.056744
25032143B2,2,6416,5010,16.001743116012364,16.00109102244389,16.00239520958084,2.4997276677922327,2.4998295393666656,2.499625804520281,4.227264232855362,4.227608780838323
25032143B2,3,1604,1252,64.0197539298718,64.00436408977556,64.03514376996804,0.6248071500527259,0.6249573848416664,0.6246569874769247,16.909056931421446,16.917188492012777
25032143B3,0,91217,62903,1.0,1.0,1.0,40.0,40.0,40.0,0.264186,0.264186
25032143B3,1,22804,15725,4.000117315485053,4.000043851955797,4.000190779014308,9.999706719888943,9.999890371312365,9.999523075211041,1.056755585072794,1.056794401144674
25032143B3,2,5701,3931,16.000978062598953,16.00017540782319,16.001780717374714,2.4998471870602024,2.499972592828091,2.499721793873106,4.227022340291176,4.227446440600356
25032146B2,0,78566,33786,1.0,1.0,1.0,40.0,40.0,40.0,0.264186,0.264186
25032146B2,1,19641,8446,4.0001693131468326,4.000101827809175,4.000236798484489,9.999576735048999,9.999745436957461,9.999408038832653,1.0567709014815947,1.056806558844423
25032146B2,2,4910,2111,16.002979543676272,16.00122199592668,16.004737091425863,2.49953453298054,2.499809077718097,2.499260048540816,4.227298834215886,4.228227473235433
25032179B3,0,91618,65915,1.0,1.0,1.0,40.0,40.0,40.0,0.264186,0.264186
25032179B3,1,22904,16478,4.000134690960845,4.000087320991966,4.000182060929724,9.999663283936039,9.999781702285578,9.99954486839111,1.0567670689835835,1.05679209794878
25032179B3,2,5726,4119,16.00150991753625,16.000349283967864,16.002670551104636,2.4997640976470294,2.4999454255713944,2.499582796025184,4.227068275934334,4.227681522214129
25032179B3,3,1431,1029,64.04054841463389,64.02375960866527,64.05733722060252,0.6246042701105228,0.6247680586784256,0.6244405673974058,16.914180955974842,16.923051690962097
25032245B2,0,106277,53264,1.0,1.0,1.0,40.0,40.0,40.0,0.264186,0.264186
25032245B2,1,26569,13316,4.00001881892431,4.000037637848621,4.0,9.999952952910569,9.99990590626382,10.0,1.0567539433926756,1.056744
25032245B2,2,6642,3329,16.000376392652818,16.000752785305632,16.0,2.4999411900314747,2.499882382829775,2.5,4.227174875338753,4.226976
25032360B2,0,153065,87803,1.0,1.0,1.0,40.0,40.0,40.0,0.264186,0.264186
25032360B2,1,38266,21950,4.0000814035595695,4.000026132859458,4.000136674259681,9.99979649524258,9.999934668278183,9.999658326025306,1.0567509039356087,1.0567801074259682
25032360B2,2,9566,5487,16.001472785293245,16.000940832113738,16.002004738472753,2.499769898478564,2.49985300362591,2.4996867988565312,4.2272245546728,4.227505623838162
25032360B2,3,2391,1371,64.03009095925916,64.01714763697198,64.04303428154631,0.6247062810741759,0.6248325874628425,0.6245800257394395,16.91243416562108,16.919273054704593
25032626B2,0,111097,69128,1.0,1.0,1.0,40.0,40.0,40.0,0.264186,0.264186
25032626B2,1,27774,17282,4.000018002448333,4.000036004896666,4.0,9.999954994081723,9.999909988568549,10.0,1.0567535119896305,1.056744
25032626B2,2,6943,4320,16.001574060737966,16.00129626962408,16.001851851851853,2.4997540772032814,2.4997974742792337,2.49971068163407,4.227318456286907,4.227465233333334
25032626B2,3,1735,1080,64.02013021667202,64.0328530259366,64.00740740740741,0.6248034776658931,0.624679334275453,0.6249276704085175,16.916583309510084,16.909860933333334
25032788B4,0,144431,87803,1.0,1.0,1.0,40.0,40.0,40.0,0.264186,0.264186
25032788B4,1,36107,21950,4.000109880320911,4.000083086382142,4.000136674259681,9.999725306743567,9.999792288359146,9.999658326025306,1.0567659502589526,1.0567801074259682
25032788B4,2,9026,5487,16.001833302097,16.00166186572125,16.002004738472753,2.4997135793658156,2.499740360448934,2.4996867988565312,4.227415041657434,4.227505623838162
25032788B4,3,2256,1371,64.03193380743983,64.02083333333333,64.04303428154631,0.6246883019383748,0.6247966156849984,0.6245800257394395,16.913407874999997,16.919273054704593
25032789B2,0,127161,87803,1.0,1.0,1.0,40.0,40.0,40.0,0.264186,0.264186
25032789B2,1,31790,21950,4.000084065346261,4.000031456432841,4.000136674259681,9.999789841051118,9.999921359536335,9.999658326025306,1.0567523103491663,1.0567801074259682
25032789B2,2,7947,5487,16.001568620652005,16.001132502831258,16.002004738472753,2.49975492704978,2.4998230589567556,2.4996867988565312,4.2272751913929785,4.227505623838162
25032789B2,3,1986,1371,64.03586759394537,64.02870090634441,64.04303428154631,0.6246499267198501,0.6247198433481964,0.6245800257394395,16.915486377643504,16.919273054704593
25033169B1,0,141418,87803,1.0,1.0,1.0,40.0,40.0,40.0,0.264186,0.264186
25033169B1,1,35354,21950,4.000096622472376,4.000056570685071,4.000136674259681,9.999758449653857,9.999858575287448,9.999658326025306,1.056758945183006,1.0567801074259682
25033169B1,2,8838,5487,16.00156810809132,16.00113147770989,16.002004738472753,2.4997550071216885,2.499823219109307,2.4996867988565312,4.227274920570265,4.227505623838162
25033169B1,3,2209,1371,64.0310237048293,64.01901312811226,64.04303428154631,0.6246971809226776,0.6248143800647725,0.6245800257394395,16.912927002263466,16.919273054704593
25033178B4,0,148848,87803,1.0,1.0,1.0,40.0,40.0,40.0,0.264186,0.264186
25033178B4,1,37212,21950,4.000068337129841,4.0,4.000136674259681,9.999829160094075,10.0,9.999658326025306,1.056744,1.0567801074259682
25033178B4,2,9303,5487,16.001002369236375,16.0,16.002004738472753,2.4998433896181558,2.5,2.4996867988565312,4.226976,4.227505623838162
25033178B4,3,2325,1371,64.03183972141832,64.02064516129032,64.04303428154631,0.6246892198323049,0.624798452112222,0.6245800257394395,16.913358162580643,16.919273054704593
25033211B,0,143427,87803,1.0,1.0,1.0,40.0,40.0,40.0,0.264186,0.264186
25033211B,1,35856,21950,4.000110171132518,4.000083668005355,4.000136674259681,9.999724579754545,9.99979083436173,9.999658326025306,1.0567661039156626,1.0567801074259682
25033211B,2,8964,5487,16.001169705247086,16.00033467202142,16.002004738472753,2.4998172469155953,2.4999477085904327,2.4996867988565312,4.2270644156626505,4.227505623838162
25033211B,3,2241,1371,64.02218648481599,64.00133868808568,64.04303428154631,0.6247834101930698,0.6249869271476082,0.6245800257394395,16.908257662650602,16.919273054704593
25033447B4,0,133788,87803,1.0,1.0,1.0,40.0,40.0,40.0,0.264186,0.264186
25033447B4,1,33447,21950,4.000068337129841,4.0,4.000136674259681,9.999829160094075,10.0,9.999658326025306,1.056744,1.0567801074259682
25033447B4,2,8361,5487,16.001719986746245,16.001435235019734,16.002004738472753,2.4997312809579735,2.499775764642569,2.4996867988565312,4.2273551689989235,4.227505623838162
25033447B4,3,2090,1371,64.02821570536645,64.0133971291866,64.04303428154631,0.6247245774279393,0.6248691960414985,0.6245800257394395,16.911443333971288,16.919273054704593
25033482B2,0,105273,76156,1.0,1.0,1.0,40.0,40.0,40.0,0.264186,0.264186
25033482B2,1,26318,19039,4.000018998404133,4.000037996808268,4.0,9.999952504215253,9.99990500888167,10.0,1.0567540382247889,1.056744
25033482B2,2,6579,4759,16.001944763597177,16.00136798905609,16.002521538138264,2.499696167618076,2.4997862699837565,2.4996060717474657,4.2273374035567715,4.227642155074595
25033482B2,3,1644,1189,64.04256705321899,64.03467153284672,64.05046257359125,0.6245845824193812,0.6246615941409478,0.6245075896843322,16.91706373357664,16.921235505466775
25033486B,0,148246,87803,1.0,1.0,1.0,40.0,40.0,40.0,0.264186,0.264186
25033486B,1,37061,21950,4.000095319672136,4.00005396508459,4.000136674259681,9.999761706498175,9.999865089108644,9.999658326025306,1.0567582568198375,1.0567801074259682
25033486B,2,9265,5487,16.001326168480844,16.000647598488936,16.002004738472753,2.4997928033484724,2.499898816831483,2.4996867988565312,4.227147086454398,4.227505623838162
25033486B,3,2316,1371,64.02626670899423,64.00949913644214,64.04303428154631,0.6247435944032781,0.6249072487621925,0.6245800257394395,16.9104135388601,16.919273054704593
25033894B2,0,115916,62100,1.0,1.0,1.0,40.0,40.0,40.0,0.264186,0.264186
25033894B2,1,28979,15525,4.0,4.0,4.0,10.0,10.0,10.0,1.056744,1.056744
25033894B2,2,7244,3881,16.00134360277334,16.00165654334622,16.001030662200463,2.4997900796947596,2.4997411918975807,2.4998389694041867,4.227413635560463,4.227248286524091
25034245B2,0,121739,72341,1.0,1.0,1.0,40.0,40.0,40.0,0.264186,0.264186
25034245B2,1,30434,18085,4.00007693420312,4.000098573963331,4.000055294442909,9.999807668191423,9.99975357116454,9.999861765803624,1.0567700418610764,1.0567586080176943
25034245B2,2,7608,4521,16.001275898244224,16.00144584647739,16.00110595001106,2.499800656795693,2.499774106900829,2.4998272072545307,4.227357972397476,4.227268176509622
25034245B2,3,1902,1130,64.01218372835302,64.00578338590957,64.01858407079646,0.6248810409241317,0.6249435267252073,0.6248185676172571,16.909431889589904,16.912813651327433
25034327B2,0,150856,87803,1.0,1.0,1.0,40.0,40.0,40.0,0.264186,0.264186
25034327B2,1,37714,21950,4.000068337129841,4.0,4.000136674259681,9.999829160094075,10.0,9.999658326025306,1.056744,1.0567801074259682
25034327B2,2,9428,5487,16.00142663737384,16.000848536274926,16.002004738472753,2.4997771077844853,2.499867423238055,2.4996867988565312,4.227200171404327,4.227505623838162
25034327B2,3,2357,1371,64.023214213323,64.0033941450997,64.04303428154631,0.6247733808977705,0.6249668558095137,0.6245800257394395,16.908800685617308,16.919273054704593
25034929B2,0,133788,87803,1.0,1.0,1.0,40.0,40.0,40.0,0.264186,0.264186
25034929B2,1,33447,21950,4.000068337129841,4.0,4.000136674259681,9.999829160094075,10.0,9.999658326025306,1.056744,1.0567801074259682
25034929B2,2,8361,5487,16.001719986746245,16.001435235019734,16.002004738472753,2.4997312809579735,2.499775764642569,2.4996867988565312,4.2273551689989235,4.227505623838162
25034929B2,3,2090,1371,64.02821570536645,64.0133971291866,64.04303428154631,0.6247245774279393,0.6248691960414985,0.6245800257394395,16.911443333971288,16.919273054704593
25034940B9,0,105273,80574,1.0,1.0,1.0,40.0,40.0,40.0,0.264186,0.264186
25034940B9,1,26318,20143,4.000068643442113,4.000037996808268,4.000099290075957,9.99982839433962,9.99990500888167,9.999751780971529,1.0567540382247889,1.0567702310480065
25034940B9,2,6579,5035,16.002074262651185,16.00136798905609,16.002780536246277,2.4996759384725475,2.4997862699837565,2.499565616700176,4.2273374035567715,4.227710578748758
25034940B9,3,1644,1258,64.04197805577152,64.03467153284672,64.04928457869634,0.624590326756704,0.6246615941409478,0.624519075632338,16.91706373357664,16.920924295707472
25034940B8,0,98847,59489,1.0,1.0,1.0,40.0,40.0,40.0,0.264186,0.264186
25034940B8,1,24711,14872,4.000094321937716,4.000121403423576,4.000067240451856,9.99976420071597,9.999696500652524,9.99983190169611,1.0567760730848608,1.056761763986014
25034940B8,2,6177,3718,16.001348662545286,16.002428363283148,16.000268961807425,2.499789289238406,2.4996206258156546,2.4999579754240275,4.2276175395823214,4.227047055944056
25034940B10,0,98647,76959,1.0,1.0,1.0,40.0,40.0,40.0,0.264186,0.264186
25034940B10,1,24661,19239,4.000138791414354,4.000121649568144,4.000155933260564,9.999653033503106,9.999695885328494,9.999610182044986,1.0567761381128096,1.0567851953843754
25034940B10,2,6165,4809,16.00212729680106,16.001135442011353,16.003119151590766,2.4996676540622373,2.4998225997749555,2.4995127275562314,4.2272759678832115,4.227800036182158
25034940B10,3,1541,1202,64.02035786127598,64.01492537313433,64.02579034941763,0.6248012559797766,0.6248542783865703,0.6247482425707195,16.911847074626866,16.914717449251246
25034940B11,0,123145,80373,1.0,1.0,1.0,40.0,40.0,40.0,0.264186,0.264186
25034940B11,1,30786,20093,4.000041125436635,4.000032482297148,4.000049768576121,9.999897187465466,9.999918794916562,9.999875580107748,1.0567525813681542,1.056757148161051
25034940B11,2,7696,5023,16.001082429866273,16.00116943866944,16.00099542106311,2.4998308817745585,2.499817288562264,2.4998444751346844,4.227284949324324,4.227238976308978
25034940B11,3,1924,1255,64.02345441518749,64.00467775467776,64.04223107569722,0.6247710368859962,0.624954322140566,0.624587859106914,16.909139797297296,16.919060858964144
25034940B12,0,89209,72742,1.0,1.0,1.0,40.0,40.0,40.0,0.264186,0.264186
25034940B12,1,22302,18185,4.000077409890629,4.00004483902789,4.000109980753368,9.999806479018536,9.999887903686847,9.999725055676224,1.056755845843422,1.0567730553753092
25034940B12,2,5575,4546,16.001467095697393,16.001614349775785,16.001319841619004,2.4997707873145916,2.4997477832954074,2.4997937917571695,4.227402488609865,4.227324683677958
25034940B12,3,1393,1136,64.03718479217011,64.04091888011486,64.03345070422536,0.6246370781260646,0.624600656884395,0.6246735036155178,16.918714195262023,16.91674120774648
25035354B,0,133788,81980,1.0,1.0,1.0,40.0,40.0,40.0,0.264186,0.264186
25035354B,1,33447,20495,4.0,4.0,4.0,10.0,10.0,10.0,1.056744,1.056744
25035354B,2,8361,5123,16.001888806266457,16.001435235019734,16.002342377513177,2.4997049088564913,2.499775764642569,2.499634057087094,4.2273551689989235,4.2275948233456955
25035354B,3,2090,1280,64.03013606459331,64.0133971291866,64.046875,0.6247058410066189,0.6248691960414985,0.624542571358868,16.911443333971288,16.92028771875
25035354B2,0,95634,87803,1.0,1.0,1.0,40.0,40.0,40.0,0.264186,0.264186
25035354B2,1,23908,21950,4.000110164133354,4.000083654007027,4.000136674259681,9.99972459725149,9.999790869356087,9.999658326025306,1.0567661002175004,1.0567801074259682
25035354B2,2,5977,5487,16.00116967725043,16.00033461602811,16.002004738472753,2.4998172512894334,2.4999477173390217,2.4996867988565312,4.227064400870002,4.227505623838162
25035354B2,3,1494,1371,64.0275412371587,64.01204819277109,64.04303428154631,0.6247311582970142,0.6248823640127987,0.6245800257394395,16.91108696385542,16.919273054704593
25035354B3,0,137001,82984,1.0,1.0,1.0,40.0,40.0,40.0,0.264186,0.264186
25035354B3,1,34250,20746,4.000014598540146,4.000029197080292,4.0,9.999963503782833,9.99992700783206,10.0,1.0567517134598539,1.056744
25035354B3,2,8562,5186,16.001296885501937,16.0010511562719,16.00154261473197,2.499797378063913,2.4998357676221343,2.4997589896847585,4.227253700770848,4.22738353721558
25035354B3,3,2140,1296,64.02501153801776,64.01915887850467,64.03086419753086,0.6247558421172353,0.6248129575696528,0.6246987371059481,16.912965507476635,16.916057888888886
25035882B3,0,126760,70935,1.0,1.0,1.0,40.0,40.0,40.0,0.264186,0.264186
25035882B3,1,31690,17733,4.000084588056167,4.0,4.000169176112333,9.99978853433145,10.0,9.999577077606258,1.056744,1.0567886939604128
25035882B3,2,7922,4433,16.001294456046843,16.001009845998485,16.001579066095196,2.499797757604799,2.4998422215209843,2.4997532952703176,4.227242787174956,4.227393167155425
25035882B3,3,1980,1108,64.02048007147286,64.02020202020202,64.02075812274369,0.6248000632819959,0.6248027769012306,0.6247973496863325,16.91324109090909,16.91338800541516
25035882B4,0,135595,86799,1.0,1.0,1.0,40.0,40.0,40.0,0.264186,0.264186
25035882B4,1,33898,21699,4.000113378007821,4.000088500796507,4.0001382552191345,9.999716563014326,9.999778752903868,9.999654373898316,1.056767380671426,1.0567805250933222
25035882B4,2,8474,5424,16.002031787497835,16.00129808827,16.002765486725664,2.4996825735124113,2.499797190161879,2.499567967372896,4.227318936747698,4.227706602876106
25035882B4,3,2118,1356,64.01568205938145,64.02030217186025,64.01106194690266,0.6248468924051405,0.6248017994763818,0.624891991843224,16.91326754957507,16.910826411504424
25036226B4,0,142423,87803,1.0,1.0,1.0,40.0,40.0,40.0,0.264186,0.264186
25036226B4,1,35605,21950,4.000110466044319,4.000084257828957,4.000136674259681,9.999723842515708,9.999789359864629,9.999658326025306,1.0567662597388006,1.0567801074259682
25036226B4,2,8901,5487,16.001395583481965,16.000786428491182,16.002004738472753,2.4997819590993355,2.4998771265877,2.4996867988565312,4.227183763397371,4.227505623838162
25036226B4,3,2225,1371,64.026685680099,64.01033707865169,64.04303428154631,0.6247395062717254,0.6248990682684679,0.6245800257394395,16.910634911460672,16.919273054704593
25036333B3,0,96839,43023,1.0,1.0,1.0,40.0,40.0,40.0,0.264186,0.264186
25036333B3,1,24209,10755,4.000201430441887,4.00012392085588,4.000278940027894,9.999496449252895,9.99969020745774,9.999302698556585,1.0567767381552313,1.0568176920502093
25036333B3,2,6052,2688,16.003368499787555,16.001156642432253,16.005580357142858,2.4994737826933746,2.4998192876836813,2.4991283731957323,4.227281568737607,4.228450252232142
25036340B1,0,100052,73345,1.0,1.0,1.0,40.0,40.0,40.0,0.264186,0.264186
25036340B1,1,25013,18336,4.000027268760908,4.0,4.000054537521815,9.999931828562469,10.0,9.9998636580544,1.056744,1.056758408049738
25036340B1,2,6253,4584,16.000428921517322,16.000639692947384,16.00021815008726,2.4999329828094883,2.499900051972974,2.4999659145136,4.227144997920997,4.227033632198952
25036340B1,3,1563,1146,64.00683425282966,64.0127959053103,64.00087260034904,0.6249332663758738,0.6248750649662176,0.6249914786284,16.911284499040306,16.90813452879581
25036341B,0,129972,67521,1.0,1.0,1.0,40.0,40.0,40.0,0.264186,0.264186
25036341B,1,32493,16880,4.000029620853081,4.0,4.000059241706161,9.999925948415667,10.0,9.999851897928052,1.056744,1.0567596508293837
25036341B,2,8123,4220,16.00036469786511,16.000492428905577,16.000236966824644,2.4999430172574195,2.49992306035146,2.499962974482013,4.227106092822848,4.227038603317535
25036341B,3,2030,1055,64.01328181542269,64.0256157635468,64.00094786729858,0.624870321683192,0.624749946142246,0.6249907436205032,16.914671326108373,16.90815441327014
25036634B2,0,126960,74148,1.0,1.0,1.0,40.0,40.0,40.0,0.264186,0.264186
25036634B2,1,31740,18537,4.0,4.0,4.0,10.0,10.0,10.0,1.056744,1.056744
25036634B2,2,7935,4634,16.000431592576607,16.0,16.000863185153214,2.49993256547892,2.5,2.4998651345956735,4.226976,4.227204041432887
25036634B2,3,1983,1158,64.02764691588345,64.02420574886536,64.03108808290155,0.6247301271675678,0.6247637051039697,0.6246965528402655,16.91429881996974,16.916117036269426
25041732B,0,134591,79168,1.0,1.0,1.0,40.0,40.0,40.0,0.264186,0.264186
25041732B,1,33647,19792,4.000044580497518,4.000089160995037,4.0,9.999888549998328,9.999777102480849,10.0,1.0567675550866347,1.056744
25041732B,2,8411,4948,16.000891689454285,16.001783378908573,16.0,2.4998606812870823,2.4997213781010617,2.5,4.22744714374034,4.226976
25041732B,3,2102,1237,64.01498572787821,64.02997145575642,64.0,0.6248536892601414,0.6247074470061148,0.625,16.915822039010465,16.907904
25041763B,0,148848,87803,1.0,1.0,1.0,40.0,40.0,40.0,0.264186,0.264186
25041763B,1,37212,21950,4.000068337129841,4.0,4.000136674259681,9.999829160094075,10.0,9.999658326025306,1.056744,1.0567801074259682
25041763B,2,9303,5487,16.001002369236375,16.0,16.002004738472753,2.4998433896181558,2.5,2.4996867988565312,4.226976,4.227505623838162
25041763B,3,2325,1371,64.03183972141832,64.02064516129032,64.04303428154631,0.6246892198323049,0.624798452112222,0.6245800257394395,16.913358162580643,16.919273054704593
25042220B2,0,148848,85192,1.0,1.0,1.0,40.0,40.0,40.0,0.264186,0.264186
25042220B2,1,37212,21298,4.0,4.0,4.0,10.0,10.0,10.0,1.056744,1.056744
25042220B2,2,9303,5324,16.0007513148009,16.0,16.001502629601802,2.4998826125745413,2.5,2.4997652361724105,4.226976,4.227372973703981
25042220B2,3,2325,1331,64.01332783984876,64.02064516129032,64.00601051840721,0.6248698724127214,0.624798452112222,0.6249413090431026,16.913358162580643,16.909491894815925
25042465B3,0,116318,86799,1.0,1.0,1.0,40.0,40.0,40.0,0.264186,0.264186
25042465B3,1,29079,21699,4.000103516687596,4.0000687781560575,4.0001382552191345,9.999741214978153,9.999828057566328,9.999654373898316,1.0567621702259362,1.0567805250933222
25042465B3,2,7269,5424,16.00234573689702,16.001925987068372,16.002765486725664,2.4996335323371355,2.499699100741072,2.499567967372896,4.2274848188196446,4.227706602876106
25042465B3,3,1817,1356,64.01378633943922,64.01651073197579,64.01106194690266,0.6248653967740039,0.6248388039684314,0.624891991843224,16.912265904237753,16.910826411504424
25042830B2,0,126559,69329,1.0,1.0,1.0,40.0,40.0,40.0,0.264186,0.264186
25042830B2,1,31639,17332,4.000076258215235,4.000094819684566,4.000057696745904,9.999809358096416,9.999762956407684,9.999855760215782,1.0567690500331868,1.0567592426725132
25042830B2,2,7909,4333,16.001063680253722,16.001896573523833,16.000230786983614,2.4998338110086027,2.4997036955096044,2.4999639400539455,4.227477048172967,4.227036970690053
25042830B2,3,1977,1083,64.0156887306518,64.01568032372282,64.01569713758079,0.6248468272879382,0.6248469093466288,0.6248467452292692,16.912046522003035,16.912050963988918
25043126B2,0,127161,87803,1.0,1.0,1.0,40.0,40.0,40.0,0.264186,0.264186
25043126B2,1,31790,21950,4.000084065346261,4.000031456432841,4.000136674259681,9.999789841051118,9.999921359536335,9.999658326025306,1.0567523103491663,1.0567801074259682
25043126B2,2,7947,5487,16.001568620652005,16.001132502831258,16.002004738472753,2.49975492704978,2.4998230589567556,2.4996867988565312,4.2272751913929785,4.227505623838162
25043126B2,3,1986,1371,64.03586759394537,64.02870090634441,64.04303428154631,0.6246499267198501,0.6247198433481964,0.6245800257394395,16.915486377643504,16.919273054704593
25043600B3,0,132784,86197,1.0,1.0,1.0,40.0,40.0,40.0,0.264186,0.264186
25043600B3,1,33196,21549,4.000023202932851,4.0,4.000046405865701,9.999941993004356,10.0,9.999883986681672,1.056744,1.056756259780036
25043600B3,2,8299,5387,16.000464080193055,16.0,16.000928160386113,2.499927489573001,2.5,2.499854983352089,4.226976,4.227221206979765
25043600B3,3,2074,1346,64.03125980619026,64.02314368370298,64.03937592867756,0.6246948774875264,0.6247740691649597,0.6246157058830354,16.914018237222756,16.91830656909361
25044694B,0,138005,77763,1.0,1.0,1.0,40.0,40.0,40.0,0.264186,0.264186
25044694B,1,34501,19440,4.000091652827383,4.000028984667111,4.000154320987654,9.999770873181573,9.999927538857289,9.999614212414643,1.0567516573432651,1.0567847694444443
25044694B,2,8625,4860,16.000598497047772,16.000579710144926,16.000617283950618,2.4999064883341893,2.49990942357161,2.499903553103661,4.227129151304347,4.227139077777777
25044694B,3,2156,1215,64.00610469777136,64.00974025974025,64.00246913580247,0.6249403894968282,0.6249048947501903,0.6249758882759152,16.910477240259738,16.90855631111111
25045403B,0,89610,63907,1.0,1.0,1.0,40.0,40.0,40.0,0.264186,0.264186
25045403B,1,22402,15976,4.000138529707783,4.000089277743059,4.000187781672508,9.999653687724177,9.999776810623814,9.999530567856418,1.0567675859298276,1.0567936092889332
25045403B,2,5600,3994,16.001268420487875,16.001785714285713,16.000751126690034,2.4998018250093454,2.499721013279768,2.4998826419641045,4.227447760714285,4.227174437155733
25045403B-1,0,112502,73144,1.0,1.0,1.0,40.0,40.0,40.0,0.264186,0.264186
25045403B-1,1,28125,18286,4.000035555555556,4.000071111111111,4.0,9.999911111901227,9.99982222538266,10.0,1.0567627865599998,1.056744
25045403B-1,2,7031,4571,16.00130176387652,16.00085336367515,16.001750164077883,2.49979661594167,2.499866669036995,2.4997265667723942,4.227201446735883,4.227438368847079
25045403B-1,3,1757,1142,64.03988549180809,64.03073420603302,64.04903677758318,0.6246107358376953,0.6247000053332384,0.6245214918516898,16.91602354695504,16.92085883012259
25045403B2,0,85996,74951,1.0,1.0,1.0,40.0,40.0,40.0,0.264186,0.264186
25045403B2,1,21499,18737,4.00008005550515,4.0,4.000160111010301,9.999799865242597,10.0,9.999599738495817,1.056744,1.056786299087367
25045403B2,2,5374,4684,16.001863711382605,16.00223297357648,16.001494449188726,2.499708829012636,2.4996511465649567,2.4997665141225602,4.227565920357275,4.227370812553373
25045403B2,3,1343,1171,64.01937013441616,64.03276247207744,64.0059777967549,0.6248108957650679,0.6246802176845435,0.6249416285306401,16.91655938644825,16.90948325021349
25045450B2,0,81176,64108,1.0,1.0,1.0,40.0,40.0,40.0,0.264186,0.264186
25045450B2,1,20294,16027,4.0,4.0,4.0,10.0,10.0,10.0,1.056744,1.056744
25045450B2,2,5073,4006,16.00228624144406,16.001576976148236,16.00299550673989,2.4996428258110175,2.499753621760126,2.499532039683035,4.2273926150206975,4.227767370943584
25045450B5,0,128567,68525,1.0,1.0,1.0,40.0,40.0,40.0,0.264186,0.264186
25045450B5,1,32141,17131,4.00007585621736,4.000093338726238,4.000058373708482,9.999810363052886,9.999766658629351,9.999854067858445,1.0567686587847298,1.056759421516549
25045450B5,2,8035,4282,16.001953576526333,16.000871188550093,16.00303596450257,2.4996947909333396,2.499863884200456,2.499525720539949,4.227206155818294,4.227778059318076
25045450B5,3,2008,1070,64.03472325650668,64.02739043824701,64.04205607476635,0.6246610895743276,0.6247326296794667,0.624589565851879,16.915140170318722,16.91901462616822
25045625B3,0,108888,78164,1.0,1.0,1.0,40.0,40.0,40.0,0.264186,0.264186
25045625B3,1,27222,19541,4.0,4.0,4.0,10.0,10.0,10.0,1.056744,1.056744
25045625B3,2,6805,4885,16.00099721966734,16.001175606171934,16.000818833162743,2.49984419413777,2.4998163250312246,2.4998720638657184,4.227286578692138,4.227192324257932
25045625B3,3,1701,1221,64.01524468191135,64.01410934744268,64.01638001638001,0.6248511616062402,0.6248622437734185,0.6248400798321478,16.911631492063492,16.91223137100737
25045625B1,0,115916,78967,1.0,1.0,1.0,40.0,40.0,40.0,0.264186,0.264186
25045625B1,1,28979,19741,4.000075983992705,4.0,4.000151967985411,9.999810043626649,10.0,9.999620094469842,1.056744,1.0567841478141937
25045625B1,2,7244,4935,16.001537491531266,16.00165654334622,16.00141843971631,2.4997597900307893,2.4997411918975807,2.4997783884407414,4.227413635560463,4.227350731914893
25045625B1,3,1811,1233,64.02561641191548,64.00662617338487,64.04460665044607,0.6247499398155861,0.6249352979743952,0.624564691580027,16.909654542241853,16.919688452554745
25045625B2,0,130575,87803,1.0,1.0,1.0,40.0,40.0,40.0,0.264186,0.264186
25045625B2,1,32643,21950,4.000114288788696,4.00009190331771,4.000136674259681,9.99971428619173,9.999770246984491,9.999658326025306,1.0567682795698925,1.0567801074259682
25045625B2,2,8160,5487,16.001921486883433,16.001838235294116,16.002004738472753,2.499699803725914,2.4997128087306146,2.4996867988565312,4.227461636029411,4.227505623838162
25045625B2,3,2040,1371,64.02519361136139,64.00735294117646,64.04303428154631,0.6247540654512277,0.6249282021826537,0.6245800257394395,16.909846544117645,16.919273054704593
25045676B4,0,144431,87803,1.0,1.0,1.0,40.0,40.0,40.0,0.264186,0.264186
25045676B4,1,36107,21950,4.000109880320911,4.000083086382142,4.000136674259681,9.999725306743567,9.999792288359146,9.999658326025306,1.0567659502589526,1.0567801074259682
25045676B4,2,9026,5487,16.001833302097,16.00166186572125,16.002004738472753,2.4997135793658156,2.499740360448934,2.4996867988565312,4.227415041657434,4.227505623838162
25045676B4,3,2256,1371,64.03193380743983,64.02083333333333,64.04303428154631,0.6246883019383748,0.6247966156849984,0.6245800257394395,16.913407874999997,16.919273054704593
25045801B2,0,115715,76558,1.0,1.0,1.0,40.0,40.0,40.0,0.264186,0.264186
25045801B2,1,28928,19139,4.000104102209927,4.000103705752212,4.000104498667642,9.999739751248299,9.999740742341096,9.999738760155699,1.0567713976078539,1.0567716070850095
25045801B2,2,7232,4784,16.001670622206767,16.00041482300885,16.002926421404684,2.499738992532997,2.499935185585274,2.499542830272473,4.2270855904314155,4.2277491195652175
25045801B2,3,1808,1196,64.00668248882707,64.0016592920354,64.01170568561874,0.6249347481332492,0.6249837963963185,0.6248857075681182,16.908342361725662,16.91099647826087
25045801B1,0,108486,82180,1.0,1.0,1.0,40.0,40.0,40.0,0.264186,0.264186
25045801B1,1,27121,20545,4.0000368717967625,4.000073743593525,4.0,9.999907821357791,9.999815644414948,10.0,1.056763482024999,1.056744
25045801B1,2,6780,5136,16.000831885975796,16.000884955752213,16.00077881619938,2.499870024574078,2.4998617333112105,2.4998783158919444,4.227209792920354,4.227181752336449
25045801B1,3,1695,1284,64.00332754390318,64.00353982300885,64.00311526479751,0.6249675061435195,0.6249654333278026,0.6249695789729861,16.908839171681414,16.908727009345796
25045807B4,0,88606,60292,1.0,1.0,1.0,40.0,40.0,40.0,0.264186,0.264186
25045807B4,1,22151,15073,4.000045144688727,4.000090289377455,4.0,9.999887139551946,9.999774281651355,10.0,1.0567678531894722,1.056744
25045807B4,2,5537,3768,16.00179500806579,16.00252844500632,16.001061571125266,2.499719561451561,2.4996049928898723,2.4998341405161546,4.227643979772439,4.227256452229299
25045829B2,0,143627,87803,1.0,1.0,1.0,40.0,40.0,40.0,0.264186,0.264186
25045829B2,1,35906,21950,4.000110112877627,4.000083551495572,4.000136674259681,9.999724725383754,9.999791125624013,9.999658326025306,1.0567660731354092,1.0567801074259682
25045829B2,2,8976,5487,16.001615114334413,16.001225490196077,16.002004738472753,2.4997476638572307,2.4998085318220116,2.4996867988565312,4.227299757352941,4.227505623838162
25045829B2,3,2244,1371,64.02396812116531,64.00490196078431,64.04303428154631,0.6247660239412219,0.6249521329555029,0.6245800257394395,16.909199029411763,16.919273054704593
25045839B,0,150254,81779,1.0,1.0,1.0,40.0,40.0,40.0,0.264186,0.264186
25045839B,1,37563,20444,4.000099993102047,4.000053243883609,4.000146742320485,9.999750023493863,9.999866892062775,9.99963315765661,1.056758066288635,1.0567827672666796
25045839B,2,9390,5111,16.001038958549383,16.001490947816826,16.00058696928194,2.4998376732673306,2.499767061109854,2.4999082894141527,4.227369887539936,4.2271310690667185
25045839B,3,2347,1277,64.02976842094024,64.01959948870899,64.0399373531715,0.624709427918506,0.6248086573402372,0.6246102300101493,16.91308191052407,16.918454889584964
25046521B3,0,104671,77562,1.0,1.0,1.0,40.0,40.0,40.0,0.264186,0.264186
25046521B3,1,26167,19390,4.000108897086282,4.000114648221042,4.000103145951521,9.999727764695704,9.999713387662293,9.999742141770454,1.056774288454924,1.0567712497163486
25046521B3,2,6541,4847,16.002178179584696,16.00229322733527,16.002063131834124,2.499659705766263,2.499641734577868,2.4996776772130684,4.2275818385567945,4.22752105054673
25046521B3,3,1635,1211,64.03342727343895,64.01896024464831,64.04789430222957,0.6246737321928728,0.6248148961985651,0.6245326319589489,16.91291303119266,16.920557004128817
25046631B2,0,160094,87803,1.0,1.0,1.0,40.0,40.0,40.0,0.264186,0.264186
25046631B2,1,40023,21950,4.000093322763101,4.000049971266522,4.000136674259681,9.999766698535332,9.99987507339438,9.999658326025306,1.0567572017090172,1.0567801074259682
25046631B2,2,10005,5487,16.00170201941129,16.001399300349824,16.002004738472753,2.4997340877537235,2.4997813784401663,2.4996867988565312,4.227345675562218,4.227505623838162
25046631B2,3,2501,1371,64.02751474173277,64.01199520191923,64.04303428154631,0.6247314168189668,0.624882881307232,0.6245800257394395,16.911072964414235,16.919273054704593
25046855B,0,125354,87803,1.0,1.0,1.0,40.0,40.0,40.0,0.264186,0.264186
25046855B,1,31338,21950,4.0001002472708835,4.000063820282086,4.000136674259681,9.99974938810358,9.999840451840388,9.999658326025306,1.056760860425043,1.0567801074259682
25046855B,2,7834,5487,16.001640612790116,16.00127648710748,16.002004738472753,2.4997436805341064,2.499800564800485,2.4996867988565312,4.227313230022976,4.227505623838162
25046855B,3,1958,1371,64.0322423705995,64.02145045965271,64.04303428154631,0.6246852916456047,0.6247905930405092,0.6245800257394395,16.91357091113381,16.919273054704593
25047066B,0,128768,87803,1.0,1.0,1.0,40.0,40.0,40.0,0.264186,0.264186
25047066B,1,32192,21950,4.000068337129841,4.0,4.000136674259681,9.999829160094075,10.0,9.999658326025306,1.056744,1.0567801074259682
25047066B,2,8048,5487,16.001002369236375,16.0,16.002004738472753,2.4998433896181558,2.5,2.4996867988565312,4.226976,4.227505623838162
25047066B,3,2012,1371,64.02151714077316,64.0,64.04303428154631,0.6247899422946561,0.625,0.6245800257394395,16.907904,16.919273054704593
25047067B2,0,134390,87803,1.0,1.0,1.0,40.0,40.0,40.0,0.264186,0.264186
25047067B2,1,33597,21950,4.000098101692153,4.000059529124624,4.000136674259681,9.999754751784435,9.99985117940323,9.999658326025306,1.056759726761318,1.0567801074259682
25047067B2,2,8399,5487,16.00135955461559,16.000714370758423,16.002004738472753,2.499787587640452,2.4998883845524222,2.4996867988565312,4.227164726753185,4.227505623838162
25047067B2,3,2099,1371,64.03438040899613,64.02572653644593,64.04303428154631,0.624664434082358,0.6247488652429496,0.6245800257394395,16.9147005907575,16.919273054704593
25047077B2,0,142021,87803,1.0,1.0,1.0,40.0,40.0,40.0,0.264186,0.264186
25047077B2,1,35505,21950,4.000082419653429,4.000028165047176,4.000136674259681,9.999793955111963,9.99992958787785,9.999658326025306,1.0567514408111531,1.0567801074259682
25047077B2,2,8876,5487,16.001284027641063,16.000563316809373,16.002004738472753,2.499799386780641,2.4999119848473113,2.4996867988565312,4.227124820414601,4.227505623838162
25047077B2,3,2219,1371,64.0226437743919,64.00225326723749,64.04303428154631,0.6247789476010268,0.6249779962118278,0.6245800257394395,16.908499281658404,16.919273054704593
25047088B,0,123346,62300,1.0,1.0,1.0,40.0,40.0,40.0,0.264186,0.264186
25047088B,1,30836,15575,4.000032429627708,4.000064859255415,4.0,9.999918926588027,9.999837854490622,10.0,1.056761134907251,1.056744
25047088B,2,7709,3893,16.00167094635568,16.00025943702166,16.0030824556897,2.4997389418953055,2.4999594636226554,2.4995184590690207,4.227044539629004,4.227790341638839
25047401B2,0,148246,80976,1.0,1.0,1.0,40.0,40.0,40.0,0.264186,0.264186
25047401B2,1,37061,20244,4.000026982542295,4.00005396508459,4.0,9.999932544099297,9.999865089108644,10.0,1.0567582568198375,1.056744
25047401B2,2,9265,5061,16.00032379924447,16.000647598488936,16.0,2.499949407391917,2.499898816831483,2.5,4.227147086454398,4.226976
25047401B2,3,2316,1265,64.01107367889301,64.00949913644214,64.01264822134388,0.6248918773126217,0.6249072487621925,0.6248765066192451,16.9104135388601,16.911245483003952
25047538B2,0,126358,70333,1.0,1.0,1.0,40.0,40.0,40.0,0.264186,0.264186
25047538B2,1,31589,17583,4.000060093147358,4.0000633131786385,4.000056873116078,9.999849769388563,9.999841719558713,9.999857819231371,1.0567607264554117,1.0567590250810441
25047538B2,2,7897,4395,16.00185884445397,16.00075978219577,16.002957906712172,2.499709589293338,2.4998812896690352,2.499537912501955,4.227176723819172,4.227757437542661
25047538B2,3,1974,1098,64.03335021952043,64.01114488348531,64.05555555555556,0.6246744838880238,0.6248911821966159,0.6244579358196011,16.91084832218845,16.922580999999997
25047815B,0,137202,85192,1.0,1.0,1.0,40.0,40.0,40.0,0.264186,0.264186
25047815B,1,34300,21298,4.00002915451895,4.000058309037901,4.0,9.999927114233863,9.99985422953018,10.0,1.056759404431487,1.056744
25047815B,2,8575,5324,16.0008679328767,16.000233236151605,16.001502629601802,2.4998643928441346,2.499963557382545,2.4997652361724105,4.227037617725948,4.227372973703981
25047815B,3,2143,1331,64.01467114814434,64.02333177788148,64.00601051840721,0.6248567599047882,0.624772233640909,0.6249413090431026,16.914067929071397,16.909491894815925
25047835B3,0,100454,71337,1.0,1.0,1.0,40.0,40.0,40.0,0.264186,0.264186
25047835B3,1,25113,17834,4.000067856348629,4.000079640027078,4.000056072670181,9.99983036200618,9.99980090389631,9.999859820289611,1.0567650397801935,1.0567588136144443
25047835B3,2,6278,4458,16.00148728045597,16.00095571838165,16.002018842530283,2.4997676340283403,2.499850677922233,2.499684595651625,4.227228487416374,4.227509349932705
25047835B3,3,1569,1114,64.03051177836286,64.02421924792861,64.03680430879713,0.6247021754012712,0.624763573376869,0.6246407894921289,16.914302386233267,16.917627183123876
25047844B2,0,112703,75152,1.0,1.0,1.0,40.0,40.0,40.0,0.264186,0.264186
25047844B2,1,28175,18788,4.000053238686779,4.000106477373558,4.0,9.999866905054501,9.99973381365181,10.0,1.0567721298314108,1.056744
25047844B2,2,7043,4697,16.001064887121963,16.00212977424393,16.0,2.4998336224605247,2.4996672670647633,2.5,4.227538656538407,4.226976
25047844B2,3,1760,1174,64.02471203732384,64.03579545454545,64.01362862010221,0.6247587646576467,0.6246506304180013,0.6248669363423462,16.917360657954543,16.91150449063032
25047972B2,0,125756,83787,1.0,1.0,1.0,40.0,40.0,40.0,0.264186,0.264186
25047972B2,1,31439,20946,4.000071612718418,4.0,4.000143225436838,9.999820971409136,10.0,9.999641949228401,1.056744,1.0567818381552563
25047972B2,2,7859,5236,16.001813876078486,16.001526911820843,16.002100840336134,2.4997166139894307,2.499761442793982,2.4996717867927005,4.227379388726301,4.227531012605041
25047972B2,3,1964,1309,64.01947662975577,64.03054989816701,64.00840336134453,0.6248098564024858,0.6247018034924775,0.6249179466981751,16.91597485539715,16.910124050420166
25048256B2,0,142222,87803,1.0,1.0,1.0,40.0,40.0,40.0,0.264186,0.264186
25048256B2,1,35555,21950,4.000096462569301,4.00005625087892,4.000136674259681,9.999758849392249,9.999859374780273,9.999658326025306,1.0567588606946983,1.0567801074259682
25048256B2,2,8888,5487,16.001789947994254,16.001575157515752,16.002004738472753,2.499720351910619,2.499753905865478,2.4996867988565312,4.227392134563456,4.227505623838162
25048256B2,3,2222,1371,64.02466745580466,64.00630063006301,64.04303428154631,0.6247591996883302,0.6249384764663695,0.6245800257394395,16.909568538253826,16.919273054704593
25048633B2,0,140414,85192,1.0,1.0,1.0,40.0,40.0,40.0,0.264186,0.264186
25048633B2,1,35103,21298,4.000028487593653,4.000056975187306,4.0,9.999928781523078,9.999857564060564,10.0,1.0567590520468335,1.056744
25048633B2,2,8775,5324,16.00154903559862,16.00159544159544,16.001502629601802,2.4997579866181745,2.4997507371059866,2.4997652361724105,4.227397493333333,4.227372973703981
25048633B2,3,2193,1331,64.0171411461165,64.02827177382581,64.00601051840721,0.6248326508161562,0.6247240303673424,0.6249413090431026,16.915373006839943,16.909491894815925
25048669B2,0,151860,87803,1.0,1.0,1.0,40.0,40.0,40.0,0.264186,0.264186
25048669B2,1,37965,21950,4.000068337129841,4.0,4.000136674259681,9.999829160094075,10.0,9.999658326025306,1.056744,1.0567801074259682
25048669B2,2,9491,5487,16.001213095187275,16.0004214519018,16.002004738472753,2.499810468246992,2.499934149874885,2.4996867988565312,4.227087341692129,4.227505623838162
25048669B2,3,2372,1371,64.03247835493842,64.02192242833053,64.04303428154631,0.6246829894397653,0.6247859870933754,0.6245800257394395,16.91369559865093,16.919273054704593
25049669B3,0,135997,84590,1.0,1.0,1.0,40.0,40.0,40.0,0.264186,0.264186
25049669B3,1,33999,21147,4.000061994346291,4.000029412629783,4.000094576062798,9.999845016536296,9.999926468966226,9.999763565433268,1.0567517704050118,1.0567689856717264
25049669B3,2,8499,5286,16.00208904860143,16.00152959171667,16.00264850548619,2.499673628768862,2.4997610241402386,2.4995862395082162,4.22738009671726,4.227675698070374
25049669B3,3,2124,1321,64.03177075091489,64.02871939736346,64.03482210446631,0.6246898927034354,0.6247196629337413,0.6246601253103203,16.91549126271186,16.917103512490538
25049966B2,0,105474,73746,1.0,1.0,1.0,40.0,40.0,40.0,0.264186,0.264186
25049966B2,1,26368,18436,4.000092166458302,4.000075849514563,4.000108483402039,9.999769589163284,9.999810379809242,9.999728798850107,1.0567640383798544,1.056772659796051
25049966B2,2,6592,4609,16.000368665833207,16.000303398058254,16.000433933608157,2.499942397290821,2.4999525949523105,2.499932199712527,4.227056153519418,4.227090639184204
25049966B2,3,1648,1152,64.0084192961165,64.00121359223301,64.015625,0.6249177911260632,0.6249881487380776,0.6248474493531853,16.90822461407767,16.91203190625
25049999B2,0,136398,78967,1.0,1.0,1.0,40.0,40.0,40.0,0.264186,0.264186
25049999B2,1,34099,19741,4.000105310365913,4.000058652746415,4.000151967985411,9.999736731016455,9.99985337028402,9.999620094469842,1.0567594952344643,1.0567841478141937
25049999B2,2,8524,4935,16.00153043055736,16.001642421398405,16.00141843971631,2.4997608930964446,2.499743397997038,2.4997783884407414,4.227409904739559,4.227350731914893
25049999B2,3,2131,1233,64.02558816801985,64.00656968559362,64.04460665044607,0.6247502154143365,0.6249358494992595,0.624564691580027,16.909639618958234,16.919688452554745
25050326B,0,73144,87803,1.0,1.0,1.0,40.0,40.0,40.0,0.264186,0.264186
25050326B,1,18286,21950,4.000068337129841,4.0,4.000136674259681,9.999829160094075,10.0,9.999658326025306,1.056744,1.0567801074259682
25050326B,2,4571,5487,16.00187745127532,16.001750164077883,16.002004738472753,2.4997066826562953,2.4997265667723942,2.4996867988565312,4.227438368847079,4.227505623838162
25050326B,3,1142,1371,64.04603552956475,64.04903677758318,64.04303428154631,0.6245507574240925,0.6245214918516898,0.6245800257394395,16.92085883012259,16.919273054704593
25050345B2,0,130575,75353,1.0,1.0,1.0,40.0,40.0,40.0,0.264186,0.264186
25050345B2,1,32643,18838,4.000072493754619,4.00009190331771,4.000053084191528,9.999818768897983,9.999770246984491,9.999867291282364,1.0567682795698925,1.0567580241002228
25050345B2,2,8160,4709,16.00187473455086,16.001838235294116,16.001911233807604,2.499707107044962,2.4997128087306146,2.4997014053853195,4.227461636029411,4.2274809212146955
25050345B2,3,2040,1177,64.01429669148882,64.00735294117646,64.02124044180118,0.624860415053475,0.6249282021826537,0.6247926426286944,16.909846544117645,16.913515427357687
25050415B2,0,162503,77562,1.0,1.0,1.0,40.0,40.0,40.0,0.264186,0.264186
25050415B2,1,40625,19390,4.000088496052683,4.000073846153846,4.000103145951521,9.999778764762903,9.999815388023606,9.999742141770454,1.0567635091199998,1.0567712497163486
25050415B2,2,10156,4847,16.00137618978473,16.00068924773533,16.002063131834124,2.499784988839646,2.4998923096804364,2.4996776772130684,4.227158089602206,4.22752105054673
25050415B2,3,2539,1211,64.02532564658544,64.00275699094132,64.04789430222957,0.6247527770619509,0.6249730774201091,0.6245326319589489,16.908632358408823,16.920557004128817
25050830B2,0,175154,86397,1.0,1.0,1.0,40.0,40.0,40.0,0.264186,0.264186
25050830B2,1,43788,21599,4.000045986526896,4.000045674614049,4.0000462984397425,9.999885035004471,9.999885814768719,9.999884255240344,1.0567560665935871,1.0567562313996017
25050830B2,2,10947,5399,16.001295275881183,16.000182698456197,16.002407853306167,2.4997976295264146,2.4999714536921798,2.499623829531118,4.2270242663743485,4.227612121133543
25050830B2,3,2736,1349,64.03174676715263,64.01827485380117,64.04521868050408,0.6246901266875861,0.6248215855761216,0.6245587231038114,16.912731960526315,16.91985014232765
25050862B2,0,140816,87803,1.0,1.0,1.0,40.0,40.0,40.0,0.264186,0.264186
25050862B2,1,35204,21950,4.000068337129841,4.0,4.000136674259681,9.999829160094075,10.0,9.999658326025306,1.056744,1.0567801074259682
25050862B2,2,8801,5487,16.001002369236375,16.0,16.002004738472753,2.4998433896181558,2.5,2.4996867988565312,4.226976,4.227505623838162
25050862B2,3,2200,1371,64.02515350440952,64.00727272727272,64.04303428154631,0.6247544568127452,0.6249289853425748,0.6245800257394395,16.90982535272727,16.919273054704593
25050888B2,0,116318,67923,1.0,1.0,1.0,40.0,40.0,40.0,0.264186,0.264186
25050888B2,1,29079,16980,4.000122728300644,4.0000687781560575,4.0001766784452295,9.999693188661999,9.999828057566328,9.99955832339561,1.0567621702259362,1.0567906759717314
25050888B2,2,7269,4245,16.001316350424645,16.001925987068372,16.000706713780918,2.4997943371664215,2.499699100741072,2.4998895808489023,4.2274848188196446,4.2271627038869255
25050888B2,3,1817,1061,64.01720918314152,64.01651073197579,64.01790763430726,0.6248319867485526,0.6248388039684314,0.6248251696774287,16.912265904237753,16.912634946277098
25050888B3,0,159090,76558,1.0,1.0,1.0,40.0,40.0,40.0,0.264186,0.264186
25050888B3,1,39772,19139,4.000077392650727,4.000050286633813,4.000104498667642,9.999806522116623,9.999874284995915,9.999738760155699,1.0567572850246403,1.0567716070850095
25050888B3,2,9943,4784,16.001563783969967,16.00020114653525,16.002926421404684,2.4997556826334164,2.4999685712489788,2.499542830272473,4.227029140098561,4.2277491195652175
25050888B3,3,2485,1196,64.01591320498241,64.02012072434607,64.01170568561874,0.6248446362378342,0.6248035703061161,0.6248857075681182,16.913219613682088,16.91099647826087
25050984B2,0,129772,87803,1.0,1.0,1.0,40.0,40.0,40.0,0.264186,0.264186
25050984B2,1,32443,21950,4.000068337129841,4.0,4.000136674259681,9.999829160094075,10.0,9.999658326025306,1.056744,1.0567801074259682
25050984B2,2,8110,5487,16.00174219660999,16.001479654747225,16.002004738472753,2.499727811417566,2.499768825324415,2.4996867988565312,4.22736690406905,4.227505623838162
25050984B2,3,2027,1371,64.03237061881953,64.02170695609274,64.04303428154631,0.624684040485044,0.6247880898807139,0.6245800257394395,16.913638673902316,16.919273054704593
25051008B4,0,133587,78967,1.0,1.0,1.0,40.0,40.0,40.0,0.264186,0.264186
25051008B4,1,33396,19741,4.000120899551455,4.000089831117499,4.000151967985411,9.999697760256526,9.999775427249658,9.999620094469842,1.0567677321236075,1.0567841478141937
25051008B4,2,8349,4935,16.000888882093154,16.000359324469997,16.00141843971631,2.4998611198884473,2.4999438568124144,2.4997783884407414,4.22707092849443,4.227350731914893
25051008B4,3,2087,1233,64.02685531372327,64.00910397700048,64.04460665044607,0.6247378510783513,0.6249111066196561,0.624564691580027,16.910309143267845,16.919688452554745
25051207B5,0,119129,61296,1.0,1.0,1.0,40.0,40.0,40.0,0.264186,0.264186
25051207B5,1,29782,15324,4.000016788664293,4.000033577328588,4.0,9.999958028515428,9.999916057383173,10.0,1.0567528706601301,1.056744
25051207B5,2,7445,3831,16.000604432505035,16.001208865010074,16.0,2.4999055609887137,2.499811129112139,2.5,4.2272953652115515,4.226976
25052288B,0,101659,68525,1.0,1.0,1.0,40.0,40.0,40.0,0.264186,0.264186
25052288B,1,25414,17131,4.000088209440218,4.000118045171953,4.000058373708482,9.999779481262413,9.999704895779026,9.999854067858445,1.0567751858817975,1.056759421516549
25052288B,2,6353,4282,16.00238371497598,16.001731465449392,16.00303596450257,2.4996276000159665,2.4997294877974405,2.499525720539949,4.227433428931213,4.227778059318076
25052288B,3,1588,1070,64.02952929682903,64.01700251889169,64.04205607476635,0.624711760952785,0.6248340038757021,0.624589565851879,16.912395827455917,16.91901462616822
25052316B,0,108084,85795,1.0,1.0,1.0,40.0,40.0,40.0,0.264186,0.264186
25052316B,1,27021,21448,4.000069936590824,4.0,4.000139873181649,9.99982516157984,10.0,9.999650329273267,1.056744,1.056780952536367
25052316B,2,6755,5362,16.00057582334331,16.000592153960028,16.000559492726595,2.499910030840504,2.4999074793678995,2.499912582318317,4.227132438786083,4.227123810145468
25052316B,3,1688,1340,64.02846254509444,64.0308056872038,64.02611940298507,0.6247221690170759,0.6246993079456719,0.6247450317617577,16.91604243127962,16.914804380597012
25052654B2,0,107884,64309,1.0,1.0,1.0,40.0,40.0,40.0,0.264186,0.264186
25052654B2,1,26971,16077,4.000031100329664,4.0,4.000062200659327,9.999922249780356,10.0,9.99984450076972,1.056744,1.0567604325433848
25052654B2,2,6742,4019,16.0015119889218,16.001779887273806,16.001244090569795,2.4997637740541574,2.499721923547514,2.4998056259621513,4.227446221299317,4.227304671311272
25053425B2,0,102462,65513,1.0,1.0,1.0,40.0,40.0,40.0,0.264186,0.264186
25053425B2,1,25615,16378,4.00006956838331,4.000078079250439,4.00006105751618,9.999826082066523,9.999804805684057,9.999847358539528,1.0567646274448566,1.0567601305409695
25053425B2,2,6403,4094,16.002192407061266,16.0021864750898,16.00219833903273,2.499657483330175,2.4996584099471026,2.499656556713935,4.227553636108073,4.227556770395701
25053683B2,0,128165,87803,1.0,1.0,1.0,40.0,40.0,40.0,0.264186,0.264186
25053683B2,1,32041,21950,4.000083942135927,4.000031210012172,4.000136674259681,9.999790149064017,9.999921975578356,9.999658326025306,1.0567522452482756,1.0567801074259682
25053683B2,2,8010,5487,16.001314479099047,16.000624219725342,16.002004738472753,2.4997946295129747,2.499902469472945,2.4996867988565312,4.227140910112359,4.227505623838162
25053683B2,3,2002,1371,64.03075790001392,64.01848151848152,64.04303428154631,0.6246997741688655,0.6248195685249482,0.6245800257394395,16.912786558441557,16.919273054704593
25054130B1,0,127362,80976,1.0,1.0,1.0,40.0,40.0,40.0,0.264186,0.264186
25054130B1,1,31840,20244,4.000031407035175,4.000062814070351,4.0,9.999921483028558,9.999842967290087,10.0,1.0567605945979897,1.056744
25054130B1,2,7960,5061,16.0001256281407,16.000251256281405,16.0,2.4999803707571395,2.499960741822522,2.5,4.227042378391959,4.226976
25054130B1,3,1990,1265,64.00682662323476,64.00100502512562,64.01264822134388,0.6249333408677352,0.6249901854556305,0.6248765066192451,16.908169513567834,16.911245483003952
25054130B2,0,122743,76959,1.0,1.0,1.0,40.0,40.0,40.0,0.264186,0.264186
25054130B2,1,30685,19239,4.000126850449738,4.000097767638912,4.000155933260564,9.999682883932234,9.999755586876644,9.999610182044986,1.0567698288414535,1.0567851953843754
25054130B2,2,7671,4809,16.002015839646248,16.000912527701733,16.003119151590766,2.499685064733961,2.499857425678043,2.4995127275562314,4.227217077043409,4.227800036182158
25054130B2,3,1917,1202,64.02724050595555,64.02869066249347,64.02579034941763,0.6247340926129616,0.6247199432961554,0.6247482425707195,16.9154836713615,16.914717449251246
25054212B,0,163708,87803,1.0,1.0,1.0,40.0,40.0,40.0,0.264186,0.264186
25054212B,1,40927,21950,4.000068337129841,4.0,4.000136674259681,9.999829160094075,10.0,9.999658326025306,1.056744,1.0567801074259682
25054212B,2,10231,5487,16.001588822173527,16.001172905874302,16.002004738472753,2.499751771184852,2.4998167468908057,2.4996867988565312,4.227285865311308,4.227505623838162
25054212B,3,2557,1371,64.03324963979546,64.02346499804459,64.04303428154631,0.6246754650905731,0.6247709336135069,0.6245800257394395,16.914103123973405,16.919273054704593
25054489B3,0,131780,87602,1.0,1.0,1.0,40.0,40.0,40.0,0.264186,0.264186
25054489B3,1,32945,21900,4.000045662100456,4.0,4.0000913242009135,9.999885846051987,10.0,9.999771694710166,1.056744,1.0567681265753424
25054489B3,2,8236,5475,16.000425484730144,16.00048567265663,16.000365296803654,2.4999335197788097,2.499924115950827,2.4999429236775415,4.2271043079164645,4.227072506301369
25054489B3,3,2059,1368,64.01924619911443,64.00194269062652,64.03654970760233,0.6248121053408047,0.6249810289877068,0.6246432729846351,16.908417231665858,16.91755992105263
25054693B2,0,150455,73746,1.0,1.0,1.0,40.0,40.0,40.0,0.264186,0.264186
25054693B2,1,37613,18436,4.000094121529802,4.000079759657565,4.000108483402039,9.999764701712154,9.99980060483201,9.999728798850107,1.0567650713848933,1.056772659796051
25054693B2,2,9403,4609,16.000589188435473,16.00074444326279,16.000433933608157,2.499907942696901,2.4998836861520055,2.499932199712527,4.227172671487823,4.227090639184204
25054693B2,3,2350,1152,64.01951462765958,64.02340425531915,64.015625,0.6248094855551753,0.624771526370011,0.6248474493531853,16.914087076595745,16.91203190625
25055380B2,0,162302,87803,1.0,1.0,1.0,40.0,40.0,40.0,0.264186,0.264186
25055380B2,1,40575,21950,4.000092982847647,4.000049291435613,4.000136674259681,9.999767548284387,9.999876772929477,9.999658326025306,1.056757022107209,1.0567801074259682
25055380B2,2,10143,5487,16.00169250036129,16.00138026224983,16.002004738472753,2.4997355747897836,2.499784352626585,2.4996867988565312,4.227340645962733,4.227505623838162
25055380B2,3,2535,1371,64.03374593761734,64.02445759368837,64.04303428154631,0.6246706235016863,0.6247612475508619,0.6245800257394395,16.914365353846154,16.919273054704593
25055681B2,0,126358,51858,1.0,1.0,1.0,40.0,40.0,40.0,0.264186,0.264186
25055681B2,1,31589,12964,4.000108793275527,4.0000633131786385,4.000154273372416,9.999728024208467,9.999841719558713,9.999614331443558,1.0567607264554117,1.056784756865165
25055681B2,2,7897,3241,16.00068843784272,16.00075978219577,16.000617093489662,2.4998924362152612,2.4998812896690352,2.4999035828608895,4.227176723819172,4.22713902746066
25055778B2,0,169130,87803,1.0,1.0,1.0,40.0,40.0,40.0,0.264186,0.264186
25055778B2,1,42282,21950,4.000091987855917,4.000047301452154,4.000136674259681,9.99977003564869,9.99988174776799,9.999658326025306,1.0567564963814386,1.0567801074259682
25055778B2,2,10570,5487,16.001475406133252,16.000946073793756,16.002004738472753,2.499769489047759,2.4998521847099866,2.4996867988565312,4.227225939451277,4.227505623838162
25055778B2,3,2642,1371,64.02946566461873,64.01589704769114,64.04303428154631,0.6247123817886726,0.6248447939454858,0.6245800257394395,16.91210377744133,16.919273054704593
25055784B2,0,132382,87401,1.0,1.0,1.0,40.0,40.0,40.0,0.264186,0.264186
25055784B2,1,33095,21850,4.0000530993399135,4.000060432089439,4.000045766590389,9.999867253412406,9.999848922058892,9.999885584833127,1.0567599653119806,1.0567560908924483
25055784B2,2,8273,5462,16.001669999990703,16.001692251903783,16.001647748077627,2.4997390897339615,2.499735613603058,2.4997425658745325,4.2274230692614525,4.227411311973635
25055784B2,3,2068,1365,64.02227169993128,64.01450676982591,64.03003663003663,0.6247825785919892,0.6248583644302096,0.624706811134884,16.91173648549323,16.915839257142856
25055857B2,0,167122,87803,1.0,1.0,1.0,40.0,40.0,40.0,0.264186,0.264186
25055857B2,1,41780,21950,4.0000922720269205,4.00004786979416,4.000136674259681,9.999769325253906,9.999880326946782,9.999658326025306,1.0567566465294398,1.0567801074259682
25055857B2,2,10445,5487,16.001098108824696,16.00019147917664,16.002004738472753,2.4998284322711437,2.4999700817366954,2.4996867988565312,4.227026586117759,4.227505623838162
25055857B2,3,2611,1371,64.02496409596273,64.00689391037916,64.04303428154631,0.6247563050569881,0.6249326839075645,0.6245800257394395,16.90972527460743,16.919273054704593
25057854B3,0,115514,87803,1.0,1.0,1.0,40.0,40.0,40.0,0.264186,0.264186
25057854B3,1,28878,21950,4.000102965566713,4.000069256873744,4.000136674259681,9.99974259270924,9.999826860813409,9.999658326025306,1.056762296696447,1.0567801074259682
25057854B3,2,7219,5487,16.001694985942294,16.00138523341183,16.002004738472753,2.499735186499964,2.4997835760167595,2.4996867988565312,4.2273419592741375,4.227505623838162
25057854B3,3,1804,1371,64.03759252879976,64.03215077605321,64.04303428154631,0.6246331009712883,0.6246861852243019,0.6245800257394395,16.916397784922392,16.919273054704593
25057856B2,0,124149,79369,1.0,1.0,1.0,40.0,40.0,40.0,0.264186,0.264186
25057856B2,1,31037,19842,4.000041308877101,4.000032219608854,4.000050398145349,9.99989672887375,9.999919451626674,9.999874006224092,1.0567525119695846,1.056757314484427
25057856B2,2,7759,4960,16.001229464534422,16.000644412939813,16.00181451612903,2.4998079109269153,2.4998993145333426,2.4997165140042084,4.227146244876917,4.227455369758064
25057856B2,3,1939,1240,64.01729587083464,64.02733367715317,64.00725806451612,0.6248311406452802,0.624733183513359,0.6249291285010521,16.915125174832387,16.909821479032257
25057858B2,0,123948,87803,1.0,1.0,1.0,40.0,40.0,40.0,0.264186,0.264186
25057858B2,1,30987,21950,4.000068337129841,4.0,4.000136674259681,9.999829160094075,10.0,9.999658326025306,1.056744,1.0567801074259682
25057858B2,2,7746,5487,16.001776962574873,16.001549186676996,16.002004738472753,2.4997223804301503,2.499757963016749,2.4996867988565312,4.227385273431449,4.227505623838162
25057858B2,3,1936,1371,64.0328807771368,64.02272727272727,64.04303428154631,0.6246790635457738,0.6247781327653533,0.6245800257394395,16.913908227272724,16.919273054704593
25057865B1,0,162503,87803,1.0,1.0,1.0,40.0,40.0,40.0,0.264186,0.264186
25057865B1,1,40625,21950,4.000105260206764,4.000073846153846,4.000136674259681,9.999736856407727,9.999815388023606,9.999658326025306,1.0567635091199998,1.0567801074259682
25057865B1,2,10156,5487,16.001346993104043,16.00068924773533,16.002004738472753,2.499789550044658,2.4998923096804364,2.4996867988565312,4.227158089602206,4.227505623838162
25057865B1,3,2539,1371,64.02289563624382,64.00275699094132,64.04303428154631,0.6247764897618239,0.6249730774201091,0.6245800257394395,16.908632358408823,16.919273054704593
25058118B3,0,103466,59489,1.0,1.0,1.0,40.0,40.0,40.0,0.264186,0.264186
25058118B3,1,25866,14872,4.000072281016155,4.000077321580453,4.000067240451856,9.999819300724894,9.999806699785436,9.99983190169611,1.0567644272790535,1.056761763986014
25058118B3,2,6466,3718,16.000907756499135,16.001546551190845,16.000268961807425,2.499858171093642,2.4997583747317957,2.4999579754240275,4.227384577172904,4.227047055944056
25058118B4,0,132784,87000,1.0,1.0,1.0,40.0,40.0,40.0,0.264186,0.264186
25058118B4,1,33196,21750,4.0,4.0,4.0,10.0,10.0,10.0,1.056744,1.056744
25058118B4,2,8299,5437,16.00073569983447,16.0,16.001471399668937,2.499885052186307,2.5,2.4997701149425287,4.226976,4.227364723192937
25058118B4,3,2074,1359,64.02040186392654,64.02314368370298,64.0176600441501,0.6248008265399335,0.6247740691649597,0.6248275862068966,16.914018237222756,16.912569536423838
25058627B2,0,130374,76558,1.0,1.0,1.0,40.0,40.0,40.0,0.264186,0.264186
25058627B2,1,32593,19139,4.000082930768485,4.000061362869328,4.000104498667642,9.999792677377142,9.99984659518002,9.999738760155699,1.0567602112109962,1.0567716070850095
25058627B2,2,8148,4784,16.00183139921486,16.00073637702504,16.002926421404684,2.499713876623061,2.499884946385015,2.499542830272473,4.227170540500737,4.2277491195652175
25058627B2,3,2037,1196,64.00732559685945,64.00294550810015,64.01170568561874,0.6249284691557653,0.6249712365962538,0.6248857075681182,16.908682162002947,16.91099647826087
25058713B2,0,139410,85192,1.0,1.0,1.0,40.0,40.0,40.0,0.264186,0.264186
25058713B2,1,34852,21298,4.000028692757947,4.000057385515896,4.0,9.999928268619675,9.999856538268418,10.0,1.0567591604499023,1.056744
25058713B2,2,8713,5324,16.00086608583269,16.000229542063582,16.001502629601802,2.4998646814134866,2.4999641345671044,2.4997652361724105,4.227036641799609,4.227372973703981
25058713B2,3,2178,1331,64.00713749060856,64.00826446280992,64.00601051840721,0.6249303057158118,0.6249193027759845,0.6249413090431026,16.9100873553719,16.909491894815925
25058746B4,0,122141,87803,1.0,1.0,1.0,40.0,40.0,40.0,0.264186,0.264186
25058746B4,1,30535,21950,4.000084711781879,4.0000327493040775,4.000136674259681,9.999788225030262,9.999918127410124,9.999658326025306,1.056752651907647,1.0567801074259682
25058746B4,2,7633,5487,16.001853934806924,16.0017031311411,16.002004738472753,2.4997103562477077,2.499733914082904,2.4996867988565312,4.227425943403642,4.227505623838162
25058746B4,3,1908,1371,64.02911672148593,64.01519916142557,64.04303428154631,0.6247157863194043,0.6248516059308504,0.6245800257394395,16.911919405660374,16.919273054704593
25059470B2,0,114310,87803,1.0,1.0,1.0,40.0,40.0,40.0,0.264186,0.264186
25059470B2,1,28577,21950,4.000103330306171,4.000069986352662,4.000136674259681,9.99974168090762,9.999825037179598,9.999658326025306,1.0567624894145642,1.0567801074259682
25059470B2,2,7144,5487,16.001422302047125,16.0008398656215,16.002004738472753,2.4997777850586846,2.4998687778846995,2.4996867988565312,4.227197880739081,4.227505623838162
25059470B2,3,1786,1371,64.02319687201616,64.003359462486,64.04303428154631,0.6247735501237297,0.6249671944711749,0.6245800257394395,16.908791522956324,16.919273054704593
25059686B2,0,152463,87803,1.0,1.0,1.0,40.0,40.0,40.0,0.264186,0.264186
25059686B2,1,38115,21950,4.00010769171465,4.000078709169618,4.000136674259681,9.999730777961622,9.999803230947837,9.999658326025306,1.0567647938606848,1.0567801074259682
25059686B2,2,9528,5487,16.00178952288877,16.001574307304786,16.002004738472753,2.499720418318493,2.4997540386847956,2.4996867988565312,4.227391909949621,4.227505623838162
25059686B2,3,2382,1371,64.02466575538273,64.00629722921914,64.04303428154631,0.6247592162812203,0.6249385096711989,0.6245800257394395,16.909567639798485,16.919273054704593
25060539B2,0,140214,87803,1.0,1.0,1.0,40.0,40.0,40.0,0.264186,0.264186
25060539B2,1,35053,21950,4.000096865358524,4.000057056457365,4.000136674259681,9.99975784246786,9.999857360891209,9.999658326025306,1.0567590735172454,1.0567801074259682
25060539B2,2,8763,5487,16.00134471774716,16.00068469702157,16.002004738472753,2.499789905509368,2.4998930206684067,2.4996867988565312,4.2271568873673395,4.227505623838162
25060539B2,3,2190,1371,64.03384590789645,64.02465753424657,64.04303428154631,0.6246696482596765,0.6247592965039155,0.6245800257394395,16.914418175342462,16.919273054704593
25061727B2,0,144431,87803,1.0,1.0,1.0,40.0,40.0,40.0,0.264186,0.264186
25061727B2,1,36107,21950,4.000109880320911,4.000083086382142,4.000136674259681,9.999725306743567,9.999792288359146,9.999658326025306,1.0567659502589526,1.0567801074259682
25061727B2,2,9026,5487,16.001833302097,16.00166186572125,16.002004738472753,2.4997135793658156,2.499740360448934,2.4996867988565312,4.227415041657434,4.227505623838162
25061727B2,3,2256,1371,64.03193380743983,64.02083333333333,64.04303428154631,0.6246883019383748,0.6247966156849984,0.6245800257394395,16.913407874999997,16.919273054704593
25062444B,0,133185,71337,1.0,1.0,1.0,40.0,40.0,40.0,0.264186,0.264186
25062444B,1,33296,17834,4.000043053153927,4.000030033637675,4.000056072670181,9.999892368273652,9.99992491646957,9.999859820289611,1.0567519344666025,1.0567588136144443
25062444B,2,8324,4458,16.00106948854049,16.0001201345507,16.002018842530283,2.4998329035847795,2.4999812291173926,2.499684595651625,4.22700773786641,4.227509349932705
25062444B,3,2081,1114,64.01864242349995,64.0004805382028,64.03680430879713,0.6248179980979541,0.6249953072793482,0.6246407894921289,16.90803095146564,16.917627183123876
25062891B4,0,116920,63505,1.0,1.0,1.0,40.0,40.0,40.0,0.264186,0.264186
25062891B4,1,29230,15876,4.0000314940791135,4.0,4.000062988158226,9.999921265422135,10.0,9.999842532084088,1.056744,1.056760640589569
25062891B4,2,7307,3969,16.000673396598373,16.001094840563844,16.000251952632905,2.4998947862096674,2.4998289428669174,2.499960633021022,4.227265241549199,4.227042562358276
25063228B5,0,107482,64911,1.0,1.0,1.0,40.0,40.0,40.0,0.264186,0.264186
25063228B5,1,26870,16227,4.000129654754653,4.000074432452549,4.000184877056757,9.999675873619498,9.999813922331182,9.999537828719324,1.056763664011909,1.0567928419301162
25063228B5,2,6717,4056,16.00259349235755,16.001488759863033,16.00369822485207,2.4995948324940596,2.4997674029139763,2.4994222858991546,4.227369309513175,4.227953019230768
25063371B2,0,148447,87803,1.0,1.0,1.0,40.0,40.0,40.0,0.264186,0.264186
25063371B2,1,37111,21950,4.0001087564125335,4.000080838565385,4.000136674259681,9.999728116360938,9.999797907670752,9.999658326025306,1.0567653564172346,1.0567801074259682
25063371B2,2,9277,5487,16.001810820244245,16.001616902015737,16.002004738472753,2.4997170913553806,2.499747384588439,2.4996867988565312,4.227403162875929,4.227505623838162
25063371B2,3,2319,1371,64.02820105625398,64.01336783096163,64.04303428154631,0.6247247203596545,0.62486948203736,0.6245800257394395,16.911435593790426,16.919273054704593
25063642B,0,109089,61698,1.0,1.0,1.0,40.0,40.0,40.0,0.264186,0.264186
25063642B,1,27272,15424,4.000083167847132,4.00003666764447,4.000129668049793,9.999792084705136,9.99990833172914,9.999675840383805,1.0567536870783218,1.0567782564834025
25063642B,2,6818,3856,16.000332671388527,16.00014667057788,16.00051867219917,2.499948021176284,2.499977082932285,2.4999189600959513,4.227014748313287,4.22711302593361
25063642B2,0,82381,42019,1.0,1.0,1.0,40.0,40.0,40.0,0.264186,0.264186
25063642B2,1,20595,10504,4.000167080479127,4.0000485554746295,4.000285605483625,9.999582316248883,9.99987861278693,9.999286037268856,1.0567568276766204,1.0568194529702968
25063642B2,2,5148,2626,16.001833837229874,16.002525252525253,16.0011424219345,2.499713495770465,2.4996054915575194,2.499821509317214,4.227643136363636,4.227277811881187
25063676B,0,117522,72742,1.0,1.0,1.0,40.0,40.0,40.0,0.264186,0.264186
25063676B,1,29380,18185,4.000089027136385,4.000068073519401,4.000109980753368,9.999777437112572,9.9998298190977,9.999725055676224,1.0567619840707965,1.0567730553753092
25063676B,2,7345,4546,16.000796067848306,16.000272294077604,16.001319841619004,2.4998756205871056,2.499957454774425,2.4997937917571695,4.227047936283186,4.227324683677958
25063676B,3,1836,1136,64.021627312897,64.00980392156863,64.03345070422536,0.6247888671199412,0.6249042732424567,0.6246735036155178,16.91049405882353,16.91674120774648
25063676B2,0,133989,87000,1.0,1.0,1.0,40.0,40.0,40.0,0.264186,0.264186
25063676B2,1,33497,21750,4.000014926709855,4.00002985341971,4.0,9.999962683364616,9.999925367007739,10.0,1.0567518868555392,1.056744
25063676B2,2,8374,5437,16.001034242944094,16.00059708621925,16.001471399668937,2.499838409985194,2.4999067087596742,2.4997701149425287,4.227133741819919,4.227364723192937
25063676B2,3,2093,1359,64.01766900917491,64.01767797419971,64.0176600441501,0.6248274987061347,0.6248274112053974,0.6248275862068966,16.912574273291924,16.912569536423838
25063700B,0,62903,68124,1.0,1.0,1.0,40.0,40.0,40.0,0.264186,0.264186
25063700B,1,15725,17031,4.000095389507154,4.000190779014308,4.0,9.999761531918955,9.999523075211041,10.0,1.056794401144674,1.056744
25063700B,2,3931,4257,16.002299801957264,16.001780717374714,16.002818886539817,2.4996407075880147,2.499721793873106,2.4995596265633258,4.227446440600356,4.227720710359407
